"ring_id","year","Species","Age","Weight","is_new","confirmed_breeder"
"DD20001",2011,"STEHIR",6,134,TRUE,FALSE
"DD20002",2011,"STEHIR",6,132,TRUE,FALSE
"DD20003",2011,"STEHIR",6,130.6,TRUE,FALSE
"DD20004",2011,"STEHIR",6,130.2,TRUE,FALSE
"DD20005",2011,"STEHIR",6,139.1,TRUE,FALSE
"DD20006",2011,"STEHIR",6,134.8,TRUE,FALSE
"DD20007",2011,"STEHIR",6,124.8,TRUE,FALSE
"DD20018",2011,"STEHIR",6,123.5,TRUE,FALSE
"DD20019",2011,"STEHIR",6,120,TRUE,FALSE
"DD20020",2011,"STEHIR",6,121.5,TRUE,FALSE
"DD20021",2011,"STEHIR",6,129,TRUE,FALSE
"DD20022",2011,"STEHIR",6,108.6,TRUE,FALSE
"DD20023",2011,"STEHIR",6,130,TRUE,FALSE
"DD20024",2011,"STEHIR",6,122.5,TRUE,FALSE
"DD20025",2011,"STEHIR",6,139.3,TRUE,FALSE
"DD20026",2011,"STEHIR",6,127.6,TRUE,FALSE
"DD20027",2011,"STEHIR",6,114.3,TRUE,FALSE
"DD20028",2011,"STEHIR",6,125.2,TRUE,FALSE
"DD20029",2011,"STEHIR",6,147.8,TRUE,FALSE
"DD20030",2011,"STEHIR",6,132,TRUE,FALSE
"DD20031",2011,"STEHIR",6,121.4,TRUE,FALSE
"DD20032",2011,"STEHIR",6,142.5,TRUE,FALSE
"DD20033",2011,"STEHIR",6,117.1,TRUE,FALSE
"DD20034",2011,"STEHIR",6,131,TRUE,FALSE
"DD20035",2011,"STEHIR",6,123,TRUE,FALSE
"DD20036",2011,"STEHIR",6,128,TRUE,FALSE
"AB40172",2011,"STEALB",6,42.8,FALSE,FALSE
"DD20090",2011,"STEHIR",6,104.4,TRUE,FALSE
"DD20091",2011,"STEHIR",6,129.5,TRUE,FALSE
"DD20092",2011,"STEHIR",6,130.3,TRUE,FALSE
"DD20093",2011,"STEHIR",6,116.2,TRUE,FALSE
"DD20094",2011,"STEHIR",6,136.2,TRUE,FALSE
"DD20095",2011,"STEHIR",6,128.8,TRUE,FALSE
"DD20096",2011,"STEHIR",6,134.2,TRUE,FALSE
"DD20097",2011,"STEHIR",6,116.2,TRUE,FALSE
"AB12761",2011,"STEALB",6,43.9,FALSE,TRUE
"DD20098",2011,"STEHIR",6,111.9,TRUE,FALSE
"DD20099",2011,"STEHIR",6,126,TRUE,FALSE
"DD20100",2011,"STEHIR",6,134.4,TRUE,FALSE
"DD18807",2011,"STEHIR",6,115.2,TRUE,FALSE
"DD25344",2011,"STEHIR",6,129.2,TRUE,FALSE
"DD18809",2011,"STEHIR",6,114,TRUE,FALSE
"DD18810",2011,"STEHIR",6,122,TRUE,FALSE
"DD18811",2011,"STEHIR",6,119.6,TRUE,FALSE
"DD18812",2011,"STEHIR",6,120.7,TRUE,FALSE
"DD18813",2011,"STEHIR",6,100.1,TRUE,FALSE
"DD18814",2011,"STEHIR",6,122.7,TRUE,FALSE
"DD18815",2011,"STEHIR",6,111.3,TRUE,FALSE
"DD18816",2011,"STEHIR",6,137,TRUE,FALSE
"DD18817",2011,"STEHIR",6,127,TRUE,FALSE
"DD18818",2011,"STEHIR",6,97.4,TRUE,FALSE
"DD18819",2011,"STEHIR",6,110.5,TRUE,FALSE
"B42088",2011,"STEALB",4,49,TRUE,FALSE
"DD20101",2011,"STEHIR",6,122,TRUE,FALSE
"DD20102",2011,"STEHIR",6,118.7,TRUE,FALSE
"DD20103",2011,"STEHIR",6,141,TRUE,FALSE
"DD20104",2011,"STEHIR",6,128,TRUE,FALSE
"DD20105",2011,"STEHIR",6,122.5,TRUE,FALSE
"DD20106",2011,"STEHIR",6,136,TRUE,FALSE
"DD20107",2011,"STEHIR",6,126.2,TRUE,FALSE
"DD20108",2011,"STEHIR",6,144.3,TRUE,FALSE
"DD20109",2011,"STEHIR",6,138.6,TRUE,FALSE
"DD20110",2011,"STEHIR",6,148.9,TRUE,FALSE
"DD20111",2011,"STEHIR",6,136.1,TRUE,FALSE
"DD20112",2011,"STEHIR",6,131,TRUE,FALSE
"DD20113",2011,"STEHIR",6,124.5,TRUE,FALSE
"DD20114",2011,"STEHIR",6,122.7,TRUE,FALSE
"DD20115",2011,"STEHIR",6,115.5,TRUE,FALSE
"DD20116",2011,"STEHIR",6,122.3,TRUE,FALSE
"B42100",2011,"STEALB",4,46.7,TRUE,FALSE
"DD20470",2012,"STEHIR",6,113,TRUE,FALSE
"DD20471",2012,"STEHIR",6,121,TRUE,FALSE
"DD20472",2012,"STEHIR",6,114.5,TRUE,FALSE
"DD20473",2012,"STEHIR",6,122.8,TRUE,FALSE
"DD20100",2012,"STEHIR",8,140.2,FALSE,FALSE
"DD20425",2012,"STEHIR",6,134.4,TRUE,TRUE
"DD20426",2012,"STEHIR",6,149.4,TRUE,FALSE
"DD20427",2012,"STEHIR",6,149.5,TRUE,FALSE
"DD20428",2012,"STEHIR",6,137.4,TRUE,FALSE
"DD20429",2012,"STEHIR",6,110,TRUE,FALSE
"DD20430",2012,"STEHIR",6,155,TRUE,FALSE
"DD20431",2012,"STEHIR",6,135.7,TRUE,FALSE
"DD20432",2012,"STEHIR",6,131.2,TRUE,FALSE
"DD20433",2012,"STEHIR",6,127.7,TRUE,FALSE
"DD20434",2012,"STEHIR",6,141.3,TRUE,FALSE
"DD20435",2012,"STEHIR",6,103,TRUE,FALSE
"DD20436",2012,"STEHIR",6,149.1,TRUE,FALSE
"DD20437",2012,"STEHIR",6,116.5,TRUE,FALSE
"DD20438",2012,"STEHIR",6,137.6,TRUE,FALSE
"DD20439",2012,"STEHIR",6,131.7,TRUE,FALSE
"DD20440",2012,"STEHIR",6,131.4,TRUE,FALSE
"DD20441",2012,"STEHIR",6,164.5,TRUE,FALSE
"DD20442",2012,"STEHIR",6,143.1,TRUE,FALSE
"DD20443",2012,"STEHIR",6,116.1,TRUE,FALSE
"DD20444",2012,"STEHIR",6,105.1,TRUE,FALSE
"DD20445",2012,"STEHIR",6,130.8,TRUE,FALSE
"DD20446",2012,"STEHIR",6,156.1,TRUE,FALSE
"DD20447",2012,"STEHIR",6,124,TRUE,FALSE
"DD20448",2012,"STEHIR",6,142.5,TRUE,FALSE
"DD20449",2012,"STEHIR",6,147.7,TRUE,FALSE
"DD20450",2012,"STEHIR",6,148.7,TRUE,FALSE
"DD20451",2012,"STEHIR",6,123.9,TRUE,FALSE
"DD20452",2012,"STEHIR",6,129,TRUE,FALSE
"DD20453",2012,"STEHIR",6,148.7,TRUE,FALSE
"DD20454",2012,"STEHIR",6,112.5,TRUE,FALSE
"DD20455",2012,"STEHIR",6,143.7,TRUE,FALSE
"DD20456",2012,"STEHIR",6,133.8,TRUE,FALSE
"DD20457",2012,"STEHIR",6,118.2,TRUE,FALSE
"DD20458",2012,"STEHIR",6,141,TRUE,FALSE
"DD20459",2012,"STEHIR",4,118,TRUE,TRUE
"DD20460",2012,"STEHIR",6,129.6,TRUE,FALSE
"DD20461",2012,"STEHIR",6,137,TRUE,FALSE
"DD20462",2012,"STEHIR",6,120,TRUE,FALSE
"DD20463",2012,"STEHIR",6,127.6,TRUE,FALSE
"DD20464",2012,"STEHIR",6,148,TRUE,FALSE
"DD20465",2012,"STEHIR",6,108.3,TRUE,FALSE
"DD20466",2012,"STEHIR",6,124,TRUE,FALSE
"DD20467",2012,"STEHIR",6,110.2,TRUE,FALSE
"DD20468",2012,"STEHIR",6,125,TRUE,FALSE
"DD20469",2012,"STEHIR",6,115.6,TRUE,FALSE
"B41665",2012,"STEALB",4,50.5,TRUE,FALSE
"DD20474",2012,"STEHIR",6,134.5,TRUE,FALSE
"DD20475",2012,"STEHIR",6,120.5,TRUE,FALSE
"DD20476",2012,"STEHIR",6,120.5,TRUE,FALSE
"DD20477",2012,"STEHIR",6,129,TRUE,FALSE
"DD20478",2012,"STEHIR",6,123.6,TRUE,FALSE
"DD20479",2012,"STEHIR",6,116.4,TRUE,FALSE
"DD20480",2012,"STEHIR",6,126.4,TRUE,FALSE
"DD20481",2012,"STEHIR",6,127.3,TRUE,FALSE
"DD20482",2012,"STEHIR",6,119,TRUE,FALSE
"DD20483",2012,"STEHIR",6,118.2,TRUE,FALSE
"DD20484",2012,"STEHIR",6,123.3,TRUE,FALSE
"DD20486",2012,"STEHIR",6,134.5,TRUE,FALSE
"DD20487",2012,"STEHIR",6,124,TRUE,FALSE
"DD20488",2012,"STEHIR",6,117.5,TRUE,FALSE
"DD20489",2012,"STEHIR",6,133.4,TRUE,FALSE
"DD20490",2012,"STEHIR",6,146.5,TRUE,FALSE
"DD20491",2012,"STEHIR",6,131,TRUE,FALSE
"DD20492",2012,"STEHIR",6,130.2,TRUE,FALSE
"DD20493",2012,"STEHIR",6,136,TRUE,FALSE
"DD20494",2012,"STEHIR",6,133.3,TRUE,FALSE
"DD20495",2012,"STEHIR",6,125.6,TRUE,FALSE
"DD20496",2012,"STEHIR",6,120,TRUE,TRUE
"DD20497",2012,"STEHIR",6,121.5,TRUE,FALSE
"DD20498",2012,"STEHIR",6,138.8,TRUE,FALSE
"DD20499",2012,"STEHIR",6,121.8,TRUE,FALSE
"DD20500",2012,"STEHIR",6,133.5,TRUE,FALSE
"DD20501",2012,"STEHIR",6,125.4,TRUE,FALSE
"DD20502",2012,"STEHIR",6,120.7,TRUE,FALSE
"DD20503",2012,"STEHIR",6,122.7,TRUE,FALSE
"DD20504",2012,"STEHIR",6,153.6,TRUE,FALSE
"DD20505",2012,"STEHIR",6,133,TRUE,FALSE
"DD20506",2012,"STEHIR",6,115.3,TRUE,FALSE
"HN45088",2012,"STEHIR",11,148.7,FALSE,FALSE
"DD20551",2012,"STEHIR",6,146.7,TRUE,FALSE
"DD20552",2012,"STEHIR",6,133.9,TRUE,FALSE
"DD20553",2012,"STEHIR",6,108,TRUE,FALSE
"DD20554",2012,"STEHIR",6,111.5,TRUE,FALSE
"B41666",2012,"STEALB",4,44,TRUE,FALSE
"B41667",2012,"STEALB",4,46,TRUE,FALSE
"B41668",2012,"STEALB",4,41.1,TRUE,FALSE
"DD20008",2012,"STEHIR",8,123,FALSE,FALSE
"DD20555",2012,"STEHIR",6,129.6,TRUE,FALSE
"DD20556",2012,"STEHIR",6,126,TRUE,FALSE
"DD20557",2012,"STEHIR",6,134.8,TRUE,FALSE
"DD20558",2012,"STEHIR",6,121.8,TRUE,FALSE
"DD20559",2012,"STEHIR",6,115,TRUE,FALSE
"DD20560",2012,"STEHIR",6,110,TRUE,FALSE
"DD20561",2012,"STEHIR",6,134,TRUE,FALSE
"DD20562",2012,"STEHIR",6,130.7,TRUE,FALSE
"DD20563",2012,"STEHIR",6,147.5,TRUE,FALSE
"DD20564",2012,"STEHIR",6,139,TRUE,FALSE
"DD20565",2012,"STEHIR",6,136.7,TRUE,FALSE
"DD20566",2012,"STEHIR",6,136,TRUE,FALSE
"DD20567",2012,"STEHIR",6,136,TRUE,FALSE
"DD20568",2012,"STEHIR",6,117.5,TRUE,FALSE
"DD20569",2012,"STEHIR",6,133.1,TRUE,FALSE
"DD20570",2012,"STEHIR",6,135.2,TRUE,FALSE
"DD20571",2012,"STEHIR",6,98.8,TRUE,FALSE
"DD20572",2012,"STEHIR",6,125.3,TRUE,FALSE
"DD20573",2012,"STEHIR",6,131.4,TRUE,FALSE
"DD20574",2012,"STEHIR",6,143.5,TRUE,FALSE
"DD20575",2012,"STEHIR",6,129.7,TRUE,FALSE
"DD20576",2012,"STEHIR",6,114.7,TRUE,FALSE
"DD20577",2012,"STEHIR",6,137.3,TRUE,FALSE
"DD20578",2012,"STEHIR",6,127.3,TRUE,FALSE
"DD20579",2012,"STEHIR",6,135,TRUE,FALSE
"DD20580",2012,"STEHIR",6,128,TRUE,FALSE
"DD20581",2012,"STEHIR",6,134.2,TRUE,FALSE
"DD20582",2012,"STEHIR",6,142,TRUE,FALSE
"DD20583",2012,"STEHIR",6,115.3,TRUE,TRUE
"DD20584",2012,"STEHIR",6,117,TRUE,FALSE
"DD20585",2012,"STEHIR",6,130,TRUE,FALSE
"DD20586",2012,"STEHIR",6,128,TRUE,FALSE
"DD20587",2012,"STEHIR",6,121.6,TRUE,FALSE
"DD20588",2012,"STEHIR",6,120.2,TRUE,FALSE
"DD20589",2012,"STEHIR",6,126.4,TRUE,FALSE
"DD20590",2012,"STEHIR",6,143.9,TRUE,FALSE
"DD20591",2012,"STEHIR",6,129.5,TRUE,FALSE
"DD20592",2012,"STEHIR",6,124.9,TRUE,FALSE
"DD20593",2012,"STEHIR",6,123.8,TRUE,FALSE
"DD20594",2012,"STEHIR",6,120.6,TRUE,FALSE
"DD20595",2012,"STEHIR",6,150,TRUE,FALSE
"DD20596",2012,"STEHIR",6,125.7,TRUE,FALSE
"DD20597",2012,"STEHIR",6,125,TRUE,FALSE
"DD20598",2012,"STEHIR",6,146.4,TRUE,FALSE
"DD20599",2012,"STEHIR",6,130.7,TRUE,FALSE
"DD20600",2012,"STEHIR",6,146.4,TRUE,FALSE
"DD20601",2012,"STEHIR",6,114,TRUE,FALSE
"DD20602",2012,"STEHIR",6,105.3,TRUE,FALSE
"DD20603",2012,"STEHIR",6,127,TRUE,FALSE
"DD20604",2012,"STEHIR",6,129.3,TRUE,FALSE
"DD20605",2012,"STEHIR",6,122.2,TRUE,FALSE
"DD20606",2012,"STEHIR",6,123.3,TRUE,FALSE
"DD20607",2012,"STEHIR",6,150,TRUE,FALSE
"DD20608",2012,"STEHIR",6,125.1,TRUE,FALSE
"DD20609",2012,"STEHIR",6,120,TRUE,FALSE
"DD20610",2012,"STEHIR",6,120.7,TRUE,FALSE
"DD20611",2012,"STEHIR",6,139.4,TRUE,FALSE
"DD20612",2012,"STEHIR",6,136.1,TRUE,FALSE
"DD20613",2012,"STEHIR",6,143.8,TRUE,FALSE
"DD20614",2012,"STEHIR",6,134.6,TRUE,FALSE
"DD20615",2012,"STEHIR",6,131.9,TRUE,FALSE
"DD20616",2012,"STEHIR",6,127.5,TRUE,FALSE
"DD20617",2012,"STEHIR",6,126.2,TRUE,FALSE
"B41670",2012,"STEALB",4,44.5,TRUE,FALSE
"B41671",2012,"STEALB",4,60.4,TRUE,FALSE
"B41672",2012,"STEALB",4,57.7,TRUE,FALSE
"DD20618",2012,"STEHIR",6,112.8,TRUE,FALSE
"C67002",2012,"STEHIR",6,117.4,TRUE,FALSE
"DD20619",2012,"STEHIR",6,127,TRUE,FALSE
"DD20620",2012,"STEHIR",6,120.7,TRUE,FALSE
"DD20621",2012,"STEHIR",6,130.8,TRUE,FALSE
"DD20622",2012,"STEHIR",6,130,TRUE,FALSE
"DD20623",2012,"STEHIR",6,153.3,TRUE,FALSE
"DD20624",2012,"STEHIR",6,141.1,TRUE,FALSE
"B41673",2012,"STEALB",4,47,TRUE,FALSE
"DD20625",2012,"STEHIR",6,129,TRUE,FALSE
"DD20626",2012,"STEHIR",6,125.6,TRUE,FALSE
"DD20627",2012,"STEHIR",6,122.8,TRUE,FALSE
"DD20628",2012,"STEHIR",6,100.5,TRUE,FALSE
"DD20629",2012,"STEHIR",6,129.7,TRUE,FALSE
"DD20630",2012,"STEHIR",6,128.8,TRUE,FALSE
"DD20631",2012,"STEHIR",6,135,TRUE,FALSE
"DD20632",2012,"STEHIR",6,136.9,TRUE,FALSE
"B41674",2012,"STEALB",4,40.4,TRUE,FALSE
"B42083",2012,"STEALB",6,42.8,FALSE,FALSE
"DD20633",2012,"STEHIR",6,126,TRUE,FALSE
"DD20634",2012,"STEHIR",6,139.6,TRUE,FALSE
"B41836",2013,"STEALB",4,55,TRUE,FALSE
"DD20830",2013,"STEHIR",6,124,TRUE,FALSE
"DD20831",2013,"STEHIR",6,125,TRUE,FALSE
"DD20832",2013,"STEHIR",6,110,TRUE,FALSE
"B41837",2013,"STEALB",4,42,TRUE,FALSE
"B41838",2013,"STEALB",4,48,TRUE,FALSE
"B41839",2013,"STEALB",4,43,TRUE,FALSE
"B41840",2013,"STEALB",4,53,TRUE,FALSE
"D003157",2013,"STEHIR",11,118,FALSE,FALSE
"DD20833",2013,"STEHIR",6,116,TRUE,FALSE
"DD20834",2013,"STEHIR",6,124,TRUE,FALSE
"DD20835",2013,"STEHIR",6,126,TRUE,FALSE
"DD20836",2013,"STEHIR",6,120,TRUE,FALSE
"DD20837",2013,"STEHIR",6,136,TRUE,FALSE
"DD20838",2013,"STEHIR",6,130,TRUE,FALSE
"DD20839",2013,"STEHIR",6,142,TRUE,FALSE
"DD20840",2013,"STEHIR",6,139,TRUE,FALSE
"DD20841",2013,"STEHIR",6,119,TRUE,TRUE
"DD20842",2013,"STEHIR",6,105,TRUE,FALSE
"DD20843",2013,"STEHIR",6,124,TRUE,FALSE
"DD20844",2013,"STEHIR",6,129,TRUE,FALSE
"B41841",2013,"STEALB",4,41,TRUE,FALSE
"DD20845",2013,"STEHIR",6,136,TRUE,FALSE
"DD20846",2013,"STEHIR",6,116,TRUE,FALSE
"DD20847",2013,"STEHIR",6,139,TRUE,FALSE
"DD20848",2013,"STEHIR",6,120,TRUE,FALSE
"DD20849",2013,"STEHIR",6,115,TRUE,FALSE
"DD20850",2013,"STEHIR",6,112,TRUE,FALSE
"DD20851",2013,"STEHIR",6,107,TRUE,FALSE
"DD20852",2013,"STEHIR",6,131,TRUE,FALSE
"DD20853",2013,"STEHIR",6,115,TRUE,FALSE
"DD20854",2013,"STEHIR",6,130,TRUE,FALSE
"DD20855",2013,"STEHIR",6,148,TRUE,FALSE
"DD20856",2013,"STEHIR",6,126,TRUE,FALSE
"DD20857",2013,"STEHIR",6,123,TRUE,FALSE
"DD20858",2013,"STEHIR",6,121,TRUE,FALSE
"DD20859",2013,"STEHIR",6,130,TRUE,FALSE
"DD20860",2013,"STEHIR",6,124,TRUE,FALSE
"DD20861",2013,"STEHIR",6,122,TRUE,FALSE
"B41842",2013,"STEALB",4,45,TRUE,FALSE
"B41843",2013,"STEALB",4,43,TRUE,FALSE
"DD20862",2013,"STEHIR",6,131,TRUE,FALSE
"DD20863",2013,"STEHIR",6,147,TRUE,FALSE
"DD20864",2013,"STEHIR",6,135,TRUE,FALSE
"DD20865",2013,"STEHIR",6,120,TRUE,FALSE
"DD20866",2013,"STEHIR",6,117,TRUE,FALSE
"DD20867",2013,"STEHIR",6,135,TRUE,FALSE
"DD20868",2013,"STEHIR",6,117,TRUE,FALSE
"DD20869",2013,"STEHIR",6,122,TRUE,FALSE
"DD20870",2013,"STEHIR",6,119,TRUE,FALSE
"DD20871",2013,"STEHIR",6,122,TRUE,FALSE
"B41845",2013,"STEALB",4,47,TRUE,FALSE
"B41846",2013,"STEALB",4,46,TRUE,FALSE
"B41847",2013,"STEALB",4,47,TRUE,FALSE
"B41848",2013,"STEALB",4,44,TRUE,FALSE
"B41849",2013,"STEALB",4,44,TRUE,FALSE
"B41850",2013,"STEALB",4,41,TRUE,FALSE
"DD20873",2013,"STEHIR",6,113,TRUE,FALSE
"DD20874",2013,"STEHIR",6,107,TRUE,FALSE
"DD20875",2013,"STEHIR",6,126,TRUE,FALSE
"DD20876",2013,"STEHIR",6,112,TRUE,FALSE
"DD20877",2013,"STEHIR",6,124,TRUE,FALSE
"DD20878",2013,"STEHIR",6,119,TRUE,FALSE
"DD20879",2013,"STEHIR",6,123,TRUE,FALSE
"DD20880",2013,"STEHIR",6,141,TRUE,FALSE
"DD20881",2013,"STEHIR",6,137,TRUE,FALSE
"DD20882",2013,"STEHIR",6,111,TRUE,FALSE
"DD20883",2013,"STEHIR",6,122,TRUE,FALSE
"DD20884",2013,"STEHIR",6,115,TRUE,FALSE
"DD20885",2013,"STEHIR",6,113,TRUE,FALSE
"DD20886",2013,"STEHIR",6,115,TRUE,FALSE
"DD20561",2013,"STEHIR",8,113,FALSE,FALSE
"HN39664",2013,"STEHIR",6,110,FALSE,FALSE
"DD20887",2013,"STEHIR",6,105,TRUE,FALSE
"DD20888",2013,"STEHIR",6,111,TRUE,FALSE
"DD20889",2013,"STEHIR",6,110,TRUE,FALSE
"DD20890",2013,"STEHIR",6,117,TRUE,FALSE
"DD20891",2013,"STEHIR",6,116,TRUE,FALSE
"DD20892",2013,"STEHIR",6,115,TRUE,FALSE
"B41851",2013,"STEALB",4,46,TRUE,FALSE
"B41852",2013,"STEALB",4,50,TRUE,FALSE
"B41853",2013,"STEALB",4,48,TRUE,FALSE
"B41854",2013,"STEALB",4,51,TRUE,FALSE
"DD20893",2013,"STEHIR",6,119,TRUE,FALSE
"DD20894",2013,"STEHIR",6,111,TRUE,FALSE
"DD20895",2013,"STEHIR",6,121,TRUE,FALSE
"DD20896",2013,"STEHIR",6,118,TRUE,FALSE
"DD20897",2013,"STEHIR",6,127,TRUE,FALSE
"DD20898",2013,"STEHIR",6,125,TRUE,FALSE
"DD20899",2013,"STEHIR",6,114,TRUE,FALSE
"DD20900",2013,"STEHIR",6,127,TRUE,FALSE
"DD20901",2013,"STEHIR",6,119,TRUE,FALSE
"DD20902",2013,"STEHIR",6,111,TRUE,FALSE
"DD20903",2013,"STEHIR",6,121,TRUE,FALSE
"DD20904",2013,"STEHIR",6,116,TRUE,FALSE
"DD20905",2013,"STEHIR",6,121,TRUE,FALSE
"DD20906",2013,"STEHIR",6,112,TRUE,FALSE
"DD20907",2013,"STEHIR",6,126,TRUE,FALSE
"B41855",2013,"STEALB",4,48,TRUE,FALSE
"B41856",2013,"STEALB",4,41,TRUE,FALSE
"B41857",2013,"STEALB",4,48,TRUE,FALSE
"DD20908",2013,"STEHIR",6,122,TRUE,FALSE
"DD20909",2013,"STEHIR",6,119,TRUE,FALSE
"DD20910",2013,"STEHIR",6,132,TRUE,FALSE
"DD20911",2013,"STEHIR",6,136,TRUE,FALSE
"DD20912",2013,"STEHIR",6,119,TRUE,FALSE
"DD20913",2013,"STEHIR",6,136,TRUE,FALSE
"DD20914",2013,"STEHIR",6,114,TRUE,FALSE
"DD20915",2013,"STEHIR",6,150,TRUE,FALSE
"DD20916",2013,"STEHIR",6,107,TRUE,FALSE
"DD20917",2013,"STEHIR",6,135,TRUE,FALSE
"DD20918",2013,"STEHIR",6,128,TRUE,FALSE
"DD20919",2013,"STEHIR",6,119,TRUE,FALSE
"DD20920",2013,"STEHIR",6,121,TRUE,FALSE
"DD20921",2013,"STEHIR",6,134,TRUE,FALSE
"DD20922",2013,"STEHIR",6,123,TRUE,FALSE
"B41858",2013,"STEALB",4,41,TRUE,FALSE
"DD20923",2013,"STEHIR",6,143,TRUE,FALSE
"DD20924",2013,"STEHIR",6,123,TRUE,FALSE
"DD20925",2013,"STEHIR",6,109,TRUE,FALSE
"DD20926",2013,"STEHIR",6,115,TRUE,FALSE
"DD20927",2013,"STEHIR",6,120,TRUE,FALSE
"DD20928",2013,"STEHIR",6,138,TRUE,FALSE
"DD20929",2013,"STEHIR",6,123,TRUE,FALSE
"DD20930",2013,"STEHIR",6,144,TRUE,FALSE
"DD20932",2013,"STEHIR",6,124,TRUE,FALSE
"DD20933",2013,"STEHIR",6,118,TRUE,FALSE
"DD20934",2013,"STEHIR",6,109,TRUE,FALSE
"DD20935",2013,"STEHIR",6,142,TRUE,FALSE
"DD20936",2013,"STEHIR",6,134,TRUE,FALSE
"DD20937",2013,"STEHIR",6,108,TRUE,FALSE
"DD20938",2013,"STEHIR",6,114,TRUE,FALSE
"DD20939",2013,"STEHIR",6,131,TRUE,FALSE
"DD20940",2013,"STEHIR",6,116,TRUE,FALSE
"DD20941",2013,"STEHIR",6,117,TRUE,FALSE
"DD20942",2013,"STEHIR",6,112,TRUE,TRUE
"DD20943",2013,"STEHIR",6,117,TRUE,FALSE
"DD20944",2013,"STEHIR",6,123,TRUE,FALSE
"DD20945",2013,"STEHIR",6,116,TRUE,FALSE
"DD20946",2013,"STEHIR",6,121,TRUE,FALSE
"DD20947",2013,"STEHIR",6,109,TRUE,FALSE
"DD20948",2013,"STEHIR",6,112,TRUE,FALSE
"B41513",2013,"STEALB",7,53,FALSE,FALSE
"B41859",2013,"STEALB",4,48,TRUE,FALSE
"DD20949",2013,"STEHIR",6,127,TRUE,FALSE
"DD20950",2013,"STEHIR",6,115,TRUE,FALSE
"DD20951",2013,"STEHIR",6,131,TRUE,FALSE
"DD20952",2013,"STEHIR",6,120,TRUE,FALSE
"DD20953",2013,"STEHIR",6,128,TRUE,FALSE
"DD20954",2013,"STEHIR",6,126,TRUE,FALSE
"B41860",2013,"STEALB",4,49,TRUE,FALSE
"B41861",2013,"STEALB",4,48,TRUE,FALSE
"B41862",2013,"STEALB",4,43,TRUE,FALSE
"DD20955",2013,"STEHIR",6,112,TRUE,FALSE
"DD20956",2013,"STEHIR",6,142,TRUE,FALSE
"DD20957",2013,"STEHIR",6,109,TRUE,FALSE
"DD20958",2013,"STEHIR",6,128,TRUE,FALSE
"DD20959",2013,"STEHIR",6,125,TRUE,FALSE
"DD20960",2013,"STEHIR",6,128,TRUE,FALSE
"DD20961",2013,"STEHIR",6,120,TRUE,FALSE
"DD20962",2013,"STEHIR",6,125,TRUE,FALSE
"DD20963",2013,"STEHIR",6,123,TRUE,FALSE
"DD20964",2013,"STEHIR",6,133,TRUE,FALSE
"DD20965",2013,"STEHIR",6,158,TRUE,FALSE
"DD20966",2013,"STEHIR",6,133,TRUE,FALSE
"DD20967",2013,"STEHIR",6,143,TRUE,FALSE
"DD20968",2013,"STEHIR",6,127,TRUE,FALSE
"DD20969",2013,"STEHIR",6,143,TRUE,FALSE
"B41864",2013,"STEALB",4,51,TRUE,FALSE
"B41865",2013,"STEALB",4,47,TRUE,FALSE
"B41866",2013,"STEALB",4,44,TRUE,FALSE
"B41867",2013,"STEALB",4,45,TRUE,FALSE
"DD20970",2013,"STEHIR",6,136,TRUE,FALSE
"DD21134",2014,"STEHIR",6,114,TRUE,TRUE
"DD21135",2014,"STEHIR",6,134,TRUE,FALSE
"DD21136",2014,"STEHIR",6,128,TRUE,FALSE
"DD21137",2014,"STEHIR",6,118,TRUE,FALSE
"DD21138",2014,"STEHIR",6,125,TRUE,FALSE
"DD21139",2014,"STEHIR",6,124,TRUE,FALSE
"DD21140",2014,"STEHIR",6,117,TRUE,FALSE
"DD21141",2014,"STEHIR",6,120,TRUE,FALSE
"DD21142",2014,"STEHIR",6,116,TRUE,FALSE
"DD20120",2014,"STEHIR",12,114,FALSE,FALSE
"DD21143",2014,"STEHIR",6,124,TRUE,FALSE
"DD21025",2014,"STEHIR",8,118,FALSE,FALSE
"DD21144",2014,"STEHIR",6,126,TRUE,TRUE
"DD21145",2014,"STEHIR",6,115,TRUE,FALSE
"DD21146",2014,"STEHIR",6,119,TRUE,FALSE
"DD20981",2014,"STEHIR",8,116,FALSE,FALSE
"DD21147",2014,"STEHIR",6,113,TRUE,FALSE
"AB70591",2014,"STEALB",4,50,TRUE,FALSE
"AB70592",2014,"STEALB",4,43,TRUE,FALSE
"AB70593",2014,"STEALB",4,50,TRUE,FALSE
"CV51330",2014,"STEHIR",13,118,FALSE,FALSE
"DD21165",2014,"STEHIR",6,116,TRUE,FALSE
"DD21166",2014,"STEHIR",6,135,TRUE,FALSE
"DD21167",2014,"STEHIR",14,119,FALSE,FALSE
"DD21168",2014,"STEHIR",6,136,TRUE,FALSE
"DD21169",2014,"STEHIR",14,113,FALSE,TRUE
"DD21170",2014,"STEHIR",6,130,TRUE,FALSE
"DD21171",2014,"STEHIR",6,127,TRUE,FALSE
"DD21172",2014,"STEHIR",6,119,TRUE,FALSE
"DD21173",2014,"STEHIR",6,127,TRUE,FALSE
"DD21174",2014,"STEHIR",6,131,TRUE,FALSE
"DD21175",2014,"STEHIR",6,103,TRUE,FALSE
"DD21176",2014,"STEHIR",6,131,TRUE,FALSE
"DD21177",2014,"STEHIR",6,127,TRUE,FALSE
"DD21178",2014,"STEHIR",6,123,TRUE,FALSE
"DD21179",2014,"STEHIR",6,118,TRUE,FALSE
"B41522",2014,"STEALB",9,42,FALSE,FALSE
"DD21180",2014,"STEHIR",6,119,TRUE,FALSE
"DD21181",2014,"STEHIR",6,112,TRUE,FALSE
"DD21182",2014,"STEHIR",6,110,TRUE,FALSE
"DD21183",2014,"STEHIR",6,116,TRUE,FALSE
"DD21184",2014,"STEHIR",6,132,TRUE,FALSE
"DD21185",2014,"STEHIR",6,145,TRUE,FALSE
"DD21186",2014,"STEHIR",6,118,TRUE,FALSE
"DD20427",2014,"STEHIR",10,119,FALSE,FALSE
"DD21187",2014,"STEHIR",6,125,TRUE,FALSE
"DD21188",2014,"STEHIR",6,123,TRUE,FALSE
"DD21189",2014,"STEHIR",6,118,TRUE,FALSE
"DD21190",2014,"STEHIR",6,115,TRUE,FALSE
"DD21191",2014,"STEHIR",6,113,TRUE,FALSE
"DD21192",2014,"STEHIR",6,106,TRUE,FALSE
"DD21193",2014,"STEHIR",6,121,TRUE,FALSE
"DD21194",2014,"STEHIR",6,132,TRUE,FALSE
"DD21195",2014,"STEHIR",6,115,TRUE,FALSE
"DD21196",2014,"STEHIR",6,125,TRUE,FALSE
"DD21197",2014,"STEHIR",6,128,TRUE,FALSE
"DD21198",2014,"STEHIR",6,107,TRUE,FALSE
"DD21199",2014,"STEHIR",6,118,TRUE,FALSE
"DD21200",2014,"STEHIR",6,115,TRUE,FALSE
"AB70594",2014,"STEALB",4,44,TRUE,FALSE
"DD21201",2014,"STEHIR",6,107,TRUE,FALSE
"DD21202",2014,"STEHIR",6,124,TRUE,FALSE
"DD21203",2014,"STEHIR",6,124,TRUE,FALSE
"DD21204",2014,"STEHIR",14,122,FALSE,FALSE
"DD21205",2014,"STEHIR",6,124,TRUE,FALSE
"DD21206",2014,"STEHIR",6,116,TRUE,FALSE
"DD21207",2014,"STEHIR",6,113,TRUE,FALSE
"DD21208",2014,"STEHIR",6,121,TRUE,TRUE
"DD21209",2014,"STEHIR",6,119,TRUE,FALSE
"DD21210",2014,"STEHIR",6,121,TRUE,FALSE
"DD21211",2014,"STEHIR",6,111,TRUE,FALSE
"DD21212",2014,"STEHIR",6,117,TRUE,FALSE
"DD21213",2014,"STEHIR",6,134,TRUE,FALSE
"DD21214",2014,"STEHIR",6,122,TRUE,FALSE
"DD21215",2014,"STEHIR",6,132,TRUE,FALSE
"DD21216",2014,"STEHIR",6,132,TRUE,FALSE
"DD21217",2014,"STEHIR",6,137,TRUE,FALSE
"DD21218",2014,"STEHIR",6,119,TRUE,FALSE
"DD21219",2014,"STEHIR",6,122,TRUE,FALSE
"DD21220",2014,"STEHIR",6,134,TRUE,FALSE
"DD21221",2014,"STEHIR",6,127,TRUE,FALSE
"AB70595",2014,"STEALB",4,48,TRUE,FALSE
"AB70596",2014,"STEALB",4,47,TRUE,FALSE
"AB70597",2014,"STEALB",4,47,TRUE,FALSE
"DD21222",2014,"STEHIR",6,105,TRUE,FALSE
"DD21223",2014,"STEHIR",6,125,TRUE,FALSE
"DD21224",2014,"STEHIR",6,135,TRUE,FALSE
"DD21225",2014,"STEHIR",6,144,TRUE,FALSE
"DD21226",2014,"STEHIR",6,121,TRUE,FALSE
"DD21227",2014,"STEHIR",6,138,TRUE,FALSE
"DD21228",2014,"STEHIR",6,124,TRUE,TRUE
"DD21229",2014,"STEHIR",6,122,TRUE,FALSE
"DD21230",2014,"STEHIR",6,125,TRUE,FALSE
"DD21231",2014,"STEHIR",6,135,TRUE,FALSE
"DD21232",2014,"STEHIR",6,121,TRUE,FALSE
"DD21233",2014,"STEHIR",6,129,TRUE,FALSE
"DD21234",2014,"STEHIR",6,123,TRUE,FALSE
"AB70600",2014,"STEALB",4,47,TRUE,FALSE
"B41549",2014,"STEALB",10,44,FALSE,FALSE
"DD21235",2014,"STEHIR",6,114,TRUE,FALSE
"DD21236",2014,"STEHIR",6,125,TRUE,FALSE
"DD21237",2014,"STEHIR",6,126,TRUE,FALSE
"DD21241",2014,"STEHIR",6,116,TRUE,FALSE
"DD21242",2014,"STEHIR",6,113,TRUE,FALSE
"DD21243",2014,"STEHIR",6,123,TRUE,FALSE
"DD21244",2014,"STEHIR",6,107,TRUE,FALSE
"DD21245",2014,"STEHIR",6,134,TRUE,FALSE
"DD21246",2014,"STEHIR",6,119,TRUE,FALSE
"AB70603",2014,"STEALB",4,43,TRUE,FALSE
"AB70604",2014,"STEALB",4,45,TRUE,FALSE
"DD21247",2014,"STEHIR",6,118,TRUE,FALSE
"DD21248",2014,"STEHIR",6,132,TRUE,FALSE
"DD21190",2015,"STEHIR",8,121,FALSE,TRUE
"DD21380",2015,"STEHIR",6,99,TRUE,FALSE
"DD21381",2015,"STEHIR",6,129,TRUE,FALSE
"DD21382",2015,"STEHIR",6,117,TRUE,FALSE
"DD21383",2015,"STEHIR",6,119,TRUE,FALSE
"DD21385",2015,"STEHIR",6,115,TRUE,FALSE
"DD21386",2015,"STEHIR",6,112,TRUE,FALSE
"DD21387",2015,"STEHIR",6,119,TRUE,FALSE
"DD21388",2015,"STEHIR",6,123,TRUE,FALSE
"DD21389",2015,"STEHIR",6,124,TRUE,FALSE
"DD21390",2015,"STEHIR",6,121,TRUE,FALSE
"DD21391",2015,"STEHIR",6,120,TRUE,FALSE
"DD21392",2015,"STEHIR",6,142,TRUE,FALSE
"DD21393",2015,"STEHIR",6,121,TRUE,FALSE
"DD21394",2015,"STEHIR",6,106,TRUE,TRUE
"DD21395",2015,"STEHIR",6,120,TRUE,FALSE
"DD21396",2015,"STEHIR",6,133,TRUE,FALSE
"DD21397",2015,"STEHIR",6,126,TRUE,FALSE
"DD21398",2015,"STEHIR",6,120,TRUE,FALSE
"DD21399",2015,"STEHIR",6,120,TRUE,FALSE
"DD21400",2015,"STEHIR",6,114,TRUE,FALSE
"DD20188",2015,"STEHIR",11,113,FALSE,FALSE
"DD21401",2015,"STEHIR",6,120,TRUE,TRUE
"DD21402",2015,"STEHIR",6,118,TRUE,FALSE
"DD21403",2015,"STEHIR",6,126,TRUE,TRUE
"DD21404",2015,"STEHIR",6,119,TRUE,FALSE
"DD21405",2015,"STEHIR",6,120,TRUE,FALSE
"DD21406",2015,"STEHIR",6,121,TRUE,FALSE
"DD21407",2015,"STEHIR",6,118,TRUE,FALSE
"DD21408",2015,"STEHIR",6,136,TRUE,FALSE
"DD21409",2015,"STEHIR",6,111,TRUE,FALSE
"DD21410",2015,"STEHIR",6,116,TRUE,TRUE
"DD21411",2015,"STEHIR",6,124,TRUE,FALSE
"DD21412",2015,"STEHIR",6,121,TRUE,FALSE
"DD21413",2015,"STEHIR",6,115,TRUE,FALSE
"DD21414",2015,"STEHIR",6,113,TRUE,FALSE
"DD21415",2015,"STEHIR",6,129,TRUE,FALSE
"DD21416",2015,"STEHIR",6,121,TRUE,FALSE
"DD21417",2015,"STEHIR",6,120,TRUE,TRUE
"DD21418",2015,"STEHIR",6,122,TRUE,FALSE
"DD21419",2015,"STEHIR",6,122,TRUE,TRUE
"DD21420",2015,"STEHIR",6,107,TRUE,FALSE
"DD21421",2015,"STEHIR",6,126,TRUE,FALSE
"DD21422",2015,"STEHIR",6,130,TRUE,FALSE
"DD21423",2015,"STEHIR",6,127,TRUE,FALSE
"DD21424",2015,"STEHIR",6,106,TRUE,FALSE
"DD21425",2015,"STEHIR",6,119,TRUE,FALSE
"DD21426",2015,"STEHIR",6,120,TRUE,FALSE
"DD21427",2015,"STEHIR",6,120,TRUE,FALSE
"DD21428",2015,"STEHIR",6,108,TRUE,FALSE
"DD21429",2015,"STEHIR",6,128,TRUE,FALSE
"DD21430",2015,"STEHIR",6,117,TRUE,FALSE
"DD21431",2015,"STEHIR",6,131,TRUE,FALSE
"DD21432",2015,"STEHIR",6,130,TRUE,FALSE
"DD21433",2015,"STEHIR",6,113,TRUE,FALSE
"DD21434",2015,"STEHIR",6,133,TRUE,FALSE
"DD21435",2015,"STEHIR",6,108,TRUE,FALSE
"DD21436",2015,"STEHIR",6,125,TRUE,FALSE
"DD21437",2015,"STEHIR",6,120,TRUE,FALSE
"DD21438",2015,"STEHIR",6,123,TRUE,FALSE
"DD21439",2015,"STEHIR",6,115,TRUE,FALSE
"DD21440",2015,"STEHIR",6,122,TRUE,TRUE
"DD21441",2015,"STEHIR",6,119,TRUE,FALSE
"DD21442",2015,"STEHIR",6,121,TRUE,FALSE
"DD21443",2015,"STEHIR",6,141,TRUE,FALSE
"DD21444",2015,"STEHIR",6,114,TRUE,FALSE
"DD21445",2015,"STEHIR",6,130,TRUE,FALSE
"DD21446",2015,"STEHIR",6,120,TRUE,FALSE
"DD21447",2015,"STEHIR",6,116,TRUE,FALSE
"DD21448",2015,"STEHIR",6,115,TRUE,FALSE
"DD21449",2015,"STEHIR",6,127,TRUE,FALSE
"DD21450",2015,"STEHIR",6,118,TRUE,FALSE
"DD21451",2015,"STEHIR",6,116,TRUE,FALSE
"DD21452",2015,"STEHIR",6,128,TRUE,FALSE
"DD21453",2015,"STEHIR",6,101,TRUE,FALSE
"DD21454",2015,"STEHIR",6,130,TRUE,FALSE
"DD21455",2015,"STEHIR",6,132,TRUE,FALSE
"DD21456",2015,"STEHIR",6,118,TRUE,FALSE
"DD21457",2015,"STEHIR",6,126,TRUE,FALSE
"DD21458",2015,"STEHIR",6,109,TRUE,FALSE
"DD21459",2015,"STEHIR",6,122,TRUE,FALSE
"DD21460",2015,"STEHIR",6,131,TRUE,FALSE
"DD21461",2015,"STEHIR",6,127,TRUE,FALSE
"DD21462",2015,"STEHIR",6,111,TRUE,FALSE
"DD21463",2015,"STEHIR",6,123,TRUE,FALSE
"DD21464",2015,"STEHIR",16,97,FALSE,FALSE
"DD21465",2015,"STEHIR",6,127,TRUE,FALSE
"DD21466",2015,"STEHIR",6,126,TRUE,FALSE
"DD21467",2015,"STEHIR",6,122,TRUE,FALSE
"DD21468",2015,"STEHIR",6,123,TRUE,FALSE
"DD21469",2015,"STEHIR",6,111,TRUE,FALSE
"DD21470",2015,"STEHIR",6,130,TRUE,FALSE
"DD21471",2015,"STEHIR",6,130,TRUE,FALSE
"DD21472",2015,"STEHIR",6,112,TRUE,FALSE
"DD21473",2015,"STEHIR",6,135,TRUE,FALSE
"DD21474",2015,"STEHIR",6,129,TRUE,FALSE
"DD21475",2015,"STEHIR",6,133,TRUE,FALSE
"DD21476",2015,"STEHIR",6,125,TRUE,FALSE
"DD21477",2015,"STEHIR",6,107,TRUE,FALSE
"DD21478",2015,"STEHIR",6,126,TRUE,FALSE
"DD21479",2015,"STEHIR",6,118,TRUE,FALSE
"DD21480",2015,"STEHIR",6,116,TRUE,FALSE
"AB70754",2015,"STEALB",4,49,TRUE,TRUE
"NA028728",2015,"STEHIR",21,114,FALSE,FALSE
"DD21481",2015,"STEHIR",6,115,TRUE,FALSE
"DD21482",2015,"STEHIR",6,109,TRUE,FALSE
"DD21483",2015,"STEHIR",6,124,TRUE,FALSE
"DD21484",2015,"STEHIR",6,118,TRUE,FALSE
"DD21485",2015,"STEHIR",6,112,TRUE,FALSE
"DD21486",2015,"STEHIR",6,131,TRUE,FALSE
"DD21487",2015,"STEHIR",6,112,TRUE,FALSE
"DD21488",2015,"STEHIR",6,116,TRUE,FALSE
"DD21489",2015,"STEHIR",6,112,TRUE,FALSE
"DD21490",2015,"STEHIR",6,107,TRUE,FALSE
"DD21491",2015,"STEHIR",6,122,TRUE,FALSE
"DD21492",2015,"STEHIR",6,108,TRUE,FALSE
"DD21493",2015,"STEHIR",6,110,TRUE,FALSE
"AB70755",2015,"STEALB",4,49,TRUE,FALSE
"HN33246",2015,"STEHIR",19,110,FALSE,FALSE
"DD22647",2015,"STEHIR",6,110,TRUE,FALSE
"DD22648",2015,"STEHIR",6,115,TRUE,FALSE
"DD22649",2015,"STEHIR",6,109,TRUE,FALSE
"DD22650",2015,"STEHIR",6,110,TRUE,FALSE
"AB70762",2015,"STEALB",4,47,TRUE,TRUE
"DD22651",2015,"STEHIR",6,114,TRUE,FALSE
"DD22652",2015,"STEHIR",6,119,TRUE,FALSE
"DD22653",2015,"STEHIR",6,120,TRUE,FALSE
"DD22654",2015,"STEHIR",6,131,TRUE,FALSE
"AB70620",2015,"STEALB",6,46,FALSE,FALSE
"AB70772",2015,"STEALB",4,46,TRUE,TRUE
"B41564",2015,"STEALB",11,53,FALSE,TRUE
"DD22899",2015,"STEHIR",6,125,TRUE,TRUE
"DD22900",2015,"STEHIR",6,114,TRUE,FALSE
"DD22901",2015,"STEHIR",6,128,TRUE,FALSE
"DD22902",2015,"STEHIR",6,110,TRUE,FALSE
"DD22903",2015,"STEHIR",6,124,TRUE,FALSE
"DD22904",2015,"STEHIR",6,127,TRUE,FALSE
"DD22905",2015,"STEHIR",6,117,TRUE,FALSE
"DD22906",2015,"STEHIR",6,124,TRUE,FALSE
"DD22907",2015,"STEHIR",6,141,TRUE,FALSE
"DD22908",2015,"STEHIR",6,119,TRUE,FALSE
"DD22909",2015,"STEHIR",6,149,TRUE,FALSE
"DD22910",2015,"STEHIR",6,107,TRUE,FALSE
"DD21473",2015,"STEHIR",6,149,FALSE,FALSE
"DD22911",2015,"STEHIR",6,143,TRUE,FALSE
"DD22912",2015,"STEHIR",6,100,TRUE,FALSE
"DD22913",2015,"STEHIR",6,112,TRUE,FALSE
"DD22914",2015,"STEHIR",6,118,TRUE,FALSE
"DD22915",2015,"STEHIR",6,132,TRUE,FALSE
"AB70773",2015,"STEALB",4,42,TRUE,FALSE
"AB70591",2015,"STEALB",6,45,FALSE,TRUE
"DD22916",2015,"STEHIR",16,112,FALSE,TRUE
"DD22917",2015,"STEHIR",16,131,FALSE,FALSE
"DD22918",2015,"STEHIR",6,129,TRUE,FALSE
"DD22919",2015,"STEHIR",6,142,TRUE,FALSE
"DD22920",2015,"STEHIR",6,145,TRUE,FALSE
"DD22921",2015,"STEHIR",6,134,TRUE,FALSE
"DD22922",2015,"STEHIR",6,112,TRUE,FALSE
"DD22923",2015,"STEHIR",6,127,TRUE,FALSE
"DD22924",2015,"STEHIR",6,120,TRUE,FALSE
"DD22925",2015,"STEHIR",6,118,TRUE,FALSE
"DD22926",2015,"STEHIR",6,118,TRUE,FALSE
"DD22927",2015,"STEHIR",6,123,TRUE,FALSE
"DD22928",2015,"STEHIR",6,128,TRUE,FALSE
"DD22929",2015,"STEHIR",6,120,TRUE,FALSE
"DD22930",2015,"STEHIR",6,107,TRUE,FALSE
"DD22931",2015,"STEHIR",6,109,TRUE,FALSE
"DD22932",2015,"STEHIR",6,138,TRUE,FALSE
"DD22933",2015,"STEHIR",6,115,TRUE,FALSE
"DD22934",2015,"STEHIR",6,137,TRUE,FALSE
"DD22935",2015,"STEHIR",6,135,TRUE,FALSE
"DD22936",2015,"STEHIR",6,151,TRUE,TRUE
"DD22937",2015,"STEHIR",6,135,TRUE,FALSE
"DD22938",2015,"STEHIR",6,128,TRUE,FALSE
"DD22939",2015,"STEHIR",6,117,TRUE,FALSE
"DD22940",2015,"STEHIR",6,123,TRUE,TRUE
"DD22941",2015,"STEHIR",6,148,TRUE,FALSE
"DD21264",2015,"STEHIR",8,110,FALSE,FALSE
"DD22942",2015,"STEHIR",6,129,TRUE,FALSE
"DD22943",2015,"STEHIR",6,123,TRUE,FALSE
"B41694",2016,"STEALB",11,46,FALSE,FALSE
"DD22554",2016,"STEHIR",8,119,FALSE,FALSE
"DD23679",2016,"STEHIR",6,121,TRUE,FALSE
"DD23680",2016,"STEHIR",6,119,TRUE,FALSE
"DD23681",2016,"STEHIR",6,123,TRUE,FALSE
"DD23682",2016,"STEHIR",6,119,TRUE,FALSE
"DD23683",2016,"STEHIR",6,114,TRUE,FALSE
"DD23684",2016,"STEHIR",6,141,TRUE,FALSE
"DD23685",2016,"STEHIR",6,106,TRUE,FALSE
"DD23686",2016,"STEHIR",6,123,TRUE,FALSE
"DD23687",2016,"STEHIR",6,123,TRUE,FALSE
"DD23688",2016,"STEHIR",6,113,TRUE,FALSE
"DD23690",2016,"STEHIR",6,130,TRUE,FALSE
"DD23691",2016,"STEHIR",6,122,TRUE,TRUE
"DD23692",2016,"STEHIR",6,110,TRUE,FALSE
"DD23693",2016,"STEHIR",6,115,TRUE,FALSE
"DD20160",2016,"STEHIR",16,104,FALSE,TRUE
"DD21383",2016,"STEHIR",8,120,FALSE,FALSE
"AB70991",2016,"STEALB",4,50,TRUE,FALSE
"DD23695",2016,"STEHIR",6,120,TRUE,FALSE
"DD21462",2016,"STEHIR",8,120,FALSE,TRUE
"DD23696",2016,"STEHIR",6,123,TRUE,FALSE
"DD23697",2016,"STEHIR",6,110,TRUE,FALSE
"AB70992",2016,"STEALB",4,45,TRUE,FALSE
"AB70993",2016,"STEALB",4,39,TRUE,FALSE
"AB70629",2016,"STEALB",8,41,FALSE,TRUE
"DD23699",2016,"STEHIR",6,111,TRUE,FALSE
"DD23700",2016,"STEHIR",6,121,TRUE,TRUE
"DD23701",2016,"STEHIR",6,115,TRUE,FALSE
"DD23702",2016,"STEHIR",6,113,TRUE,FALSE
"DD23703",2016,"STEHIR",6,112,TRUE,FALSE
"DD23704",2016,"STEHIR",6,110,TRUE,TRUE
"DD23705",2016,"STEHIR",6,117,TRUE,FALSE
"DD23706",2016,"STEHIR",6,116,TRUE,FALSE
"DD23708",2016,"STEHIR",6,123,TRUE,FALSE
"DD23709",2016,"STEHIR",6,122,TRUE,FALSE
"AB70994",2016,"STEALB",4,46,TRUE,FALSE
"DD23710",2016,"STEHIR",6,122,TRUE,FALSE
"DD23711",2016,"STEHIR",6,118,TRUE,FALSE
"DD23712",2016,"STEHIR",6,122,TRUE,FALSE
"DD23713",2016,"STEHIR",6,128,TRUE,FALSE
"DD23714",2016,"STEHIR",6,131,TRUE,FALSE
"AB70995",2016,"STEALB",4,50,TRUE,FALSE
"AB70996",2016,"STEALB",4,50,TRUE,FALSE
"AB70997",2016,"STEALB",4,47,TRUE,TRUE
"AB70998",2016,"STEALB",4,42,TRUE,FALSE
"AB70625",2016,"STEALB",8,44,FALSE,TRUE
"DD23716",2016,"STEHIR",6,146,TRUE,FALSE
"DD23717",2016,"STEHIR",6,117,TRUE,TRUE
"DD20741",2016,"STEHIR",11,115,FALSE,TRUE
"AB70999",2016,"STEALB",4,48,TRUE,FALSE
"AB71000",2016,"STEALB",4,46,TRUE,FALSE
"AB70301",2016,"STEALB",4,49,TRUE,FALSE
"AB70302",2016,"STEALB",4,48,TRUE,TRUE
"AB70303",2016,"STEALB",4,49,TRUE,FALSE
"AB70304",2016,"STEALB",4,49,TRUE,TRUE
"AB70305",2016,"STEALB",4,45,TRUE,FALSE
"DD20130",2016,"STEHIR",16,124,FALSE,FALSE
"DD23742",2016,"STEHIR",15,131,FALSE,FALSE
"DD23743",2016,"STEHIR",6,106,TRUE,FALSE
"DD23744",2016,"STEHIR",6,116,TRUE,TRUE
"DD23745",2016,"STEHIR",6,118,TRUE,FALSE
"DD23746",2016,"STEHIR",6,126,TRUE,TRUE
"DD23747",2016,"STEHIR",6,120,TRUE,TRUE
"DD23748",2016,"STEHIR",6,124,TRUE,FALSE
"DD23749",2016,"STEHIR",6,126,TRUE,TRUE
"DD23750",2016,"STEHIR",6,122,TRUE,FALSE
"DD23751",2016,"STEHIR",6,105,TRUE,TRUE
"DD23752",2016,"STEHIR",6,138,TRUE,FALSE
"DD23753",2016,"STEHIR",6,104,TRUE,TRUE
"DD23754",2016,"STEHIR",6,131,TRUE,FALSE
"DD23755",2016,"STEHIR",6,111,TRUE,FALSE
"DD23756",2016,"STEHIR",6,120,TRUE,TRUE
"DD23757",2016,"STEHIR",6,131,TRUE,FALSE
"DD23758",2016,"STEHIR",6,103,TRUE,FALSE
"DD23759",2016,"STEHIR",6,122,TRUE,FALSE
"DD23760",2016,"STEHIR",6,120,TRUE,FALSE
"DD23762",2016,"STEHIR",6,120,TRUE,FALSE
"B41882",2016,"STEALB",9,40,FALSE,TRUE
"AB70306",2016,"STEALB",4,43,TRUE,TRUE
"AB70307",2016,"STEALB",4,46,TRUE,FALSE
"AB70308",2016,"STEALB",4,46,TRUE,FALSE
"DD23763",2016,"STEHIR",6,139,TRUE,FALSE
"AB70309",2016,"STEALB",4,46,TRUE,FALSE
"DD23764",2016,"STEHIR",6,121,TRUE,FALSE
"DD23765",2016,"STEHIR",6,120,TRUE,FALSE
"DD23766",2016,"STEHIR",6,135,TRUE,FALSE
"DD23767",2016,"STEHIR",6,113,TRUE,TRUE
"DD23768",2016,"STEHIR",6,122,TRUE,FALSE
"DD23769",2016,"STEHIR",6,109,TRUE,TRUE
"DD23770",2016,"STEHIR",6,118,TRUE,FALSE
"DD23771",2016,"STEHIR",6,114,TRUE,FALSE
"B41922",2016,"STEALB",9,48,FALSE,TRUE
"AB70899",2016,"STEALB",6,53,FALSE,TRUE
"AB70311",2016,"STEALB",4,48,TRUE,FALSE
"DD23772",2016,"STEHIR",6,108,TRUE,FALSE
"DD23773",2016,"STEHIR",6,121,TRUE,FALSE
"AB70312",2016,"STEALB",4,49,TRUE,FALSE
"AB70313",2016,"STEALB",4,47,TRUE,FALSE
"AB70314",2016,"STEALB",4,46,TRUE,FALSE
"DD23774",2016,"STEHIR",6,122,TRUE,FALSE
"DD23775",2016,"STEHIR",6,119,TRUE,FALSE
"DD23776",2016,"STEHIR",6,117,TRUE,FALSE
"DD23777",2016,"STEHIR",6,115,TRUE,FALSE
"AB70315",2016,"STEALB",4,46,TRUE,FALSE
"AB70740",2016,"STEALB",8,49,FALSE,TRUE
"B41884",2016,"STEALB",10,43,FALSE,TRUE
"DD23778",2016,"STEHIR",6,110,TRUE,FALSE
"DD23779",2016,"STEHIR",6,113,TRUE,FALSE
"DD23780",2016,"STEHIR",6,132,TRUE,FALSE
"DD23781",2016,"STEHIR",6,112,TRUE,FALSE
"DD23782",2016,"STEHIR",6,115,TRUE,FALSE
"DD20235",2016,"STEHIR",13,104,FALSE,FALSE
"DD20997",2016,"STEHIR",12,111,FALSE,FALSE
"DD23783",2016,"STEHIR",6,126,TRUE,FALSE
"AB70316",2016,"STEALB",4,50,TRUE,TRUE
"B41720",2016,"STEALB",12,47,FALSE,TRUE
"AB70731",2016,"STEALB",8,47,FALSE,TRUE
"AB70317",2016,"STEALB",4,47,TRUE,FALSE
"AB70894",2016,"STEALB",6,50,FALSE,FALSE
"DD23784",2016,"STEHIR",6,120,TRUE,FALSE
"AB70955",2016,"STEALB",6,45,FALSE,TRUE
"AB70318",2016,"STEALB",4,49,TRUE,TRUE
"AB70319",2016,"STEALB",4,49,TRUE,FALSE
"AB70320",2016,"STEALB",4,43,TRUE,TRUE
"DD23306",2016,"STEHIR",8,112,FALSE,FALSE
"DD23841",2016,"STEHIR",6,114,TRUE,FALSE
"DD23842",2016,"STEHIR",6,110,TRUE,FALSE
"DD23843",2016,"STEHIR",6,113,TRUE,FALSE
"DD23844",2016,"STEHIR",6,121,TRUE,FALSE
"DD23845",2016,"STEHIR",6,114,TRUE,FALSE
"DD23846",2016,"STEHIR",6,103,TRUE,FALSE
"AB70644",2016,"STEALB",7,47,FALSE,TRUE
"AB70321",2016,"STEALB",4,43,TRUE,FALSE
"AB70322",2016,"STEALB",4,47,TRUE,TRUE
"AB70323",2016,"STEALB",4,71,TRUE,TRUE
"AB70324",2016,"STEALB",4,46,TRUE,TRUE
"DD23324",2016,"STEHIR",8,109,FALSE,FALSE
"DD22689",2016,"STEHIR",8,113,FALSE,FALSE
"DD23847",2016,"STEHIR",6,105,TRUE,TRUE
"DD23848",2016,"STEHIR",6,130,TRUE,FALSE
"DD23849",2016,"STEHIR",6,116,TRUE,FALSE
"DD23850",2016,"STEHIR",6,116,TRUE,FALSE
"DD23851",2016,"STEHIR",6,109,TRUE,FALSE
"DD23852",2016,"STEHIR",6,114,TRUE,FALSE
"DD23853",2016,"STEHIR",6,103,TRUE,FALSE
"AB70325",2016,"STEALB",4,43,TRUE,FALSE
"AB70327",2016,"STEALB",4,48,TRUE,FALSE
"B41924",2016,"STEALB",9,45,FALSE,FALSE
"AB70328",2016,"STEALB",4,51,TRUE,TRUE
"AB70330",2016,"STEALB",4,41,TRUE,FALSE
"AB70331",2016,"STEALB",4,48,TRUE,FALSE
"AB70332",2016,"STEALB",4,44,TRUE,FALSE
"AB70333",2016,"STEALB",4,44,TRUE,FALSE
"AB70334",2016,"STEALB",4,50,TRUE,FALSE
"D003455",2016,"STEHIR",15,111,FALSE,FALSE
"AB70335",2016,"STEALB",4,45,TRUE,FALSE
"AB70337",2016,"STEALB",4,43,TRUE,FALSE
"AB70338",2016,"STEALB",4,43,TRUE,TRUE
"AB70339",2016,"STEALB",4,46,TRUE,FALSE
"AB70340",2016,"STEALB",4,51,TRUE,TRUE
"AB70729",2016,"STEALB",8,41,FALSE,TRUE
"DD24070",2016,"STEHIR",6,115,TRUE,FALSE
"AB70341",2016,"STEALB",4,43,TRUE,TRUE
"DD24071",2016,"STEHIR",6,117,TRUE,FALSE
"DD24072",2016,"STEHIR",6,121,TRUE,FALSE
"DD24073",2016,"STEHIR",6,121,TRUE,FALSE
"DD24074",2016,"STEHIR",6,129,TRUE,TRUE
"DD24075",2016,"STEHIR",6,113,TRUE,FALSE
"DD24076",2016,"STEHIR",6,121,TRUE,FALSE
"DD24077",2016,"STEHIR",6,126,TRUE,FALSE
"DD24078",2016,"STEHIR",6,125,TRUE,FALSE
"DD24079",2016,"STEHIR",6,110,TRUE,FALSE
"DD24080",2016,"STEHIR",6,118,TRUE,FALSE
"DD24081",2016,"STEHIR",6,129,TRUE,FALSE
"DD24082",2016,"STEHIR",6,118,TRUE,FALSE
"DD24083",2016,"STEHIR",6,121,TRUE,FALSE
"DD24084",2016,"STEHIR",6,126,TRUE,FALSE
"DD24085",2016,"STEHIR",6,128,TRUE,FALSE
"DD24086",2016,"STEHIR",6,119,TRUE,FALSE
"DD24087",2016,"STEHIR",6,115,TRUE,FALSE
"DD24088",2016,"STEHIR",6,114,TRUE,FALSE
"AB70342",2016,"STEALB",4,51,TRUE,FALSE
"AB70343",2016,"STEALB",4,54,TRUE,FALSE
"AB70797",2016,"STEALB",6,46,FALSE,TRUE
"DD24089",2016,"STEHIR",6,122,TRUE,FALSE
"DD24090",2016,"STEHIR",6,127,TRUE,FALSE
"DD24091",2016,"STEHIR",6,125,TRUE,FALSE
"DD24092",2016,"STEHIR",6,116,TRUE,TRUE
"DD24093",2016,"STEHIR",6,118,TRUE,FALSE
"DD24094",2016,"STEHIR",6,129,TRUE,FALSE
"AB70344",2016,"STEALB",4,47,TRUE,FALSE
"DD24095",2016,"STEHIR",6,104,TRUE,FALSE
"DD24096",2016,"STEHIR",6,118,TRUE,FALSE
"DD24097",2016,"STEHIR",18,113,FALSE,TRUE
"DD24098",2016,"STEHIR",6,112,TRUE,FALSE
"DD20246",2016,"STEHIR",16,107,FALSE,FALSE
"DD24099",2016,"STEHIR",6,114,TRUE,TRUE
"DD24100",2016,"STEHIR",6,116,TRUE,FALSE
"DD24101",2016,"STEHIR",6,135,TRUE,FALSE
"DD24102",2016,"STEHIR",6,114,TRUE,FALSE
"DD24103",2016,"STEHIR",6,117,TRUE,FALSE
"DD24104",2016,"STEHIR",6,131,TRUE,FALSE
"DD24105",2016,"STEHIR",6,111,TRUE,FALSE
"DD24106",2016,"STEHIR",6,122,TRUE,FALSE
"DD24107",2016,"STEHIR",6,120,TRUE,FALSE
"DD24108",2016,"STEHIR",6,118,TRUE,FALSE
"DD24109",2016,"STEHIR",6,124,TRUE,FALSE
"DD24110",2016,"STEHIR",6,123,TRUE,FALSE
"DD24111",2016,"STEHIR",6,114,TRUE,FALSE
"DD24112",2016,"STEHIR",6,119,TRUE,FALSE
"DD24113",2016,"STEHIR",6,108,TRUE,FALSE
"DD24114",2016,"STEHIR",6,132,TRUE,FALSE
"DD24115",2016,"STEHIR",6,107,TRUE,FALSE
"DD24116",2016,"STEHIR",6,113,TRUE,FALSE
"DD24117",2016,"STEHIR",6,118,TRUE,FALSE
"AB70345",2016,"STEALB",4,45,TRUE,FALSE
"AB70346",2016,"STEALB",4,48,TRUE,TRUE
"AB70347",2016,"STEALB",4,56,TRUE,FALSE
"AB70349",2016,"STEALB",4,42,TRUE,FALSE
"AB70350",2016,"STEALB",4,58,TRUE,FALSE
"AB70352",2016,"STEALB",4,45,TRUE,FALSE
"AB70353",2016,"STEALB",4,55,TRUE,FALSE
"AB70354",2016,"STEALB",4,49,TRUE,FALSE
"DD24158",2016,"STEHIR",6,124,TRUE,FALSE
"DD24159",2016,"STEHIR",6,118,TRUE,FALSE
"DD24160",2016,"STEHIR",6,111,TRUE,FALSE
"DD24161",2016,"STEHIR",6,102,TRUE,FALSE
"DD24162",2016,"STEHIR",6,115,TRUE,FALSE
"DD24163",2016,"STEHIR",6,122,TRUE,FALSE
"DD24164",2016,"STEHIR",6,113,TRUE,FALSE
"DD24165",2016,"STEHIR",6,118,TRUE,FALSE
"DD24166",2016,"STEHIR",6,119,TRUE,FALSE
"DD24168",2016,"STEHIR",6,120,TRUE,FALSE
"DD24169",2016,"STEHIR",6,120,TRUE,FALSE
"DD24170",2016,"STEHIR",6,121,TRUE,FALSE
"AB70355",2016,"STEALB",4,48,TRUE,FALSE
"DD24171",2016,"STEHIR",6,117,TRUE,FALSE
"DD24172",2016,"STEHIR",6,122,TRUE,FALSE
"DD24173",2016,"STEHIR",6,116,TRUE,FALSE
"DD24174",2016,"STEHIR",6,114,TRUE,FALSE
"DD24175",2016,"STEHIR",6,114,TRUE,FALSE
"DD24176",2016,"STEHIR",6,111,TRUE,FALSE
"DD24177",2016,"STEHIR",6,121,TRUE,FALSE
"DD24178",2016,"STEHIR",6,113,TRUE,FALSE
"AB70356",2016,"STEALB",4,45,TRUE,FALSE
"AB70355",2016,"STEALB",4,51,FALSE,FALSE
"DD24179",2016,"STEHIR",6,138,TRUE,FALSE
"B41540",2016,"STEALB",13,43,FALSE,TRUE
"DD24180",2016,"STEHIR",6,138,TRUE,FALSE
"DD24181",2016,"STEHIR",6,131,TRUE,FALSE
"DD24182",2016,"STEHIR",6,140,TRUE,FALSE
"DD24183",2016,"STEHIR",6,136,TRUE,FALSE
"DD24184",2016,"STEHIR",6,136,TRUE,FALSE
"AB70365",2016,"STEALB",4,50,TRUE,TRUE
"AB70366",2016,"STEALB",4,46,TRUE,FALSE
"DD23266",2016,"STEHIR",8,104,FALSE,FALSE
"DD22501",2016,"STEHIR",8,110,FALSE,FALSE
"DD24185",2016,"STEHIR",6,116,TRUE,FALSE
"DD24186",2016,"STEHIR",6,121,TRUE,TRUE
"DD24187",2016,"STEHIR",6,124,TRUE,FALSE
"DD24188",2016,"STEHIR",6,106,TRUE,FALSE
"DD24189",2016,"STEHIR",6,130,TRUE,FALSE
"DD24190",2016,"STEHIR",6,134,TRUE,FALSE
"DD24191",2016,"STEHIR",6,101,TRUE,TRUE
"DD24192",2016,"STEHIR",6,132,TRUE,FALSE
"DD24193",2016,"STEHIR",6,124,TRUE,FALSE
"DD24194",2016,"STEHIR",6,141,TRUE,FALSE
"DD24195",2016,"STEHIR",6,105,TRUE,FALSE
"DD24196",2016,"STEHIR",6,116,TRUE,FALSE
"B41884",2017,"STEALB",12,46,FALSE,FALSE
"AB70474",2017,"STEALB",4,50,TRUE,FALSE
"AB70475",2017,"STEALB",4,46,TRUE,FALSE
"AB70824",2017,"STEALB",8,44,FALSE,TRUE
"AB70311",2017,"STEALB",6,50,FALSE,FALSE
"DD23359",2017,"STEHIR",10,108,FALSE,FALSE
"DD20749",2017,"STEHIR",13,130,FALSE,FALSE
"AB70485",2017,"STEALB",4,52,TRUE,FALSE
"AB70486",2017,"STEALB",4,48,TRUE,FALSE
"B41925",2017,"STEALB",11,47,FALSE,TRUE
"DD24589",2017,"STEHIR",6,122,TRUE,FALSE
"DD24590",2017,"STEHIR",6,113,TRUE,FALSE
"DD24591",2017,"STEHIR",6,122,TRUE,FALSE
"DD24592",2017,"STEHIR",6,124,TRUE,FALSE
"DD24593",2017,"STEHIR",6,125,TRUE,FALSE
"DD24594",2017,"STEHIR",6,123,TRUE,FALSE
"DD24595",2017,"STEHIR",6,127,TRUE,FALSE
"DD24596",2017,"STEHIR",6,113,TRUE,FALSE
"DD24597",2017,"STEHIR",6,112,TRUE,FALSE
"DD24598",2017,"STEHIR",6,116,TRUE,FALSE
"DD24599",2017,"STEHIR",6,106,TRUE,FALSE
"DD24600",2017,"STEHIR",6,133,TRUE,FALSE
"DD24601",2017,"STEHIR",6,114,TRUE,TRUE
"DD24602",2017,"STEHIR",6,109,TRUE,FALSE
"DD24603",2017,"STEHIR",6,119,TRUE,FALSE
"AB70490",2017,"STEALB",4,47,TRUE,FALSE
"DD24604",2017,"STEHIR",6,125,TRUE,FALSE
"DD24605",2017,"STEHIR",6,121,TRUE,FALSE
"DD24607",2017,"STEHIR",6,122,TRUE,FALSE
"DD24608",2017,"STEHIR",6,118,TRUE,FALSE
"DD24609",2017,"STEHIR",6,127,TRUE,FALSE
"E16371",2017,"STEHIR",14,124,FALSE,FALSE
"DD24616",2017,"STEHIR",14,124,TRUE,FALSE
"AB70500",2017,"STEALB",4,50,TRUE,FALSE
"DD25034",2017,"STEHIR",6,116,TRUE,FALSE
"AB99011",2017,"STEALB",4,47,TRUE,FALSE
"ES1635",2017,"STEHIR",17,126,FALSE,FALSE
"DD23383",2017,"STEHIR",10,112,FALSE,FALSE
"DD24912",2017,"STEHIR",6,112,FALSE,FALSE
"AB99012",2017,"STEALB",4,55,TRUE,TRUE
"AB99013",2017,"STEALB",4,56,TRUE,FALSE
"AB99014",2017,"STEALB",4,49,TRUE,FALSE
"AB99015",2017,"STEALB",4,52,TRUE,TRUE
"AB99016",2017,"STEALB",4,48,TRUE,FALSE
"AB70620",2017,"STEALB",10,50,FALSE,FALSE
"AB70881",2017,"STEALB",8,45,FALSE,TRUE
"B41547",2017,"STEALB",15,54,FALSE,TRUE
"AB99017",2017,"STEALB",4,49,TRUE,FALSE
"AB99018",2017,"STEALB",18,42,FALSE,TRUE
"AB99019",2017,"STEALB",4,43,TRUE,FALSE
"AB99020",2017,"STEALB",4,47,TRUE,FALSE
"AB99021",2017,"STEALB",4,47,TRUE,FALSE
"AB99022",2017,"STEALB",4,45,TRUE,FALSE
"DD25148",2017,"STEHIR",6,121,TRUE,FALSE
"DD25149",2017,"STEHIR",6,125,TRUE,FALSE
"DD25150",2017,"STEHIR",6,117,TRUE,FALSE
"DD25151",2017,"STEHIR",6,107,TRUE,FALSE
"DD25152",2017,"STEHIR",6,116,TRUE,FALSE
"DD25153",2017,"STEHIR",6,123,TRUE,FALSE
"DD25154",2017,"STEHIR",6,119,TRUE,FALSE
"DD25155",2017,"STEHIR",6,115,TRUE,FALSE
"DD25156",2017,"STEHIR",6,117,TRUE,FALSE
"DD25157",2017,"STEHIR",6,110,TRUE,FALSE
"DD25158",2017,"STEHIR",6,124,TRUE,FALSE
"DD25159",2017,"STEHIR",6,104,TRUE,FALSE
"DD25160",2017,"STEHIR",6,112,TRUE,FALSE
"DD25161",2017,"STEHIR",6,116,TRUE,FALSE
"DD24882",2017,"STEHIR",6,124,FALSE,FALSE
"DD25162",2017,"STEHIR",6,109,TRUE,FALSE
"DD25163",2017,"STEHIR",6,116,TRUE,FALSE
"DD25164",2017,"STEHIR",6,112,TRUE,FALSE
"DD25165",2017,"STEHIR",6,132,TRUE,FALSE
"DD25166",2017,"STEHIR",6,110,TRUE,FALSE
"DD25167",2017,"STEHIR",6,101,TRUE,FALSE
"DD23684",2017,"STEHIR",8,123,FALSE,FALSE
"DD25168",2017,"STEHIR",6,108,TRUE,TRUE
"DD25169",2017,"STEHIR",6,106,TRUE,FALSE
"DD25170",2017,"STEHIR",6,119,TRUE,FALSE
"DD25171",2017,"STEHIR",6,107,TRUE,FALSE
"AB99023",2017,"STEALB",4,52,TRUE,FALSE
"AB99024",2017,"STEALB",4,47,TRUE,FALSE
"AB99025",2017,"STEALB",4,52,TRUE,FALSE
"AB99026",2017,"STEALB",4,48,TRUE,FALSE
"AB99027",2017,"STEALB",4,48,TRUE,FALSE
"B41726",2017,"STEALB",13,48,FALSE,TRUE
"DD20346",2017,"STEHIR",15,116,FALSE,FALSE
"DD25177",2017,"STEHIR",6,115,TRUE,FALSE
"DD25178",2017,"STEHIR",6,116,TRUE,FALSE
"DD25179",2017,"STEHIR",6,121,TRUE,FALSE
"AB99029",2017,"STEALB",4,50,TRUE,FALSE
"AB99030",2017,"STEALB",4,56,TRUE,TRUE
"AB70820",2017,"STEALB",8,56,FALSE,TRUE
"AB99034",2017,"STEALB",4,48,TRUE,TRUE
"AB99035",2017,"STEALB",4,46,TRUE,FALSE
"AB70824",2017,"STEALB",8,43,FALSE,TRUE
"AB99036",2017,"STEALB",4,46,TRUE,FALSE
"AB99037",2017,"STEALB",4,42,TRUE,FALSE
"TT39398",2017,"STEHIR",9,122,FALSE,FALSE
"DD25258",2017,"STEHIR",6,120,TRUE,FALSE
"DD25259",2017,"STEHIR",6,114,TRUE,FALSE
"DD25260",2017,"STEHIR",6,122,TRUE,FALSE
"DD24203",2018,"STEHIR",10,113,FALSE,FALSE
"DD25445",2018,"STEHIR",6,122,TRUE,FALSE
"DD25446",2018,"STEHIR",6,121,TRUE,FALSE
"DD25447",2018,"STEHIR",6,117,TRUE,FALSE
"DD25448",2018,"STEHIR",6,119,TRUE,FALSE
"AB99092",2018,"STEALB",4,45,TRUE,FALSE
"DD25449",2018,"STEHIR",6,117,TRUE,FALSE
"DD25450",2018,"STEHIR",6,112,TRUE,FALSE
"DD25451",2018,"STEHIR",6,123,TRUE,FALSE
"DD25452",2018,"STEHIR",6,123,TRUE,FALSE
"DD25453",2018,"STEHIR",6,112,TRUE,FALSE
"DD25455",2018,"STEHIR",6,104,TRUE,FALSE
"DD25456",2018,"STEHIR",6,115,TRUE,FALSE
"DD25457",2018,"STEHIR",6,119,TRUE,TRUE
"DD25458",2018,"STEHIR",6,110,TRUE,FALSE
"DD25459",2018,"STEHIR",6,123,TRUE,FALSE
"DD25460",2018,"STEHIR",6,111,TRUE,FALSE
"DD25461",2018,"STEHIR",6,122,TRUE,FALSE
"DD25462",2018,"STEHIR",6,107,TRUE,FALSE
"DD23720",2018,"STEHIR",10,117,FALSE,FALSE
"DD25463",2018,"STEHIR",6,108,TRUE,FALSE
"DD25464",2018,"STEHIR",6,114,TRUE,FALSE
"DD25465",2018,"STEHIR",6,125,TRUE,FALSE
"DD25466",2018,"STEHIR",6,115,TRUE,FALSE
"DD25467",2018,"STEHIR",6,113,TRUE,FALSE
"DD27004",2018,"STEHIR",6,123,TRUE,FALSE
"DD27005",2018,"STEHIR",6,117,TRUE,FALSE
"DD27006",2018,"STEHIR",6,119,TRUE,FALSE
"DD27011",2018,"STEHIR",6,123,TRUE,FALSE
"DD27012",2018,"STEHIR",6,109,TRUE,FALSE
"DD27013",2018,"STEHIR",6,115,TRUE,FALSE
"DD27014",2018,"STEHIR",6,124,TRUE,FALSE
"DD27015",2018,"STEHIR",6,120,TRUE,FALSE
"DD27016",2018,"STEHIR",6,124,TRUE,FALSE
"DD27017",2018,"STEHIR",6,113,TRUE,FALSE
"DD27018",2018,"STEHIR",6,116,TRUE,TRUE
"DD27019",2018,"STEHIR",6,115,TRUE,FALSE
"DD27020",2018,"STEHIR",6,115,TRUE,FALSE
"DD27021",2018,"STEHIR",6,124,TRUE,FALSE
"DD27022",2018,"STEHIR",6,126,TRUE,FALSE
"DD27023",2018,"STEHIR",6,123,TRUE,FALSE
"DD27024",2018,"STEHIR",6,119,TRUE,FALSE
"DD27025",2018,"STEHIR",6,112,TRUE,FALSE
"DD23242",2018,"STEHIR",12,106,FALSE,FALSE
"DD20646",2018,"STEHIR",18,116,FALSE,FALSE
"DD27040",2018,"STEHIR",6,128,TRUE,FALSE
"DD27041",2018,"STEHIR",6,106,TRUE,FALSE
"DD27042",2018,"STEHIR",6,110,TRUE,FALSE
"AB99093",2018,"STEALB",4,46,TRUE,FALSE
"AB99094",2018,"STEALB",4,46,TRUE,FALSE
"DD27043",2018,"STEHIR",6,126,TRUE,TRUE
"DD27044",2018,"STEHIR",6,119,TRUE,FALSE
"DD27045",2018,"STEHIR",6,131,TRUE,FALSE
"DD27046",2018,"STEHIR",6,129,TRUE,FALSE
"DD27047",2018,"STEHIR",6,117,TRUE,FALSE
"DD27048",2018,"STEHIR",6,113,TRUE,FALSE
"DD27049",2018,"STEHIR",6,120,TRUE,FALSE
"DD27050",2018,"STEHIR",6,140,TRUE,FALSE
"DD27051",2018,"STEHIR",6,118,TRUE,FALSE
"AB99095",2018,"STEALB",4,45,TRUE,FALSE
"DD22535",2018,"STEHIR",12,122,FALSE,FALSE
"DD27052",2018,"STEHIR",6,113,TRUE,FALSE
"AB99096",2018,"STEALB",4,47,TRUE,FALSE
"AB99097",2018,"STEALB",4,49,TRUE,FALSE
"AB99098",2018,"STEALB",4,48,TRUE,FALSE
"AB99099",2018,"STEALB",4,46,TRUE,FALSE
"AB99100",2018,"STEALB",4,50,TRUE,FALSE
"B41554",2018,"STEALB",17,46,FALSE,FALSE
"AB99101",2018,"STEALB",4,48,TRUE,FALSE
"AB99102",2018,"STEALB",4,48,TRUE,FALSE
"AB99103",2018,"STEALB",4,45,TRUE,FALSE
"DD22870",2018,"STEHIR",12,118,FALSE,FALSE
"AB99104",2018,"STEALB",4,46,TRUE,FALSE
"AB99105",2018,"STEALB",4,42,TRUE,FALSE
"AB99106",2018,"STEALB",4,44,TRUE,FALSE
"DD23518",2018,"STEHIR",9,105,FALSE,FALSE
"AB99107",2018,"STEALB",4,46,TRUE,FALSE
"DD20583",2018,"STEHIR",18,115,FALSE,TRUE
"DD23916",2018,"STEHIR",10,125,FALSE,FALSE
"DD20212",2018,"STEHIR",20,113,FALSE,FALSE
"AB99108",2018,"STEALB",4,46,TRUE,FALSE
"B41736",2018,"STEALB",15,51,FALSE,TRUE
"AB99109",2018,"STEALB",4,47,TRUE,FALSE
"AB99110",2018,"STEALB",4,44,TRUE,FALSE
"DD24135",2018,"STEHIR",10,114,FALSE,FALSE
"DD27354",2018,"STEHIR",6,111,TRUE,FALSE
"DD24389",2018,"STEHIR",10,108,FALSE,FALSE
"AB99111",2018,"STEALB",4,44,TRUE,FALSE
"DD23573",2018,"STEHIR",9,116,FALSE,TRUE
"DD20810",2018,"STEHIR",15,111,FALSE,FALSE
"E14158",2018,"STEHIR",28,116,FALSE,FALSE
"DD27488",2018,"STEHIR",28,116,TRUE,FALSE
"E14109",2018,"STEHIR",25,110,FALSE,FALSE
"DD27539",2018,"STEHIR",25,110,TRUE,FALSE
"AB99045",2018,"STEALB",6,48,FALSE,FALSE
"AB99115",2018,"STEALB",4,48,TRUE,FALSE
"AB70878",2018,"STEALB",9,42,FALSE,TRUE
"DD24228",2018,"STEHIR",10,121,FALSE,FALSE
"DD20204",2018,"STEHIR",20,124,FALSE,FALSE
"DD27629",2018,"STEHIR",6,130,TRUE,FALSE
"DD20998",2018,"STEHIR",16,116,FALSE,TRUE
"R190608",2018,"STEHIR",7,120,FALSE,FALSE
"AB99116",2018,"STEALB",4,50,TRUE,FALSE
"AB99051",2018,"STEALB",6,48,FALSE,FALSE
"AB99117",2018,"STEALB",4,51,TRUE,FALSE
"AB99118",2018,"STEALB",4,49,TRUE,FALSE
"AB99119",2018,"STEALB",4,44,TRUE,FALSE
"DD27803",2018,"STEHIR",6,137,TRUE,FALSE
"DD27804",2018,"STEHIR",6,113,TRUE,FALSE
"DD27805",2018,"STEHIR",6,131,TRUE,FALSE
"DD27806",2018,"STEHIR",6,132,TRUE,FALSE
"DD27807",2018,"STEHIR",6,120,TRUE,FALSE
"DD27808",2018,"STEHIR",6,127,TRUE,FALSE
"DD27809",2018,"STEHIR",6,108,TRUE,FALSE
"DD27810",2018,"STEHIR",6,113,TRUE,FALSE
"DD24943",2018,"STEHIR",8,133,FALSE,FALSE
"DD27811",2018,"STEHIR",6,134,TRUE,FALSE
"DD27812",2018,"STEHIR",6,124,TRUE,FALSE
"DD27813",2018,"STEHIR",6,115,TRUE,FALSE
"DD27814",2018,"STEHIR",6,126,TRUE,FALSE
"DD27815",2018,"STEHIR",6,121,TRUE,FALSE
"DD27816",2018,"STEHIR",6,115,TRUE,FALSE
"DD27817",2018,"STEHIR",6,138,TRUE,FALSE
"DD27818",2018,"STEHIR",6,121,TRUE,FALSE
"DD27819",2018,"STEHIR",6,145,TRUE,FALSE
"DD27820",2018,"STEHIR",6,143,TRUE,FALSE
"DD27821",2018,"STEHIR",6,137,TRUE,FALSE
"DD27822",2018,"STEHIR",6,129,TRUE,FALSE
"DD27823",2018,"STEHIR",6,118,TRUE,FALSE
"DD27824",2018,"STEHIR",6,133,TRUE,FALSE
"DD27825",2018,"STEHIR",6,124,TRUE,FALSE
"DD27826",2018,"STEHIR",6,126,TRUE,FALSE
"DD27827",2018,"STEHIR",6,108,TRUE,FALSE
"DD27828",2018,"STEHIR",6,140,TRUE,FALSE
"DD27829",2018,"STEHIR",6,108,TRUE,FALSE
"DD27830",2018,"STEHIR",6,132,TRUE,FALSE
"DD27831",2018,"STEHIR",6,124,TRUE,FALSE
"AB99021",2018,"STEALB",6,50,FALSE,TRUE
"AB70804",2018,"STEALB",9,44,FALSE,TRUE
"AB70435",2018,"STEALB",7,43,FALSE,FALSE
"AB99133",2018,"STEALB",4,45,TRUE,FALSE
"AB99134",2018,"STEALB",4,49,TRUE,FALSE
"AB99135",2018,"STEALB",4,44,TRUE,FALSE
"AB99136",2018,"STEALB",4,47,TRUE,FALSE
"AB99137",2018,"STEALB",4,46,TRUE,TRUE
"AB99138",2018,"STEALB",4,43,TRUE,FALSE
"DD27833",2018,"STEHIR",6,114,TRUE,FALSE
"DD27834",2018,"STEHIR",6,127,TRUE,FALSE
"DD27835",2018,"STEHIR",6,131,TRUE,FALSE
"DD27836",2018,"STEHIR",6,117,TRUE,FALSE
"DD27837",2018,"STEHIR",6,125,TRUE,FALSE
"DD27838",2018,"STEHIR",6,124,TRUE,FALSE
"DD27839",2018,"STEHIR",6,119,TRUE,FALSE
"DD27840",2018,"STEHIR",6,123,TRUE,FALSE
"DD27841",2018,"STEHIR",6,138,TRUE,FALSE
"DD27842",2018,"STEHIR",6,109,TRUE,TRUE
"AB70749",2018,"STEALB",11,41,FALSE,FALSE
"AB70947",2018,"STEALB",9,44,FALSE,TRUE
"AB99139",2018,"STEALB",4,46,TRUE,FALSE
"DD27843",2018,"STEHIR",6,107,TRUE,FALSE
"DD27844",2018,"STEHIR",6,116,TRUE,FALSE
"DD27845",2018,"STEHIR",6,122,TRUE,FALSE
"DD27846",2018,"STEHIR",6,114,TRUE,FALSE
"AB99140",2018,"STEALB",4,46,TRUE,FALSE
"AB99141",2018,"STEALB",4,47,TRUE,FALSE
"DD27847",2018,"STEHIR",6,126,TRUE,FALSE
"DD23407",2018,"STEHIR",9,109,FALSE,TRUE
"DD23250",2018,"STEHIR",12,117,FALSE,FALSE
"DD27848",2018,"STEHIR",6,115,TRUE,TRUE
"AB99149",2018,"STEALB",4,50,TRUE,FALSE
"AB99150",2018,"STEALB",4,48,TRUE,FALSE
"AB99151",2018,"STEALB",4,56,TRUE,FALSE
"AB99152",2018,"STEALB",4,45,TRUE,FALSE
"AB99153",2018,"STEALB",4,51,TRUE,FALSE
"AB99154",2018,"STEALB",4,44,TRUE,FALSE
"AB99155",2018,"STEALB",4,47,TRUE,FALSE
"AB99156",2018,"STEALB",4,46,TRUE,FALSE
"AB99157",2018,"STEALB",4,46,TRUE,FALSE
"AB99158",2018,"STEALB",4,50,TRUE,FALSE
"DD27886",2018,"STEHIR",6,117,TRUE,FALSE
"DD27887",2018,"STEHIR",6,123,TRUE,FALSE
"DD27888",2018,"STEHIR",6,141,TRUE,FALSE
"DD27889",2018,"STEHIR",6,115,TRUE,FALSE
"DD27890",2018,"STEHIR",6,137,TRUE,FALSE
"DD27891",2018,"STEHIR",6,129,TRUE,FALSE
"DD27892",2018,"STEHIR",6,116,TRUE,FALSE
"DD27893",2018,"STEHIR",6,128,TRUE,FALSE
"DD27894",2018,"STEHIR",6,149,TRUE,FALSE
"DD27895",2018,"STEHIR",6,135,TRUE,FALSE
"AB99159",2018,"STEALB",4,50,TRUE,FALSE
"AB99160",2018,"STEALB",4,47,TRUE,FALSE
"AB99161",2018,"STEALB",4,51,TRUE,FALSE
"AB99162",2018,"STEALB",4,39,TRUE,FALSE
"AB99035",2018,"STEALB",6,44,FALSE,FALSE
"AB70795",2018,"STEALB",10,45,FALSE,FALSE
"AB99163",2018,"STEALB",4,45,TRUE,FALSE
"AB99164",2018,"STEALB",4,44,TRUE,FALSE
"DD27896",2018,"STEHIR",6,115,TRUE,FALSE
"DD27897",2018,"STEHIR",6,120,TRUE,FALSE
"DD27898",2018,"STEHIR",6,105,TRUE,FALSE
"DD20333",2018,"STEHIR",20,117,FALSE,TRUE
"DD22609",2018,"STEHIR",12,100,FALSE,TRUE
"NA133531",2018,"STEHIR",11,126,FALSE,FALSE
"DD27938",2018,"STEHIR",6,120,TRUE,FALSE
"DD27939",2018,"STEHIR",6,109,TRUE,FALSE
"DD27940",2018,"STEHIR",6,127,TRUE,FALSE
"DD27941",2018,"STEHIR",6,131,TRUE,FALSE
"DD27942",2018,"STEHIR",6,115,TRUE,FALSE
"DD27943",2018,"STEHIR",6,124,TRUE,FALSE
"DD27944",2018,"STEHIR",6,118,TRUE,FALSE
"DD27945",2018,"STEHIR",6,117,TRUE,FALSE
"DD27946",2018,"STEHIR",6,119,TRUE,FALSE
"DD27947",2018,"STEHIR",6,101,TRUE,FALSE
"DD27948",2018,"STEHIR",6,131,TRUE,FALSE
"DD27949",2018,"STEHIR",6,136,TRUE,FALSE
"DD27950",2018,"STEHIR",6,134,TRUE,FALSE
"DD27951",2018,"STEHIR",6,118,TRUE,FALSE
"DD27952",2018,"STEHIR",6,110,TRUE,FALSE
"AB99167",2018,"STEALB",4,43,TRUE,FALSE
"HN45165",2019,"STEHIR",25,121,FALSE,FALSE
"DD28355",2019,"STEHIR",6,123,TRUE,FALSE
"DD28356",2019,"STEHIR",6,109,TRUE,FALSE
"DD28357",2019,"STEHIR",6,123,TRUE,FALSE
"DD28358",2019,"STEHIR",6,119,TRUE,FALSE
"DD28359",2019,"STEHIR",6,123,TRUE,FALSE
"DD28360",2019,"STEHIR",6,120,TRUE,FALSE
"DD28361",2019,"STEHIR",6,122,TRUE,FALSE
"DD28362",2019,"STEHIR",6,123,TRUE,FALSE
"DD28363",2019,"STEHIR",6,122,TRUE,FALSE
"DD28364",2019,"STEHIR",6,130,TRUE,FALSE
"DD28365",2019,"STEHIR",6,109,TRUE,FALSE
"DD28366",2019,"STEHIR",6,129,TRUE,FALSE
"DD28367",2019,"STEHIR",6,118,TRUE,FALSE
"DD28368",2019,"STEHIR",6,123,TRUE,FALSE
"DD28369",2019,"STEHIR",6,117,TRUE,FALSE
"DD28370",2019,"STEHIR",6,124,TRUE,FALSE
"DD28371",2019,"STEHIR",6,140,TRUE,FALSE
"DD28372",2019,"STEHIR",6,132,TRUE,FALSE
"ES1867",2019,"STEHIR",31,119,FALSE,FALSE
"HN33325",2019,"STEHIR",25,138,FALSE,FALSE
"HN48522",2019,"STEHIR",16,120,FALSE,FALSE
"HN52356",2019,"STEHIR",13,117,FALSE,TRUE
"HN32257",2019,"STEHIR",19,147,FALSE,FALSE
"HN52563",2019,"STEHIR",11,128,FALSE,FALSE
"HN50205",2019,"STEHIR",15,136,FALSE,TRUE
"HN55035",2019,"STEHIR",11,150,FALSE,FALSE
"DD29224",2019,"STEHIR",6,133,TRUE,FALSE
"DD29225",2019,"STEHIR",6,137,TRUE,FALSE
"DD29226",2019,"STEHIR",6,121,TRUE,FALSE
"DD29227",2019,"STEHIR",6,142,TRUE,FALSE
"DD29228",2019,"STEHIR",6,137,TRUE,FALSE
"DD29229",2019,"STEHIR",6,138,TRUE,FALSE
"DD29230",2019,"STEHIR",6,119,TRUE,FALSE
"DD29231",2019,"STEHIR",6,123,TRUE,FALSE
"DD29232",2019,"STEHIR",6,153,TRUE,FALSE
"DD29233",2019,"STEHIR",6,121,TRUE,FALSE
"DD29234",2019,"STEHIR",6,122,TRUE,FALSE
"DD29235",2019,"STEHIR",6,141,TRUE,FALSE
"DD29236",2019,"STEHIR",6,137,TRUE,FALSE
"DD29237",2019,"STEHIR",6,142,TRUE,FALSE
"DD29238",2019,"STEHIR",6,134,TRUE,FALSE
"DD29239",2019,"STEHIR",6,155,TRUE,FALSE
"DD29240",2019,"STEHIR",6,133,TRUE,FALSE
"DD29241",2019,"STEHIR",6,133,TRUE,FALSE
"DD29242",2019,"STEHIR",6,112,TRUE,FALSE
"DD29243",2019,"STEHIR",6,144,TRUE,FALSE
"DD29244",2019,"STEHIR",6,146,TRUE,FALSE
"DD29245",2019,"STEHIR",6,143,TRUE,FALSE
"DD29246",2019,"STEHIR",6,126,TRUE,FALSE
"DD29247",2019,"STEHIR",6,146,TRUE,FALSE
"DD29248",2019,"STEHIR",6,133,TRUE,FALSE
"DD29249",2019,"STEHIR",6,112,TRUE,FALSE
"DD29250",2019,"STEHIR",6,148,TRUE,FALSE
"DD29251",2019,"STEHIR",6,130,TRUE,FALSE
"DD29252",2019,"STEHIR",6,138,TRUE,FALSE
"DD29253",2019,"STEHIR",6,124,TRUE,FALSE
"DD29254",2019,"STEHIR",6,122,TRUE,FALSE
"DD29255",2019,"STEHIR",6,120,TRUE,FALSE
"DD29256",2019,"STEHIR",6,137,TRUE,FALSE
"HN26926",2019,"STEHIR",11,119,FALSE,FALSE
"DD29386",2019,"STEHIR",6,110,TRUE,FALSE
"DD29387",2019,"STEHIR",6,129,TRUE,FALSE
"DD29388",2019,"STEHIR",6,145,TRUE,FALSE
"DD29389",2019,"STEHIR",6,129,TRUE,FALSE
"DD29390",2019,"STEHIR",6,128,TRUE,FALSE
"DD29391",2019,"STEHIR",6,127,TRUE,FALSE
"DD29392",2019,"STEHIR",6,116,TRUE,FALSE
"DD29393",2019,"STEHIR",6,149,TRUE,FALSE
"AB70339",2019,"STEALB",10,46,FALSE,FALSE
"AB99318",2019,"STEALB",4,55,TRUE,FALSE
"DD24787",2019,"STEHIR",10,105,FALSE,FALSE
"DD29457",2019,"STEHIR",6,114,TRUE,FALSE
"DD29458",2019,"STEHIR",6,126,TRUE,FALSE
"DD29459",2019,"STEHIR",6,130,TRUE,FALSE
"DD29460",2019,"STEHIR",6,116,TRUE,FALSE
"DD29461",2019,"STEHIR",6,119,TRUE,FALSE
"DD29462",2019,"STEHIR",6,135,TRUE,FALSE
"DD29463",2019,"STEHIR",6,129,TRUE,FALSE
"DD29464",2019,"STEHIR",6,128,TRUE,FALSE
"DD29465",2019,"STEHIR",6,113,TRUE,FALSE
"AB99319",2019,"STEALB",4,39,TRUE,FALSE
"AB99320",2019,"STEALB",4,48,TRUE,FALSE
"AB99321",2019,"STEALB",4,43,TRUE,FALSE
"AB99322",2019,"STEALB",4,46,TRUE,FALSE
"DD29495",2019,"STEHIR",6,116,TRUE,FALSE
"AB99331",2019,"STEALB",4,47,TRUE,FALSE
"DD29554",2019,"STEHIR",6,112,TRUE,FALSE
"DD29555",2019,"STEHIR",6,127,TRUE,FALSE
"DD29556",2019,"STEHIR",6,118,TRUE,FALSE
"DD29557",2019,"STEHIR",6,108,TRUE,FALSE
"DD29558",2019,"STEHIR",6,128,TRUE,FALSE
"DD29559",2019,"STEHIR",6,129,TRUE,FALSE
"DD29560",2019,"STEHIR",6,116,TRUE,FALSE
"DD29561",2019,"STEHIR",6,123,TRUE,TRUE
"DD29562",2019,"STEHIR",6,127,TRUE,FALSE
"DD29563",2019,"STEHIR",6,114,TRUE,FALSE
"DD29564",2019,"STEHIR",6,121,TRUE,FALSE
"DD29565",2019,"STEHIR",6,116,TRUE,FALSE
"DD29566",2019,"STEHIR",6,136,TRUE,FALSE
"DD29567",2019,"STEHIR",6,131,TRUE,FALSE
"DD29568",2019,"STEHIR",6,126,TRUE,FALSE
"DD29569",2019,"STEHIR",6,122,TRUE,FALSE
"DD29570",2019,"STEHIR",6,119,TRUE,FALSE
"DD29571",2019,"STEHIR",6,125,TRUE,FALSE
"DD29572",2019,"STEHIR",6,120,TRUE,FALSE
"DD29573",2019,"STEHIR",6,119,TRUE,FALSE
"DD29574",2019,"STEHIR",6,117,TRUE,FALSE
"DD29575",2019,"STEHIR",6,126,TRUE,FALSE
"DD29576",2019,"STEHIR",6,115,TRUE,FALSE
"DD29577",2019,"STEHIR",6,124,TRUE,FALSE
"DD29578",2019,"STEHIR",6,121,TRUE,FALSE
"DD29579",2019,"STEHIR",6,121,TRUE,FALSE
"DD29580",2019,"STEHIR",6,102,TRUE,FALSE
"DD29581",2019,"STEHIR",6,134,TRUE,FALSE
"DD29582",2019,"STEHIR",6,121,TRUE,FALSE
"DD29583",2019,"STEHIR",6,108,TRUE,FALSE
"DD29584",2019,"STEHIR",6,118,TRUE,FALSE
"AB99332",2019,"STEALB",4,48,TRUE,FALSE
"DD29585",2019,"STEHIR",6,128,TRUE,FALSE
"DD29586",2019,"STEHIR",6,110,TRUE,FALSE
"DD29587",2019,"STEHIR",6,121,TRUE,FALSE
"DD29588",2019,"STEHIR",6,106,TRUE,FALSE
"DD29589",2019,"STEHIR",6,133,TRUE,FALSE
"DD29590",2019,"STEHIR",6,113,TRUE,FALSE
"DD29591",2019,"STEHIR",6,113,TRUE,FALSE
"DD29592",2019,"STEHIR",6,118,TRUE,FALSE
"DD29593",2019,"STEHIR",6,115,TRUE,FALSE
"DD29594",2019,"STEHIR",6,106,TRUE,FALSE
"DD29595",2019,"STEHIR",6,109,TRUE,TRUE
"DD29596",2019,"STEHIR",6,114,TRUE,FALSE
"DD29597",2019,"STEHIR",6,124,TRUE,FALSE
"DD29598",2019,"STEHIR",6,121,TRUE,FALSE
"DD29599",2019,"STEHIR",6,107,TRUE,TRUE
"DD29600",2019,"STEHIR",6,108,TRUE,FALSE
"DD29601",2019,"STEHIR",6,112,TRUE,FALSE
"DD29602",2019,"STEHIR",6,109,TRUE,FALSE
"DD29603",2019,"STEHIR",6,128,TRUE,TRUE
"DD29604",2019,"STEHIR",6,121,TRUE,FALSE
"DD20396",2019,"STEHIR",22,121,FALSE,FALSE
"DD28007",2019,"STEHIR",8,111,FALSE,FALSE
"DD29605",2019,"STEHIR",6,121,TRUE,FALSE
"DD29606",2019,"STEHIR",6,122,TRUE,FALSE
"AB99462",2020,"STEALB",4,45,TRUE,FALSE
"B41905",2020,"STEALB",18,52,FALSE,FALSE
"HN46163",2020,"STEHIR",11,134,FALSE,FALSE
"DD23779",2020,"STEHIR",14,126,FALSE,FALSE
"DD29594",2020,"STEHIR",8,117,FALSE,FALSE
"DD24271",2020,"STEHIR",14,116,FALSE,TRUE
"DD30229",2020,"STEHIR",6,135,TRUE,FALSE
"DD30230",2020,"STEHIR",6,157,TRUE,FALSE
"DD30231",2020,"STEHIR",6,135,TRUE,FALSE
"DD30232",2020,"STEHIR",6,133,TRUE,FALSE
"DD30233",2020,"STEHIR",6,140,TRUE,TRUE
"DD30234",2020,"STEHIR",6,141,TRUE,FALSE
"DD30235",2020,"STEHIR",6,134,TRUE,FALSE
"DD30236",2020,"STEHIR",6,123,TRUE,FALSE
"DD25341",2020,"STEHIR",12,135,FALSE,FALSE
"DD21469",2020,"STEHIR",16,142,FALSE,FALSE
"DD20190",2020,"STEHIR",21,110,FALSE,FALSE
"DD21389",2020,"STEHIR",16,110,FALSE,FALSE
"DD24202",2020,"STEHIR",14,119,FALSE,FALSE
"DD30237",2020,"STEHIR",6,154,TRUE,FALSE
"DD30238",2020,"STEHIR",6,133,TRUE,FALSE
"DD30239",2020,"STEHIR",6,126,TRUE,FALSE
"DD30240",2020,"STEHIR",6,153,TRUE,FALSE
"DD30241",2020,"STEHIR",6,131,TRUE,FALSE
"DD30242",2020,"STEHIR",6,135,TRUE,FALSE
"DD30243",2020,"STEHIR",6,121,TRUE,FALSE
"DD30244",2020,"STEHIR",6,120,TRUE,FALSE
"DD30245",2020,"STEHIR",6,156,TRUE,FALSE
"DD30246",2020,"STEHIR",6,139,TRUE,FALSE
"DD30247",2020,"STEHIR",6,117,TRUE,FALSE
"DD30248",2020,"STEHIR",6,122,TRUE,FALSE
"DD30249",2020,"STEHIR",6,155,TRUE,FALSE
"DD30250",2020,"STEHIR",6,115,TRUE,TRUE
"DD30251",2020,"STEHIR",6,118,TRUE,FALSE
"DD30252",2020,"STEHIR",6,115,TRUE,FALSE
"DD30253",2020,"STEHIR",6,150,TRUE,FALSE
"DD30254",2020,"STEHIR",6,150,TRUE,FALSE
"DD30255",2020,"STEHIR",6,127,TRUE,FALSE
"DD30256",2020,"STEHIR",6,143,TRUE,FALSE
"DD30257",2020,"STEHIR",6,157,TRUE,FALSE
"DD30258",2020,"STEHIR",6,130,TRUE,FALSE
"DD30259",2020,"STEHIR",6,138,TRUE,FALSE
"DD30260",2020,"STEHIR",6,142,TRUE,FALSE
"DD30261",2020,"STEHIR",6,127,TRUE,FALSE
"DD30262",2020,"STEHIR",6,130,TRUE,FALSE
"DD30263",2020,"STEHIR",6,145,TRUE,FALSE
"DD30264",2020,"STEHIR",6,139,TRUE,FALSE
"DD30265",2020,"STEHIR",6,137,TRUE,FALSE
"DD30266",2020,"STEHIR",6,126,TRUE,FALSE
"DD30267",2020,"STEHIR",6,130,TRUE,FALSE
"DD30268",2020,"STEHIR",6,146,TRUE,FALSE
"DD30269",2020,"STEHIR",6,123,TRUE,FALSE
"DD30270",2020,"STEHIR",6,122,TRUE,FALSE
"DD30271",2020,"STEHIR",6,134,TRUE,FALSE
"DD30272",2020,"STEHIR",6,139,TRUE,FALSE
"DD30300",2020,"STEHIR",6,178,TRUE,FALSE
"AB99463",2020,"STEALB",4,48.7,TRUE,FALSE
"AB99464",2020,"STEALB",4,48.3,TRUE,TRUE
"AB99465",2020,"STEALB",4,49.8,TRUE,FALSE
"AB99466",2020,"STEALB",4,44.7,TRUE,FALSE
"KK00855",2020,"STEHIR",11,132,FALSE,FALSE
"DD28023",2020,"STEHIR",7,127,FALSE,FALSE
"AB99471",2020,"STEALB",4,46,TRUE,FALSE
"DD30559",2020,"STEHIR",6,144,TRUE,FALSE
"DD30560",2020,"STEHIR",6,135,TRUE,FALSE
"DD30561",2020,"STEHIR",6,148,TRUE,FALSE
"DD30562",2020,"STEHIR",6,146,TRUE,FALSE
"DD30563",2020,"STEHIR",6,129,TRUE,FALSE
"DD30564",2020,"STEHIR",6,132,TRUE,FALSE
"DD30565",2020,"STEHIR",6,116,TRUE,TRUE
"DD30566",2020,"STEHIR",6,129,TRUE,FALSE
"DD30567",2020,"STEHIR",6,147,TRUE,FALSE
"DD30568",2020,"STEHIR",6,121,TRUE,FALSE
"DD30569",2020,"STEHIR",6,120,TRUE,FALSE
"DD30570",2020,"STEHIR",6,109,TRUE,FALSE
"DD30571",2020,"STEHIR",6,126,TRUE,FALSE
"AB99472",2020,"STEALB",4,40,TRUE,FALSE
"AB99473",2020,"STEALB",4,51,TRUE,FALSE
"AB99474",2020,"STEALB",4,45,TRUE,TRUE
"AB70950",2020,"STEALB",13,48,FALSE,FALSE
"DD29368",2020,"STEHIR",8,113,FALSE,FALSE
"AB99476",2020,"STEALB",4,49,TRUE,FALSE
"DD30572",2020,"STEHIR",6,148,TRUE,FALSE
"DD30573",2020,"STEHIR",6,130,TRUE,FALSE
"DD30574",2020,"STEHIR",6,131,TRUE,FALSE
"DD29966",2020,"STEHIR",8,134,FALSE,FALSE
"HN58265",2020,"STEHIR",9,128,FALSE,FALSE
"KK01910",2020,"STEHIR",9,131,FALSE,FALSE
"AB70456",2020,"STEALB",11,44,FALSE,FALSE
"DD32254",2021,"STEHIR",6,106,TRUE,FALSE
"DD32255",2021,"STEHIR",6,96,TRUE,FALSE
"DD32256",2021,"STEHIR",6,103,TRUE,FALSE
"HN43898",2021,"STEHIR",10,121,FALSE,FALSE
"R171725",2021,"STEHIR",15,137,FALSE,FALSE
"DX10012",2021,"STEHIR",6,126,TRUE,FALSE
"DX10013",2021,"STEHIR",6,123,TRUE,FALSE
"DX10014",2021,"STEHIR",6,122,TRUE,FALSE
"DX10015",2021,"STEHIR",6,112,TRUE,FALSE
"DX10016",2021,"STEHIR",6,117,TRUE,FALSE
"DX10017",2021,"STEHIR",6,130,TRUE,FALSE
"DX10018",2021,"STEHIR",6,126,TRUE,FALSE
"DX10019",2021,"STEHIR",6,109,TRUE,FALSE
"DX10020",2021,"STEHIR",6,117,TRUE,FALSE
"DX10021",2021,"STEHIR",6,119,TRUE,FALSE
"DX10022",2021,"STEHIR",6,113,TRUE,FALSE
"DX10023",2021,"STEHIR",6,131,TRUE,FALSE
"DX10024",2021,"STEHIR",6,126,TRUE,FALSE
"DX10025",2021,"STEHIR",6,113,TRUE,FALSE
"DX10026",2021,"STEHIR",6,104,TRUE,FALSE
"DX10027",2021,"STEHIR",6,128,TRUE,FALSE
"DX10028",2021,"STEHIR",6,119,TRUE,FALSE
"DX10029",2021,"STEHIR",6,122,TRUE,FALSE
"DX10030",2021,"STEHIR",6,110,TRUE,FALSE
"DX10031",2021,"STEHIR",6,111,TRUE,FALSE
"DX10032",2021,"STEHIR",6,101,TRUE,FALSE
"DX10033",2021,"STEHIR",6,104,TRUE,FALSE
"DD28495",2021,"STEHIR",10,111,FALSE,FALSE
"DX10034",2021,"STEHIR",6,113,TRUE,FALSE
"DX10035",2021,"STEHIR",6,113,TRUE,FALSE
"DX10036",2021,"STEHIR",6,110,TRUE,FALSE
"DX10037",2021,"STEHIR",6,131,TRUE,FALSE
"DX10038",2021,"STEHIR",6,124,TRUE,FALSE
"DX10039",2021,"STEHIR",6,104,TRUE,FALSE
"DX10040",2021,"STEHIR",6,115,TRUE,TRUE
"DX10041",2021,"STEHIR",6,124,TRUE,FALSE
"DX10042",2021,"STEHIR",6,109,TRUE,FALSE
"DX10043",2021,"STEHIR",6,109,TRUE,FALSE
"DX10044",2021,"STEHIR",6,126,TRUE,FALSE
"DX10045",2021,"STEHIR",6,105,TRUE,FALSE
"DX10046",2021,"STEHIR",6,119,TRUE,FALSE
"DX10047",2021,"STEHIR",6,125,TRUE,FALSE
"DX10048",2021,"STEHIR",6,110,TRUE,FALSE
"DX10049",2021,"STEHIR",6,111,TRUE,FALSE
"DX10050",2021,"STEHIR",6,116,TRUE,FALSE
"DX10051",2021,"STEHIR",6,104,TRUE,FALSE
"DX10052",2021,"STEHIR",6,120,TRUE,FALSE
"DX10053",2021,"STEHIR",6,126,TRUE,FALSE
"DX10054",2021,"STEHIR",6,113,TRUE,FALSE
"DX10055",2021,"STEHIR",6,116,TRUE,FALSE
"DX10056",2021,"STEHIR",6,118,TRUE,FALSE
"DX10057",2021,"STEHIR",6,117,TRUE,FALSE
"DX10058",2021,"STEHIR",6,107,TRUE,FALSE
"DX10059",2021,"STEHIR",6,121,TRUE,FALSE
"DX10060",2021,"STEHIR",6,124,TRUE,FALSE
"DX10061",2021,"STEHIR",6,117,TRUE,FALSE
"DX10062",2021,"STEHIR",6,106,TRUE,FALSE
"AB99531",2021,"STEALB",26,45,FALSE,FALSE
"AB99584",2021,"STEALB",4,43,TRUE,FALSE
"DD23609",2021,"STEHIR",15,117,FALSE,FALSE
"DD21249",2021,"STEHIR",20,122,FALSE,FALSE
"DD23220",2021,"STEHIR",18,123,FALSE,FALSE
"DD29951",2021,"STEHIR",10,107,FALSE,FALSE
"DX10063",2021,"STEHIR",6,110,TRUE,FALSE
"DX10064",2021,"STEHIR",6,115,TRUE,TRUE
"DX10065",2021,"STEHIR",6,107,TRUE,FALSE
"DX10066",2021,"STEHIR",6,120,TRUE,FALSE
"DX10067",2021,"STEHIR",6,115,TRUE,FALSE
"DX10068",2021,"STEHIR",6,102,TRUE,FALSE
"DX10069",2021,"STEHIR",6,119,TRUE,FALSE
"DX10070",2021,"STEHIR",6,114,TRUE,FALSE
"DX10071",2021,"STEHIR",6,111,TRUE,FALSE
"DX10072",2021,"STEHIR",6,116,TRUE,FALSE
"DX10073",2021,"STEHIR",6,110,TRUE,FALSE
"DX10074",2021,"STEHIR",6,118,TRUE,FALSE
"DX10075",2021,"STEHIR",6,109,TRUE,FALSE
"DX10076",2021,"STEHIR",6,110,TRUE,FALSE
"AB99420",2021,"STEALB",8,45,FALSE,FALSE
"DX10077",2021,"STEHIR",6,113,TRUE,FALSE
"DX10078",2021,"STEHIR",6,117,TRUE,FALSE
"4H37753",2021,"STEHIR",32,118,FALSE,FALSE
"AB99426",2021,"STEALB",8,45,FALSE,FALSE
"DX10132",2021,"STEHIR",6,110,TRUE,FALSE
"DX10133",2021,"STEHIR",6,129,TRUE,FALSE
"DX10134",2021,"STEHIR",6,111,TRUE,FALSE
"DX10135",2021,"STEHIR",6,109,TRUE,FALSE
"DX10136",2021,"STEHIR",6,116,TRUE,FALSE
"DX10137",2021,"STEHIR",6,117,TRUE,FALSE
"DX10138",2021,"STEHIR",6,114,TRUE,FALSE
"DX10139",2021,"STEHIR",6,119,TRUE,FALSE
"DX10140",2021,"STEHIR",6,118,TRUE,FALSE
"DX10141",2021,"STEHIR",6,111,TRUE,FALSE
"DX10142",2021,"STEHIR",6,127,TRUE,FALSE
"AB99591",2021,"STEALB",4,43,TRUE,FALSE
"AB99592",2021,"STEALB",4,47,TRUE,FALSE
"DX10143",2021,"STEHIR",6,122,TRUE,FALSE
"DX10144",2021,"STEHIR",6,136,TRUE,FALSE
"DX10145",2021,"STEHIR",6,124,TRUE,FALSE
"DX10146",2021,"STEHIR",6,109,TRUE,FALSE
"DX10147",2021,"STEHIR",6,129,TRUE,FALSE
"DX10148",2021,"STEHIR",6,105,TRUE,FALSE
"DX10149",2021,"STEHIR",6,122,TRUE,FALSE
"DX10150",2021,"STEHIR",6,113,TRUE,FALSE
"DX10151",2021,"STEHIR",6,130,TRUE,FALSE
"DX10152",2021,"STEHIR",6,122,TRUE,FALSE
"DX10153",2021,"STEHIR",6,114,TRUE,FALSE
"HN52374",2021,"STEHIR",17,115,FALSE,FALSE
"HN56964",2021,"STEHIR",11,115,FALSE,FALSE
"DD27953",2021,"STEHIR",12,114,FALSE,FALSE
"DD30712",2021,"STEHIR",8,124,FALSE,FALSE
"DX10347",2021,"STEHIR",6,110,TRUE,FALSE
"DX10359",2021,"STEHIR",6,109,TRUE,FALSE
"DX10396",2021,"STEHIR",6,124,TRUE,FALSE
"DX10404",2021,"STEHIR",6,124,TRUE,FALSE
"DX10408",2021,"STEHIR",6,123,TRUE,FALSE
"DX10418",2021,"STEHIR",6,98,TRUE,FALSE
"DX10429",2021,"STEHIR",6,108,TRUE,FALSE
"DX10459",2021,"STEHIR",6,120,TRUE,FALSE
"DX10463",2021,"STEHIR",6,122,TRUE,FALSE
"DX10465",2021,"STEHIR",6,115,TRUE,FALSE
"DX10468",2021,"STEHIR",6,121,TRUE,FALSE
"DX10474",2021,"STEHIR",6,97,TRUE,FALSE
"DX10476",2021,"STEHIR",6,112,TRUE,FALSE
"HN53841",2021,"STEHIR",13,111,FALSE,FALSE
"DX10500",2021,"STEHIR",6,120,TRUE,FALSE
"R191734",2021,"STEHIR",11,112,FALSE,FALSE
"DX10505",2021,"STEHIR",6,120,TRUE,FALSE
"DX10509",2021,"STEHIR",6,132,TRUE,FALSE
"DX10510",2021,"STEHIR",6,120,TRUE,FALSE
"DX10518",2021,"STEHIR",6,103,TRUE,FALSE
"DD24225",2021,"STEHIR",16,126,FALSE,TRUE
"DX10536",2021,"STEHIR",6,112,TRUE,FALSE
"DX10541",2021,"STEHIR",6,110,TRUE,FALSE
"DX10543",2021,"STEHIR",6,122,TRUE,FALSE
"DX10549",2021,"STEHIR",6,124,TRUE,FALSE
"DX10559",2021,"STEHIR",6,108,TRUE,FALSE
"DX10585",2021,"STEHIR",6,119,TRUE,FALSE
"DX10587",2021,"STEHIR",6,120,TRUE,TRUE
"DX10588",2021,"STEHIR",6,112,TRUE,TRUE
"DX10590",2021,"STEHIR",6,133,TRUE,FALSE
"DX10595",2021,"STEHIR",6,121,TRUE,FALSE
"DX10596",2021,"STEHIR",6,117,TRUE,FALSE
"DX10597",2021,"STEHIR",6,131,TRUE,TRUE
"AB99043",2021,"STEALB",12,45,FALSE,TRUE
"AB99606",2021,"STEALB",4,51,TRUE,FALSE
"AB99607",2021,"STEALB",4,48,TRUE,FALSE
"AB99608",2021,"STEALB",4,49,TRUE,TRUE
"AB70952",2021,"STEALB",15,45,FALSE,TRUE
"AB99609",2021,"STEALB",4,47,TRUE,FALSE
"AB99610",2021,"STEALB",4,47,TRUE,FALSE
"DX10599",2021,"STEHIR",6,119,TRUE,FALSE
"DX10600",2021,"STEHIR",6,125,TRUE,FALSE
"DX10601",2021,"STEHIR",6,126,TRUE,FALSE
"DX10602",2021,"STEHIR",6,107,TRUE,FALSE
"DX10603",2021,"STEHIR",6,110,TRUE,FALSE
"DX10604",2021,"STEHIR",6,124,TRUE,FALSE
"DX10605",2021,"STEHIR",6,126,TRUE,FALSE
"DX10606",2021,"STEHIR",6,115,TRUE,FALSE
"DX10607",2021,"STEHIR",6,128,TRUE,FALSE
"DX10608",2021,"STEHIR",6,110,TRUE,FALSE
"DX10609",2021,"STEHIR",6,110,TRUE,FALSE
"DX10610",2021,"STEHIR",6,119,TRUE,FALSE
"DX10611",2021,"STEHIR",6,124,TRUE,FALSE
"DX10612",2021,"STEHIR",6,114,TRUE,FALSE
"AB99611",2021,"STEALB",4,46,TRUE,FALSE
"AB99612",2021,"STEALB",4,40,TRUE,FALSE
"AB99211",2021,"STEALB",9,47,FALSE,TRUE
"AB99336",2021,"STEALB",10,46,FALSE,FALSE
"DX10613",2021,"STEHIR",6,123,TRUE,FALSE
"DX10614",2021,"STEHIR",6,113,TRUE,FALSE
"DX10615",2021,"STEHIR",6,120,TRUE,FALSE
"DX10616",2021,"STEHIR",6,109,TRUE,FALSE
"DX10617",2021,"STEHIR",6,136,TRUE,FALSE
"AB70782",2021,"STEALB",16,59,FALSE,FALSE
"AB99614",2021,"STEALB",4,44,TRUE,FALSE
"DD32021",2021,"STEHIR",8,120,FALSE,FALSE
"DD30093",2021,"STEHIR",10,167,FALSE,FALSE
"DD21294",2021,"STEHIR",20,142,FALSE,TRUE
"DD29945",2021,"STEHIR",10,122,FALSE,FALSE
"DD23282",2021,"STEHIR",18,104,FALSE,FALSE
"DD29840",2021,"STEHIR",10,112,FALSE,FALSE
"DD22984",2021,"STEHIR",18,111,FALSE,TRUE
"DD27791",2021,"STEHIR",12,144,FALSE,FALSE
"DD23454",2021,"STEHIR",15,116,FALSE,TRUE
"DD20971",2021,"STEHIR",22,104,FALSE,TRUE
"AB99375",2021,"STEALB",7,45,FALSE,FALSE
"AB99288",2021,"STEALB",9,53,FALSE,TRUE
"AB70302",2021,"STEALB",14,42,FALSE,TRUE
"DX10618",2021,"STEHIR",6,116,TRUE,FALSE
"DD27719",2021,"STEHIR",12,124,FALSE,FALSE
"DX10627",2021,"STEHIR",6,130,TRUE,FALSE
"DX10628",2021,"STEHIR",6,130,TRUE,FALSE
"DX10629",2021,"STEHIR",6,124,TRUE,FALSE
"DX10631",2021,"STEHIR",6,118,TRUE,TRUE
"DX10635",2021,"STEHIR",6,127,TRUE,FALSE
"DX10636",2021,"STEHIR",6,122,TRUE,FALSE
"DX10649",2021,"STEHIR",6,134,TRUE,FALSE
"DX10650",2021,"STEHIR",6,130,TRUE,FALSE
"DX10653",2021,"STEHIR",6,106,TRUE,FALSE
"DX10654",2021,"STEHIR",6,117,TRUE,FALSE
"DX10655",2021,"STEHIR",6,120,TRUE,FALSE
"DX10656",2021,"STEHIR",6,130,TRUE,FALSE
"DX10657",2021,"STEHIR",6,123,TRUE,FALSE
"AB99618",2021,"STEALB",4,44,TRUE,FALSE
"DX10658",2021,"STEHIR",6,131,TRUE,FALSE
"DX10659",2021,"STEHIR",6,112,TRUE,FALSE
"DX10660",2021,"STEHIR",6,117,TRUE,FALSE
"DX10661",2021,"STEHIR",6,134,TRUE,FALSE
"DX10662",2021,"STEHIR",6,122,TRUE,FALSE
"DX10663",2021,"STEHIR",6,113,TRUE,FALSE
"DX10664",2021,"STEHIR",6,104,TRUE,FALSE
"DX10665",2021,"STEHIR",6,114,TRUE,FALSE
"DD30756",2021,"STEHIR",8,114,FALSE,TRUE
"DD30913",2021,"STEHIR",8,118,FALSE,FALSE
"DX10666",2021,"STEHIR",6,117,TRUE,FALSE
"DX10667",2021,"STEHIR",6,108,TRUE,FALSE
"DX10668",2021,"STEHIR",6,114,TRUE,FALSE
"DX10669",2021,"STEHIR",6,109,TRUE,FALSE
"DX10670",2021,"STEHIR",6,138,TRUE,FALSE
"DX10671",2021,"STEHIR",6,135,TRUE,FALSE
"DX10672",2021,"STEHIR",6,128,TRUE,FALSE
"DX10673",2021,"STEHIR",6,138,TRUE,FALSE
"DX10674",2021,"STEHIR",6,136,TRUE,FALSE
"DD27866",2021,"STEHIR",12,127,FALSE,FALSE
"DX10680",2021,"STEHIR",6,111,TRUE,FALSE
"DX10682",2021,"STEHIR",6,125,TRUE,FALSE
"DX10684",2021,"STEHIR",6,127,TRUE,FALSE
"DX10690",2021,"STEHIR",6,118,TRUE,FALSE
"DX10693",2021,"STEHIR",6,111,TRUE,FALSE
"DX10694",2021,"STEHIR",6,123,TRUE,FALSE
"DD30739",2021,"STEHIR",8,115,FALSE,FALSE
"DX10700",2021,"STEHIR",6,115,TRUE,FALSE
"DX10703",2021,"STEHIR",6,126,TRUE,FALSE
"DX10713",2021,"STEHIR",6,103,TRUE,FALSE
"DD32290",2022,"STEHIR",8,123,FALSE,FALSE
"DD32298",2022,"STEHIR",8,136,FALSE,FALSE
"DD20212",2022,"STEHIR",28,106,FALSE,TRUE
"DD32598",2022,"STEHIR",6,114,TRUE,FALSE
"DD32599",2022,"STEHIR",6,131,TRUE,FALSE
"DD32600",2022,"STEHIR",6,125,TRUE,FALSE
"DX11001",2022,"STEHIR",6,126,TRUE,FALSE
"DX11002",2022,"STEHIR",6,118,TRUE,FALSE
"DD25474",2022,"STEHIR",14,117,FALSE,FALSE
"DX11003",2022,"STEHIR",6,123,TRUE,TRUE
"DX11004",2022,"STEHIR",6,120,TRUE,TRUE
"DX11005",2022,"STEHIR",6,114,TRUE,FALSE
"DX11006",2022,"STEHIR",6,113,TRUE,FALSE
"DX11007",2022,"STEHIR",6,113,TRUE,FALSE
"DX11008",2022,"STEHIR",6,110,TRUE,FALSE
"DX11009",2022,"STEHIR",6,123,TRUE,FALSE
"DX11010",2022,"STEHIR",6,129,TRUE,FALSE
"DX11011",2022,"STEHIR",6,126,TRUE,FALSE
"DX11012",2022,"STEHIR",6,122,TRUE,FALSE
"DX11013",2022,"STEHIR",6,129,TRUE,FALSE
"DX11014",2022,"STEHIR",6,121,TRUE,FALSE
"DX11015",2022,"STEHIR",6,112,TRUE,FALSE
"DX11016",2022,"STEHIR",6,118,TRUE,FALSE
"DX11017",2022,"STEHIR",6,121,TRUE,FALSE
"DX11018",2022,"STEHIR",6,129,TRUE,FALSE
"DX11019",2022,"STEHIR",6,127,TRUE,FALSE
"DX11020",2022,"STEHIR",6,121,TRUE,FALSE
"DX11021",2022,"STEHIR",6,114,TRUE,FALSE
"DX11022",2022,"STEHIR",6,116,TRUE,FALSE
"DX11023",2022,"STEHIR",6,112,TRUE,FALSE
"DX11024",2022,"STEHIR",6,135,TRUE,FALSE
"DX11025",2022,"STEHIR",6,121,TRUE,FALSE
"DX11026",2022,"STEHIR",6,116,TRUE,FALSE
"DX11027",2022,"STEHIR",6,124,TRUE,FALSE
"DX10153",2022,"STEHIR",8,117,FALSE,FALSE
"DD23493",2022,"STEHIR",17,117,FALSE,TRUE
"DX11028",2022,"STEHIR",6,125,TRUE,FALSE
"DX11029",2022,"STEHIR",6,129,TRUE,FALSE
"DX11030",2022,"STEHIR",6,119,TRUE,TRUE
"DX11031",2022,"STEHIR",6,148,TRUE,FALSE
"DX11032",2022,"STEHIR",6,125,TRUE,FALSE
"DX11033",2022,"STEHIR",6,118,TRUE,FALSE
"DX11034",2022,"STEHIR",6,104,TRUE,FALSE
"DX11035",2022,"STEHIR",6,114,TRUE,TRUE
"DX11036",2022,"STEHIR",6,117,TRUE,FALSE
"DX11037",2022,"STEHIR",6,119,TRUE,FALSE
"DX11038",2022,"STEHIR",6,127,TRUE,FALSE
"DX11039",2022,"STEHIR",6,147,TRUE,FALSE
"DX11040",2022,"STEHIR",6,114,TRUE,FALSE
"DX11041",2022,"STEHIR",6,139,TRUE,FALSE
"DX11042",2022,"STEHIR",6,127,TRUE,FALSE
"DX11043",2022,"STEHIR",6,119,TRUE,FALSE
"DX11044",2022,"STEHIR",6,126,TRUE,FALSE
"DX11045",2022,"STEHIR",6,120,TRUE,FALSE
"DX11046",2022,"STEHIR",6,108,TRUE,FALSE
"DX11047",2022,"STEHIR",6,111,TRUE,FALSE
"DX11048",2022,"STEHIR",6,126,TRUE,FALSE
"DX11049",2022,"STEHIR",6,113,TRUE,FALSE
"DX11050",2022,"STEHIR",6,117,TRUE,TRUE
"DD23863",2022,"STEHIR",18,116,FALSE,FALSE
"DD28562",2022,"STEHIR",12,118,FALSE,FALSE
"DX11052",2022,"STEHIR",6,119,TRUE,FALSE
"DX11053",2022,"STEHIR",6,124,TRUE,FALSE
"DX11054",2022,"STEHIR",6,117,TRUE,FALSE
"DX11055",2022,"STEHIR",6,122,TRUE,FALSE
"DX11056",2022,"STEHIR",6,128,TRUE,FALSE
"DX11057",2022,"STEHIR",6,122,TRUE,FALSE
"DX11058",2022,"STEHIR",6,112,TRUE,FALSE
"DX11059",2022,"STEHIR",6,107,TRUE,FALSE
"DX11060",2022,"STEHIR",6,108,TRUE,TRUE
"DX11061",2022,"STEHIR",6,130,TRUE,FALSE
"DX11062",2022,"STEHIR",6,118,TRUE,FALSE
"DD29647",2022,"STEHIR",12,104,FALSE,TRUE
"DX11063",2022,"STEHIR",6,118,TRUE,TRUE
"DX11064",2022,"STEHIR",6,119,TRUE,TRUE
"B41779",2022,"STEALB",23,47,FALSE,TRUE
"AB99725",2022,"STEALB",4,40,TRUE,FALSE
"AB99726",2022,"STEALB",4,48,TRUE,TRUE
"AB99727",2022,"STEALB",4,51,TRUE,FALSE
"AB99481",2022,"STEALB",8,43,FALSE,FALSE
"AB99728",2022,"STEALB",4,45,TRUE,FALSE
"AB99729",2022,"STEALB",4,46,TRUE,FALSE
"DX11147",2022,"STEHIR",6,122,TRUE,FALSE
"DX11148",2022,"STEHIR",6,117,TRUE,FALSE
"DX11149",2022,"STEHIR",6,137,TRUE,FALSE
"DX11150",2022,"STEHIR",6,110,TRUE,FALSE
"DX11151",2022,"STEHIR",6,124,TRUE,FALSE
"DX11152",2022,"STEHIR",6,116,TRUE,FALSE
"DX11153",2022,"STEHIR",6,128,TRUE,FALSE
"DX11154",2022,"STEHIR",6,115,TRUE,TRUE
"AB99246",2022,"STEALB",12,45,FALSE,FALSE
"DD25369",2022,"STEHIR",13,113,FALSE,TRUE
"DX10724",2022,"STEHIR",8,114,FALSE,TRUE
"DD29294",2022,"STEHIR",12,114,FALSE,FALSE
"HN55264",2022,"STEHIR",17,117,FALSE,TRUE
"DD20255",2022,"STEHIR",28,124,FALSE,FALSE
"DD29643",2022,"STEHIR",9,103,FALSE,FALSE
"HN32584",2022,"STEHIR",19,125,FALSE,FALSE
"DD23350",2022,"STEHIR",17,114,FALSE,TRUE
"DX11401",2022,"STEHIR",6,115,TRUE,FALSE
"DX11402",2022,"STEHIR",6,110,TRUE,FALSE
"DX11403",2022,"STEHIR",6,119,TRUE,FALSE
"DX11404",2022,"STEHIR",6,127,TRUE,FALSE
"DX11405",2022,"STEHIR",6,117,TRUE,FALSE
"DX11406",2022,"STEHIR",6,116,TRUE,FALSE
"DX11407",2022,"STEHIR",6,117,TRUE,FALSE
"DX11408",2022,"STEHIR",6,107,TRUE,FALSE
"AB99737",2022,"STEALB",4,42,TRUE,FALSE
"AB99738",2022,"STEALB",4,40,TRUE,FALSE
"AB99739",2022,"STEALB",4,43,TRUE,FALSE
"AB99740",2022,"STEALB",4,42,TRUE,FALSE
"AB99741",2022,"STEALB",4,44,TRUE,FALSE
"AB99742",2022,"STEALB",4,47,TRUE,FALSE
"AB99743",2022,"STEALB",4,46,TRUE,FALSE
"AB99744",2022,"STEALB",4,41,TRUE,TRUE
"B41884",2022,"STEALB",22,43,FALSE,FALSE
"AB70401",2022,"STEALB",15,46,FALSE,FALSE
"AB99521",2022,"STEALB",8,43,FALSE,TRUE
"AB99139",2022,"STEALB",12,43,FALSE,FALSE
"AB99746",2022,"STEALB",4,49,TRUE,FALSE
"DD30494",2022,"STEHIR",10,116,FALSE,FALSE
"DX11421",2022,"STEHIR",6,110,TRUE,FALSE
"DX11422",2022,"STEHIR",6,124,TRUE,FALSE
"DX11423",2022,"STEHIR",6,127,TRUE,FALSE
"DX11424",2022,"STEHIR",6,119,TRUE,FALSE
"DX11425",2022,"STEHIR",6,116,TRUE,FALSE
"DX11426",2022,"STEHIR",6,103,TRUE,FALSE
"DX11427",2022,"STEHIR",6,117,TRUE,FALSE
"DX11428",2022,"STEHIR",6,121,TRUE,FALSE
"DX11429",2022,"STEHIR",6,137,TRUE,FALSE
"DX11430",2022,"STEHIR",6,106,TRUE,FALSE
"DX11431",2022,"STEHIR",6,114,TRUE,TRUE
"DX11432",2022,"STEHIR",6,135,TRUE,FALSE
"DX11433",2022,"STEHIR",6,126,TRUE,FALSE
"DX11434",2022,"STEHIR",6,121,TRUE,FALSE
"DX11435",2022,"STEHIR",6,115,TRUE,FALSE
"AB99748",2022,"STEALB",4,35,TRUE,FALSE
"AB99749",2022,"STEALB",4,43,TRUE,FALSE
"DX11436",2022,"STEHIR",6,107,TRUE,FALSE
"DX11437",2022,"STEHIR",6,123,TRUE,FALSE
"DX11438",2022,"STEHIR",6,119,TRUE,FALSE
"DX11439",2022,"STEHIR",6,114,TRUE,FALSE
"DX11440",2022,"STEHIR",6,114,TRUE,FALSE
"DX11441",2022,"STEHIR",6,113,TRUE,FALSE
"DX11442",2022,"STEHIR",6,115,TRUE,FALSE
"DX11443",2022,"STEHIR",6,117,TRUE,FALSE
"DX11444",2022,"STEHIR",6,121,TRUE,FALSE
"DX11445",2022,"STEHIR",6,125,TRUE,FALSE
"DX11446",2022,"STEHIR",6,125,TRUE,FALSE
"DX11447",2022,"STEHIR",6,125,TRUE,FALSE
"DX11448",2022,"STEHIR",6,134,TRUE,FALSE
"DX11449",2022,"STEHIR",6,113,TRUE,FALSE
"AB99750",2022,"STEALB",4,48,TRUE,FALSE
"AB99751",2022,"STEALB",4,48,TRUE,FALSE
"DX10799",2022,"STEHIR",8,114,FALSE,TRUE
"DX11450",2022,"STEHIR",6,106,TRUE,FALSE
"DX11451",2022,"STEHIR",6,125,TRUE,FALSE
"DX11452",2022,"STEHIR",6,128,TRUE,FALSE
"DX11453",2022,"STEHIR",6,118,TRUE,FALSE
"DX11454",2022,"STEHIR",6,101,TRUE,FALSE
"DX11455",2022,"STEHIR",6,106,TRUE,FALSE
"DX11456",2022,"STEHIR",6,111,TRUE,FALSE
"DX11457",2022,"STEHIR",6,120,TRUE,FALSE
"AB99352",2022,"STEALB",9,43,FALSE,TRUE
"DX11459",2022,"STEHIR",6,121,TRUE,FALSE
"DX11460",2022,"STEHIR",6,120,TRUE,FALSE
"DX11461",2022,"STEHIR",6,116,TRUE,FALSE
"DX11462",2022,"STEHIR",6,121,TRUE,FALSE
"DX11463",2022,"STEHIR",6,133,TRUE,FALSE
"DX11464",2022,"STEHIR",6,123,TRUE,FALSE
"AB99752",2022,"STEALB",4,42,TRUE,FALSE
"AB99753",2022,"STEALB",4,46,TRUE,FALSE
"AB99754",2022,"STEALB",4,42,TRUE,FALSE
"AB99755",2022,"STEALB",4,44,TRUE,FALSE
"AB99756",2022,"STEALB",4,42,TRUE,FALSE
"AB99757",2022,"STEALB",4,47,TRUE,FALSE
"AB99758",2022,"STEALB",4,44,TRUE,FALSE
"AB99759",2022,"STEALB",4,45,TRUE,FALSE
"AB99760",2022,"STEALB",4,48,TRUE,FALSE
"AB99761",2022,"STEALB",4,43,TRUE,FALSE
"AB99423",2022,"STEALB",9,43,FALSE,FALSE
"AB99490",2022,"STEALB",8,46,FALSE,FALSE
"AB70645",2022,"STEALB",19,46,FALSE,FALSE
"AB99336",2022,"STEALB",10,46,FALSE,FALSE
"AB70709",2022,"STEALB",19,42,FALSE,TRUE
"AB99361",2022,"STEALB",10,45,FALSE,TRUE
"DD30813",2022,"STEHIR",10,119,FALSE,FALSE
"DX11465",2022,"STEHIR",6,119,TRUE,TRUE
"DX11466",2022,"STEHIR",6,125,TRUE,FALSE
"DX11467",2022,"STEHIR",6,125,TRUE,FALSE
"DX11468",2022,"STEHIR",6,113,TRUE,FALSE
"DX11469",2022,"STEHIR",6,109,TRUE,TRUE
"DX11470",2022,"STEHIR",6,107,TRUE,TRUE
"DX11471",2022,"STEHIR",6,108,TRUE,TRUE
"DD32120",2022,"STEHIR",10,97,FALSE,FALSE
"DX11472",2022,"STEHIR",6,121,TRUE,FALSE
"DX10844",2022,"STEHIR",8,111,FALSE,FALSE
"DX11473",2022,"STEHIR",6,109,TRUE,FALSE
"DX11474",2022,"STEHIR",6,106,TRUE,TRUE
"DX11475",2022,"STEHIR",6,117,TRUE,FALSE
"DX11476",2022,"STEHIR",6,109,TRUE,TRUE
"B41533",2022,"STEALB",26,46,FALSE,FALSE
"AB99762",2022,"STEALB",4,46,TRUE,FALSE
"AB99763",2022,"STEALB",4,41,TRUE,FALSE
"AB99764",2022,"STEALB",4,40,TRUE,FALSE
"AB99369",2022,"STEALB",10,48,FALSE,FALSE
"AB99765",2022,"STEALB",4,40,TRUE,FALSE
"AB99766",2022,"STEALB",4,42,TRUE,FALSE
"AB99767",2022,"STEALB",4,45,TRUE,TRUE
"DD29726",2022,"STEHIR",12,112,FALSE,TRUE
"DD30814",2022,"STEHIR",10,112,FALSE,FALSE
"DX11477",2022,"STEHIR",6,110,TRUE,FALSE
"DD32305",2022,"STEHIR",8,106,FALSE,TRUE
"AB99768",2022,"STEALB",4,47,TRUE,FALSE
"DX11478",2022,"STEHIR",6,119,TRUE,FALSE
"DX11479",2022,"STEHIR",6,116,TRUE,FALSE
"DX11480",2022,"STEHIR",6,116,TRUE,FALSE
"DX11481",2022,"STEHIR",6,107,TRUE,TRUE
"DX11482",2022,"STEHIR",6,111,TRUE,TRUE
"DX11483",2022,"STEHIR",6,122,TRUE,FALSE
"DX11484",2022,"STEHIR",6,103,TRUE,FALSE
"DX11485",2022,"STEHIR",6,105,TRUE,FALSE
"DX11486",2022,"STEHIR",6,115,TRUE,FALSE
"AB99769",2022,"STEALB",4,42,TRUE,FALSE
"AB99348",2022,"STEALB",9,45,FALSE,FALSE
"B41962",2022,"STEALB",21,45,FALSE,TRUE
"DD28090",2022,"STEHIR",11,109,FALSE,TRUE
"DX11487",2022,"STEHIR",6,106,TRUE,FALSE
"DX11488",2022,"STEHIR",6,129,TRUE,FALSE
"DX11489",2022,"STEHIR",6,122,TRUE,FALSE
"DX11490",2022,"STEHIR",6,119,TRUE,FALSE
"DX11491",2022,"STEHIR",6,119,TRUE,FALSE
"DX11492",2022,"STEHIR",6,127,TRUE,FALSE
"DX11493",2022,"STEHIR",6,119,TRUE,TRUE
"DX11494",2022,"STEHIR",6,114,TRUE,FALSE
"DX11495",2022,"STEHIR",6,115,TRUE,FALSE
"DX11496",2022,"STEHIR",6,110,TRUE,FALSE
"DX11497",2022,"STEHIR",6,115,TRUE,FALSE
"DX11498",2022,"STEHIR",6,112,TRUE,TRUE
"DX11499",2022,"STEHIR",6,112,TRUE,FALSE
"AB99770",2022,"STEALB",4,41,TRUE,FALSE
"AB99771",2022,"STEALB",4,41,TRUE,FALSE
"AB99772",2022,"STEALB",4,49,TRUE,FALSE
"AB99282",2022,"STEALB",12,46,FALSE,TRUE
"AB70621",2022,"STEALB",20,42,FALSE,FALSE
"DX11500",2022,"STEHIR",6,129,TRUE,FALSE
"DX11501",2022,"STEHIR",6,126,TRUE,FALSE
"AB99773",2022,"STEALB",4,43,TRUE,TRUE
"DD30024",2022,"STEHIR",9,103,FALSE,TRUE
"DD24492",2022,"STEHIR",16,106,FALSE,FALSE
"DD30664",2022,"STEHIR",10,116,FALSE,FALSE
"DX11502",2022,"STEHIR",6,107,TRUE,TRUE
"DX11503",2022,"STEHIR",6,107,TRUE,FALSE
"DX11504",2022,"STEHIR",6,135,TRUE,FALSE
"DX11505",2022,"STEHIR",6,119,TRUE,FALSE
"DX11506",2022,"STEHIR",6,113,TRUE,FALSE
"DX11507",2022,"STEHIR",6,128,TRUE,FALSE
"DX11508",2022,"STEHIR",6,108,TRUE,FALSE
"DD29243",2022,"STEHIR",12,120,FALSE,FALSE
"AB99283",2022,"STEALB",11,41,FALSE,FALSE
"B41905",2022,"STEALB",22,50,FALSE,TRUE
"AB99774",2022,"STEALB",4,44,TRUE,FALSE
"AB99775",2022,"STEALB",4,41,TRUE,FALSE
"AB99776",2022,"STEALB",4,48,TRUE,FALSE
"AB99777",2022,"STEALB",4,44,TRUE,FALSE
"AB99778",2022,"STEALB",4,47,TRUE,TRUE
"AB99779",2022,"STEALB",4,42,TRUE,FALSE
"AB99780",2022,"STEALB",4,44,TRUE,TRUE
"AB99537",2022,"STEALB",8,39,FALSE,FALSE
"AB99473",2022,"STEALB",8,46,FALSE,FALSE
"AB99781",2022,"STEALB",4,39,TRUE,FALSE
"AB99782",2022,"STEALB",4,41,TRUE,TRUE
"AB99343",2022,"STEALB",9,44,FALSE,FALSE
"AB99264",2022,"STEALB",11,41,FALSE,FALSE
"DX11528",2022,"STEHIR",6,117,TRUE,FALSE
"DX11529",2022,"STEHIR",6,105,TRUE,FALSE
"DX11530",2022,"STEHIR",6,120,TRUE,TRUE
"DX11531",2022,"STEHIR",6,116,TRUE,FALSE
"DX11532",2022,"STEHIR",6,119,TRUE,FALSE
"DX11533",2022,"STEHIR",6,115,TRUE,FALSE
"AB99794",2022,"STEALB",4,42,TRUE,FALSE
"DD28084",2022,"STEHIR",11,95,FALSE,FALSE
"AB99755",2022,"STEALB",4,44,FALSE,FALSE
"AB99795",2022,"STEALB",4,46,TRUE,TRUE
"AB99796",2022,"STEALB",4,43,TRUE,TRUE
"DX11534",2022,"STEHIR",6,109,TRUE,FALSE
"DX11535",2022,"STEHIR",6,109,TRUE,FALSE
"DX11536",2022,"STEHIR",6,112,TRUE,FALSE
"DX11537",2022,"STEHIR",6,119,TRUE,FALSE
"DX11538",2022,"STEHIR",6,116,TRUE,FALSE
"DX11539",2022,"STEHIR",6,111,TRUE,FALSE
"DX11540",2022,"STEHIR",6,109,TRUE,TRUE
"AB99797",2022,"STEALB",4,41,TRUE,FALSE
"DX11541",2022,"STEHIR",6,114,TRUE,FALSE
"DX11542",2022,"STEHIR",6,113,TRUE,FALSE
"DX11543",2022,"STEHIR",6,114,TRUE,FALSE
"DX11154",2022,"STEHIR",6,138,FALSE,TRUE
"DX11544",2022,"STEHIR",6,117,TRUE,FALSE
"DX11545",2022,"STEHIR",6,104,TRUE,FALSE
"DX11546",2022,"STEHIR",6,135,TRUE,FALSE
"DX11547",2022,"STEHIR",6,126,TRUE,FALSE
"DX11548",2022,"STEHIR",6,123,TRUE,FALSE
"AB99799",2022,"STEALB",4,42,TRUE,FALSE
"AB99800",2022,"STEALB",4,47,TRUE,FALSE
"AB99801",2022,"STEALB",4,44,TRUE,FALSE
"AB99802",2022,"STEALB",4,43,TRUE,FALSE
"AB99803",2022,"STEALB",4,50,TRUE,TRUE
"AB99804",2022,"STEALB",4,47,TRUE,FALSE
"AB70816",2022,"STEALB",18,48,FALSE,FALSE
"DX11549",2022,"STEHIR",6,105,TRUE,FALSE
"DX11550",2022,"STEHIR",6,107,TRUE,TRUE
"DX11551",2022,"STEHIR",6,102,TRUE,FALSE
"DX11552",2022,"STEHIR",6,110,TRUE,FALSE
"DD25353",2022,"STEHIR",16,100,FALSE,TRUE
"DX11553",2022,"STEHIR",6,113,TRUE,TRUE
"DX11554",2022,"STEHIR",6,112,TRUE,FALSE
"DX11551",2023,"STEHIR",8,116,FALSE,TRUE
"DD33163",2023,"STEHIR",6,115,TRUE,FALSE
"DD33164",2023,"STEHIR",6,114,TRUE,TRUE
"DD33165",2023,"STEHIR",6,119,TRUE,TRUE
"DX11089",2023,"STEHIR",8,108,FALSE,TRUE
"DD33166",2023,"STEHIR",6,113,TRUE,FALSE
"DD33167",2023,"STEHIR",6,113,TRUE,FALSE
"DD33168",2023,"STEHIR",6,127,TRUE,FALSE
"DD29698",2023,"STEHIR",14,116,FALSE,TRUE
"DX10693",2023,"STEHIR",10,107,FALSE,TRUE
"DD33169",2023,"STEHIR",6,123,TRUE,FALSE
"DD33170",2023,"STEHIR",6,108,TRUE,FALSE
"DD33171",2023,"STEHIR",6,121,TRUE,FALSE
"DD33172",2023,"STEHIR",6,114,TRUE,FALSE
"DD33173",2023,"STEHIR",6,114,TRUE,FALSE
"DD33174",2023,"STEHIR",6,116,TRUE,FALSE
"DD33175",2023,"STEHIR",6,104,TRUE,FALSE
"HN52522",2023,"STEHIR",19,107,FALSE,FALSE
"DD33176",2023,"STEHIR",6,117,TRUE,FALSE
"DD33177",2023,"STEHIR",6,110,TRUE,FALSE
"DD33178",2023,"STEHIR",6,129,TRUE,FALSE
"DD33179",2023,"STEHIR",6,120,TRUE,FALSE
"DD33164",2023,"STEHIR",6,115,FALSE,TRUE
"DD33180",2023,"STEHIR",6,114,TRUE,FALSE
"DD33181",2023,"STEHIR",6,113,TRUE,FALSE
"DD33182",2023,"STEHIR",6,111,TRUE,FALSE
"DD33183",2023,"STEHIR",6,111,TRUE,FALSE
"DD33184",2023,"STEHIR",6,114,TRUE,FALSE
"DD33185",2023,"STEHIR",6,116,TRUE,FALSE
"DD33186",2023,"STEHIR",6,129,TRUE,TRUE
"DD33187",2023,"STEHIR",6,118,TRUE,FALSE
"DD33188",2023,"STEHIR",6,131,TRUE,FALSE
"DD33189",2023,"STEHIR",6,141,TRUE,FALSE
"DD33190",2023,"STEHIR",6,119,TRUE,FALSE
"DD33191",2023,"STEHIR",6,117,TRUE,FALSE
"DD33192",2023,"STEHIR",6,108,TRUE,FALSE
"DD33193",2023,"STEHIR",6,125,TRUE,FALSE
"DD33194",2023,"STEHIR",6,115,TRUE,FALSE
"DD33195",2023,"STEHIR",6,114,TRUE,FALSE
"DX10748",2023,"STEHIR",10,112,FALSE,TRUE
"DD20212",2023,"STEHIR",30,115,FALSE,TRUE
"DD33196",2023,"STEHIR",6,121,TRUE,FALSE
"DD33197",2023,"STEHIR",6,134,TRUE,FALSE
"DD33198",2023,"STEHIR",6,115,TRUE,FALSE
"DD33199",2023,"STEHIR",6,117,TRUE,FALSE
"DD33200",2023,"STEHIR",6,115,TRUE,FALSE
"DD33201",2023,"STEHIR",6,121,TRUE,FALSE
"DD30789",2023,"STEHIR",12,106,FALSE,FALSE
"DD33202",2023,"STEHIR",6,109,TRUE,FALSE
"DD33203",2023,"STEHIR",6,100,TRUE,FALSE
"DD33204",2023,"STEHIR",6,121,TRUE,FALSE
"HA40911",2023,"STEHIR",15,117,FALSE,FALSE
"DD33205",2023,"STEHIR",6,121,TRUE,FALSE
"DD33206",2023,"STEHIR",6,108,TRUE,FALSE
"DD33207",2023,"STEHIR",6,114,TRUE,FALSE
"NA132355",2023,"STEHIR",26,122,FALSE,FALSE
"AB99953",2023,"STEALB",4,44,TRUE,FALSE
"AB99954",2023,"STEALB",4,41,TRUE,FALSE
"AB70477",2023,"STEALB",16,41,FALSE,FALSE
"DD30489",2023,"STEHIR",12,119,FALSE,FALSE
"DD33346",2023,"STEHIR",6,128,TRUE,FALSE
"DD33347",2023,"STEHIR",6,117,TRUE,FALSE
"DD33348",2023,"STEHIR",6,117,TRUE,FALSE
"DD33349",2023,"STEHIR",6,127,TRUE,FALSE
"DD33350",2023,"STEHIR",6,120,TRUE,FALSE
"DD33351",2023,"STEHIR",6,125,TRUE,FALSE
"DD33352",2023,"STEHIR",6,126,TRUE,FALSE
"DD33353",2023,"STEHIR",6,129,TRUE,FALSE
"DD33354",2023,"STEHIR",6,126,TRUE,FALSE
"DD32707",2023,"STEHIR",8,109,FALSE,TRUE
"DX10832",2023,"STEHIR",10,113,FALSE,TRUE
"DD33496",2023,"STEHIR",6,129,TRUE,FALSE
"DD33497",2023,"STEHIR",6,129,TRUE,FALSE
"DD33498",2023,"STEHIR",6,152,TRUE,FALSE
"DD33499",2023,"STEHIR",6,141,TRUE,FALSE
"DD33500",2023,"STEHIR",6,135,TRUE,FALSE
"DD33501",2023,"STEHIR",6,129,TRUE,FALSE
"DD33502",2023,"STEHIR",6,127,TRUE,FALSE
"DD33503",2023,"STEHIR",6,117,TRUE,TRUE
"AB99611",2023,"STEALB",8,45,FALSE,TRUE
"AB99350",2023,"STEALB",11,50,FALSE,TRUE
"AB99963",2023,"STEALB",4,47,TRUE,TRUE
"AB99964",2023,"STEALB",4,49,TRUE,TRUE
"DX10787",2023,"STEHIR",10,123,FALSE,TRUE
"DD33504",2023,"STEHIR",6,113,TRUE,FALSE
"DD33505",2023,"STEHIR",6,134,TRUE,FALSE
"DD33506",2023,"STEHIR",6,139,TRUE,FALSE
"DD33507",2023,"STEHIR",6,126,TRUE,FALSE
"DD33508",2023,"STEHIR",6,116,TRUE,TRUE
"DD33509",2023,"STEHIR",6,137,TRUE,TRUE
"DD33510",2023,"STEHIR",6,130,TRUE,TRUE
"DD33511",2023,"STEHIR",6,133,TRUE,FALSE
"DD33512",2023,"STEHIR",6,133,TRUE,FALSE
"DD33513",2023,"STEHIR",6,129,TRUE,FALSE
"DD33514",2023,"STEHIR",6,149,TRUE,FALSE
"DD33515",2023,"STEHIR",6,144,TRUE,FALSE
"DD33516",2023,"STEHIR",6,130,TRUE,FALSE
"DD33517",2023,"STEHIR",6,129,TRUE,FALSE
"DD33518",2023,"STEHIR",6,113,TRUE,FALSE
"DD33519",2023,"STEHIR",6,128,TRUE,FALSE
"DD33520",2023,"STEHIR",6,136,TRUE,FALSE
"DD33521",2023,"STEHIR",6,138,TRUE,FALSE
"DD33522",2023,"STEHIR",6,123,TRUE,FALSE
"DD33523",2023,"STEHIR",6,128,TRUE,FALSE
"DD33524",2023,"STEHIR",6,140,TRUE,FALSE
"DD33525",2023,"STEHIR",6,123,TRUE,FALSE
"DD33526",2023,"STEHIR",6,124,TRUE,FALSE
"DD33527",2023,"STEHIR",6,120,TRUE,FALSE
"DD33528",2023,"STEHIR",6,139,TRUE,FALSE
"DD33529",2023,"STEHIR",6,130,TRUE,FALSE
"DD33530",2023,"STEHIR",6,110,TRUE,FALSE
"DX10080",2023,"STEHIR",10,123,FALSE,FALSE
"DD28306",2023,"STEHIR",14,118,FALSE,FALSE
"DD28091",2023,"STEHIR",13,125,FALSE,TRUE
"DD29070",2023,"STEHIR",14,123,FALSE,FALSE
"DD33531",2023,"STEHIR",6,137,TRUE,FALSE
"DD33532",2023,"STEHIR",6,120,TRUE,FALSE
"DD33533",2023,"STEHIR",6,118,TRUE,TRUE
"DD33534",2023,"STEHIR",6,118,TRUE,FALSE
"DD33535",2023,"STEHIR",6,125,TRUE,FALSE
"DD33536",2023,"STEHIR",6,132,TRUE,FALSE
"DD33537",2023,"STEHIR",6,131,TRUE,FALSE
"DD33538",2023,"STEHIR",6,135,TRUE,FALSE
"DD33539",2023,"STEHIR",6,143,TRUE,FALSE
"DD33540",2023,"STEHIR",6,132,TRUE,FALSE
"AB99835",2023,"STEALB",6,44,FALSE,TRUE
"DD33542",2023,"STEHIR",6,120,TRUE,FALSE
"DD33543",2023,"STEHIR",6,127,TRUE,FALSE
"DD33544",2023,"STEHIR",6,121,TRUE,TRUE
"DD33545",2023,"STEHIR",6,131,TRUE,FALSE
"DD33546",2023,"STEHIR",6,122,TRUE,FALSE
"DD33547",2023,"STEHIR",6,130,TRUE,FALSE
"DD33548",2023,"STEHIR",6,124,TRUE,FALSE
"DD33550",2023,"STEHIR",6,125,TRUE,FALSE
"DD33551",2023,"STEHIR",6,116,TRUE,FALSE
"DD30922",2023,"STEHIR",12,112,FALSE,FALSE
"DD30908",2023,"STEHIR",12,112,FALSE,TRUE
"DX10596",2023,"STEHIR",10,121,FALSE,FALSE
"DD32375",2023,"STEHIR",10,131,FALSE,FALSE
"DD33552",2023,"STEHIR",6,135,TRUE,FALSE
"DD33553",2023,"STEHIR",6,137,TRUE,FALSE
"DD33554",2023,"STEHIR",6,146,TRUE,FALSE
"DD33555",2023,"STEHIR",6,132,TRUE,FALSE
"DD33556",2023,"STEHIR",6,127,TRUE,FALSE
"DD33557",2023,"STEHIR",6,132,TRUE,FALSE
"DD33558",2023,"STEHIR",6,134,TRUE,FALSE
"DD33559",2023,"STEHIR",6,135,TRUE,FALSE
"DD33560",2023,"STEHIR",6,147,TRUE,FALSE
"DD33561",2023,"STEHIR",6,116,TRUE,TRUE
"DD33562",2023,"STEHIR",6,125,TRUE,FALSE
"DD33563",2023,"STEHIR",6,133,TRUE,FALSE
"DD33564",2023,"STEHIR",6,141,TRUE,FALSE
"DD33565",2023,"STEHIR",6,136,TRUE,FALSE
"DD33566",2023,"STEHIR",6,131,TRUE,FALSE
"DD33567",2023,"STEHIR",6,130,TRUE,FALSE
"DD33568",2023,"STEHIR",6,129,TRUE,FALSE
"DD33569",2023,"STEHIR",6,128,TRUE,FALSE
"DD33570",2023,"STEHIR",6,132,TRUE,FALSE
"DD33571",2023,"STEHIR",6,144,TRUE,FALSE
"DD33572",2023,"STEHIR",6,131,TRUE,FALSE
"DD33573",2023,"STEHIR",6,134,TRUE,FALSE
"DD33574",2023,"STEHIR",6,142,TRUE,FALSE
"HN56918",2023,"STEHIR",15,130,FALSE,FALSE
"DD33575",2023,"STEHIR",6,127,TRUE,FALSE
"DD33576",2023,"STEHIR",6,138,TRUE,FALSE
"DD33577",2023,"STEHIR",6,127,TRUE,FALSE
"DD33578",2023,"STEHIR",6,138,TRUE,FALSE
"DD33579",2023,"STEHIR",6,136,TRUE,FALSE
"DD33580",2023,"STEHIR",6,123,TRUE,FALSE
"DD33581",2023,"STEHIR",6,125,TRUE,FALSE
"DD33582",2023,"STEHIR",6,132,TRUE,FALSE
"DD33583",2023,"STEHIR",6,137,TRUE,FALSE
"DX11576",2023,"STEHIR",8,117,FALSE,TRUE
"DD32308",2023,"STEHIR",10,113,FALSE,TRUE
"DX11582",2023,"STEHIR",8,119,FALSE,FALSE
"AB99965",2023,"STEALB",4,46,TRUE,FALSE
"AB99966",2023,"STEALB",4,49,TRUE,FALSE
"DD33584",2023,"STEHIR",6,114,TRUE,TRUE
"DD33585",2023,"STEHIR",6,117,TRUE,TRUE
"DD33586",2023,"STEHIR",6,129,TRUE,FALSE
"DD33587",2023,"STEHIR",6,109,TRUE,FALSE
"DD33588",2023,"STEHIR",6,137,TRUE,FALSE
"DD33589",2023,"STEHIR",6,128,TRUE,FALSE
"DD33590",2023,"STEHIR",6,123,TRUE,FALSE
"AB99967",2023,"STEALB",4,45,TRUE,FALSE
"DD32773",2023,"STEHIR",8,134,FALSE,TRUE
"DD32417",2023,"STEHIR",7,129,FALSE,TRUE
"DD23348",2023,"STEHIR",22,108,FALSE,TRUE
"DX10973",2023,"STEHIR",7,110,FALSE,TRUE
"DD29778",2023,"STEHIR",11,132,FALSE,TRUE
"DX10715",2023,"STEHIR",10,135,FALSE,TRUE
"DX10947",2023,"STEHIR",7,132,FALSE,TRUE
"DD23203",2023,"STEHIR",22,125,FALSE,FALSE
"DD33591",2023,"STEHIR",6,111,TRUE,TRUE
"DD33592",2023,"STEHIR",6,111,TRUE,TRUE
"DD33593",2023,"STEHIR",6,129,TRUE,TRUE
"DD33594",2023,"STEHIR",6,112,TRUE,TRUE
"DD33595",2023,"STEHIR",6,114,TRUE,FALSE
"DD33596",2023,"STEHIR",6,124,TRUE,TRUE
"DD33597",2023,"STEHIR",6,129,TRUE,TRUE
"DD33598",2023,"STEHIR",6,113,TRUE,FALSE
"DD33599",2023,"STEHIR",6,123,TRUE,TRUE
"DD33600",2023,"STEHIR",6,125,TRUE,FALSE
"DD33601",2023,"STEHIR",6,109,TRUE,TRUE
"DD33602",2023,"STEHIR",6,123,TRUE,TRUE
"DD33603",2023,"STEHIR",6,125,TRUE,FALSE
"DD33604",2023,"STEHIR",6,129,TRUE,FALSE
"DD33605",2023,"STEHIR",6,122,TRUE,TRUE
"DD32747",2023,"STEHIR",8,137,FALSE,TRUE
"DD33606",2023,"STEHIR",6,145,TRUE,FALSE
"DD32201",2023,"STEHIR",9,109,FALSE,FALSE
"DD27870",2023,"STEHIR",16,128,FALSE,FALSE
"DX10905",2023,"STEHIR",7,108,FALSE,TRUE
"DD32884",2023,"STEHIR",8,118,FALSE,FALSE
"DD30788",2023,"STEHIR",12,114,FALSE,TRUE
"DD30143",2023,"STEHIR",11,107,FALSE,TRUE
"DD33607",2023,"STEHIR",6,103,TRUE,TRUE
"DD33608",2023,"STEHIR",6,124,TRUE,FALSE
"DD33609",2023,"STEHIR",6,130,TRUE,FALSE
"DD33610",2023,"STEHIR",6,130,TRUE,FALSE
"DD33611",2023,"STEHIR",6,109,TRUE,FALSE
"DD33612",2023,"STEHIR",6,137,TRUE,FALSE
"DD33613",2023,"STEHIR",6,118,TRUE,FALSE
"DD33614",2023,"STEHIR",6,111,TRUE,FALSE
"DD33615",2023,"STEHIR",6,126,TRUE,FALSE
"DD33616",2023,"STEHIR",6,130,TRUE,TRUE
"DD33617",2023,"STEHIR",6,118,TRUE,FALSE
"DD33618",2023,"STEHIR",6,124,TRUE,FALSE
"AB99968",2023,"STEALB",4,40,TRUE,TRUE
"AB99969",2023,"STEALB",4,49,TRUE,FALSE
"DD33620",2023,"STEHIR",6,115,TRUE,TRUE
"DD33621",2023,"STEHIR",6,112,TRUE,FALSE
"DD33622",2023,"STEHIR",6,121,TRUE,FALSE
"DD33623",2023,"STEHIR",6,117,TRUE,FALSE
"DD33624",2023,"STEHIR",6,107,TRUE,FALSE
"DD33625",2023,"STEHIR",6,143,TRUE,FALSE
"DD33626",2023,"STEHIR",6,131,TRUE,FALSE
"DD33627",2023,"STEHIR",6,112,TRUE,FALSE
"DD33628",2023,"STEHIR",6,123,TRUE,FALSE
"ST00663",2024,"STEHIR",21,129,FALSE,FALSE
"DD35213",2024,"STEHIR",6,103,TRUE,FALSE
"DD35214",2024,"STEHIR",6,117,TRUE,FALSE
"DD35215",2024,"STEHIR",6,121,TRUE,FALSE
"DD35216",2024,"STEHIR",6,120,TRUE,FALSE
"DD35217",2024,"STEHIR",6,117,TRUE,FALSE
"DD35218",2024,"STEHIR",6,111,TRUE,FALSE
"DD35219",2024,"STEHIR",6,121,TRUE,FALSE
"DD35220",2024,"STEHIR",6,122,TRUE,FALSE
"DD35221",2024,"STEHIR",6,116,TRUE,FALSE
"DD35222",2024,"STEHIR",6,139,TRUE,FALSE
"DD35223",2024,"STEHIR",6,114,TRUE,FALSE
"DD35224",2024,"STEHIR",6,109,TRUE,FALSE
"DD35225",2024,"STEHIR",6,105,TRUE,FALSE
"DD35226",2024,"STEHIR",6,121,TRUE,FALSE
"DD35227",2024,"STEHIR",6,102,TRUE,FALSE
"DD35228",2024,"STEHIR",6,119,TRUE,FALSE
"HN45071",2024,"STEHIR",35,146,FALSE,FALSE
"HN66755",2024,"STEHIR",12,126,FALSE,FALSE
"NA204686",2024,"STEHIR",16,125,FALSE,FALSE
"D4798",2024,"STEHIR",21,135,FALSE,FALSE
"HN61053",2024,"STEHIR",11,136,FALSE,TRUE
"D4962",2024,"STEHIR",19,132,FALSE,FALSE
"DX10882",2024,"STEHIR",9,124,FALSE,TRUE
"DD33704",2024,"STEHIR",8,100,FALSE,FALSE
"DD36081",2024,"STEHIR",6,130,TRUE,FALSE
"DD36082",2024,"STEHIR",6,105,TRUE,FALSE
"DD36083",2024,"STEHIR",6,129,TRUE,FALSE
"DD36084",2024,"STEHIR",6,134,TRUE,FALSE
"DD36085",2024,"STEHIR",6,145,TRUE,FALSE
"DD36086",2024,"STEHIR",6,137,TRUE,FALSE
"DD36087",2024,"STEHIR",6,128,TRUE,FALSE
"DD36088",2024,"STEHIR",6,131,TRUE,FALSE
"DD36089",2024,"STEHIR",6,140,TRUE,FALSE
"DD36090",2024,"STEHIR",6,143,TRUE,FALSE
"DD36091",2024,"STEHIR",6,109,TRUE,FALSE
"DD36092",2024,"STEHIR",6,107,TRUE,FALSE
"DD36093",2024,"STEHIR",6,112,TRUE,FALSE
"DD36094",2024,"STEHIR",6,134,TRUE,FALSE
"DD36095",2024,"STEHIR",6,131,TRUE,FALSE
"DD36096",2024,"STEHIR",6,145,TRUE,FALSE
"DD36097",2024,"STEHIR",6,143,TRUE,FALSE
"DD36138",2024,"STEHIR",6,120,TRUE,FALSE
"DD36139",2024,"STEHIR",6,108,TRUE,FALSE
"B100064",2024,"STEALB",4,49,TRUE,FALSE
"DD36649",2025,"STEHIR",6,116,TRUE,FALSE
"B100141",2025,"STEALB",4,47,TRUE,FALSE
"DD36650",2025,"STEHIR",6,113,TRUE,FALSE
"DD36651",2025,"STEHIR",6,115,TRUE,FALSE
"DD20103",2025,"STEHIR",34,123,FALSE,FALSE
"DD36652",2025,"STEHIR",6,112,TRUE,TRUE
"DD33993",2025,"STEHIR",10,104,FALSE,FALSE
"DD36703",2025,"STEHIR",6,126,TRUE,FALSE
"DD36704",2025,"STEHIR",6,135,TRUE,FALSE
"DD36705",2025,"STEHIR",6,118,TRUE,FALSE
"DD36706",2025,"STEHIR",6,121,TRUE,FALSE
"DD36707",2025,"STEHIR",6,119,TRUE,FALSE
"DD36708",2025,"STEHIR",6,119,TRUE,FALSE
"DD36709",2025,"STEHIR",6,129,TRUE,FALSE
"DD36710",2025,"STEHIR",6,115,TRUE,FALSE
"DD36711",2025,"STEHIR",6,114,TRUE,FALSE
"DD36712",2025,"STEHIR",6,117,TRUE,FALSE
"DD36713",2025,"STEHIR",6,123,TRUE,FALSE
"DX10361",2025,"STEHIR",14,115,FALSE,FALSE
"DD22835",2025,"STEHIR",26,118,FALSE,FALSE
"B100154",2025,"STEALB",4,48,TRUE,FALSE
"DD36725",2025,"STEHIR",6,111,TRUE,FALSE
"DD36726",2025,"STEHIR",6,113,TRUE,FALSE
"DD36727",2025,"STEHIR",6,128,TRUE,FALSE
"DD23289",2025,"STEHIR",26,110,FALSE,FALSE
"DD33321",2025,"STEHIR",10,115,FALSE,FALSE
"DD20982",2025,"STEHIR",30,112,FALSE,TRUE
"DD36728",2025,"STEHIR",6,115,TRUE,FALSE
"DD36729",2025,"STEHIR",6,105,TRUE,FALSE
"DD36730",2025,"STEHIR",6,130,TRUE,FALSE
"DD36731",2025,"STEHIR",6,117,TRUE,FALSE
"DD36732",2025,"STEHIR",6,101,TRUE,FALSE
"DD36733",2025,"STEHIR",6,120,TRUE,FALSE
"DD36734",2025,"STEHIR",6,109,TRUE,FALSE
"DD36735",2025,"STEHIR",6,128,TRUE,FALSE
"B100157",2025,"STEALB",4,45,TRUE,FALSE
"B100158",2025,"STEALB",4,46,TRUE,FALSE
"DD23606",2025,"STEHIR",23,109,FALSE,TRUE
"B100159",2025,"STEALB",4,42,TRUE,FALSE
"B100160",2025,"STEALB",4,44,TRUE,FALSE
"DD36780",2025,"STEHIR",6,123,TRUE,FALSE
"DD36781",2025,"STEHIR",6,130,TRUE,FALSE
"DD36782",2025,"STEHIR",6,105,TRUE,FALSE
"DD36783",2025,"STEHIR",6,121,TRUE,FALSE
"DD36784",2025,"STEHIR",6,105,TRUE,FALSE
"DD36785",2025,"STEHIR",6,116,TRUE,FALSE
"DD36786",2025,"STEHIR",6,125,TRUE,FALSE
"DD36787",2025,"STEHIR",6,118,TRUE,FALSE
"DD36788",2025,"STEHIR",6,113,TRUE,FALSE
"DD36789",2025,"STEHIR",6,110,TRUE,FALSE
"HN60644",2025,"STEHIR",15,120,FALSE,FALSE
"KK02022",2025,"STEHIR",19,117,FALSE,FALSE
"HN70379",2025,"STEHIR",9,128,FALSE,FALSE
"NA000547",2025,"STEHIR",9,136,FALSE,FALSE
"DD23535",2025,"STEHIR",23,115,FALSE,FALSE
"DD37518",2025,"STEHIR",6,117,TRUE,TRUE
"DD37519",2025,"STEHIR",6,134,TRUE,FALSE
"DD37520",2025,"STEHIR",6,116,TRUE,TRUE
"DD37521",2025,"STEHIR",6,127,TRUE,FALSE
"DD27316",2025,"STEHIR",20,141,FALSE,TRUE
"DD23304",2025,"STEHIR",26,128,FALSE,FALSE
"DD23252",2025,"STEHIR",26,130,FALSE,TRUE
"DD33709",2025,"STEHIR",10,105,FALSE,FALSE
"DD37522",2025,"STEHIR",6,130,TRUE,FALSE
"ST00524",2026,"STEHIR",31,129,FALSE,FALSE
"TT63996",2026,"STEHIR",25,127,FALSE,FALSE
"AB99401",2026,"STEALB",18,52,FALSE,FALSE
"B100255",2026,"STEALB",4,48,TRUE,FALSE
"HS00346",2026,"STEHIR",17,145,FALSE,FALSE
"HN69916",2026,"STEHIR",11,137,FALSE,FALSE
"TT46535",2026,"STEHIR",25,142,FALSE,FALSE
"AB99430",2026,"STEALB",18,47,FALSE,FALSE
"B100256",2026,"STEALB",4,47,TRUE,FALSE
"B100257",2026,"STEALB",4,48,TRUE,FALSE
"DX10693",2026,"STEHIR",16,130,FALSE,FALSE
"DD33099",2026,"STEHIR",14,119,FALSE,FALSE
"HN64964",2026,"STEHIR",13,139,FALSE,FALSE
"B100258",2026,"STEALB",4,46,TRUE,FALSE
"B100259",2026,"STEALB",4,52,TRUE,FALSE
"B100260",2026,"STEALB",4,43,TRUE,FALSE
"DD39137",2026,"STEHIR",6,112,TRUE,FALSE
"DD39138",2026,"STEHIR",6,118,TRUE,FALSE
"DD39139",2026,"STEHIR",6,135,TRUE,FALSE
"DD39140",2026,"STEHIR",6,122,TRUE,FALSE
"DD39141",2026,"STEHIR",6,137,TRUE,FALSE
"B100262",2026,"STEALB",4,59,TRUE,FALSE
"B100263",2026,"STEALB",4,60,TRUE,FALSE
"HN68547",2026,"STEHIR",13,155,FALSE,FALSE
"DD39530",2026,"STEHIR",6,129,TRUE,FALSE
"DD39531",2026,"STEHIR",6,117,TRUE,FALSE
"DD20071",2026,"STEHIR",36,134,FALSE,FALSE
"DD33756",2026,"STEHIR",12,129,FALSE,FALSE
"DD33632",2026,"STEHIR",9,109,FALSE,FALSE
"DD39532",2026,"STEHIR",6,114,TRUE,TRUE
"DD39533",2026,"STEHIR",6,141,TRUE,FALSE
"DD39534",2026,"STEHIR",6,108,TRUE,FALSE
"DD39535",2026,"STEHIR",6,118,TRUE,FALSE
"DD39536",2026,"STEHIR",6,130,TRUE,FALSE
"DD39537",2026,"STEHIR",6,138,TRUE,FALSE
"DD39538",2026,"STEHIR",6,128,TRUE,FALSE
"DD39539",2026,"STEHIR",6,127,TRUE,FALSE
"DD39540",2026,"STEHIR",6,124,TRUE,FALSE
"DD39541",2026,"STEHIR",6,117,TRUE,FALSE
"DD39542",2026,"STEHIR",6,119,TRUE,FALSE
"DD39543",2026,"STEHIR",6,134,TRUE,FALSE
"DD39544",2026,"STEHIR",6,124,TRUE,FALSE
"DD39545",2026,"STEHIR",6,125,TRUE,FALSE
"DD39546",2026,"STEHIR",6,129,TRUE,FALSE
"DD39547",2026,"STEHIR",6,136,TRUE,FALSE
"DD39548",2026,"STEHIR",6,124,TRUE,FALSE
"DD39549",2026,"STEHIR",6,129,TRUE,FALSE
"DD39550",2026,"STEHIR",6,114,TRUE,FALSE
"DD39551",2026,"STEHIR",6,117,TRUE,FALSE
"HN71576",2026,"STEHIR",9,147,FALSE,FALSE
"DD33891",2026,"STEHIR",12,130,FALSE,FALSE
"DD32822",2026,"STEHIR",11,121,FALSE,FALSE
"DX11587",2026,"STEHIR",14,141,FALSE,FALSE
"DD39327",2026,"STEHIR",6,124,FALSE,FALSE
"H07917",2026,"STEHIR",17,146,FALSE,FALSE
"TB08413",2026,"STEHIR",8,123,FALSE,FALSE
"AT274518",2026,"STEHIR",11,145,FALSE,FALSE
