"species_label","CR1","RingReplace","Rec","RingPrefix","RingNum","Species","Sex","Age","Wing","Weight","Date","Time","Place","Lat","Lon","Ringer","Country","Remarks","Net","CR2","Subsp","Tail","Head","Breeding","CP1","CP2","CP3","CP4","Colour","D","M","OrigDate","OrigCountry","OrigLat","OrigLon","OrigAge","OldCR1","OldCR2","OldCR3","OldMetal1","OldMetal2","OilHead","OilWings","OilUpperP","OilUnderP","OilLegs","OilSum","year","month","is_new","is_recap","is_capture","group","mass_ratio","smi"
"Common Tern","W[IAS]",NA,NA,"DD","16927","STEHIR",NA,3,207,102,2010-07-01,1899-12-31 02:00:00,"Atlit Salt-Pans",32.695,34.932,"Yosef Kiat",NA,NA,NA,"[IAS]",NA,92,NA,NA,"[","I","A","S","W",1,7,NA,NA,NA,NA,NA,NA,NA,NA,NA,NA,NA,NA,NA,NA,NA,NA,2010,7,TRUE,FALSE,TRUE,"Summer chick",0.492753623188406,126.225907653819
"Common Tern","W[IK0]",NA,NA,"DD","16939","STEHIR",NA,3,268,116,2010-07-13,1899-12-31 20:45:00,"Atlit Salt-Pans",32.695,34.932,"Yosef Kiat",NA,NA,NA,"[IK0]",NA,125,NA,NA,"[","I","K","0","W",13,7,NA,NA,NA,NA,NA,NA,NA,NA,NA,NA,NA,NA,NA,NA,NA,NA,2010,7,TRUE,FALSE,TRUE,"Summer chick",0.432835820895522,102.845605194387
"Common Tern","W[IOB]",NA,NA,"DD","16959","STEHIR",NA,3,244,115,2010-07-14,1899-12-31 01:30:00,"Atlit Salt-Pans",32.695,34.932,"Yosef Kiat",NA,NA,NA,"[IOB]",NA,112,NA,NA,"[","I","O","B","W",14,7,NA,NA,NA,NA,NA,NA,NA,NA,NA,NA,NA,NA,NA,NA,NA,NA,2010,7,TRUE,FALSE,TRUE,"Summer chick",0.471311475409836,115.088851428251
"Common Tern","YIX4","+",NA,"DD","24400","STEHIR",NA,3,225,120,2010-07-14,1899-12-31 05:00:00,"Atlit Salt-Pans",32.695,34.932,"Yosef Kiat",NA,NA,NA,"IX4",NA,100,NA,NA,"I","X","4",NA,"Y",14,7,NA,NA,NA,NA,NA,"ILB",NA,NA,"DD-16966",NA,NA,NA,NA,NA,NA,NA,2010,7,TRUE,FALSE,TRUE,"Summer chick",0.533333333333333,133.344284739296
"Common Tern","W[ILH]",NA,NA,"DD","16967","STEHIR",NA,3,251,104,2010-07-14,1899-12-31 05:00:00,"Atlit Salt-Pans",32.695,34.932,"Yosef Kiat",NA,NA,NA,"[ILH]",NA,103,NA,NA,"[","I","L","H","W",14,7,NA,NA,NA,NA,NA,NA,NA,NA,NA,NA,NA,NA,NA,NA,NA,NA,2010,7,TRUE,FALSE,TRUE,"Summer chick",0.414342629482072,100.347940452994
"Common Tern","W[IFT]",NA,NA,"DD","16976","STEHIR",NA,3,254,112.5,2010-07-27,1899-12-31 03:30:00,"Ma'agan Michael Beach",32.555,34.906,"Yosef Kiat",NA,NA,NA,"[IFT]",NA,113,NA,NA,"[","I","F","T","W",27,7,NA,NA,NA,NA,NA,NA,NA,NA,NA,NA,NA,NA,NA,NA,NA,NA,2010,7,TRUE,FALSE,TRUE,"Summer chick",0.442913385826772,106.896957372121
"Common Tern","W[INN]",NA,NA,"DD","16980","STEHIR",NA,3,245,108.5,2010-08-03,1899-12-31 04:30:00,"Ma'agan Michael Beach",32.555,34.906,"Yosef Kiat",NA,NA,NA,"[INN]",NA,104,NA,NA,"[","I","N","N","W",3,8,NA,NA,NA,NA,NA,NA,NA,NA,NA,NA,NA,NA,NA,NA,NA,NA,2010,8,TRUE,FALSE,TRUE,"Summer chick",0.442857142857143,108.011935103478
"Common Tern","W[IDJ]",NA,NA,"DD","16981","STEHIR",NA,3,251,106.8,2010-08-03,1899-12-31 04:30:00,"Ma'agan Michael Beach",32.555,34.906,"Yosef Kiat",NA,NA,NA,"[IDJ]",NA,100,NA,NA,"[","I","D","J","W",3,8,NA,NA,NA,NA,NA,NA,NA,NA,NA,NA,NA,NA,NA,NA,NA,NA,2010,8,TRUE,FALSE,TRUE,"Summer chick",0.425498007968127,103.049615772882
"Common Tern","W[IFK]",NA,NA,"DD","16983","STEHIR",NA,3,259,102.9,2010-08-03,1899-12-31 21:00:00,"Atlit Salt-Pans",32.695,34.932,"Yosef Kiat",NA,NA,NA,"[IFK]",NA,115,NA,NA,"[","I","F","K","W",3,8,NA,NA,NA,NA,NA,NA,NA,NA,NA,NA,NA,NA,NA,NA,NA,NA,2010,8,TRUE,FALSE,TRUE,"Summer chick",0.397297297297297,95.3448632829903
"Common Tern","W[IBV]",NA,NA,"DD","16993","STEHIR",NA,3,258,110.6,2010-08-03,1899-12-31 23:00:00,"Atlit Salt-Pans",32.695,34.932,"Yosef Kiat",NA,NA,NA,"[IBV]",NA,113,NA,NA,"[","I","B","V","W",3,8,NA,NA,NA,NA,NA,NA,NA,NA,NA,NA,NA,NA,NA,NA,NA,NA,2010,8,TRUE,FALSE,TRUE,"Summer chick",0.428682170542636,102.992654439953
"Common Tern","W[IFA]",NA,NA,"DD","16994","STEHIR",NA,3,268,132.9,2010-08-03,1899-12-31 23:00:00,"Atlit Salt-Pans",32.695,34.932,"Yosef Kiat",NA,NA,NA,"[IFA]",NA,120,NA,NA,"[","I","F","A","W",3,8,NA,NA,NA,NA,NA,NA,NA,NA,NA,NA,NA,NA,NA,NA,NA,NA,2010,8,TRUE,FALSE,TRUE,"Summer chick",0.49589552238806,117.829145951155
"Common Tern","W[IBT]",NA,NA,"DD","16997","STEHIR",NA,3,257,146,2010-08-04,1899-12-31,"Atlit Salt-Pans",32.695,34.932,"Yosef Kiat",NA,NA,NA,"[IBT]",NA,118,NA,NA,"[","I","B","T","W",4,8,NA,NA,NA,NA,NA,NA,NA,NA,NA,NA,NA,NA,NA,NA,NA,NA,2010,8,TRUE,FALSE,TRUE,"Summer chick",0.568093385214008,136.641179795615
"Common Tern","W[ICJ]",NA,NA,"DD","17000","STEHIR",NA,3,250,116.5,2010-08-04,1899-12-31 01:30:00,"Atlit Salt-Pans",32.695,34.932,"Yosef Kiat",NA,NA,NA,"[ICJ]",NA,105,NA,NA,"[","I","C","J","W",4,8,NA,NA,NA,NA,NA,NA,NA,NA,NA,NA,NA,NA,NA,NA,NA,NA,2010,8,TRUE,FALSE,TRUE,"Summer chick",0.466,112.989874000536
"Common Tern","W[ICO]",NA,NA,"DD","18602","STEHIR",NA,3,263,123.5,2010-08-04,1899-12-31 01:30:00,"Atlit Salt-Pans",32.695,34.932,"Yosef Kiat",NA,NA,NA,"[ICO]",NA,114,NA,NA,"[","I","C","O","W",4,8,NA,NA,NA,NA,NA,NA,NA,NA,NA,NA,NA,NA,NA,NA,NA,NA,2010,8,TRUE,FALSE,TRUE,"Summer chick",0.46958174904943,112.190230761878
"Common Tern","W[IFC]",NA,NA,"DD","18604","STEHIR",NA,3,258,121,2010-08-04,1899-12-31 01:30:00,"Atlit Salt-Pans",32.695,34.932,"Yosef Kiat",NA,NA,NA,"[IFC]",NA,112,NA,NA,"[","I","F","C","W",4,8,NA,NA,NA,NA,NA,NA,NA,NA,NA,NA,NA,NA,NA,NA,NA,NA,2010,8,TRUE,FALSE,TRUE,"Summer chick",0.468992248062016,112.677316340274
"Common Tern","W[ICI]",NA,NA,"DD","18606","STEHIR",NA,3,257,142,2010-08-04,1899-12-31 02:30:00,"Atlit Salt-Pans",32.695,34.932,"Yosef Kiat",NA,NA,NA,"[ICI]",NA,102,NA,NA,"[","I","C","I","W",4,8,NA,NA,NA,NA,NA,NA,NA,NA,NA,NA,NA,NA,NA,NA,NA,NA,2010,8,TRUE,FALSE,TRUE,"Summer chick",0.552529182879377,132.897585828612
"Common Tern","W[ILF]",NA,NA,"DD","18610","STEHIR",NA,3,252,119.8,2010-08-04,1899-12-31 04:00:00,"Atlit Salt-Pans",32.695,34.932,"Yosef Kiat",NA,NA,NA,"[ILF]",NA,119,NA,NA,"[","I","L","F","W",4,8,NA,NA,NA,NA,NA,NA,NA,NA,NA,NA,NA,NA,NA,NA,NA,NA,2010,8,TRUE,FALSE,TRUE,"Summer chick",0.475396825396825,115.001198875737
"Common Tern","W[IDK]",NA,NA,"DD","18612","STEHIR",NA,3,254,115.3,2010-08-04,1899-12-31 04:00:00,"Atlit Salt-Pans",32.695,34.932,"Yosef Kiat",NA,NA,NA,"[IDK]",NA,112,NA,NA,"[","I","D","K","W",4,8,NA,NA,NA,NA,NA,NA,NA,NA,NA,NA,NA,NA,NA,NA,NA,NA,2010,8,TRUE,FALSE,TRUE,"Summer chick",0.453937007874016,109.557503866716
"Common Tern","W[IOC]",NA,NA,"DD","18613","STEHIR",NA,3,242,114.6,2010-08-04,1899-12-31 04:00:00,"Atlit Salt-Pans",32.695,34.932,"Yosef Kiat",NA,NA,NA,"[IOC]",NA,113,NA,NA,"[","I","O","C","W",4,8,NA,NA,NA,NA,NA,NA,NA,NA,NA,NA,NA,NA,NA,NA,NA,NA,2010,8,TRUE,FALSE,TRUE,"Summer chick",0.473553719008264,115.913809799443
"Common Tern","W[IKN]",NA,NA,"DD","18615","STEHIR",NA,3,252,111.6,2010-08-09,1899-12-31 00:45:00,"Atlit Salt-Pans",32.695,34.932,"Yosef Kiat",NA,NA,NA,"[IKN]",NA,115,NA,NA,"[","I","K","N","W",9,8,NA,NA,NA,NA,NA,NA,NA,NA,NA,NA,NA,NA,NA,NA,NA,NA,2010,8,TRUE,FALSE,TRUE,"Summer chick",0.442857142857143,107.129664395093
"Common Tern","W[IDI]",NA,NA,"DD","18616","STEHIR",NA,3,260,105,2010-08-09,1899-12-31 01:30:00,"Atlit Salt-Pans",32.695,34.932,"Yosef Kiat",NA,NA,NA,"[IDI]",NA,120,NA,NA,"[","I","D","I","W",9,8,NA,NA,NA,NA,NA,NA,NA,NA,NA,NA,NA,NA,NA,NA,NA,NA,2010,8,TRUE,FALSE,TRUE,"Summer chick",0.403846153846154,96.8078076359562
"Common Tern","W[IJI]",NA,NA,"DD","18617","STEHIR",NA,3,255,121.5,2010-08-09,1899-12-31 01:30:00,"Atlit Salt-Pans",32.695,34.932,"Yosef Kiat",NA,NA,NA,"[IJI]",NA,112,NA,NA,"[","I","J","I","W",9,8,NA,NA,NA,NA,NA,NA,NA,NA,NA,NA,NA,NA,NA,NA,NA,NA,2010,8,TRUE,FALSE,TRUE,"Summer chick",0.476470588235294,114.864494859964
"Common Tern","W[IDL]",NA,NA,"DD","18618","STEHIR",NA,3,257,114.3,2010-08-09,1899-12-31 01:30:00,"Atlit Salt-Pans",32.695,34.932,"Yosef Kiat",NA,NA,NA,"[IDL]",NA,105,NA,NA,"[","I","D","L","W",9,8,NA,NA,NA,NA,NA,NA,NA,NA,NA,NA,NA,NA,NA,NA,NA,NA,2010,8,TRUE,FALSE,TRUE,"Summer chick",0.444747081712062,106.973197607115
"Common Tern","W[IND]",NA,NA,"DD","18620","STEHIR",NA,3,270,121.2,2010-08-09,1899-12-31 01:30:00,"Atlit Salt-Pans",32.695,34.932,"Yosef Kiat",NA,NA,NA,"[IND]",NA,113,NA,NA,"[","I","N","D","W",9,8,NA,NA,NA,NA,NA,NA,NA,NA,NA,NA,NA,NA,NA,NA,NA,NA,2010,8,TRUE,FALSE,TRUE,"Summer chick",0.448888888888889,106.429323016587
"Common Tern","W[IJJ]",NA,NA,"DD","18622","STEHIR",NA,3,260,107.3,2010-08-09,1899-12-31 01:30:00,"Atlit Salt-Pans",32.695,34.932,"Yosef Kiat",NA,NA,NA,"[IJJ]",NA,110,NA,NA,"[","I","J","J","W",9,8,NA,NA,NA,NA,NA,NA,NA,NA,NA,NA,NA,NA,NA,NA,NA,NA,2010,8,TRUE,FALSE,TRUE,"Summer chick",0.412692307692308,98.9283596127438
"Common Tern","W[IDC]",NA,NA,"DD","18624","STEHIR",NA,3,264,116.5,2010-08-09,1899-12-31 02:30:00,"Atlit Salt-Pans",32.695,34.932,"Yosef Kiat",NA,NA,NA,"[IDC]",NA,116,NA,NA,"[","I","D","C","W",9,8,NA,NA,NA,NA,NA,NA,NA,NA,NA,NA,NA,NA,NA,NA,NA,NA,2010,8,TRUE,FALSE,TRUE,"Summer chick",0.441287878787879,105.313966847883
"Common Tern","W[IHC]",NA,NA,"DD","18625","STEHIR",NA,3,266,105.4,2010-08-09,1899-12-31 02:30:00,"Atlit Salt-Pans",32.695,34.932,"Yosef Kiat",NA,NA,NA,"[IHC]",NA,119,NA,NA,"[","I","H","C","W",9,8,NA,NA,NA,NA,NA,NA,NA,NA,NA,NA,NA,NA,NA,NA,NA,NA,2010,8,TRUE,FALSE,TRUE,"Summer chick",0.396240601503759,94.3558123707946
"Common Tern","W[IHH]",NA,NA,"DD","18632","STEHIR",NA,3,258,103.2,2010-08-10,1899-12-31 05:00:00,"Atlit Salt-Pans",32.695,34.932,"Yosef Kiat",NA,NA,NA,"[IHH]",NA,116,NA,NA,"[","I","H","H","W",10,8,NA,NA,NA,NA,NA,NA,NA,NA,NA,NA,NA,NA,NA,NA,NA,NA,2010,8,TRUE,FALSE,TRUE,"Summer chick",0.4,96.1016450108783
"Common Tern","W[IHT]",NA,NA,"DD","18656","STEHIR",NA,3,255,101.8,2010-08-16,1899-12-31 00:30:00,"Atlit Salt-Pans",32.695,34.932,"Yosef Kiat",NA,NA,NA,"[IHT]",NA,110,NA,NA,"[","I","H","T","W",16,8,NA,NA,NA,NA,NA,NA,NA,NA,NA,NA,NA,NA,NA,NA,NA,NA,2010,8,TRUE,FALSE,TRUE,"Summer chick",0.39921568627451,96.240375117237
"Common Tern","WI0B",NA,NA,"DD","18692","STEHIR",NA,3,254,129.1,2010-08-29,1899-12-31 21:00:00,"Atlit Salt-Pans",32.695,34.932,"Yosef Kiat",NA,NA,NA,"I0B",NA,116,NA,NA,"I","0","B",NA,"W",29,8,NA,NA,NA,NA,NA,NA,NA,NA,NA,NA,NA,NA,NA,NA,NA,NA,2010,8,TRUE,FALSE,TRUE,"Summer chick",0.508267716535433,122.670197304363
"Common Tern","WI0N",NA,NA,"DD","18802","STEHIR",NA,3,263,122.1,2010-08-30,1899-12-31 01:30:00,"Atlit Salt-Pans",32.695,34.932,"Yosef Kiat",NA,NA,NA,"I0N",NA,108,NA,NA,"I","0","N",NA,"W",30,8,NA,NA,NA,NA,NA,NA,NA,NA,NA,NA,NA,NA,NA,NA,NA,NA,2010,8,TRUE,FALSE,TRUE,"Summer chick",0.46425855513308,110.91843867227
"Common Tern","WIX4",NA,NA,"DD","20168","STEHIR",NA,3,243,121.4,2011-07-13,1899-12-31 21:00:00,"Atlit Salt-Pans",32.695,34.932,"Yosef Kiat",NA,NA,NA,"IX4",NA,110,NA,NA,"I","X","4",NA,"W",13,7,NA,NA,NA,NA,NA,NA,NA,NA,NA,NA,NA,NA,NA,NA,NA,NA,2011,7,TRUE,FALSE,TRUE,"Summer chick",0.499588477366255,122.139722149935
"Common Tern","WIX6",NA,NA,"DD","20170","STEHIR",NA,3,255,117,2011-07-13,1899-12-31 21:00:00,"Atlit Salt-Pans",32.695,34.932,"Yosef Kiat",NA,NA,NA,"IX6",NA,112,NA,NA,"I","X","6",NA,"W",13,7,NA,NA,NA,NA,NA,NA,NA,NA,NA,NA,NA,NA,NA,NA,NA,NA,2011,7,TRUE,FALSE,TRUE,"Summer chick",0.458823529411765,110.610254309595
"Common Tern","WIX8",NA,NA,"DD","20172","STEHIR",NA,3,264,125.1,2011-07-13,1899-12-31 21:00:00,"Atlit Salt-Pans",32.695,34.932,"Yosef Kiat",NA,NA,NA,"IX8",NA,108,NA,NA,"I","X","8",NA,"W",13,7,NA,NA,NA,NA,NA,NA,NA,NA,NA,NA,NA,NA,NA,NA,NA,NA,2011,7,TRUE,FALSE,TRUE,"Summer chick",0.473863636363636,113.088216761117
"Common Tern","WIX9",NA,NA,"DD","20173","STEHIR",NA,3,264,130,2011-07-13,1899-12-31 21:00:00,"Atlit Salt-Pans",32.695,34.932,"Yosef Kiat",NA,NA,NA,"IX9",NA,123,NA,NA,"I","X","9",NA,"W",13,7,NA,NA,NA,NA,NA,NA,NA,NA,NA,NA,NA,NA,NA,NA,NA,NA,2011,7,TRUE,FALSE,TRUE,"Summer chick",0.492424242424242,117.517731246564
"Common Tern","WIW0",NA,NA,"DD","20174","STEHIR",NA,3,232,125,2011-07-13,1899-12-31 21:00:00,"Atlit Salt-Pans",32.695,34.932,"Yosef Kiat",NA,NA,NA,"IW0",NA,104,NA,NA,"I","W","0",NA,"W",13,7,NA,NA,NA,NA,NA,NA,NA,NA,NA,NA,NA,NA,NA,NA,NA,NA,2011,7,TRUE,FALSE,TRUE,"Summer chick",0.538793103448276,133.513101445514
"Common Tern","WIW2",NA,NA,"DD","20176","STEHIR",NA,3,239,120.4,2011-07-13,1899-12-31 21:00:00,"Atlit Salt-Pans",32.695,34.932,"Yosef Kiat",NA,NA,NA,"IW2",NA,113,NA,NA,"I","W","2",NA,"W",13,7,NA,NA,NA,NA,NA,NA,NA,NA,NA,NA,NA,NA,NA,NA,NA,NA,2011,7,TRUE,FALSE,TRUE,"Summer chick",0.503765690376569,123.757572793112
"Common Tern","WIW6",NA,NA,"DD","20180","STEHIR","F",3,252,110,2011-07-13,1899-12-31 21:00:00,"Atlit Salt-Pans",32.695,34.932,"Yosef Kiat",NA,NA,NA,"IW6",NA,121,NA,NA,"I","W","6",NA,"W",13,7,NA,NA,NA,NA,NA,NA,NA,NA,NA,NA,NA,NA,NA,NA,NA,NA,2011,7,TRUE,FALSE,TRUE,"Summer chick",0.436507936507937,105.593755228139
"Common Tern","WIW7",NA,NA,"DD","20181","STEHIR",NA,3,245,125,2011-07-13,1899-12-31 21:00:00,"Atlit Salt-Pans",32.695,34.932,"Yosef Kiat",NA,NA,NA,"IW7",NA,110,NA,NA,"I","W","7",NA,"W",13,7,NA,NA,NA,NA,NA,NA,NA,NA,NA,NA,NA,NA,NA,NA,NA,NA,2011,7,TRUE,FALSE,TRUE,"Summer chick",0.510204081632653,124.437713252855
"Common Tern","WIW8",NA,NA,"DD","20182","STEHIR",NA,3,253,115.6,2011-07-13,1899-12-31 21:00:00,"Atlit Salt-Pans",32.695,34.932,"Yosef Kiat",NA,NA,NA,"IW8",NA,116,NA,NA,"I","W","8",NA,"W",13,7,NA,NA,NA,NA,NA,NA,NA,NA,NA,NA,NA,NA,NA,NA,NA,NA,2011,7,TRUE,FALSE,TRUE,"Summer chick",0.456916996047431,110.403448649985
"Common Tern","WIZ0",NA,NA,"DD","20184","STEHIR",NA,3,235,111.3,2011-07-13,1899-12-31 21:00:00,"Atlit Salt-Pans",32.695,34.932,"Yosef Kiat",NA,NA,NA,"IZ0",NA,103,NA,NA,"I","Z","0",NA,"W",13,7,NA,NA,NA,NA,NA,NA,NA,NA,NA,NA,NA,NA,NA,NA,NA,NA,2011,7,TRUE,FALSE,TRUE,"Summer chick",0.473617021276596,116.924253081154
"Common Tern","WIZ1",NA,NA,"DD","20185","STEHIR",NA,3,255,139,2011-07-13,1899-12-31 21:00:00,"Atlit Salt-Pans",32.695,34.932,"Yosef Kiat",NA,NA,NA,"IZ1",NA,108,NA,NA,"I","Z","1",NA,"W",13,7,NA,NA,NA,NA,NA,NA,NA,NA,NA,NA,NA,NA,NA,NA,NA,NA,2011,7,TRUE,FALSE,TRUE,"Summer chick",0.545098039215686,131.408763666954
"Common Tern","WIZ2",NA,NA,"DD","20186","STEHIR",NA,3,240,117.4,2011-07-13,1899-12-31 21:00:00,"Atlit Salt-Pans",32.695,34.932,"Yosef Kiat",NA,NA,NA,"IZ2",NA,102,NA,NA,"I","Z","2",NA,"W",13,7,NA,NA,NA,NA,NA,NA,NA,NA,NA,NA,NA,NA,NA,NA,NA,NA,2011,7,TRUE,FALSE,TRUE,"Summer chick",0.489166666666667,120.025108442793
"Common Tern","WIZ3",NA,NA,"DD","20187","STEHIR",NA,3,222,110.5,2011-07-13,1899-12-31 21:00:00,"Atlit Salt-Pans",32.695,34.932,"Yosef Kiat",NA,NA,NA,"IZ3",NA,100,NA,NA,"I","Z","3",NA,"W",13,7,NA,NA,NA,NA,NA,NA,NA,NA,NA,NA,NA,NA,NA,NA,NA,NA,2011,7,TRUE,FALSE,TRUE,"Summer chick",0.497747747747748,124.934454544012
"Common Tern","WIZ4",NA,NA,"DD","20188","STEHIR","M",3,246,113.8,2011-07-13,1899-12-31 21:00:00,"Atlit Salt-Pans",32.695,34.932,"Yosef Kiat",NA,NA,NA,"IZ4",NA,115,NA,NA,"I","Z","4",NA,"W",13,7,NA,NA,NA,NA,NA,NA,NA,NA,NA,NA,NA,NA,NA,NA,NA,NA,2011,7,TRUE,FALSE,TRUE,"Summer chick",0.46260162601626,112.693847273369
"Common Tern","YG9P","+",NA,"DD","20190","STEHIR",NA,3,258,113.5,2011-07-13,1899-12-31 21:00:00,"Atlit Salt-Pans",32.695,34.932,"Yosef Kiat",NA,NA,NA,"G9P",NA,111,NA,NA,"G","9","P",NA,"Y",13,7,NA,NA,NA,NA,NA,"IZ6",NA,NA,NA,NA,NA,NA,NA,NA,NA,NA,2011,7,TRUE,FALSE,TRUE,"Summer chick",0.439922480620155,105.693185162158
"Common Tern","WIZ7",NA,NA,"DD","20191","STEHIR",NA,3,245,113,2011-07-13,1899-12-31 22:00:00,"Atlit Salt-Pans",32.695,34.932,"Yosef Kiat",NA,NA,NA,"IZ7",NA,114,NA,NA,"I","Z","7",NA,"W",13,7,NA,NA,NA,NA,NA,NA,NA,NA,NA,NA,NA,NA,NA,NA,NA,NA,2011,7,TRUE,FALSE,TRUE,"Summer chick",0.461224489795918,112.491692780581
"Common Tern","WI5C",NA,NA,"DD","20196","STEHIR",NA,3,230,127.6,2011-07-13,1899-12-31 22:00:00,"Atlit Salt-Pans",32.695,34.932,"Yosef Kiat",NA,NA,NA,"I5C",NA,105,NA,NA,"I","5","C",NA,"W",13,7,NA,NA,NA,NA,NA,NA,NA,NA,NA,NA,NA,NA,NA,NA,NA,NA,2011,7,TRUE,FALSE,TRUE,"Summer chick",0.554782608695652,137.822284306123
"Common Tern","WI5D",NA,NA,"DD","20197","STEHIR",NA,3,260,110,2011-07-13,1899-12-31 22:00:00,"Atlit Salt-Pans",32.695,34.932,"Yosef Kiat",NA,NA,NA,"I5D",NA,117,NA,NA,"I","5","D",NA,"W",13,7,NA,NA,NA,NA,NA,NA,NA,NA,NA,NA,NA,NA,NA,NA,NA,NA,2011,7,TRUE,FALSE,TRUE,"Summer chick",0.423076923076923,101.417703237668
"Common Tern","WI5F",NA,NA,"DD","20199","STEHIR",NA,3,264,110,2011-07-13,1899-12-31 22:00:00,"Atlit Salt-Pans",32.695,34.932,"Yosef Kiat",NA,NA,NA,"I5F",NA,125,NA,NA,"I","5","F",NA,"W",13,7,NA,NA,NA,NA,NA,NA,NA,NA,NA,NA,NA,NA,NA,NA,NA,NA,2011,7,TRUE,FALSE,TRUE,"Summer chick",0.416666666666667,99.4380802855543
"Common Tern","WI5P",NA,NA,"DD","20209","STEHIR",NA,3,246,108.2,2011-07-13,1899-12-31 22:30:00,"Atlit Salt-Pans",32.695,34.932,"Yosef Kiat",NA,NA,NA,"I5P",NA,105,NA,NA,"I","5","P",NA,"W",13,7,NA,NA,NA,NA,NA,NA,NA,NA,NA,NA,NA,NA,NA,NA,NA,NA,2011,7,TRUE,FALSE,TRUE,"Summer chick",0.439837398373984,107.148280096472
"Common Tern","WI5R",NA,NA,"DD","20210","STEHIR",NA,3,243,108.8,2011-07-13,1899-12-31 23:30:00,"Atlit Salt-Pans",32.695,34.932,"Yosef Kiat",NA,NA,NA,"I5R",NA,108,NA,NA,"I","5","R",NA,"W",13,7,NA,NA,NA,NA,NA,NA,NA,NA,NA,NA,NA,NA,NA,NA,NA,NA,2011,7,TRUE,FALSE,TRUE,"Summer chick",0.447736625514403,109.462947033879
"Common Tern","WI6L",NA,NA,"DD","20228","STEHIR",NA,3,259,120.1,2011-07-20,1899-12-31 21:00:00,"Atlit Salt-Pans",32.695,34.932,"Yosef Kiat",NA,NA,NA,"I6L",NA,114,NA,NA,"I","6","L",NA,"W",20,7,NA,NA,NA,NA,NA,NA,NA,NA,NA,NA,NA,NA,NA,NA,NA,NA,2011,7,TRUE,FALSE,TRUE,"Summer chick",0.463706563706564,111.282002723879
"Common Tern","YIEU","+",NA,"DD","20230","STEHIR",NA,3,240,102.7,2011-07-20,1899-12-31 21:00:00,"Atlit Salt-Pans",32.695,34.932,"Yosef Kiat",NA,NA,NA,"IEU",NA,110,NA,NA,"I","E","U",NA,"Y",20,7,NA,NA,NA,NA,NA,"I6N",NA,NA,NA,NA,NA,NA,NA,NA,NA,NA,2011,7,TRUE,FALSE,TRUE,"Summer chick",0.427916666666667,104.99641087798
"Common Tern","WI6P",NA,NA,"DD","20232","STEHIR",NA,3,252,110.4,2011-07-20,1899-12-31 21:00:00,"Atlit Salt-Pans",32.695,34.932,"Yosef Kiat",NA,NA,NA,"I6P",NA,110,NA,NA,"I","6","P",NA,"W",20,7,NA,NA,NA,NA,NA,NA,NA,NA,NA,NA,NA,NA,NA,NA,NA,NA,2011,7,TRUE,FALSE,TRUE,"Summer chick",0.438095238095238,105.977732519877
"Common Tern","NI73","+",NA,"DD","20235","STEHIR",NA,3,255,100.7,2011-07-20,1899-12-31 22:00:00,"Atlit Salt-Pans",32.695,34.932,"Yosef Kiat",NA,NA,NA,"I73",NA,114,NA,NA,"I","7","3",NA,"N",20,7,NA,NA,NA,NA,NA,"I6T",NA,NA,NA,NA,NA,NA,NA,NA,NA,NA,2011,7,TRUE,FALSE,TRUE,"Summer chick",0.394901960784314,95.200449649369
"Common Tern","WI6Y",NA,NA,"DD","20239","STEHIR",NA,3,268,109.5,2011-07-20,1899-12-31 23:00:00,"Atlit Salt-Pans",32.695,34.932,"Yosef Kiat",NA,NA,NA,"I6Y",NA,120,NA,NA,"I","6","Y",NA,"W",20,7,NA,NA,NA,NA,NA,NA,NA,NA,NA,NA,NA,NA,NA,NA,NA,NA,2011,7,TRUE,FALSE,TRUE,"Summer chick",0.408582089552239,97.0827049033222
"Common Tern","WI7D",NA,NA,"DD","20244","STEHIR",NA,3,211,112.6,2011-07-21,1899-12-31,"Atlit Salt-Pans",32.695,34.932,"Yosef Kiat",NA,NA,NA,"I7D",NA,90,NA,NA,"I","7","D",NA,"W",21,7,NA,NA,NA,NA,NA,NA,NA,NA,NA,NA,NA,NA,NA,NA,NA,NA,2011,7,TRUE,FALSE,TRUE,"Summer chick",0.533649289099526,135.942289801671
"Common Tern","WI7G",NA,NA,"DD","20247","STEHIR","F",3,246,107.6,2011-07-21,1899-12-31 00:30:00,"Atlit Salt-Pans",32.695,34.932,"Yosef Kiat",NA,NA,NA,"I7G",NA,113,NA,NA,"I","7","G",NA,"W",21,7,NA,NA,NA,NA,NA,NA,NA,NA,NA,NA,NA,NA,NA,NA,NA,NA,2011,7,TRUE,FALSE,TRUE,"Summer chick",0.43739837398374,106.554112184662
"Common Tern","WI7J",NA,NA,"DD","20249","STEHIR",NA,3,257,100.2,2011-07-21,1899-12-31 02:00:00,"Atlit Salt-Pans",32.695,34.932,"Yosef Kiat",NA,NA,NA,"I7J",NA,120,NA,NA,"I","7","J",NA,"W",21,7,NA,NA,NA,NA,NA,NA,NA,NA,NA,NA,NA,NA,NA,NA,NA,NA,2011,7,TRUE,FALSE,TRUE,"Summer chick",0.38988326848249,93.7770288734289
"Common Tern","WI7M",NA,NA,"DD","20252","STEHIR",NA,3,221,100,2011-07-21,1899-12-31 02:00:00,"Atlit Salt-Pans",32.695,34.932,"Yosef Kiat",NA,NA,NA,"I7M",NA,97,NA,NA,"I","7","M",NA,"W",21,7,NA,NA,NA,NA,NA,NA,NA,NA,NA,NA,NA,NA,NA,NA,NA,NA,2011,7,TRUE,FALSE,TRUE,"Summer chick",0.452488687782805,113.723834922689
"Common Tern","WI7T",NA,NA,"DD","20258","STEHIR",NA,3,254,113.9,2011-07-26,1899-12-31 20:30:00,"Atlit Salt-Pans",32.695,34.932,"Yosef Kiat",NA,NA,NA,"I7T",NA,116,NA,NA,"I","7","T",NA,"W",26,7,NA,NA,NA,NA,NA,NA,NA,NA,NA,NA,NA,NA,NA,NA,NA,NA,2011,7,TRUE,FALSE,TRUE,"Summer chick",0.448425196850394,108.227230619419
"Common Tern","WI7V",NA,NA,"DD","20260","STEHIR",NA,3,234,124.2,2011-07-26,1899-12-31 21:00:00,"Atlit Salt-Pans",32.695,34.932,"Yosef Kiat",NA,NA,NA,"I7V",NA,96,NA,NA,"I","7","V",NA,"W",26,7,NA,NA,NA,NA,NA,NA,NA,NA,NA,NA,NA,NA,NA,NA,NA,NA,2011,7,TRUE,FALSE,TRUE,"Summer chick",0.530769230769231,131.196498057783
"Common Tern","WI7X",NA,NA,"DD","20261","STEHIR",NA,3,264,127.5,2011-07-26,1899-12-31 21:00:00,"Atlit Salt-Pans",32.695,34.932,"Yosef Kiat",NA,NA,NA,"I7X",NA,125,NA,NA,"I","7","X",NA,"W",26,7,NA,NA,NA,NA,NA,NA,NA,NA,NA,NA,NA,NA,NA,NA,NA,NA,2011,7,TRUE,FALSE,TRUE,"Summer chick",0.482954545454545,115.257774876438
"Common Tern","WI7Y",NA,NA,"DD","20262","STEHIR",NA,3,269,118.6,2011-07-26,1899-12-31 21:00:00,"Atlit Salt-Pans",32.695,34.932,"Yosef Kiat",NA,NA,NA,"I7Y",NA,120,NA,NA,"I","7","Y",NA,"W",26,7,NA,NA,NA,NA,NA,NA,NA,NA,NA,NA,NA,NA,NA,NA,NA,NA,2011,7,TRUE,FALSE,TRUE,"Summer chick",0.44089219330855,104.646336451415
"Common Tern","WI7Z",NA,NA,"DD","20263","STEHIR",NA,3,256,121.5,2011-07-26,1899-12-31 21:00:00,"Atlit Salt-Pans",32.695,34.932,"Yosef Kiat",NA,NA,NA,"I7Z",NA,115,NA,NA,"I","7","Z",NA,"W",26,7,NA,NA,NA,NA,NA,NA,NA,NA,NA,NA,NA,NA,NA,NA,NA,NA,2011,7,TRUE,FALSE,TRUE,"Summer chick",0.474609375,114.285501415856
"Common Tern","WI8A",NA,NA,"DD","20264","STEHIR",NA,3,245,128.1,2011-07-26,1899-12-31 22:30:00,"Atlit Salt-Pans",32.695,34.932,"Yosef Kiat",NA,NA,NA,"I8A",NA,107,NA,NA,"I","8","A",NA,"W",26,7,NA,NA,NA,NA,NA,NA,NA,NA,NA,NA,NA,NA,NA,NA,NA,NA,2011,7,TRUE,FALSE,TRUE,"Summer chick",0.522857142857143,127.523768541526
"Common Tern","WI8B",NA,NA,"DD","20265","STEHIR",NA,3,271,122.8,2011-07-26,1899-12-31 22:30:00,"Atlit Salt-Pans",32.695,34.932,"Yosef Kiat",NA,NA,NA,"I8B",NA,122,NA,NA,"I","8","B",NA,"W",26,7,NA,NA,NA,NA,NA,NA,NA,NA,NA,NA,NA,NA,NA,NA,NA,NA,2011,7,TRUE,FALSE,TRUE,"Summer chick",0.453136531365314,107.320843807228
"Common Tern","WI8C",NA,NA,"DD","20266","STEHIR",NA,3,253,129.9,2011-07-26,1899-12-31 22:30:00,"Atlit Salt-Pans",32.695,34.932,"Yosef Kiat",NA,NA,NA,"I8C",NA,107,NA,NA,"I","8","C",NA,"W",26,7,NA,NA,NA,NA,NA,NA,NA,NA,NA,NA,NA,NA,NA,NA,NA,NA,2011,7,TRUE,FALSE,TRUE,"Summer chick",0.513438735177866,124.060622661186
"Common Tern","WI8E",NA,NA,"DD","20268","STEHIR",NA,3,250,108.9,2011-07-26,1899-12-31 22:30:00,"Atlit Salt-Pans",32.695,34.932,"Yosef Kiat",NA,NA,NA,"I8E",NA,105,NA,NA,"I","8","E",NA,"W",26,7,NA,NA,NA,NA,NA,NA,NA,NA,NA,NA,NA,NA,NA,NA,NA,NA,2011,7,TRUE,FALSE,TRUE,"Summer chick",0.4356,105.618860761016
"Common Tern","WI8F",NA,NA,"DD","20269","STEHIR",NA,3,239,106.1,2011-07-26,1899-12-31 22:30:00,"Atlit Salt-Pans",32.695,34.932,"Yosef Kiat",NA,NA,NA,"I8F",NA,107,NA,NA,"I","8","F",NA,"W",26,7,NA,NA,NA,NA,NA,NA,NA,NA,NA,NA,NA,NA,NA,NA,NA,NA,2011,7,TRUE,FALSE,TRUE,"Summer chick",0.443933054393305,109.058791306887
"Common Tern","WI8G",NA,NA,"DD","20270","STEHIR",NA,3,270,121,2011-07-26,1899-12-31 22:30:00,"Atlit Salt-Pans",32.695,34.932,"Yosef Kiat",NA,NA,NA,"I8G",NA,120,NA,NA,"I","8","G",NA,"W",26,7,NA,NA,NA,NA,NA,NA,NA,NA,NA,NA,NA,NA,NA,NA,NA,NA,2011,7,TRUE,FALSE,TRUE,"Summer chick",0.448148148148148,106.253697071015
"Common Tern","WI8H",NA,NA,"DD","20271","STEHIR",NA,3,260,130.5,2011-07-26,1899-12-31 22:30:00,"Atlit Salt-Pans",32.695,34.932,"Yosef Kiat",NA,NA,NA,"I8H",NA,116,NA,NA,"I","8","H",NA,"W",26,7,NA,NA,NA,NA,NA,NA,NA,NA,NA,NA,NA,NA,NA,NA,NA,NA,2011,7,TRUE,FALSE,TRUE,"Summer chick",0.501923076923077,120.318275204688
"Common Tern","WI8M",NA,NA,"DD","20275","STEHIR",NA,3,263,120.9,2011-07-26,1899-12-31 23:30:00,"Atlit Salt-Pans",32.695,34.932,"Yosef Kiat",NA,NA,NA,"I8M",NA,115,NA,NA,"I","8","M",NA,"W",26,7,NA,NA,NA,NA,NA,NA,NA,NA,NA,NA,NA,NA,NA,NA,NA,NA,2011,7,TRUE,FALSE,TRUE,"Summer chick",0.459695817490494,109.828331166891
"Common Tern","WI8N",NA,NA,"DD","20276","STEHIR",NA,3,261,113.6,2011-07-27,1899-12-31 01:00:00,"Atlit Salt-Pans",32.695,34.932,"Yosef Kiat",NA,NA,NA,"I8N",NA,119,NA,NA,"I","8","N",NA,"W",27,7,NA,NA,NA,NA,NA,NA,NA,NA,NA,NA,NA,NA,NA,NA,NA,NA,2011,7,TRUE,FALSE,TRUE,"Summer chick",0.435249042145594,104.218993003919
"Common Tern","WI8P",NA,NA,"DD","20278","STEHIR",NA,3,247,102.5,2011-07-27,1899-12-31 01:00:00,"Atlit Salt-Pans",32.695,34.932,"Yosef Kiat",NA,NA,NA,"I8P",NA,110,NA,NA,"I","8","P",NA,"W",27,7,NA,NA,NA,NA,NA,NA,NA,NA,NA,NA,NA,NA,NA,NA,NA,NA,2011,7,TRUE,FALSE,TRUE,"Summer chick",0.41497975708502,100.973406897723
"Common Tern","WI8X",NA,NA,"DD","20284","STEHIR",NA,3,245,104.5,2011-07-31,1899-12-31 20:30:00,"Atlit Salt-Pans",32.695,34.932,"Yosef Kiat",NA,NA,NA,"I8X",NA,104,NA,NA,"I","8","X",NA,"W",31,7,NA,NA,NA,NA,NA,NA,NA,NA,NA,NA,NA,NA,NA,NA,NA,NA,2011,7,TRUE,FALSE,TRUE,"Summer chick",0.426530612244898,104.029928279387
"Common Tern","WI8Z",NA,NA,"DD","20286","STEHIR",NA,3,220,111,2011-07-31,1899-12-31 22:00:00,"Atlit Salt-Pans",32.695,34.932,"Yosef Kiat",NA,NA,NA,"I8Z",NA,93,NA,NA,"I","8","Z",NA,"W",31,7,NA,NA,NA,NA,NA,NA,NA,NA,NA,NA,NA,NA,NA,NA,NA,NA,2011,7,TRUE,FALSE,TRUE,"Summer chick",0.504545454545455,126.974790600561
"Common Tern","WI9A",NA,NA,"DD","20287","STEHIR",NA,3,251,115.5,2011-07-31,1899-12-31 22:00:00,"Atlit Salt-Pans",32.695,34.932,"Yosef Kiat",NA,NA,NA,"I9A",NA,108,NA,NA,"I","9","A",NA,"W",31,7,NA,NA,NA,NA,NA,NA,NA,NA,NA,NA,NA,NA,NA,NA,NA,NA,2011,7,TRUE,FALSE,TRUE,"Summer chick",0.460159362549801,111.444106945392
"Common Tern","WI9B",NA,NA,"DD","20288","STEHIR",NA,3,253,113,2011-08-01,1899-12-31 01:00:00,"Atlit Salt-Pans",32.695,34.932,"Yosef Kiat",NA,NA,NA,"I9B",NA,107,NA,NA,"I","9","B",NA,"W",1,8,NA,NA,NA,NA,NA,NA,NA,NA,NA,NA,NA,NA,NA,NA,NA,NA,2011,8,TRUE,FALSE,TRUE,"Summer chick",0.446640316205534,107.920326102494
"Common Tern","WI9X",NA,NA,"DD","20315","STEHIR",NA,3,242,117.4,2011-08-10,1899-12-31 20:15:00,"Atlit Salt-Pans",32.695,34.932,"Yosef Kiat",NA,NA,NA,"I9X",NA,112,NA,NA,"I","9","X",NA,"W",10,8,NA,NA,NA,NA,NA,NA,NA,NA,NA,NA,NA,NA,NA,NA,NA,NA,2011,8,TRUE,FALSE,TRUE,"Summer chick",0.485123966942149,118.745909864351
"Common Tern","WI9Y",NA,NA,"DD","20316","STEHIR",NA,3,263,128.8,2011-08-10,1899-12-31 20:15:00,"Atlit Salt-Pans",32.695,34.932,"Yosef Kiat",NA,NA,NA,"I9Y",NA,114,NA,NA,"I","9","Y",NA,"W",10,8,NA,NA,NA,NA,NA,NA,NA,NA,NA,NA,NA,NA,NA,NA,NA,NA,2011,8,TRUE,FALSE,TRUE,"Summer chick",0.489733840304183,117.004872243967
"Common Tern","WIPF",NA,NA,"DD","20322","STEHIR",NA,3,262,133.6,2011-08-10,1899-12-31 20:15:00,"Atlit Salt-Pans",32.695,34.932,"Yosef Kiat",NA,NA,NA,"IPF",NA,121,NA,NA,"I","P","F",NA,"W",10,8,NA,NA,NA,NA,NA,NA,NA,NA,NA,NA,NA,NA,NA,NA,NA,NA,2011,8,TRUE,FALSE,TRUE,"Summer chick",0.509923664122137,121.963726717795
"Common Tern","WIPK",NA,NA,"DD","20325","STEHIR",NA,3,270,129,2011-08-10,1899-12-31 20:15:00,"Atlit Salt-Pans",32.695,34.932,"Yosef Kiat",NA,NA,NA,"IPK",NA,116,NA,NA,"I","P","K",NA,"W",10,8,NA,NA,NA,NA,NA,NA,NA,NA,NA,NA,NA,NA,NA,NA,NA,NA,2011,8,TRUE,FALSE,TRUE,"Summer chick",0.477777777777778,113.278734893892
"Common Tern","WIP0",NA,NA,"DD","20328","STEHIR",NA,3,266,124.7,2011-08-10,1899-12-31 21:30:00,"Atlit Salt-Pans",32.695,34.932,"Yosef Kiat",NA,NA,NA,"IP0",NA,119,NA,NA,"I","P","0",NA,"W",10,8,NA,NA,NA,NA,NA,NA,NA,NA,NA,NA,NA,NA,NA,NA,NA,NA,2011,8,TRUE,FALSE,TRUE,"Summer chick",0.468796992481203,111.633489588597
"Common Tern","WIPP",NA,NA,"DD","20329","STEHIR",NA,3,258,108.7,2011-08-10,1899-12-31 21:30:00,"Atlit Salt-Pans",32.695,34.932,"Yosef Kiat",NA,NA,NA,"IPP",NA,121,NA,NA,"I","P","P",NA,"W",10,8,NA,NA,NA,NA,NA,NA,NA,NA,NA,NA,NA,NA,NA,NA,NA,NA,2011,8,TRUE,FALSE,TRUE,"Summer chick",0.421317829457364,101.223341208164
"Common Tern","WIPR",NA,NA,"DD","20330","STEHIR",NA,3,259,131.5,2011-08-10,1899-12-31 21:30:00,"Atlit Salt-Pans",32.695,34.932,"Yosef Kiat",NA,NA,NA,"IPR",NA,115,NA,NA,"I","P","R",NA,"W",10,8,NA,NA,NA,NA,NA,NA,NA,NA,NA,NA,NA,NA,NA,NA,NA,NA,2011,8,TRUE,FALSE,TRUE,"Summer chick",0.507722007722008,121.84499049284
"Common Tern","WIPS",NA,NA,"DD","20331","STEHIR",NA,3,247,118.5,2011-08-10,1899-12-31 21:30:00,"Atlit Salt-Pans",32.695,34.932,"Yosef Kiat",NA,NA,NA,"IPS",NA,105,NA,NA,"I","P","S",NA,"W",10,8,NA,NA,NA,NA,NA,NA,NA,NA,NA,NA,NA,NA,NA,NA,NA,NA,2011,8,TRUE,FALSE,TRUE,"Summer chick",0.479757085020243,116.735109437856
"Common Tern","WIPT",NA,NA,"DD","20332","STEHIR",NA,3,254,129,2011-08-10,1899-12-31 21:30:00,"Atlit Salt-Pans",32.695,34.932,"Yosef Kiat",NA,NA,NA,"IPT",NA,107,NA,NA,"I","P","T",NA,"W",10,8,NA,NA,NA,NA,NA,NA,NA,NA,NA,NA,NA,NA,NA,NA,NA,NA,2011,8,TRUE,FALSE,TRUE,"Summer chick",0.507874015748031,122.575177786699
"Common Tern","WIPX",NA,NA,"DD","20334","STEHIR",NA,3,257,126,2011-08-10,1899-12-31 21:30:00,"Atlit Salt-Pans",32.695,34.932,"Yosef Kiat",NA,NA,NA,"IPX",NA,115,NA,NA,"I","P","X",NA,"W",10,8,NA,NA,NA,NA,NA,NA,NA,NA,NA,NA,NA,NA,NA,NA,NA,NA,2011,8,TRUE,FALSE,TRUE,"Summer chick",0.490272373540856,117.923209960599
"Common Tern","WISA",NA,NA,"DD","20336","STEHIR",NA,3,248,127.4,2011-08-10,1899-12-31 22:45:00,"Atlit Salt-Pans",32.695,34.932,"Yosef Kiat",NA,NA,NA,"ISA",NA,106,NA,NA,"I","S","A",NA,"W",10,8,NA,NA,NA,NA,NA,NA,NA,NA,NA,NA,NA,NA,NA,NA,NA,NA,2011,8,TRUE,FALSE,TRUE,"Summer chick",0.513709677419355,124.849545155328
"Common Tern","WISB",NA,NA,"DD","20337","STEHIR",NA,3,256,115,2011-08-10,1899-12-31 22:45:00,"Atlit Salt-Pans",32.695,34.932,"Yosef Kiat",NA,NA,NA,"ISB",NA,110,NA,NA,"I","S","B",NA,"W",10,8,NA,NA,NA,NA,NA,NA,NA,NA,NA,NA,NA,NA,NA,NA,NA,NA,2011,8,TRUE,FALSE,TRUE,"Summer chick",0.44921875,108.171462245461
"Common Tern","WISC",NA,NA,"DD","20338","STEHIR",NA,3,266,106.3,2011-08-10,1899-12-31 22:45:00,"Atlit Salt-Pans",32.695,34.932,"Yosef Kiat",NA,NA,NA,"ISC",NA,109,NA,NA,"I","S","C",NA,"W",10,8,NA,NA,NA,NA,NA,NA,NA,NA,NA,NA,NA,NA,NA,NA,NA,NA,2011,8,TRUE,FALSE,TRUE,"Summer chick",0.399624060150376,95.1615071633345
"Common Tern","WISG",NA,NA,"DD","20341","STEHIR",NA,3,255,108.3,2011-08-11,1899-12-31 01:00:00,"Atlit Salt-Pans",32.695,34.932,"Yosef Kiat",NA,NA,NA,"ISG",NA,107,NA,NA,"I","S","G",NA,"W",11,8,NA,NA,NA,NA,NA,NA,NA,NA,NA,NA,NA,NA,NA,NA,NA,NA,2011,8,TRUE,FALSE,TRUE,"Summer chick",0.424705882352941,102.385389245548
"Common Tern","WISH",NA,NA,"DD","20342","STEHIR",NA,3,256,114.2,2011-08-11,1899-12-31 01:00:00,"Atlit Salt-Pans",32.695,34.932,"Yosef Kiat",NA,NA,NA,"ISH",NA,114,NA,NA,"I","S","H",NA,"W",11,8,NA,NA,NA,NA,NA,NA,NA,NA,NA,NA,NA,NA,NA,NA,NA,NA,2011,8,TRUE,FALSE,TRUE,"Summer chick",0.44609375,107.418965116797
"Common Tern","WISL",NA,NA,"DD","20344","STEHIR",NA,3,224,102.9,2011-08-11,1899-12-31 01:00:00,"Atlit Salt-Pans",32.695,34.932,"Yosef Kiat",NA,NA,NA,"ISL",NA,98,NA,NA,"I","S","L",NA,"W",11,8,NA,NA,NA,NA,NA,NA,NA,NA,NA,NA,NA,NA,NA,NA,NA,NA,2011,8,TRUE,FALSE,TRUE,"Summer chick",0.459375,115.002228154648
"Common Tern","WISO",NA,NA,"DD","20346","STEHIR",NA,3,260,109.1,2011-08-11,1899-12-31 01:00:00,"Atlit Salt-Pans",32.695,34.932,"Yosef Kiat",NA,NA,NA,"ISO",NA,120,NA,NA,"I","S","O",NA,"W",11,8,NA,NA,NA,NA,NA,NA,NA,NA,NA,NA,NA,NA,NA,NA,NA,NA,2011,8,TRUE,FALSE,TRUE,"Summer chick",0.419615384615385,100.58792202936
"Common Tern","WISV",NA,NA,"DD","20352","STEHIR",NA,3,195,107,2011-08-15,1899-12-31 20:15:00,"Atlit Salt-Pans",32.695,34.932,"Yosef Kiat",NA,NA,NA,"ISV",NA,80,NA,NA,"I","S","V",NA,"W",15,8,NA,NA,NA,NA,NA,NA,NA,NA,NA,NA,NA,NA,NA,NA,NA,NA,2011,8,TRUE,FALSE,TRUE,"Summer chick",0.548717948717949,143.027288360186
"Common Tern","WISZ",NA,NA,"DD","20354","STEHIR",NA,3,265,157,2011-08-15,1899-12-31 20:15:00,"Atlit Salt-Pans",32.695,34.932,"Yosef Kiat",NA,NA,NA,"ISZ",NA,130,NA,NA,"I","S","Z",NA,"W",15,8,NA,NA,NA,NA,NA,NA,NA,NA,NA,NA,NA,NA,NA,NA,NA,NA,2011,8,TRUE,FALSE,TRUE,"Summer chick",0.592452830188679,141.234145493529
"Common Tern","WITC",NA,NA,"DD","20357","STEHIR",NA,3,220,113.6,2011-08-15,1899-12-31 20:15:00,"Atlit Salt-Pans",32.695,34.932,"Yosef Kiat",NA,NA,NA,"ITC",NA,97,NA,NA,"I","T","C",NA,"W",15,8,NA,NA,NA,NA,NA,NA,NA,NA,NA,NA,NA,NA,NA,NA,NA,NA,2011,8,TRUE,FALSE,TRUE,"Summer chick",0.516363636363636,129.948974884899
"Common Tern","WITF",NA,NA,"DD","20359","STEHIR",NA,3,192,105.6,2011-08-15,1899-12-31 21:00:00,"Atlit Salt-Pans",32.695,34.932,"Yosef Kiat",NA,NA,NA,"ITF",NA,75,NA,NA,"I","T","F",NA,"W",15,8,NA,NA,NA,NA,NA,NA,NA,NA,NA,NA,NA,NA,NA,NA,NA,NA,2011,8,TRUE,FALSE,TRUE,"Summer chick",0.55,144.010056149451
"Common Tern","WITH",NA,NA,"DD","20361","STEHIR",NA,3,202,109.6,2011-08-15,1899-12-31 21:00:00,"Atlit Salt-Pans",32.695,34.932,"Yosef Kiat",NA,NA,NA,"ITH",NA,89,NA,NA,"I","T","H",NA,"W",15,8,NA,NA,NA,NA,NA,NA,NA,NA,NA,NA,NA,NA,NA,NA,NA,NA,2011,8,TRUE,FALSE,TRUE,"Summer chick",0.542574257425743,139.981139275572
"Common Tern","WITL",NA,NA,"DD","20363","STEHIR",NA,3,232,97.6,2011-08-15,1899-12-31 21:00:00,"Atlit Salt-Pans",32.695,34.932,"Yosef Kiat",NA,NA,NA,"ITL",NA,98,NA,NA,"I","T","L",NA,"W",15,8,NA,NA,NA,NA,NA,NA,NA,NA,NA,NA,NA,NA,NA,NA,NA,NA,2011,8,TRUE,FALSE,TRUE,"Summer chick",0.420689655172414,104.247029608657
"Common Tern","WITT",NA,NA,"DD","20369","STEHIR",NA,3,176,84.5,2011-08-16,1899-12-31 00:30:00,"Atlit Salt-Pans",32.695,34.932,"Yosef Kiat",NA,NA,NA,"ITT",NA,71,NA,NA,"I","T","T",NA,"W",16,8,NA,NA,NA,NA,NA,NA,NA,NA,NA,NA,NA,NA,NA,NA,NA,NA,2011,8,TRUE,FALSE,TRUE,"Summer chick",0.480113636363636,128.936574164842
"Common Tern","WITV",NA,NA,"DD","20370","STEHIR",NA,3,244,103.3,2011-08-16,1899-12-31 00:30:00,"Atlit Salt-Pans",32.695,34.932,"Yosef Kiat",NA,NA,NA,"ITV",NA,108,NA,NA,"I","T","V",NA,"W",16,8,NA,NA,NA,NA,NA,NA,NA,NA,NA,NA,NA,NA,NA,NA,NA,NA,2011,8,TRUE,FALSE,TRUE,"Summer chick",0.423360655737705,103.379811761202
"Common Tern","WITX",NA,NA,"DD","20371","STEHIR",NA,3,199,103.3,2011-08-22,1899-12-31 20:30:00,"Atlit Salt-Pans",32.695,34.932,"Yosef Kiat",NA,NA,NA,"ITX",NA,84,NA,NA,"I","T","X",NA,"W",22,8,NA,NA,NA,NA,NA,NA,NA,NA,NA,NA,NA,NA,NA,NA,NA,NA,2011,8,TRUE,FALSE,TRUE,"Summer chick",0.519095477386935,134.508438369714
"Common Tern","WITZ",NA,NA,"DD","20372","STEHIR",NA,3,212,88.9,2011-08-22,1899-12-31 20:30:00,"Atlit Salt-Pans",32.695,34.932,"Yosef Kiat",NA,NA,NA,"ITZ",NA,93,NA,NA,"I","T","Z",NA,"W",22,8,NA,NA,NA,NA,NA,NA,NA,NA,NA,NA,NA,NA,NA,NA,NA,NA,2011,8,TRUE,FALSE,TRUE,"Summer chick",0.419339622641509,106.675996055046
"Common Tern","WIVA",NA,NA,"DD","20373","STEHIR",NA,3,205,102.7,2011-08-22,1899-12-31 20:30:00,"Atlit Salt-Pans",32.695,34.932,"Yosef Kiat",NA,NA,NA,"IVA",NA,88,NA,NA,"I","V","A",NA,"W",22,8,NA,NA,NA,NA,NA,NA,NA,NA,NA,NA,NA,NA,NA,NA,NA,NA,2011,8,TRUE,FALSE,TRUE,"Summer chick",0.500975609756098,128.695353577926
"Common Tern","WIVB",NA,NA,"DD","20374","STEHIR",NA,3,215,112,2011-08-22,1899-12-31 20:30:00,"Atlit Salt-Pans",32.695,34.932,"Yosef Kiat",NA,NA,NA,"IVB",NA,96,NA,NA,"I","V","B",NA,"W",22,8,NA,NA,NA,NA,NA,NA,NA,NA,NA,NA,NA,NA,NA,NA,NA,NA,2011,8,TRUE,FALSE,TRUE,"Summer chick",0.52093023255814,131.978633497483
"Common Tern","WIVC",NA,NA,"DD","20375","STEHIR",NA,3,267,105.3,2011-08-22,1899-12-31 20:30:00,"Atlit Salt-Pans",32.695,34.932,"Yosef Kiat",NA,NA,NA,"IVC",NA,112,NA,NA,"I","V","C",NA,"W",22,8,NA,NA,NA,NA,NA,NA,NA,NA,NA,NA,NA,NA,NA,NA,NA,NA,2011,8,TRUE,FALSE,TRUE,"Summer chick",0.39438202247191,93.8106913097697
"Common Tern","WIVD",NA,NA,"DD","20376","STEHIR",NA,3,261,106.7,2011-08-22,1899-12-31 20:30:00,"Atlit Salt-Pans",32.695,34.932,"Yosef Kiat",NA,NA,NA,"IVD",NA,110,NA,NA,"I","V","D",NA,"W",22,8,NA,NA,NA,NA,NA,NA,NA,NA,NA,NA,NA,NA,NA,NA,NA,NA,2011,8,TRUE,FALSE,TRUE,"Summer chick",0.408812260536398,97.8887900837866
"Common Tern","WIVF",NA,NA,"DD","20377","STEHIR",NA,3,214,109.3,2011-08-22,1899-12-31 20:30:00,"Atlit Salt-Pans",32.695,34.932,"Yosef Kiat",NA,NA,NA,"IVF",NA,91,NA,NA,"I","V","F",NA,"W",22,8,NA,NA,NA,NA,NA,NA,NA,NA,NA,NA,NA,NA,NA,NA,NA,NA,2011,8,TRUE,FALSE,TRUE,"Summer chick",0.510747663551402,129.57461611821
"Common Tern","WIVH",NA,NA,"DD","20379","STEHIR",NA,3,263,119.7,2011-08-22,1899-12-31 20:30:00,"Atlit Salt-Pans",32.695,34.932,"Yosef Kiat",NA,NA,NA,"IVH",NA,114,NA,NA,"I","V","H",NA,"W",22,8,NA,NA,NA,NA,NA,NA,NA,NA,NA,NA,NA,NA,NA,NA,NA,NA,2011,8,TRUE,FALSE,TRUE,"Summer chick",0.455133079847909,108.738223661513
"Common Tern","WIVL",NA,NA,"DD","20381","STEHIR",NA,3,194,91.6,2011-08-22,1899-12-31 20:30:00,"Atlit Salt-Pans",32.695,34.932,"Yosef Kiat",NA,NA,NA,"IVL",NA,72,NA,NA,"I","V","L",NA,"W",22,8,NA,NA,NA,NA,NA,NA,NA,NA,NA,NA,NA,NA,NA,NA,NA,NA,2011,8,TRUE,FALSE,TRUE,"Summer chick",0.472164948453608,123.257562478954
"Common Tern","WIVN",NA,NA,"DD","20382","STEHIR",NA,3,208,109.6,2011-08-22,1899-12-31 20:30:00,"Atlit Salt-Pans",32.695,34.932,"Yosef Kiat",NA,NA,NA,"IVN",NA,87,NA,NA,"I","V","N",NA,"W",22,8,NA,NA,NA,NA,NA,NA,NA,NA,NA,NA,NA,NA,NA,NA,NA,NA,2011,8,TRUE,FALSE,TRUE,"Summer chick",0.526923076923077,134.789645603153
"Common Tern","WIV0",NA,NA,"DD","20383","STEHIR","M",3,231,122.3,2011-08-22,1899-12-31 20:30:00,"Atlit Salt-Pans",32.695,34.932,"Yosef Kiat",NA,NA,NA,"IV0",NA,109,NA,NA,"I","V","0",NA,"W",22,8,NA,NA,NA,NA,NA,NA,NA,NA,NA,NA,NA,NA,NA,NA,NA,NA,2011,8,TRUE,FALSE,TRUE,"Summer chick",0.529437229437229,131.359813512697
"Common Tern","WIVS",NA,NA,"DD","20386","STEHIR",NA,3,229,116.2,2011-08-22,1899-12-31 21:30:00,"Atlit Salt-Pans",32.695,34.932,"Yosef Kiat",NA,NA,NA,"IVS",NA,102,NA,NA,"I","V","S",NA,"W",22,8,NA,NA,NA,NA,NA,NA,NA,NA,NA,NA,NA,NA,NA,NA,NA,NA,2011,8,TRUE,FALSE,TRUE,"Summer chick",0.507423580786026,126.217100925807
"Common Tern","WIVZ",NA,NA,"DD","20390","STEHIR",NA,3,243,116.1,2011-08-22,1899-12-31 21:30:00,"Atlit Salt-Pans",32.695,34.932,"Yosef Kiat",NA,NA,NA,"IVZ",NA,103,NA,NA,"I","V","Z",NA,"W",22,8,NA,NA,NA,NA,NA,NA,NA,NA,NA,NA,NA,NA,NA,NA,NA,NA,2011,8,TRUE,FALSE,TRUE,"Summer chick",0.477777777777778,116.807427855086
"Common Tern","WIXF",NA,NA,"DD","20395","STEHIR",NA,3,260,134.2,2011-08-23,1899-12-31 00:30:00,"Atlit Salt-Pans",32.695,34.932,"Yosef Kiat",NA,NA,NA,"IXF",NA,119,NA,NA,"I","X","F",NA,"W",23,8,NA,NA,NA,NA,NA,NA,NA,NA,NA,NA,NA,NA,NA,NA,NA,NA,2011,8,TRUE,FALSE,TRUE,"Summer chick",0.516153846153846,123.729597949955
"Common Tern","WIXH",NA,NA,"DD","20398","STEHIR","F",3,221,97.7,2011-08-23,1899-12-31 02:30:00,"Atlit Salt-Pans",32.695,34.932,"Yosef Kiat",NA,NA,NA,"IXH",NA,83,NA,NA,"I","X","H",NA,"W",23,8,NA,NA,NA,NA,NA,NA,NA,NA,NA,NA,NA,NA,NA,NA,NA,NA,2011,8,TRUE,FALSE,TRUE,"Summer chick",0.442081447963801,111.108186719467
"Common Tern","WIXK",NA,NA,"DD","20399","STEHIR",NA,3,240,112.7,2011-08-23,1899-12-31 02:30:00,"Atlit Salt-Pans",32.695,34.932,"Yosef Kiat",NA,NA,NA,"IXK",NA,105,NA,NA,"I","X","K",NA,"W",23,8,NA,NA,NA,NA,NA,NA,NA,NA,NA,NA,NA,NA,NA,NA,NA,NA,2011,8,TRUE,FALSE,TRUE,"Summer chick",0.469583333333333,115.220014663567
"Common Tern","WIXL",NA,NA,"DD","20400","STEHIR",NA,3,248,111.6,2011-08-23,1899-12-31 03:00:00,"Atlit Salt-Pans",32.695,34.932,"Yosef Kiat",NA,NA,NA,"IXL",NA,116,NA,NA,"I","X","L",NA,"W",23,8,NA,NA,NA,NA,NA,NA,NA,NA,NA,NA,NA,NA,NA,NA,NA,NA,2011,8,TRUE,FALSE,TRUE,"Summer chick",0.45,109.365849602313
"Common Tern","WIXN",NA,NA,"DD","20401","STEHIR",NA,3,227,95.2,2011-08-30,1899-12-31 20:00:00,"Atlit Salt-Pans",32.695,34.932,"Yosef Kiat",NA,NA,NA,"IXN",NA,95,NA,NA,"I","X","N",NA,"W",30,8,NA,NA,NA,NA,NA,NA,NA,NA,NA,NA,NA,NA,NA,NA,NA,NA,2011,8,TRUE,FALSE,TRUE,"Summer chick",0.419383259911894,104.584614505437
"Common Tern","WIXP",NA,NA,"DD","20403","STEHIR",NA,3,242,120.1,2011-08-30,1899-12-31 20:00:00,"Atlit Salt-Pans",32.695,34.932,"Yosef Kiat",NA,NA,NA,"IXP",NA,109,NA,NA,"I","X","P",NA,"W",30,8,NA,NA,NA,NA,NA,NA,NA,NA,NA,NA,NA,NA,NA,NA,NA,NA,2011,8,TRUE,FALSE,TRUE,"Summer chick",0.496280991735537,121.476863498369
"Common Tern","WIXS",NA,NA,"DD","20405","STEHIR",NA,3,254,105.6,2011-08-30,1899-12-31 20:00:00,"Atlit Salt-Pans",32.695,34.932,"Yosef Kiat",NA,NA,NA,"IXS",NA,111,NA,NA,"I","X","S",NA,"W",30,8,NA,NA,NA,NA,NA,NA,NA,NA,NA,NA,NA,NA,NA,NA,NA,NA,2011,8,TRUE,FALSE,TRUE,"Summer chick",0.415748031496063,100.340610653298
"Common Tern","WIXT",NA,NA,"DD","20406","STEHIR",NA,3,262,124,2011-08-30,1899-12-31 20:00:00,"Atlit Salt-Pans",32.695,34.932,"Yosef Kiat",NA,NA,NA,"IXT",NA,116,NA,NA,"I","X","T",NA,"W",30,8,NA,NA,NA,NA,NA,NA,NA,NA,NA,NA,NA,NA,NA,NA,NA,NA,2011,8,TRUE,FALSE,TRUE,"Summer chick",0.473282442748092,113.199866115319
"Common Tern","WIXX",NA,NA,"DD","20408","STEHIR",NA,3,253,109.8,2011-08-30,1899-12-31 21:15:00,"Atlit Salt-Pans",32.695,34.932,"Yosef Kiat",NA,NA,NA,"IXX",NA,109,NA,NA,"I","X","X",NA,"W",30,8,NA,NA,NA,NA,NA,NA,NA,NA,NA,NA,NA,NA,NA,NA,NA,NA,2011,8,TRUE,FALSE,TRUE,"Summer chick",0.43399209486166,104.864175274813
"Common Tern","WITX",NA,"R","DD","20371","STEHIR",NA,3,232,106.5,2011-08-30,1899-12-31 21:15:00,"Atlit Salt-Pans",32.695,34.932,"Yosef Kiat",NA,NA,NA,"ITX",NA,105,NA,NA,"I","T","X",NA,"W",30,8,NA,NA,NA,NA,NA,NA,NA,NA,NA,NA,NA,NA,NA,NA,NA,NA,2011,8,FALSE,TRUE,TRUE,"Summer chick",0.459051724137931,113.753162431578
"Common Tern","GI5P",NA,NA,"DD","20663","STEHIR",NA,3,183,109.4,2012-06-25,1899-12-31 00:30:00,"Atlit Salt-Pans",32.695,34.932,"Yosef Kiat",NA,NA,NA,"I5P",NA,NA,NA,NA,"I","5","P",NA,"G",25,6,NA,NA,NA,NA,NA,NA,NA,NA,NA,NA,NA,NA,NA,NA,NA,NA,2012,6,TRUE,FALSE,TRUE,"Summer chick",0.597814207650273,158.732837200077
"Common Tern","GI5R",NA,NA,"DD","20664","STEHIR",NA,3,217,116.5,2012-07-01,1899-12-31 20:30:00,"Atlit Salt-Pans",32.695,34.932,"Yosef Kiat",NA,NA,NA,"I5R",NA,83,NA,NA,"I","5","R",NA,"G",1,7,NA,NA,NA,NA,NA,NA,NA,NA,NA,NA,NA,NA,NA,NA,NA,NA,2012,7,TRUE,FALSE,TRUE,"Summer chick",0.536866359447005,135.649901209819
"Common Tern","GI5S",NA,NA,"DD","20665","STEHIR",NA,3,234,131,2012-07-01,1899-12-31 20:30:00,"Atlit Salt-Pans",32.695,34.932,"Yosef Kiat",NA,NA,NA,"I5S",NA,111,NA,NA,"I","5","S",NA,"G",1,7,NA,NA,NA,NA,NA,NA,NA,NA,NA,NA,NA,NA,NA,NA,NA,NA,2012,7,TRUE,FALSE,TRUE,"Summer chick",0.55982905982906,138.379559143073
"Common Tern","GI5U",NA,NA,"DD","20667","STEHIR",NA,3,230,108,2012-07-01,1899-12-31 20:30:00,"Atlit Salt-Pans",32.695,34.932,"Yosef Kiat",NA,NA,NA,"I5U",NA,107,NA,NA,"I","5","U",NA,"G",1,7,NA,NA,NA,NA,NA,NA,NA,NA,NA,NA,NA,NA,NA,NA,NA,NA,2012,7,TRUE,FALSE,TRUE,"Summer chick",0.469565217391304,116.652090165057
"Common Tern","YGLR","+",NA,"DD","20668","STEHIR",NA,3,216,128.4,2012-07-01,1899-12-31 20:30:00,"Atlit Salt-Pans",32.695,34.932,"Yosef Kiat",NA,NA,NA,"GLR",NA,90,NA,NA,"G","L","R",NA,"Y",1,7,NA,NA,NA,NA,NA,"I5V",NA,NA,NA,NA,NA,NA,NA,NA,NA,NA,2012,7,TRUE,FALSE,TRUE,"Summer chick",0.594444444444444,150.400262751654
"Common Tern","WGBY","+",NA,"DD","20669","STEHIR",NA,3,239,111,2012-07-01,1899-12-31 20:30:00,"Atlit Salt-Pans",32.695,34.932,"Yosef Kiat",NA,NA,NA,"GBY",NA,110,NA,NA,"G","B","Y",NA,"W",1,7,NA,NA,NA,NA,NA,"I5X",NA,NA,NA,NA,NA,NA,NA,NA,NA,NA,2012,7,TRUE,FALSE,TRUE,"Summer chick",0.464435146443515,114.095436711257
"Common Tern","GI6E",NA,NA,"DD","20676","STEHIR",NA,3,229,124.6,2012-07-01,1899-12-31 21:00:00,"Atlit Salt-Pans",32.695,34.932,"Yosef Kiat",NA,NA,NA,"I6E",NA,107,NA,NA,"I","6","E",NA,"G",1,7,NA,NA,NA,NA,NA,NA,NA,NA,NA,NA,NA,NA,NA,NA,NA,NA,2012,7,TRUE,FALSE,TRUE,"Summer chick",0.54410480349345,135.341228703576
"Common Tern","GI6F",NA,NA,"DD","20677","STEHIR",NA,3,229,130,2012-07-01,1899-12-31 21:00:00,"Atlit Salt-Pans",32.695,34.932,"Yosef Kiat",NA,NA,NA,"I6F",NA,100,NA,NA,"I","6","F",NA,"G",1,7,NA,NA,NA,NA,NA,NA,NA,NA,NA,NA,NA,NA,NA,NA,NA,NA,2012,7,TRUE,FALSE,TRUE,"Summer chick",0.567685589519651,141.206739417857
"Common Tern","GI6J",NA,NA,"DD","20680","STEHIR",NA,3,198,123.5,2012-07-01,1899-12-31 22:00:00,"Atlit Salt-Pans",32.695,34.932,"Yosef Kiat",NA,NA,NA,"I6J",NA,82,NA,NA,"I","6","J",NA,"G",1,7,NA,NA,NA,NA,NA,NA,NA,NA,NA,NA,NA,NA,NA,NA,NA,NA,2012,7,TRUE,FALSE,TRUE,"Summer chick",0.623737373737374,161.860562462534
"Common Tern","GI6M",NA,NA,"DD","20683","STEHIR",NA,3,227,117.2,2012-07-02,1899-12-31,"Atlit Salt-Pans",32.695,34.932,"Yosef Kiat",NA,NA,NA,"I6M",NA,103,NA,NA,"I","6","M",NA,"G",2,7,NA,NA,NA,NA,NA,NA,NA,NA,NA,NA,NA,NA,NA,NA,NA,NA,2012,7,TRUE,FALSE,TRUE,"Summer chick",0.516299559471366,128.753327941567
"Common Tern","GI6P",NA,NA,"DD","20686","STEHIR",NA,3,231,107.8,2012-07-02,1899-12-31 00:30:00,"Atlit Salt-Pans",32.695,34.932,"Yosef Kiat",NA,NA,NA,"I6P",NA,105,NA,NA,"I","6","P",NA,"G",2,7,NA,NA,NA,NA,NA,NA,NA,NA,NA,NA,NA,NA,NA,NA,NA,NA,2012,7,TRUE,FALSE,TRUE,"Summer chick",0.466666666666667,115.785673725827
"Common Tern","GI6R",NA,NA,"DD","20687","STEHIR",NA,3,255,115.2,2012-07-11,1899-12-31 21:30:00,"Atlit Salt-Pans",32.695,34.932,"Yosef Kiat",NA,NA,NA,"I6R",NA,115,NA,NA,"I","6","R",NA,"G",11,7,NA,NA,NA,NA,NA,NA,NA,NA,NA,NA,NA,NA,NA,NA,NA,NA,2012,7,TRUE,FALSE,TRUE,"Summer chick",0.451764705882353,108.908558089447
"Common Tern","GI6S",NA,NA,"DD","20688","STEHIR",NA,3,218,109.1,2012-07-11,1899-12-31 21:30:00,"Atlit Salt-Pans",32.695,34.932,"Yosef Kiat",NA,NA,NA,"I6S",NA,92,NA,NA,"I","6","S",NA,"G",11,7,NA,NA,NA,NA,NA,NA,NA,NA,NA,NA,NA,NA,NA,NA,NA,NA,2012,7,TRUE,FALSE,TRUE,"Summer chick",0.50045871559633,126.281636229031
"Common Tern","NGTU","+",NA,"DD","20689","STEHIR",NA,3,224,111.3,2012-07-11,1899-12-31 21:30:00,"Atlit Salt-Pans",32.695,34.932,"Yosef Kiat",NA,NA,NA,"GTU",NA,100,NA,NA,"G","T","U",NA,"N",11,7,NA,NA,NA,NA,NA,"I6T",NA,NA,NA,NA,NA,NA,NA,NA,NA,NA,2012,7,TRUE,FALSE,TRUE,"Summer chick",0.496875,124.390165146865
"Common Tern","GI6J",NA,"R","DD","20680","STEHIR",NA,3,240,117.7,2012-07-11,1899-12-31 21:30:00,"Atlit Salt-Pans",32.695,34.932,"Yosef Kiat",NA,NA,NA,"I6J",NA,115,NA,NA,"I","6","J",NA,"G",11,7,NA,NA,NA,NA,NA,NA,NA,NA,NA,NA,NA,NA,NA,NA,NA,NA,2012,7,FALSE,TRUE,TRUE,"Summer chick",0.490416666666667,120.331816556361
"Common Tern","GI6U",NA,NA,"DD","20690","STEHIR",NA,3,253,120.5,2012-07-11,1899-12-31 21:30:00,"Atlit Salt-Pans",32.695,34.932,"Yosef Kiat",NA,NA,NA,"I6U",NA,120,NA,NA,"I","6","U",NA,"G",11,7,NA,NA,NA,NA,NA,NA,NA,NA,NA,NA,NA,NA,NA,NA,NA,NA,2012,7,TRUE,FALSE,TRUE,"Summer chick",0.476284584980237,115.083179604872
"Common Tern","GI6V",NA,NA,"DD","20691","STEHIR",NA,3,221,120.2,2012-07-11,1899-12-31 21:30:00,"Atlit Salt-Pans",32.695,34.932,"Yosef Kiat",NA,NA,NA,"I6V",NA,95,NA,NA,"I","6","V",NA,"G",11,7,NA,NA,NA,NA,NA,NA,NA,NA,NA,NA,NA,NA,NA,NA,NA,NA,2012,7,TRUE,FALSE,TRUE,"Summer chick",0.543891402714932,136.696049577073
"Common Tern","GI6X",NA,NA,"DD","20692","STEHIR",NA,3,210,119.3,2012-07-11,1899-12-31 21:30:00,"Atlit Salt-Pans",32.695,34.932,"Yosef Kiat",NA,NA,NA,"I6X",NA,81,NA,NA,"I","6","X",NA,"G",11,7,NA,NA,NA,NA,NA,NA,NA,NA,NA,NA,NA,NA,NA,NA,NA,NA,2012,7,TRUE,FALSE,TRUE,"Summer chick",0.568095238095238,144.917380011474
"Common Tern","GI6Y",NA,NA,"DD","20693","STEHIR",NA,3,259,139.8,2012-07-11,1899-12-31 21:30:00,"Atlit Salt-Pans",32.695,34.932,"Yosef Kiat",NA,NA,NA,"I6Y",NA,122,NA,NA,"I","6","Y",NA,"G",11,7,NA,NA,NA,NA,NA,NA,NA,NA,NA,NA,NA,NA,NA,NA,NA,NA,2012,7,TRUE,FALSE,TRUE,"Summer chick",0.53976833976834,129.535586850943
"Common Tern","GI7A",NA,NA,"DD","20695","STEHIR",NA,3,232,130.2,2012-07-11,1899-12-31 21:30:00,"Atlit Salt-Pans",32.695,34.932,"Yosef Kiat",NA,NA,NA,"I7A",NA,103,NA,NA,"I","7","A",NA,"G",11,7,NA,NA,NA,NA,NA,NA,NA,NA,NA,NA,NA,NA,NA,NA,NA,NA,2012,7,TRUE,FALSE,TRUE,"Summer chick",0.561206896551724,139.067246465647
"Common Tern","GI7B",NA,NA,"DD","20696","STEHIR",NA,3,195,104.5,2012-07-11,1899-12-31 21:30:00,"Atlit Salt-Pans",32.695,34.932,"Yosef Kiat",NA,NA,NA,"I7B",NA,77,NA,NA,"I","7","B",NA,"G",11,7,NA,NA,NA,NA,NA,NA,NA,NA,NA,NA,NA,NA,NA,NA,NA,NA,2012,7,TRUE,FALSE,TRUE,"Summer chick",0.535897435897436,139.68552928635
"Common Tern","GI7C",NA,NA,"DD","20697","STEHIR",NA,3,225,111.8,2012-07-11,1899-12-31 22:30:00,"Atlit Salt-Pans",32.695,34.932,"Yosef Kiat",NA,NA,NA,"I7C",NA,100,NA,NA,"I","7","C",NA,"G",11,7,NA,NA,NA,NA,NA,NA,NA,NA,NA,NA,NA,NA,NA,NA,NA,NA,2012,7,TRUE,FALSE,TRUE,"Summer chick",0.496888888888889,124.232425282111
"Common Tern","GI7D",NA,NA,"DD","20698","STEHIR",NA,3,222,125.2,2012-07-11,1899-12-31 22:30:00,"Atlit Salt-Pans",32.695,34.932,"Yosef Kiat",NA,NA,NA,"I7D",NA,98,NA,NA,"I","7","D",NA,"G",11,7,NA,NA,NA,NA,NA,NA,NA,NA,NA,NA,NA,NA,NA,NA,NA,NA,2012,7,TRUE,FALSE,TRUE,"Summer chick",0.563963963963964,141.554694198283
"Common Tern","GI7G",NA,NA,"DD","20701","STEHIR",NA,3,238,114.7,2012-07-11,1899-12-31 22:30:00,"Atlit Salt-Pans",32.695,34.932,"Yosef Kiat",NA,NA,NA,"I7G",NA,107,NA,NA,"I","7","G",NA,"G",11,7,NA,NA,NA,NA,NA,NA,NA,NA,NA,NA,NA,NA,NA,NA,NA,NA,2012,7,TRUE,FALSE,TRUE,"Summer chick",0.481932773109244,118.538606346925
"Common Tern","GI7H",NA,NA,"DD","20702","STEHIR",NA,3,224,106.2,2012-07-11,1899-12-31 23:30:00,"Atlit Salt-Pans",32.695,34.932,"Yosef Kiat",NA,NA,NA,"I7H",NA,93,NA,NA,"I","7","H",NA,"G",11,7,NA,NA,NA,NA,NA,NA,NA,NA,NA,NA,NA,NA,NA,NA,NA,NA,2012,7,TRUE,FALSE,TRUE,"Summer chick",0.474107142857143,118.690346258733
"Common Tern","GI7P",NA,NA,"DD","20710","STEHIR","M",3,228,102.3,2012-07-18,1899-12-31 21:00:00,"Atlit Salt-Pans",32.695,34.932,"Yosef Kiat",NA,NA,NA,"I7P",NA,89,NA,NA,"I","7","P",NA,"G",18,7,NA,NA,NA,NA,NA,NA,NA,NA,NA,NA,NA,NA,NA,NA,NA,NA,2012,7,TRUE,FALSE,TRUE,"Summer chick",0.448684210526316,111.748500020105
"Common Tern","GI7H",NA,"R","DD","20702","STEHIR",NA,3,247,103.5,2012-07-18,1899-12-31 21:00:00,"Atlit Salt-Pans",32.695,34.932,"Yosef Kiat",NA,NA,NA,"I7H",NA,115,NA,NA,"I","7","H",NA,"G",18,7,NA,NA,NA,NA,NA,NA,NA,NA,NA,NA,NA,NA,NA,NA,NA,NA,2012,7,FALSE,TRUE,TRUE,"Summer chick",0.419028340080972,101.958513306482
"Common Tern","GI7V",NA,NA,"DD","20714","STEHIR",NA,3,215,102,2012-07-18,1899-12-31 21:00:00,"Atlit Salt-Pans",32.695,34.932,"Yosef Kiat",NA,NA,NA,"I7V",NA,91,NA,NA,"I","7","V",NA,"G",18,7,NA,NA,NA,NA,NA,NA,NA,NA,NA,NA,NA,NA,NA,NA,NA,NA,2012,7,TRUE,FALSE,TRUE,"Summer chick",0.474418604651163,120.194826935207
"Common Tern","GI7U",NA,NA,"DD","20715","STEHIR",NA,3,246,121.6,2012-07-18,1899-12-31 21:00:00,"Atlit Salt-Pans",32.695,34.932,"Yosef Kiat",NA,NA,NA,"I7U",NA,111,NA,NA,"I","7","U",NA,"G",18,7,NA,NA,NA,NA,NA,NA,NA,NA,NA,NA,NA,NA,NA,NA,NA,NA,2012,7,TRUE,FALSE,TRUE,"Summer chick",0.494308943089431,120.418030126904
"Common Tern","GI7X",NA,NA,"DD","20716","STEHIR",NA,3,201,107.8,2012-07-18,1899-12-31 21:00:00,"Atlit Salt-Pans",32.695,34.932,"Yosef Kiat",NA,NA,NA,"I7X",NA,81,NA,NA,"I","7","X",NA,"G",18,7,NA,NA,NA,NA,NA,NA,NA,NA,NA,NA,NA,NA,NA,NA,NA,NA,2012,7,TRUE,FALSE,TRUE,"Summer chick",0.536318407960199,138.567235031937
"Common Tern","GI7Y",NA,NA,"DD","20717","STEHIR",NA,3,261,122,2012-07-18,1899-12-31 21:00:00,"Atlit Salt-Pans",32.695,34.932,"Yosef Kiat",NA,NA,NA,"I7Y",NA,114,NA,NA,"I","7","Y",NA,"G",18,7,NA,NA,NA,NA,NA,NA,NA,NA,NA,NA,NA,NA,NA,NA,NA,NA,2012,7,TRUE,FALSE,TRUE,"Summer chick",0.467432950191571,111.925326993645
"Common Tern","GI7Z",NA,NA,"DD","20718","STEHIR",NA,3,260,115.5,2012-07-18,1899-12-31 21:30:00,"Atlit Salt-Pans",32.695,34.932,"Yosef Kiat",NA,NA,NA,"I7Z",NA,116,NA,NA,"I","7","Z",NA,"G",18,7,NA,NA,NA,NA,NA,NA,NA,NA,NA,NA,NA,NA,NA,NA,NA,NA,2012,7,TRUE,FALSE,TRUE,"Summer chick",0.444230769230769,106.488588399552
"Common Tern","GI8A",NA,NA,"DD","20719","STEHIR",NA,3,207,111.2,2012-07-18,1899-12-31 21:30:00,"Atlit Salt-Pans",32.695,34.932,"Yosef Kiat",NA,NA,NA,"I8A",NA,84,NA,NA,"I","8","A",NA,"G",18,7,NA,NA,NA,NA,NA,NA,NA,NA,NA,NA,NA,NA,NA,NA,NA,NA,2012,7,TRUE,FALSE,TRUE,"Summer chick",0.53719806763285,137.610989520634
"Common Tern","GI8B",NA,NA,"DD","20720","STEHIR",NA,3,277,107,2012-07-18,1899-12-31 21:30:00,"Atlit Salt-Pans",32.695,34.932,"Yosef Kiat",NA,NA,NA,"I8B",NA,120,NA,NA,"I","8","B",NA,"G",18,7,NA,NA,NA,NA,NA,NA,NA,NA,NA,NA,NA,NA,NA,NA,NA,NA,2012,7,TRUE,FALSE,TRUE,"Summer chick",0.386281588447653,90.9054836828442
"Common Tern","GI8C",NA,NA,"DD","20721","STEHIR",NA,3,264,123.3,2012-07-18,1899-12-31 21:30:00,"Atlit Salt-Pans",32.695,34.932,"Yosef Kiat",NA,NA,NA,"I8C",NA,114,NA,NA,"I","8","C",NA,"G",18,7,NA,NA,NA,NA,NA,NA,NA,NA,NA,NA,NA,NA,NA,NA,NA,NA,2012,7,TRUE,FALSE,TRUE,"Summer chick",0.467045454545455,111.461048174626
"Common Tern","GI8E",NA,NA,"DD","20723","STEHIR",NA,3,252,115.3,2012-07-18,1899-12-31 21:30:00,"Atlit Salt-Pans",32.695,34.932,"Yosef Kiat",NA,NA,NA,"I8E",NA,108,NA,NA,"I","8","E",NA,"G",18,7,NA,NA,NA,NA,NA,NA,NA,NA,NA,NA,NA,NA,NA,NA,NA,NA,2012,7,TRUE,FALSE,TRUE,"Summer chick",0.457539682539683,110.681454343676
"Common Tern","GI8F",NA,NA,"DD","20724","STEHIR",NA,3,248,116,2012-07-18,1899-12-31 21:30:00,"Atlit Salt-Pans",32.695,34.932,"Yosef Kiat",NA,NA,NA,"I8F",NA,117,NA,NA,"I","8","F",NA,"G",18,7,NA,NA,NA,NA,NA,NA,NA,NA,NA,NA,NA,NA,NA,NA,NA,NA,2012,7,TRUE,FALSE,TRUE,"Summer chick",0.467741935483871,113.677764819608
"Common Tern","GI8G",NA,NA,"DD","20725","STEHIR",NA,3,222,110,2012-07-18,1899-12-31 21:30:00,"Atlit Salt-Pans",32.695,34.932,"Yosef Kiat",NA,NA,NA,"I8G",NA,96,NA,NA,"I","8","G",NA,"G",18,7,NA,NA,NA,NA,NA,NA,NA,NA,NA,NA,NA,NA,NA,NA,NA,NA,2012,7,TRUE,FALSE,TRUE,"Summer chick",0.495495495495495,124.369140270057
"Common Tern","GI8H",NA,NA,"DD","20726","STEHIR",NA,3,254,106,2012-07-18,1899-12-31 21:30:00,"Atlit Salt-Pans",32.695,34.932,"Yosef Kiat",NA,NA,NA,"I8H",NA,101,NA,NA,"I","8","H",NA,"G",18,7,NA,NA,NA,NA,NA,NA,NA,NA,NA,NA,NA,NA,NA,NA,NA,NA,2012,7,TRUE,FALSE,TRUE,"Summer chick",0.417322834645669,100.720688723954
"Common Tern","GI8J",NA,NA,"DD","20727","STEHIR",NA,3,228,115.9,2012-07-18,1899-12-31 21:30:00,"Atlit Salt-Pans",32.695,34.932,"Yosef Kiat",NA,NA,NA,"I8J",NA,102,NA,NA,"I","8","J",NA,"G",18,7,NA,NA,NA,NA,NA,NA,NA,NA,NA,NA,NA,NA,NA,NA,NA,NA,2012,7,TRUE,FALSE,TRUE,"Summer chick",0.508333333333333,126.604605594625
"Common Tern","WGGM","+",NA,"DD","20730","STEHIR",NA,3,255,110.5,2012-07-18,1899-12-31 21:30:00,"Atlit Salt-Pans",32.695,34.932,"Yosef Kiat",NA,NA,NA,"GGM",NA,104,NA,NA,"G","G","M",NA,"W",18,7,NA,NA,NA,NA,NA,"I8M",NA,NA,NA,NA,NA,NA,NA,NA,NA,NA,2012,7,TRUE,FALSE,TRUE,"Summer chick",0.433333333333333,104.465240181284
"Common Tern","GI8N",NA,NA,"DD","20731","STEHIR",NA,3,263,116.7,2012-07-18,1899-12-31 21:30:00,"Atlit Salt-Pans",32.695,34.932,"Yosef Kiat",NA,NA,NA,"I8N",NA,120,NA,NA,"I","8","N",NA,"G",18,7,NA,NA,NA,NA,NA,NA,NA,NA,NA,NA,NA,NA,NA,NA,NA,NA,2012,7,TRUE,FALSE,TRUE,"Summer chick",0.443726235741445,106.012954898066
"Common Tern","GI80",NA,NA,"DD","20732","STEHIR",NA,3,243,94.3,2012-07-18,1899-12-31 21:30:00,"Atlit Salt-Pans",32.695,34.932,"Yosef Kiat",NA,NA,NA,"I80",NA,109,NA,NA,"I","8","0",NA,"G",18,7,NA,NA,NA,NA,NA,NA,NA,NA,NA,NA,NA,NA,NA,NA,NA,NA,2012,7,TRUE,FALSE,TRUE,"Summer chick",0.388065843621399,94.8745947177828
"Common Tern","GI8P",NA,NA,"DD","20733","STEHIR",NA,3,224,115.6,2012-07-18,1899-12-31 21:30:00,"Atlit Salt-Pans",32.695,34.932,"Yosef Kiat",NA,NA,NA,"I8P",NA,105,NA,NA,"I","8","P",NA,"G",18,7,NA,NA,NA,NA,NA,NA,NA,NA,NA,NA,NA,NA,NA,NA,NA,NA,2012,7,TRUE,FALSE,TRUE,"Summer chick",0.516071428571429,129.195894797642
"Common Tern","GI8R",NA,NA,"DD","20734","STEHIR",NA,3,266,117.5,2012-07-18,1899-12-31 21:30:00,"Atlit Salt-Pans",32.695,34.932,"Yosef Kiat",NA,NA,NA,"I8R",NA,116,NA,NA,"I","8","R",NA,"G",18,7,NA,NA,NA,NA,NA,NA,NA,NA,NA,NA,NA,NA,NA,NA,NA,NA,2012,7,TRUE,FALSE,TRUE,"Summer chick",0.441729323308271,105.187931248277
"Common Tern","GI8S",NA,NA,"DD","20735","STEHIR",NA,3,228,116,2012-07-18,1899-12-31 21:30:00,"Atlit Salt-Pans",32.695,34.932,"Yosef Kiat",NA,NA,NA,"I8S",NA,92,NA,NA,"I","8","S",NA,"G",18,7,NA,NA,NA,NA,NA,NA,NA,NA,NA,NA,NA,NA,NA,NA,NA,NA,2012,7,TRUE,FALSE,TRUE,"Summer chick",0.508771929824561,126.713841665026
"Common Tern","GI8U",NA,NA,"DD","20736","STEHIR",NA,3,252,99.5,2012-07-18,1899-12-31 21:30:00,"Atlit Salt-Pans",32.695,34.932,"Yosef Kiat",NA,NA,NA,"I8U",NA,109,NA,NA,"I","8","U",NA,"G",18,7,NA,NA,NA,NA,NA,NA,NA,NA,NA,NA,NA,NA,NA,NA,NA,NA,2012,7,TRUE,FALSE,TRUE,"Summer chick",0.39484126984127,95.5143513199982
"Common Tern","RGAH","+",NA,"DD","20737","STEHIR",NA,3,254,113.1,2012-07-18,1899-12-31 21:30:00,"Atlit Salt-Pans",32.695,34.932,"Yosef Kiat",NA,NA,NA,"GAH",NA,112,NA,NA,"G","A","H",NA,"R",18,7,NA,NA,NA,NA,NA,"I8V",NA,NA,NA,NA,NA,NA,NA,NA,NA,NA,2012,7,TRUE,FALSE,TRUE,"Summer chick",0.445275590551181,107.467074478106
"Common Tern",NA,NA,NA,"DD","20738","STEHIR",NA,3,248,101,2012-07-18,1899-12-31 21:30:00,"Atlit Salt-Pans",32.695,34.932,"Yosef Kiat",NA,NA,NA,NA,NA,117,NA,NA,NA,NA,NA,NA,NA,18,7,NA,NA,NA,NA,NA,NA,NA,NA,NA,NA,NA,NA,NA,NA,NA,NA,2012,7,TRUE,FALSE,TRUE,"Summer chick",0.407258064516129,98.9780538515554
"Common Tern","GI8Y",NA,NA,"DD","20740","STEHIR",NA,3,260,102.1,2012-07-18,1899-12-31 21:30:00,"Atlit Salt-Pans",32.695,34.932,"Yosef Kiat",NA,NA,NA,"I8Y",NA,110,NA,NA,"I","8","Y",NA,"G",18,7,NA,NA,NA,NA,NA,NA,NA,NA,NA,NA,NA,NA,NA,NA,NA,NA,2012,7,TRUE,FALSE,TRUE,"Summer chick",0.392692307692308,94.1340681869631
"Common Tern","NI08","+",NA,"DD","20741","STEHIR","M",3,256,113.7,2012-07-18,1899-12-31 21:30:00,"Atlit Salt-Pans",32.695,34.932,"Yosef Kiat",NA,NA,NA,"I08",NA,112,NA,NA,"I","0","8",NA,"N",18,7,NA,NA,NA,NA,NA,"I8Z",NA,NA,NA,NA,NA,NA,NA,NA,NA,NA,2012,7,TRUE,FALSE,TRUE,"Summer chick",0.444140625,106.948654411381
"Common Tern","GI9A",NA,NA,"DD","20742","STEHIR",NA,3,254,105.5,2012-07-18,1899-12-31 23:00:00,"Atlit Salt-Pans",32.695,34.932,"Yosef Kiat",NA,NA,NA,"I9A",NA,107,NA,NA,"I","9","A",NA,"G",18,7,NA,NA,NA,NA,NA,NA,NA,NA,NA,NA,NA,NA,NA,NA,NA,NA,2012,7,TRUE,FALSE,TRUE,"Summer chick",0.415354330708661,100.245591135634
"Common Tern","GI9B",NA,NA,"DD","20743","STEHIR",NA,3,259,106.2,2012-07-18,1899-12-31 23:00:00,"Atlit Salt-Pans",32.695,34.932,"Yosef Kiat",NA,NA,NA,"I9B",NA,116,NA,NA,"I","9","B",NA,"G",18,7,NA,NA,NA,NA,NA,NA,NA,NA,NA,NA,NA,NA,NA,NA,NA,NA,2012,7,TRUE,FALSE,TRUE,"Summer chick",0.41003861003861,98.4025702687421
"Common Tern","RIZF","+",NA,"DD","20746","STEHIR","M",3,239,104.4,2012-07-19,1899-12-31 01:00:00,"Atlit Salt-Pans",32.695,34.932,"Yosef Kiat",NA,NA,NA,"IZF",NA,112,NA,NA,"I","Z","F",NA,"R",19,7,NA,NA,NA,NA,NA,"I9E",NA,NA,NA,NA,NA,NA,NA,NA,NA,NA,2012,7,TRUE,FALSE,TRUE,"Summer chick",0.436820083682008,107.311383717615
"Common Tern","GI9F",NA,NA,"DD","20747","STEHIR",NA,3,250,114,2012-07-19,1899-12-31 01:00:00,"Atlit Salt-Pans",32.695,34.932,"Yosef Kiat",NA,NA,NA,"I9F",NA,108,NA,NA,"I","9","F",NA,"G",19,7,NA,NA,NA,NA,NA,NA,NA,NA,NA,NA,NA,NA,NA,NA,NA,NA,2012,7,TRUE,FALSE,TRUE,"Summer chick",0.456,110.565198592799
"Common Tern","GI9H",NA,NA,"DD","20749","STEHIR","F",3,267,103.5,2012-07-19,1899-12-31 01:00:00,"Atlit Salt-Pans",32.695,34.932,"Yosef Kiat",NA,NA,NA,"I9H",NA,117,NA,NA,"I","9","H",NA,"G",19,7,NA,NA,NA,NA,NA,NA,NA,NA,NA,NA,NA,NA,NA,NA,NA,NA,2012,7,TRUE,FALSE,TRUE,"Summer chick",0.387640449438202,92.207089748919
"Common Tern","GI9J",NA,NA,"DD","20750","STEHIR",NA,3,219,107,2012-07-19,1899-12-31 01:00:00,"Atlit Salt-Pans",32.695,34.932,"Yosef Kiat",NA,NA,NA,"I9J",NA,98,NA,NA,"I","9","J",NA,"G",19,7,NA,NA,NA,NA,NA,NA,NA,NA,NA,NA,NA,NA,NA,NA,NA,NA,2012,7,TRUE,FALSE,TRUE,"Summer chick",0.488584474885845,123.121222772615
"Common Tern","GI9K",NA,NA,"DD","20751","STEHIR",NA,3,263,104,2012-07-19,1899-12-31 01:00:00,"Atlit Salt-Pans",32.695,34.932,"Yosef Kiat",NA,NA,NA,"I9K",NA,112,NA,NA,"I","9","K",NA,"G",19,7,NA,NA,NA,NA,NA,NA,NA,NA,NA,NA,NA,NA,NA,NA,NA,NA,2012,7,TRUE,FALSE,TRUE,"Summer chick",0.395437262357414,94.4759837994763
"Common Tern","GI9L",NA,NA,"DD","20752","STEHIR",NA,3,238,102.9,2012-07-19,1899-12-31 01:00:00,"Atlit Salt-Pans",32.695,34.932,"Yosef Kiat",NA,NA,NA,"I9L",NA,107,NA,NA,"I","9","L",NA,"G",19,7,NA,NA,NA,NA,NA,NA,NA,NA,NA,NA,NA,NA,NA,NA,NA,NA,2012,7,TRUE,FALSE,TRUE,"Summer chick",0.432352941176471,106.343701770694
"Common Tern","GI9M",NA,NA,"DD","20753","STEHIR",NA,3,222,113,2012-07-19,1899-12-31 01:00:00,"Atlit Salt-Pans",32.695,34.932,"Yosef Kiat",NA,NA,NA,"I9M",NA,95,NA,NA,"I","9","M",NA,"G",19,7,NA,NA,NA,NA,NA,NA,NA,NA,NA,NA,NA,NA,NA,NA,NA,NA,2012,7,TRUE,FALSE,TRUE,"Summer chick",0.509009009009009,127.761025913786
"Common Tern","GI9N",NA,NA,"DD","20754","STEHIR",NA,3,245,99.7,2012-07-19,1899-12-31 01:00:00,"Atlit Salt-Pans",32.695,34.932,"Yosef Kiat",NA,NA,NA,"I9N",NA,112,NA,NA,"I","9","N",NA,"G",19,7,NA,NA,NA,NA,NA,NA,NA,NA,NA,NA,NA,NA,NA,NA,NA,NA,2012,7,TRUE,FALSE,TRUE,"Summer chick",0.406938775510204,99.2515200904772
"Common Tern","GI90",NA,NA,"DD","20755","STEHIR",NA,3,260,125,2012-07-19,1899-12-31 01:00:00,"Atlit Salt-Pans",32.695,34.932,"Yosef Kiat",NA,NA,NA,"I90",NA,113,NA,NA,"I","9","0",NA,"G",19,7,NA,NA,NA,NA,NA,NA,NA,NA,NA,NA,NA,NA,NA,NA,NA,NA,2012,7,TRUE,FALSE,TRUE,"Summer chick",0.480769230769231,115.247390042805
"Common Tern","GI9P",NA,NA,"DD","20756","STEHIR",NA,3,211,105.7,2012-07-19,1899-12-31 01:00:00,"Atlit Salt-Pans",32.695,34.932,"Yosef Kiat",NA,NA,NA,"I9P",NA,102,NA,NA,"I","9","P",NA,"G",19,7,NA,NA,NA,NA,NA,NA,NA,NA,NA,NA,NA,NA,NA,NA,NA,NA,2012,7,TRUE,FALSE,TRUE,"Summer chick",0.500947867298578,127.611900817377
"Common Tern","GI9S",NA,NA,"DD","20758","STEHIR",NA,3,228,99.7,2012-07-19,1899-12-31 01:00:00,"Atlit Salt-Pans",32.695,34.932,"Yosef Kiat",NA,NA,NA,"I9S",NA,94,NA,NA,"I","9","S",NA,"G",19,7,NA,NA,NA,NA,NA,NA,NA,NA,NA,NA,NA,NA,NA,NA,NA,NA,2012,7,TRUE,FALSE,TRUE,"Summer chick",0.437280701754386,108.908362189682
"Common Tern","GI9U",NA,NA,"DD","20760","STEHIR",NA,3,258,104.4,2012-07-19,1899-12-31 02:00:00,"Atlit Salt-Pans",32.695,34.932,"Yosef Kiat",NA,NA,NA,"I9U",NA,110,NA,NA,"I","9","U",NA,"G",19,7,NA,NA,NA,NA,NA,NA,NA,NA,NA,NA,NA,NA,NA,NA,NA,NA,2012,7,TRUE,FALSE,TRUE,"Summer chick",0.404651162790698,97.2191059993769
"Common Tern","GI9V",NA,NA,"DD","20761","STEHIR",NA,3,277,110.5,2012-07-19,1899-12-31 02:00:00,"Atlit Salt-Pans",32.695,34.932,"Yosef Kiat",NA,NA,NA,"I9V",NA,114,NA,NA,"I","9","V",NA,"G",19,7,NA,NA,NA,NA,NA,NA,NA,NA,NA,NA,NA,NA,NA,NA,NA,NA,2012,7,TRUE,FALSE,TRUE,"Summer chick",0.398916967509025,93.8790275416288
"Common Tern","GI9X",NA,NA,"DD","20762","STEHIR",NA,3,259,112.3,2012-07-19,1899-12-31 02:00:00,"Atlit Salt-Pans",32.695,34.932,"Yosef Kiat",NA,NA,NA,"I9X",NA,120,NA,NA,"I","9","X",NA,"G",19,7,NA,NA,NA,NA,NA,NA,NA,NA,NA,NA,NA,NA,NA,NA,NA,NA,2012,7,TRUE,FALSE,TRUE,"Summer chick",0.433590733590734,104.054695303011
"Common Tern","GI9Z",NA,NA,"DD","20764","STEHIR",NA,3,257,106,2012-07-22,1899-12-31 21:30:00,"Atlit Salt-Pans",32.695,34.932,"Yosef Kiat",NA,NA,NA,"I9Z",NA,127,NA,NA,"I","9","Z",NA,"G",22,7,NA,NA,NA,NA,NA,NA,NA,NA,NA,NA,NA,NA,NA,NA,NA,NA,2012,7,TRUE,FALSE,TRUE,"Summer chick",0.412451361867704,99.2052401255834
"Common Tern","GI00",NA,NA,"DD","20765","STEHIR",NA,3,259,107.2,2012-07-22,1899-12-31 22:30:00,"Atlit Salt-Pans",32.695,34.932,"Yosef Kiat",NA,NA,NA,"I00",NA,122,NA,NA,"I","0","0",NA,"G",22,7,NA,NA,NA,NA,NA,NA,NA,NA,NA,NA,NA,NA,NA,NA,NA,NA,2012,7,TRUE,FALSE,TRUE,"Summer chick",0.413899613899614,99.3291481432124
"Common Tern","GI01",NA,NA,"DD","20766","STEHIR",NA,3,245,104.4,2012-07-22,1899-12-31 22:30:00,"Atlit Salt-Pans",32.695,34.932,"Yosef Kiat",NA,NA,NA,"I01",NA,109,NA,NA,"I","0","1",NA,"G",22,7,NA,NA,NA,NA,NA,NA,NA,NA,NA,NA,NA,NA,NA,NA,NA,NA,2012,7,TRUE,FALSE,TRUE,"Summer chick",0.426122448979592,103.930378108785
"Common Tern","GI02",NA,NA,"DD","20767","STEHIR",NA,3,267,117.4,2012-07-22,1899-12-31 22:30:00,"Atlit Salt-Pans",32.695,34.932,"Yosef Kiat",NA,NA,NA,"I02",NA,107,NA,NA,"I","0","2",NA,"G",22,7,NA,NA,NA,NA,NA,NA,NA,NA,NA,NA,NA,NA,NA,NA,NA,NA,2012,7,TRUE,FALSE,TRUE,"Summer chick",0.439700374531835,104.590457357711
"Common Tern","GI03",NA,NA,"DD","20768","STEHIR",NA,3,256,107.6,2012-07-22,1899-12-31 22:30:00,"Atlit Salt-Pans",32.695,34.932,"Yosef Kiat",NA,NA,NA,"I03",NA,112,NA,NA,"I","0","3",NA,"G",22,7,NA,NA,NA,NA,NA,NA,NA,NA,NA,NA,NA,NA,NA,NA,NA,NA,2012,7,TRUE,FALSE,TRUE,"Summer chick",0.4203125,101.210863805318
"Common Tern","GI04",NA,NA,"DD","20769","STEHIR",NA,3,242,90.4,2012-07-22,1899-12-31 22:30:00,"Atlit Salt-Pans",32.695,34.932,"Yosef Kiat",NA,NA,NA,"I04",NA,100,NA,NA,"I","0","4",NA,"G",22,7,NA,NA,NA,NA,NA,NA,NA,NA,NA,NA,NA,NA,NA,NA,NA,NA,2012,7,TRUE,FALSE,TRUE,"Summer chick",0.373553719008265,91.436373524168
"Common Tern","GI06",NA,NA,"DD","20771","STEHIR",NA,3,263,111.4,2012-07-22,1899-12-31 22:30:00,"Atlit Salt-Pans",32.695,34.932,"Yosef Kiat",NA,NA,NA,"I06",NA,115,NA,NA,"I","0","6",NA,"G",22,7,NA,NA,NA,NA,NA,NA,NA,NA,NA,NA,NA,NA,NA,NA,NA,NA,2012,7,TRUE,FALSE,TRUE,"Summer chick",0.423574144486692,101.198313415977
"Common Tern","GI08",NA,NA,"DD","20773","STEHIR",NA,3,259,112.1,2012-07-22,1899-12-31 22:30:00,"Atlit Salt-Pans",32.695,34.932,"Yosef Kiat",NA,NA,NA,"I08",NA,114,NA,NA,"I","0","8",NA,"G",22,7,NA,NA,NA,NA,NA,NA,NA,NA,NA,NA,NA,NA,NA,NA,NA,NA,2012,7,TRUE,FALSE,TRUE,"Summer chick",0.432818532818533,103.869379728117
"Common Tern","GI09",NA,NA,"DD","20774","STEHIR",NA,3,250,104.1,2012-07-22,1899-12-31 22:30:00,"Atlit Salt-Pans",32.695,34.932,"Yosef Kiat",NA,NA,NA,"I09",NA,106,NA,NA,"I","0","9",NA,"G",22,7,NA,NA,NA,NA,NA,NA,NA,NA,NA,NA,NA,NA,NA,NA,NA,NA,2012,7,TRUE,FALSE,TRUE,"Summer chick",0.4164,100.963483978162
"Common Tern","GI10",NA,NA,"DD","20775","STEHIR",NA,3,251,114.6,2012-07-22,1899-12-31 23:00:00,"Atlit Salt-Pans",32.695,34.932,"Yosef Kiat",NA,NA,NA,"I10",NA,112,NA,NA,"I","1","0",NA,"G",22,7,NA,NA,NA,NA,NA,NA,NA,NA,NA,NA,NA,NA,NA,NA,NA,NA,2012,7,TRUE,FALSE,TRUE,"Summer chick",0.456573705179283,110.575711306856
"Common Tern","GI11",NA,NA,"DD","20776","STEHIR",NA,3,200,106.4,2012-07-23,1899-12-31 01:00:00,"Atlit Salt-Pans",32.695,34.932,"Yosef Kiat",NA,NA,NA,"I11",NA,86,NA,NA,"I","1","1",NA,"G",23,7,NA,NA,NA,NA,NA,NA,NA,NA,NA,NA,NA,NA,NA,NA,NA,NA,2012,7,TRUE,FALSE,TRUE,"Summer chick",0.532,137.651236943314
"Common Tern","GI12",NA,NA,"DD","20777","STEHIR",NA,3,254,103,2012-07-23,1899-12-31 01:00:00,"Atlit Salt-Pans",32.695,34.932,"Yosef Kiat",NA,NA,NA,"I12",NA,116,NA,NA,"I","1","2",NA,"G",23,7,NA,NA,NA,NA,NA,NA,NA,NA,NA,NA,NA,NA,NA,NA,NA,NA,2012,7,TRUE,FALSE,TRUE,"Summer chick",0.405511811023622,97.8701031940309
"Common Tern","GI15",NA,NA,"DD","20780","STEHIR",NA,3,259,112.4,2012-07-31,1899-12-31 21:00:00,"Atlit Salt-Pans",32.695,34.932,"Yosef Kiat",NA,NA,NA,"I15",NA,106,NA,NA,"I","1","5",NA,"G",31,7,NA,NA,NA,NA,NA,NA,NA,NA,NA,NA,NA,NA,NA,NA,NA,NA,2012,7,TRUE,FALSE,TRUE,"Summer chick",0.433976833976834,104.147353090458
"Common Tern","GI16",NA,NA,"DD","20781","STEHIR",NA,3,255,116,2012-07-31,1899-12-31 21:00:00,"Atlit Salt-Pans",32.695,34.932,"Yosef Kiat",NA,NA,NA,"I16",NA,110,NA,NA,"I","1","6",NA,"G",31,7,NA,NA,NA,NA,NA,NA,NA,NA,NA,NA,NA,NA,NA,NA,NA,NA,2012,7,TRUE,FALSE,TRUE,"Summer chick",0.454901960784314,109.664867520624
"Common Tern","GI18",NA,NA,"DD","20783","STEHIR","M",3,220,109.1,2012-07-31,1899-12-31 21:00:00,"Atlit Salt-Pans",32.695,34.932,"Yosef Kiat",NA,NA,NA,"I18",NA,99,NA,NA,"I","1","8",NA,"G",31,7,NA,NA,NA,NA,NA,NA,NA,NA,NA,NA,NA,NA,NA,NA,NA,NA,2012,7,TRUE,FALSE,TRUE,"Summer chick",0.495909090909091,124.80134823893
"Common Tern","GI19",NA,NA,"DD","20784","STEHIR",NA,3,243,114.2,2012-07-31,1899-12-31 21:00:00,"Atlit Salt-Pans",32.695,34.932,"Yosef Kiat",NA,NA,NA,"I19",NA,102,NA,NA,"I","1","9",NA,"G",31,7,NA,NA,NA,NA,NA,NA,NA,NA,NA,NA,NA,NA,NA,NA,NA,NA,2012,7,TRUE,FALSE,TRUE,"Summer chick",0.469958847736626,114.895850655046
"Common Tern","GI20",NA,NA,"DD","20785","STEHIR",NA,3,256,122,2012-07-31,1899-12-31 21:00:00,"Atlit Salt-Pans",32.695,34.932,"Yosef Kiat",NA,NA,NA,"I20",NA,115,NA,NA,"I","2","0",NA,"G",31,7,NA,NA,NA,NA,NA,NA,NA,NA,NA,NA,NA,NA,NA,NA,NA,NA,2012,7,TRUE,FALSE,TRUE,"Summer chick",0.4765625,114.755812121271
"Common Tern","GI26",NA,NA,"DD","20791","STEHIR",NA,3,257,104.6,2012-07-31,1899-12-31 21:00:00,"Atlit Salt-Pans",32.695,34.932,"Yosef Kiat",NA,NA,NA,"I26",NA,115,NA,NA,"I","2","6",NA,"G",31,7,NA,NA,NA,NA,NA,NA,NA,NA,NA,NA,NA,NA,NA,NA,NA,NA,2012,7,TRUE,FALSE,TRUE,"Summer chick",0.407003891050584,97.8949822371323
"Common Tern","GI27",NA,NA,"DD","20792","STEHIR",NA,3,242,111,2012-07-31,1899-12-31 21:00:00,"Atlit Salt-Pans",32.695,34.932,"Yosef Kiat",NA,NA,NA,"I27",NA,110,NA,NA,"I","2","7",NA,"G",31,7,NA,NA,NA,NA,NA,NA,NA,NA,NA,NA,NA,NA,NA,NA,NA,NA,2012,7,TRUE,FALSE,TRUE,"Summer chick",0.458677685950413,112.272538287419
"Common Tern","GI30",NA,NA,"DD","20795","STEHIR",NA,3,250,125.5,2012-07-31,1899-12-31 21:00:00,"Atlit Salt-Pans",32.695,34.932,"Yosef Kiat",NA,NA,NA,"I30",NA,111,NA,NA,"I","3","0",NA,"G",31,7,NA,NA,NA,NA,NA,NA,NA,NA,NA,NA,NA,NA,NA,NA,NA,NA,2012,7,TRUE,FALSE,TRUE,"Summer chick",0.502,121.718705468389
"Common Tern","GI31",NA,NA,"DD","20796","STEHIR",NA,3,262,138,2012-07-31,1899-12-31 21:00:00,"Atlit Salt-Pans",32.695,34.932,"Yosef Kiat",NA,NA,NA,"I31",NA,117,NA,NA,"I","3","1",NA,"G",31,7,NA,NA,NA,NA,NA,NA,NA,NA,NA,NA,NA,NA,NA,NA,NA,NA,2012,7,TRUE,FALSE,TRUE,"Summer chick",0.526717557251908,125.980496160597
"Common Tern","GI33",NA,NA,"DD","20798","STEHIR",NA,3,253,128.2,2012-07-31,1899-12-31 21:00:00,"Atlit Salt-Pans",32.695,34.932,"Yosef Kiat",NA,NA,NA,"I33",NA,113,NA,NA,"I","3","3",NA,"G",31,7,NA,NA,NA,NA,NA,NA,NA,NA,NA,NA,NA,NA,NA,NA,NA,NA,2012,7,TRUE,FALSE,TRUE,"Summer chick",0.506719367588933,122.43704253398
"Common Tern","GI34",NA,NA,"DD","20799","STEHIR",NA,3,265,125,2012-07-31,1899-12-31 21:00:00,"Atlit Salt-Pans",32.695,34.932,"Yosef Kiat",NA,NA,NA,"I34",NA,123,NA,NA,"I","3","4",NA,"G",31,7,NA,NA,NA,NA,NA,NA,NA,NA,NA,NA,NA,NA,NA,NA,NA,NA,2012,7,TRUE,FALSE,TRUE,"Summer chick",0.471698113207547,112.447568068096
"Common Tern","GI36",NA,NA,"DD","20801","STEHIR",NA,3,258,105.2,2012-07-31,1899-12-31 23:30:00,"Atlit Salt-Pans",32.695,34.932,"Yosef Kiat",NA,NA,NA,"I36",NA,115,NA,NA,"I","3","6",NA,"G",31,7,NA,NA,NA,NA,NA,NA,NA,NA,NA,NA,NA,NA,NA,NA,NA,NA,2012,7,TRUE,FALSE,TRUE,"Summer chick",0.407751937984496,97.9640799917093
"Common Tern","GI37",NA,NA,"DD","20802","STEHIR",NA,3,236,112.2,2012-07-31,1899-12-31 23:30:00,"Atlit Salt-Pans",32.695,34.932,"Yosef Kiat",NA,NA,NA,"I37",NA,112,NA,NA,"I","3","7",NA,"G",31,7,NA,NA,NA,NA,NA,NA,NA,NA,NA,NA,NA,NA,NA,NA,NA,NA,2012,7,TRUE,FALSE,TRUE,"Summer chick",0.475423728813559,117.22527051007
"Common Tern","GI40",NA,NA,"DD","20805","STEHIR",NA,3,258,107.2,2012-07-31,1899-12-31 23:30:00,"Atlit Salt-Pans",32.695,34.932,"Yosef Kiat",NA,NA,NA,"I40",NA,125,NA,NA,"I","4","0",NA,"G",31,7,NA,NA,NA,NA,NA,NA,NA,NA,NA,NA,NA,NA,NA,NA,NA,NA,2012,7,TRUE,FALSE,TRUE,"Summer chick",0.415503875968992,99.8265149725403
"Common Tern","GI41",NA,NA,"DD","20806","STEHIR",NA,3,213,104.8,2012-07-31,1899-12-31 23:30:00,"Atlit Salt-Pans",32.695,34.932,"Yosef Kiat",NA,NA,NA,"I41",NA,92,NA,NA,"I","4","1",NA,"G",31,7,NA,NA,NA,NA,NA,NA,NA,NA,NA,NA,NA,NA,NA,NA,NA,NA,2012,7,TRUE,FALSE,TRUE,"Summer chick",0.492018779342723,124.993508928988
"Common Tern","GI42",NA,NA,"DD","20807","STEHIR",NA,3,262,126.2,2012-08-01,1899-12-31 01:00:00,"Atlit Salt-Pans",32.695,34.932,"Yosef Kiat",NA,NA,NA,"I42",NA,116,NA,NA,"I","4","2",NA,"G",1,8,NA,NA,NA,NA,NA,NA,NA,NA,NA,NA,NA,NA,NA,NA,NA,NA,2012,8,TRUE,FALSE,TRUE,"Summer chick",0.481679389312977,115.20825083672
"Common Tern","GI43",NA,NA,"DD","20808","STEHIR",NA,3,249,108,2012-08-01,1899-12-31 01:00:00,"Atlit Salt-Pans",32.695,34.932,"Yosef Kiat",NA,NA,NA,"I43",NA,109,NA,NA,"I","4","3",NA,"G",1,8,NA,NA,NA,NA,NA,NA,NA,NA,NA,NA,NA,NA,NA,NA,NA,NA,2012,8,TRUE,FALSE,TRUE,"Summer chick",0.433734939759036,105.289436451846
"Common Tern","GI45",NA,NA,"DD","20810","STEHIR",NA,3,246,116.5,2012-08-01,1899-12-31 01:00:00,"Atlit Salt-Pans",32.695,34.932,"Yosef Kiat",NA,NA,NA,"I45",NA,116,NA,NA,"I","4","5",NA,"G",1,8,NA,NA,NA,NA,NA,NA,NA,NA,NA,NA,NA,NA,NA,NA,NA,NA,2012,8,TRUE,FALSE,TRUE,"Summer chick",0.473577235772358,115.367602876516
"Common Tern","GI46",NA,NA,"DD","20811","STEHIR",NA,3,255,132,2012-08-06,1899-12-31 21:00:00,"Atlit Salt-Pans",32.695,34.932,"Yosef Kiat",NA,NA,NA,"I46",NA,109,NA,NA,"I","4","6",NA,"G",6,8,NA,NA,NA,NA,NA,NA,NA,NA,NA,NA,NA,NA,NA,NA,NA,NA,2012,8,TRUE,FALSE,TRUE,"Summer chick",0.517647058823529,124.791056144158
"Common Tern","GI47",NA,NA,"DD","20812","STEHIR",NA,3,208,110,2012-08-06,1899-12-31 21:00:00,"Atlit Salt-Pans",32.695,34.932,"Yosef Kiat",NA,NA,NA,"I47",NA,82,NA,NA,"I","4","7",NA,"G",6,8,NA,NA,NA,NA,NA,NA,NA,NA,NA,NA,NA,NA,NA,NA,NA,NA,2012,8,TRUE,FALSE,TRUE,"Summer chick",0.528846153846154,135.281578616303
"Common Tern","GI48",NA,NA,"DD","20813","STEHIR",NA,3,242,110,2012-08-06,1899-12-31 21:00:00,"Atlit Salt-Pans",32.695,34.932,"Yosef Kiat",NA,NA,NA,"I48",NA,109,NA,NA,"I","4","8",NA,"G",6,8,NA,NA,NA,NA,NA,NA,NA,NA,NA,NA,NA,NA,NA,NA,NA,NA,2012,8,TRUE,FALSE,TRUE,"Summer chick",0.454545454545455,111.261073978523
"Common Tern","GI49",NA,NA,"DD","20814","STEHIR",NA,3,193,87,2012-08-06,1899-12-31 21:00:00,"Atlit Salt-Pans",32.695,34.932,"Yosef Kiat",NA,NA,NA,"I49",NA,78,NA,NA,"I","4","9",NA,"G",6,8,NA,NA,NA,NA,NA,NA,NA,NA,NA,NA,NA,NA,NA,NA,NA,NA,2012,8,TRUE,FALSE,TRUE,"Summer chick",0.450777202072539,117.851530527151
"Common Tern","GI50",NA,NA,"DD","20815","STEHIR",NA,3,207,92,2012-08-06,1899-12-31 21:00:00,"Atlit Salt-Pans",32.695,34.932,"Yosef Kiat",NA,NA,NA,"I50",NA,89,NA,NA,"I","5","0",NA,"G",6,8,NA,NA,NA,NA,NA,NA,NA,NA,NA,NA,NA,NA,NA,NA,NA,NA,2012,8,TRUE,FALSE,TRUE,"Summer chick",0.444444444444444,113.850818668151
"Common Tern","GI54",NA,NA,"DD","20819","STEHIR",NA,3,254,129,2012-08-06,1899-12-31 23:30:00,"Atlit Salt-Pans",32.695,34.932,"Yosef Kiat",NA,NA,NA,"I54",NA,110,NA,NA,"I","5","4",NA,"G",6,8,NA,NA,NA,NA,NA,NA,NA,NA,NA,NA,NA,NA,NA,NA,NA,NA,2012,8,TRUE,FALSE,TRUE,"Summer chick",0.507874015748031,122.575177786699
"Common Tern","RGAP","+",NA,"DD","20973","STEHIR",NA,3,196,104,2013-06-30,1899-12-31 21:30:00,"Atlit Salt-Pans",32.695,34.932,"Yosef Kiat",NA,NA,NA,"GAP",NA,89,NA,NA,"G","A","P",NA,"R",30,6,NA,NA,NA,NA,NA,"IVG",NA,NA,NA,NA,NA,NA,NA,NA,NA,NA,2013,6,TRUE,FALSE,TRUE,"Summer chick",0.530612244897959,138.102086250176
"Common Tern","WIVK",NA,NA,"DD","20976","STEHIR",NA,3,205,106,2013-06-30,1899-12-31 21:30:00,"Atlit Salt-Pans",32.695,34.932,"Yosef Kiat",NA,NA,NA,"IVK",NA,88,NA,NA,"I","V","K",NA,"W",30,6,NA,NA,NA,NA,NA,NA,NA,NA,NA,NA,NA,NA,NA,NA,NA,NA,2013,6,TRUE,FALSE,TRUE,"Summer chick",0.517073170731707,132.830647315094
"Common Tern","WIVV",NA,NA,"DD","20985","STEHIR",NA,3,185,100,2013-07-01,1899-12-31 00:30:00,"Atlit Salt-Pans",32.695,34.932,"Yosef Kiat",NA,NA,NA,"IVV",NA,73,NA,NA,"I","V","V",NA,"W",1,7,NA,NA,NA,NA,NA,NA,NA,NA,NA,NA,NA,NA,NA,NA,NA,NA,2013,7,TRUE,FALSE,TRUE,"Summer chick",0.540540540540541,143.071927229465
"Common Tern","WIVW",NA,NA,"DD","20986","STEHIR",NA,3,221,112,2013-07-10,1899-12-31 21:00:00,"Atlit Salt-Pans",32.695,34.932,"Yosef Kiat",NA,NA,NA,"IVW",NA,90,NA,NA,"I","V","W",NA,"W",10,7,NA,NA,NA,NA,NA,NA,NA,NA,NA,NA,NA,NA,NA,NA,NA,NA,2013,7,TRUE,FALSE,TRUE,"Summer chick",0.506787330316742,127.370695113412
"Common Tern","WIVX",NA,NA,"DD","20987","STEHIR",NA,3,226,134,2013-07-10,1899-12-31 21:00:00,"Atlit Salt-Pans",32.695,34.932,"Yosef Kiat",NA,NA,NA,"IVX",NA,98,NA,NA,"I","V","X",NA,"W",10,7,NA,NA,NA,NA,NA,NA,NA,NA,NA,NA,NA,NA,NA,NA,NA,NA,2013,7,TRUE,FALSE,TRUE,"Summer chick",0.592920353982301,148.050989691265
"Common Tern","WIVY",NA,NA,"DD","20988","STEHIR",NA,3,218,115,2013-07-10,1899-12-31 21:00:00,"Atlit Salt-Pans",32.695,34.932,"Yosef Kiat",NA,NA,NA,"IVY",NA,96,NA,NA,"I","V","Y",NA,"W",10,7,NA,NA,NA,NA,NA,NA,NA,NA,NA,NA,NA,NA,NA,NA,NA,NA,2013,7,TRUE,FALSE,TRUE,"Summer chick",0.527522935779816,133.11079895819
"Common Tern","WIVZ",NA,NA,"DD","20989","STEHIR",NA,3,213,104,2013-07-10,1899-12-31 21:00:00,"Atlit Salt-Pans",32.695,34.932,"Yosef Kiat",NA,NA,NA,"IVZ",NA,92,NA,NA,"I","V","Z",NA,"W",10,7,NA,NA,NA,NA,NA,NA,NA,NA,NA,NA,NA,NA,NA,NA,NA,NA,2013,7,TRUE,FALSE,TRUE,"Summer chick",0.488262910798122,124.039360005866
"Common Tern","WIWA",NA,NA,"DD","20990","STEHIR",NA,3,259,129,2013-07-10,1899-12-31 21:00:00,"Atlit Salt-Pans",32.695,34.932,"Yosef Kiat",NA,NA,NA,"IWA",NA,115,NA,NA,"I","W","A",NA,"W",10,7,NA,NA,NA,NA,NA,NA,NA,NA,NA,NA,NA,NA,NA,NA,NA,NA,2013,7,TRUE,FALSE,TRUE,"Summer chick",0.498069498069498,119.528545806664
"Common Tern","WIWB",NA,NA,"DD","20991","STEHIR",NA,3,247,106,2013-07-10,1899-12-31 21:00:00,"Atlit Salt-Pans",32.695,34.932,"Yosef Kiat",NA,NA,NA,"IWB",NA,124,NA,NA,"I","W","B",NA,"W",10,7,NA,NA,NA,NA,NA,NA,NA,NA,NA,NA,NA,NA,NA,NA,NA,NA,2013,7,TRUE,FALSE,TRUE,"Summer chick",0.42914979757085,104.421279328377
"Common Tern","WIWC",NA,NA,"DD","20992","STEHIR",NA,3,255,114,2013-07-10,1899-12-31 21:00:00,"Atlit Salt-Pans",32.695,34.932,"Yosef Kiat",NA,NA,NA,"IWC",NA,125,NA,NA,"I","W","C",NA,"W",10,7,NA,NA,NA,NA,NA,NA,NA,NA,NA,NA,NA,NA,NA,NA,NA,NA,2013,7,TRUE,FALSE,TRUE,"Summer chick",0.447058823529412,107.774093942682
"Common Tern","WIWD",NA,NA,"DD","20993","STEHIR",NA,3,248,114,2013-07-10,1899-12-31 21:00:00,"Atlit Salt-Pans",32.695,34.932,"Yosef Kiat",NA,NA,NA,"IWD",NA,115,NA,NA,"I","W","D",NA,"W",10,7,NA,NA,NA,NA,NA,NA,NA,NA,NA,NA,NA,NA,NA,NA,NA,NA,2013,7,TRUE,FALSE,TRUE,"Summer chick",0.459677419354839,111.717803357201
"Common Tern","WIWE",NA,NA,"DD","20994","STEHIR",NA,3,234,126,2013-07-10,1899-12-31 21:00:00,"Atlit Salt-Pans",32.695,34.932,"Yosef Kiat",NA,NA,NA,"IWE",NA,98,NA,NA,"I","W","E",NA,"W",10,7,NA,NA,NA,NA,NA,NA,NA,NA,NA,NA,NA,NA,NA,NA,NA,NA,2013,7,TRUE,FALSE,TRUE,"Summer chick",0.538461538461538,133.09789658036
"Common Tern","WIWF",NA,NA,"DD","20995","STEHIR",NA,3,217,106,2013-07-10,1899-12-31 21:00:00,"Atlit Salt-Pans",32.695,34.932,"Yosef Kiat",NA,NA,NA,"IWF",NA,80,NA,NA,"I","W","F",NA,"W",10,7,NA,NA,NA,NA,NA,NA,NA,NA,NA,NA,NA,NA,NA,NA,NA,NA,2013,7,TRUE,FALSE,TRUE,"Summer chick",0.488479262672811,123.423944448419
"Common Tern","WIWG",NA,NA,"DD","20996","STEHIR",NA,3,248,125,2013-07-10,1899-12-31 21:00:00,"Atlit Salt-Pans",32.695,34.932,"Yosef Kiat",NA,NA,NA,"IWG",NA,117,NA,NA,"I","W","G",NA,"W",10,7,NA,NA,NA,NA,NA,NA,NA,NA,NA,NA,NA,NA,NA,NA,NA,NA,2013,7,TRUE,FALSE,TRUE,"Summer chick",0.504032258064516,122.49759140044
"Common Tern","WIWM",NA,NA,"DD","21001","STEHIR",NA,3,233,112,2013-07-10,1899-12-31 21:00:00,"Atlit Salt-Pans",32.695,34.932,"Yosef Kiat",NA,NA,NA,"IWM",NA,98,NA,NA,"I","W","M",NA,"W",10,7,NA,NA,NA,NA,NA,NA,NA,NA,NA,NA,NA,NA,NA,NA,NA,NA,2013,7,TRUE,FALSE,TRUE,"Summer chick",0.48068669527897,118.965248878876
"Common Tern","WIWN",NA,NA,"DD","21002","STEHIR",NA,3,220,112,2013-07-10,1899-12-31 21:00:00,"Atlit Salt-Pans",32.695,34.932,"Yosef Kiat",NA,NA,NA,"IWN",NA,90,NA,NA,"I","W","N",NA,"W",10,7,NA,NA,NA,NA,NA,NA,NA,NA,NA,NA,NA,NA,NA,NA,NA,NA,2013,7,TRUE,FALSE,TRUE,"Summer chick",0.509090909090909,128.118707632999
"Common Tern","WIWP",NA,NA,"DD","21003","STEHIR",NA,3,208,110,2013-07-10,1899-12-31 21:00:00,"Atlit Salt-Pans",32.695,34.932,"Yosef Kiat",NA,NA,NA,"IWP",NA,86,NA,NA,"I","W","P",NA,"W",10,7,NA,NA,NA,NA,NA,NA,NA,NA,NA,NA,NA,NA,NA,NA,NA,NA,2013,7,TRUE,FALSE,TRUE,"Summer chick",0.528846153846154,135.281578616303
"Common Tern","WIWT",NA,NA,"DD","21006","STEHIR",NA,3,248,123,2013-07-10,1899-12-31 22:00:00,"Atlit Salt-Pans",32.695,34.932,"Yosef Kiat",NA,NA,NA,"IWT",NA,121,NA,NA,"I","W","T",NA,"W",10,7,NA,NA,NA,NA,NA,NA,NA,NA,NA,NA,NA,NA,NA,NA,NA,NA,2013,7,TRUE,FALSE,TRUE,"Summer chick",0.495967741935484,120.537629938033
"Common Tern","WIWU",NA,NA,"DD","21007","STEHIR",NA,3,225,112,2013-07-10,1899-12-31 22:00:00,"Atlit Salt-Pans",32.695,34.932,"Yosef Kiat",NA,NA,NA,"IWU",NA,100,NA,NA,"I","W","U",NA,"W",10,7,NA,NA,NA,NA,NA,NA,NA,NA,NA,NA,NA,NA,NA,NA,NA,NA,2013,7,TRUE,FALSE,TRUE,"Summer chick",0.497777777777778,124.454665756676
"Common Tern","WIWX",NA,NA,"DD","21010","STEHIR",NA,3,248,117,2013-07-10,1899-12-31 22:30:00,"Atlit Salt-Pans",32.695,34.932,"Yosef Kiat",NA,NA,NA,"IWX",NA,121,NA,NA,"I","W","X",NA,"W",10,7,NA,NA,NA,NA,NA,NA,NA,NA,NA,NA,NA,NA,NA,NA,NA,NA,2013,7,TRUE,FALSE,TRUE,"Summer chick",0.471774193548387,114.657745550812
"Common Tern","WIWY",NA,NA,"DD","21011","STEHIR",NA,3,227,119,2013-07-10,1899-12-31 22:30:00,"Atlit Salt-Pans",32.695,34.932,"Yosef Kiat",NA,NA,NA,"IWY",NA,101,NA,NA,"I","W","Y",NA,"W",10,7,NA,NA,NA,NA,NA,NA,NA,NA,NA,NA,NA,NA,NA,NA,NA,NA,2013,7,TRUE,FALSE,TRUE,"Summer chick",0.524229074889868,130.730768131796
"Common Tern","WGHM","+",NA,"DD","21013","STEHIR",NA,3,219,109,2013-07-10,1899-12-31 22:30:00,"Atlit Salt-Pans",32.695,34.932,"Yosef Kiat",NA,NA,NA,"GHM",NA,91,NA,NA,"G","H","M",NA,"W",10,7,NA,NA,NA,NA,NA,"IYA",NA,NA,NA,NA,NA,NA,NA,NA,NA,NA,2013,7,TRUE,FALSE,TRUE,"Summer chick",0.497716894977169,125.422554039393
"Common Tern","WIYB",NA,NA,"DD","21014","STEHIR",NA,3,255,115,2013-07-10,1899-12-31 22:30:00,"Atlit Salt-Pans",32.695,34.932,"Yosef Kiat",NA,NA,NA,"IYB",NA,113,NA,NA,"I","Y","B",NA,"W",10,7,NA,NA,NA,NA,NA,NA,NA,NA,NA,NA,NA,NA,NA,NA,NA,NA,2013,7,TRUE,FALSE,TRUE,"Summer chick",0.450980392156863,108.719480731653
"Common Tern","WIYC",NA,NA,"DD","21015","STEHIR","F",3,235,110,2013-07-10,1899-12-31 22:30:00,"Atlit Salt-Pans",32.695,34.932,"Yosef Kiat",NA,NA,NA,"IYC",NA,106,NA,NA,"I","Y","C",NA,"W",10,7,NA,NA,NA,NA,NA,NA,NA,NA,NA,NA,NA,NA,NA,NA,NA,NA,2013,7,TRUE,FALSE,TRUE,"Summer chick",0.468085106382979,115.558560996648
"Common Tern","YIRE","+",NA,"DD","21016","STEHIR",NA,3,264,119,2013-07-10,1899-12-31 22:30:00,"Atlit Salt-Pans",32.695,34.932,"Yosef Kiat",NA,NA,NA,"IRE",NA,120,NA,NA,"I","R","E",NA,"Y",10,7,NA,NA,NA,NA,NA,"IYD",NA,NA,NA,NA,NA,NA,NA,NA,NA,NA,2013,7,TRUE,FALSE,TRUE,"Summer chick",0.450757575757576,107.573923218009
"Common Tern","WIYF",NA,NA,"DD","21017","STEHIR",NA,3,227,112,2013-07-10,1899-12-31 22:30:00,"Atlit Salt-Pans",32.695,34.932,"Yosef Kiat",NA,NA,NA,"IYF",NA,100,NA,NA,"I","Y","F",NA,"W",10,7,NA,NA,NA,NA,NA,NA,NA,NA,NA,NA,NA,NA,NA,NA,NA,NA,2013,7,TRUE,FALSE,TRUE,"Summer chick",0.493392070484582,123.040722947573
"Common Tern","WIYG",NA,NA,"DD","21018","STEHIR",NA,3,255,115,2013-07-10,1899-12-31 23:00:00,"Atlit Salt-Pans",32.695,34.932,"Yosef Kiat",NA,NA,NA,"IYG",NA,114,NA,NA,"I","Y","G",NA,"W",10,7,NA,NA,NA,NA,NA,NA,NA,NA,NA,NA,NA,NA,NA,NA,NA,NA,2013,7,TRUE,FALSE,TRUE,"Summer chick",0.450980392156863,108.719480731653
"Common Tern","WIYH",NA,NA,"DD","21019","STEHIR",NA,3,256,118,2013-07-10,1899-12-31 23:00:00,"Atlit Salt-Pans",32.695,34.932,"Yosef Kiat",NA,NA,NA,"IYH",NA,129,NA,NA,"I","Y","H",NA,"W",10,7,NA,NA,NA,NA,NA,NA,NA,NA,NA,NA,NA,NA,NA,NA,NA,NA,2013,7,TRUE,FALSE,TRUE,"Summer chick",0.4609375,110.993326477951
"Common Tern","WIYJ",NA,NA,"DD","21020","STEHIR",NA,3,217,96,2013-07-10,1899-12-31 23:00:00,"Atlit Salt-Pans",32.695,34.932,"Yosef Kiat",NA,NA,NA,"IYJ",NA,92,NA,NA,"I","Y","J",NA,"W",10,7,NA,NA,NA,NA,NA,NA,NA,NA,NA,NA,NA,NA,NA,NA,NA,NA,2013,7,TRUE,FALSE,TRUE,"Summer chick",0.442396313364055,111.780176104228
"Common Tern","WIYK",NA,NA,"DD","21021","STEHIR",NA,3,241,118,2013-07-10,1899-12-31 23:00:00,"Atlit Salt-Pans",32.695,34.932,"Yosef Kiat",NA,NA,NA,"IYK",NA,111,NA,NA,"I","Y","K",NA,"W",10,7,NA,NA,NA,NA,NA,NA,NA,NA,NA,NA,NA,NA,NA,NA,NA,NA,2013,7,TRUE,FALSE,TRUE,"Summer chick",0.489626556016597,119.992600746291
"Common Tern","WIYL",NA,NA,"DD","21022","STEHIR",NA,3,246,117,2013-07-10,1899-12-31 23:00:00,"Atlit Salt-Pans",32.695,34.932,"Yosef Kiat",NA,NA,NA,"IYL",NA,115,NA,NA,"I","Y","L",NA,"W",10,7,NA,NA,NA,NA,NA,NA,NA,NA,NA,NA,NA,NA,NA,NA,NA,NA,2013,7,TRUE,FALSE,TRUE,"Summer chick",0.475609756097561,115.862742803025
"Common Tern","WIYP",NA,NA,"DD","21026","STEHIR",NA,3,260,111,2013-07-11,1899-12-31,"Atlit Salt-Pans",32.695,34.932,"Yosef Kiat",NA,NA,NA,"IYP",NA,108,NA,NA,"I","Y","P",NA,"W",11,7,NA,NA,NA,NA,NA,NA,NA,NA,NA,NA,NA,NA,NA,NA,NA,NA,2013,7,TRUE,FALSE,TRUE,"Summer chick",0.426923076923077,102.339682358011
"Common Tern","WIYR",NA,NA,"DD","21027","STEHIR",NA,3,237,110,2013-07-11,1899-12-31,"Atlit Salt-Pans",32.695,34.932,"Yosef Kiat",NA,NA,NA,"IYR",NA,115,NA,NA,"I","Y","R",NA,"W",11,7,NA,NA,NA,NA,NA,NA,NA,NA,NA,NA,NA,NA,NA,NA,NA,NA,2013,7,TRUE,FALSE,TRUE,"Summer chick",0.464135021097046,114.301014864112
"Common Tern","WIYS",NA,NA,"DD","21028","STEHIR",NA,3,247,117,2013-07-11,1899-12-31,"Atlit Salt-Pans",32.695,34.932,"Yosef Kiat",NA,NA,NA,"IYS",NA,112,NA,NA,"I","Y","S",NA,"W",11,7,NA,NA,NA,NA,NA,NA,NA,NA,NA,NA,NA,NA,NA,NA,NA,NA,2013,7,TRUE,FALSE,TRUE,"Summer chick",0.473684210526316,115.257449824718
"Common Tern","WIYU",NA,NA,"DD","21030","STEHIR",NA,3,231,108,2013-07-11,1899-12-31 01:00:00,"Atlit Salt-Pans",32.695,34.932,"Yosef Kiat",NA,NA,NA,"IYU",NA,106,NA,NA,"I","Y","U",NA,"W",11,7,NA,NA,NA,NA,NA,NA,NA,NA,NA,NA,NA,NA,NA,NA,NA,NA,2013,7,TRUE,FALSE,TRUE,"Summer chick",0.467532467532468,116.000489447026
"Common Tern","WIYZ",NA,NA,"DD","21035","STEHIR",NA,3,237,109,2013-07-17,1899-12-31 20:30:00,"Atlit Salt-Pans",32.695,34.932,"Yosef Kiat",NA,NA,NA,"IYZ",NA,107,NA,NA,"I","Y","Z",NA,"W",17,7,NA,NA,NA,NA,NA,NA,NA,NA,NA,NA,NA,NA,NA,NA,NA,NA,2013,7,TRUE,FALSE,TRUE,"Summer chick",0.459915611814346,113.261914728984
"Common Tern","WIC5",NA,NA,"DD","21062","STEHIR",NA,3,228,129,2013-07-17,1899-12-31 22:30:00,"Atlit Salt-Pans",32.695,34.932,"Yosef Kiat",NA,NA,NA,"IC5",NA,95,NA,NA,"I","C","5",NA,"W",17,7,NA,NA,NA,NA,NA,NA,NA,NA,NA,NA,NA,NA,NA,NA,NA,NA,2013,7,TRUE,FALSE,TRUE,"Summer chick",0.565789473684211,140.914530817141
"Common Tern","WIC7",NA,NA,"DD","21064","STEHIR",NA,3,234,119,2013-07-17,1899-12-31 22:30:00,"Atlit Salt-Pans",32.695,34.932,"Yosef Kiat",NA,NA,NA,"IC7",NA,136,NA,NA,"I","C","7",NA,"W",17,7,NA,NA,NA,NA,NA,NA,NA,NA,NA,NA,NA,NA,NA,NA,NA,NA,2013,7,TRUE,FALSE,TRUE,"Summer chick",0.508547008547009,125.703568992562
"Common Tern","WIC9",NA,NA,"DD","21066","STEHIR",NA,3,255,126,2013-07-17,1899-12-31 22:30:00,"Atlit Salt-Pans",32.695,34.932,"Yosef Kiat",NA,NA,NA,"IC9",NA,112,NA,NA,"I","C","9",NA,"W",17,7,NA,NA,NA,NA,NA,NA,NA,NA,NA,NA,NA,NA,NA,NA,NA,NA,2013,7,TRUE,FALSE,TRUE,"Summer chick",0.494117647058824,119.118735410333
"Common Tern","WID2",NA,NA,"DD","21069","STEHIR",NA,3,245,104,2013-07-18,1899-12-31,"Atlit Salt-Pans",32.695,34.932,"Yosef Kiat",NA,NA,NA,"ID2",NA,NA,NA,NA,"I","D","2",NA,"W",18,7,NA,NA,NA,NA,NA,NA,NA,NA,NA,NA,NA,NA,NA,NA,NA,NA,2013,7,TRUE,FALSE,TRUE,"Summer chick",0.424489795918367,103.532177426375
"Common Tern","YIH2","+",NA,"DD","21071","STEHIR",NA,3,230,132,2013-07-18,1899-12-31,"Atlit Salt-Pans",32.695,34.932,"Yosef Kiat",NA,NA,NA,"IH2",NA,93,NA,NA,"I","H","2",NA,"Y",18,7,NA,NA,NA,NA,NA,"ID4",NA,NA,NA,NA,NA,NA,NA,NA,NA,NA,2013,7,TRUE,FALSE,TRUE,"Summer chick",0.573913043478261,142.574776868403
"Common Tern","WID5",NA,NA,"DD","21072","STEHIR","M",3,256,133,2013-07-18,1899-12-31,"Atlit Salt-Pans",32.695,34.932,"Yosef Kiat",NA,NA,NA,"ID5",NA,NA,NA,NA,"I","D","5",NA,"W",18,7,NA,NA,NA,NA,NA,NA,NA,NA,NA,NA,NA,NA,NA,NA,NA,NA,2013,7,TRUE,FALSE,TRUE,"Summer chick",0.51953125,125.102647640402
"Common Tern","WID6",NA,NA,"DD","21073","STEHIR",NA,3,266,122,2013-07-18,1899-12-31,"Atlit Salt-Pans",32.695,34.932,"Yosef Kiat",NA,NA,NA,"ID6",NA,122,NA,NA,"I","D","6",NA,"W",18,7,NA,NA,NA,NA,NA,NA,NA,NA,NA,NA,NA,NA,NA,NA,NA,NA,2013,7,TRUE,FALSE,TRUE,"Summer chick",0.458646616541353,109.216405210977
"Common Tern","WID7",NA,NA,"DD","21074","STEHIR",NA,3,252,120,2013-07-18,1899-12-31,"Atlit Salt-Pans",32.695,34.932,"Yosef Kiat",NA,NA,NA,"ID7",NA,115,NA,NA,"I","D","7",NA,"W",18,7,NA,NA,NA,NA,NA,NA,NA,NA,NA,NA,NA,NA,NA,NA,NA,NA,2013,7,TRUE,FALSE,TRUE,"Summer chick",0.476190476190476,115.193187521606
"Common Tern","WID8",NA,NA,"DD","21075","STEHIR",NA,3,256,121,2013-07-18,1899-12-31,"Atlit Salt-Pans",32.695,34.932,"Yosef Kiat",NA,NA,NA,"ID8",NA,101,NA,NA,"I","D","8",NA,"W",18,7,NA,NA,NA,NA,NA,NA,NA,NA,NA,NA,NA,NA,NA,NA,NA,NA,2013,7,TRUE,FALSE,TRUE,"Summer chick",0.47265625,113.815190710441
"Common Tern","WID9",NA,NA,"DD","21076","STEHIR","F",3,250,127,2013-07-18,1899-12-31 01:00:00,"Atlit Salt-Pans",32.695,34.932,"Yosef Kiat",NA,NA,NA,"ID9",NA,120,NA,NA,"I","D","9",NA,"W",18,7,NA,NA,NA,NA,NA,NA,NA,NA,NA,NA,NA,NA,NA,NA,NA,NA,2013,7,TRUE,FALSE,TRUE,"Summer chick",0.508,123.173510713031
"Common Tern","WIE1",NA,NA,"DD","21078","STEHIR",NA,3,243,116,2013-07-18,1899-12-31 01:00:00,"Atlit Salt-Pans",32.695,34.932,"Yosef Kiat",NA,NA,NA,"IE1",NA,112,NA,NA,"I","E","1",NA,"W",18,7,NA,NA,NA,NA,NA,NA,NA,NA,NA,NA,NA,NA,NA,NA,NA,NA,2013,7,TRUE,FALSE,TRUE,"Summer chick",0.477366255144033,116.706818528768
"Common Tern","WIE2",NA,NA,"DD","21079","STEHIR",NA,3,244,111,2013-07-18,1899-12-31 02:00:00,"Atlit Salt-Pans",32.695,34.932,"Yosef Kiat",NA,NA,NA,"IE2",NA,111,NA,NA,"I","E","2",NA,"W",18,7,NA,NA,NA,NA,NA,NA,NA,NA,NA,NA,NA,NA,NA,NA,NA,NA,2013,7,TRUE,FALSE,TRUE,"Summer chick",0.454918032786885,111.08576094379
"Common Tern","WIE5",NA,NA,"DD","21082","STEHIR",NA,3,231,118,2013-07-23,1899-12-31 21:00:00,"Atlit Salt-Pans",32.695,34.932,"Yosef Kiat",NA,NA,NA,"IE5",NA,93,NA,NA,"I","E","5",NA,"W",23,7,NA,NA,NA,NA,NA,NA,NA,NA,NA,NA,NA,NA,NA,NA,NA,NA,2013,7,TRUE,FALSE,TRUE,"Summer chick",0.510822510822511,126.741275506935
"Common Tern","WIE6",NA,NA,"DD","21083","STEHIR",NA,3,201,104,2013-07-23,1899-12-31 21:30:00,"Atlit Salt-Pans",32.695,34.932,"Yosef Kiat",NA,NA,NA,"IE6",NA,83,NA,NA,"I","E","6",NA,"W",23,7,NA,NA,NA,NA,NA,NA,NA,NA,NA,NA,NA,NA,NA,NA,NA,NA,2013,7,TRUE,FALSE,TRUE,"Summer chick",0.517412935323383,133.682675726544
"Common Tern","WIE9",NA,NA,"DD","21086","STEHIR",NA,3,252,100,2013-07-23,1899-12-31 23:30:00,"Atlit Salt-Pans",32.695,34.932,"Yosef Kiat",NA,NA,NA,"IE9",NA,116,NA,NA,"I","E","9",NA,"W",23,7,NA,NA,NA,NA,NA,NA,NA,NA,NA,NA,NA,NA,NA,NA,NA,NA,2013,7,TRUE,FALSE,TRUE,"Summer chick",0.396825396825397,95.9943229346715
"Common Tern","WIF0",NA,NA,"DD","21087","STEHIR",NA,3,246,117,2013-07-30,1899-12-31 21:00:00,"Atlit Salt-Pans",32.695,34.932,"Yosef Kiat",NA,NA,NA,"IF0",NA,97,NA,NA,"I","F","0",NA,"W",30,7,NA,NA,NA,NA,NA,NA,NA,NA,NA,NA,NA,NA,NA,NA,NA,NA,2013,7,TRUE,FALSE,TRUE,"Summer chick",0.475609756097561,115.862742803025
"Common Tern","WIF1",NA,NA,"DD","21088","STEHIR",NA,3,258,116,2013-07-30,1899-12-31 21:00:00,"Atlit Salt-Pans",32.695,34.932,"Yosef Kiat",NA,NA,NA,"IF1",NA,115,NA,NA,"I","F","1",NA,"W",30,7,NA,NA,NA,NA,NA,NA,NA,NA,NA,NA,NA,NA,NA,NA,NA,NA,2013,7,TRUE,FALSE,TRUE,"Summer chick",0.449612403100775,108.021228888197
"Common Tern","WIF3",NA,NA,"DD","21090","STEHIR",NA,3,266,110,2013-07-30,1899-12-31 21:00:00,"Atlit Salt-Pans",32.695,34.932,"Yosef Kiat",NA,NA,NA,"IF3",NA,116,NA,NA,"I","F","3",NA,"W",30,7,NA,NA,NA,NA,NA,NA,NA,NA,NA,NA,NA,NA,NA,NA,NA,NA,2013,7,TRUE,FALSE,TRUE,"Summer chick",0.413533834586466,98.4738079771101
"Common Tern","WIF4",NA,NA,"DD","21091","STEHIR",NA,3,247,109,2013-07-30,1899-12-31 21:00:00,"Atlit Salt-Pans",32.695,34.932,"Yosef Kiat",NA,NA,NA,"IF4",NA,108,NA,NA,"I","F","4",NA,"W",30,7,NA,NA,NA,NA,NA,NA,NA,NA,NA,NA,NA,NA,NA,NA,NA,NA,2013,7,TRUE,FALSE,TRUE,"Summer chick",0.441295546558704,107.376598554652
"Common Tern","WIF5",NA,NA,"DD","21092","STEHIR",NA,3,269,139,2013-07-30,1899-12-31 21:00:00,"Atlit Salt-Pans",32.695,34.932,"Yosef Kiat",NA,NA,NA,"IF5",NA,114,NA,NA,"I","F","5",NA,"W",30,7,NA,NA,NA,NA,NA,NA,NA,NA,NA,NA,NA,NA,NA,NA,NA,NA,2013,7,TRUE,FALSE,TRUE,"Summer chick",0.516728624535316,122.646212198539
"Common Tern","WIF6",NA,NA,"DD","21093","STEHIR",NA,3,265,123,2013-07-30,1899-12-31 21:00:00,"Atlit Salt-Pans",32.695,34.932,"Yosef Kiat",NA,NA,NA,"IF6",NA,117,NA,NA,"I","F","6",NA,"W",30,7,NA,NA,NA,NA,NA,NA,NA,NA,NA,NA,NA,NA,NA,NA,NA,NA,2013,7,TRUE,FALSE,TRUE,"Summer chick",0.464150943396226,110.648406979007
"Common Tern","WIF7",NA,NA,"DD","21094","STEHIR",NA,3,259,114,2013-07-30,1899-12-31 21:00:00,"Atlit Salt-Pans",32.695,34.932,"Yosef Kiat",NA,NA,NA,"IF7",NA,113,NA,NA,"I","F","7",NA,"W",30,7,NA,NA,NA,NA,NA,NA,NA,NA,NA,NA,NA,NA,NA,NA,NA,NA,2013,7,TRUE,FALSE,TRUE,"Summer chick",0.44015444015444,105.62987768961
"Common Tern","WIF8",NA,NA,"DD","21095","STEHIR",NA,3,228,109,2013-07-30,1899-12-31 21:00:00,"Atlit Salt-Pans",32.695,34.932,"Yosef Kiat",NA,NA,NA,"IF8",NA,100,NA,NA,"I","F","8",NA,"W",30,7,NA,NA,NA,NA,NA,NA,NA,NA,NA,NA,NA,NA,NA,NA,NA,NA,2013,7,TRUE,FALSE,TRUE,"Summer chick",0.478070175438596,119.067316736964
"Common Tern","GIT0",NA,NA,"DD","21277","STEHIR",NA,3,204,126,2014-06-30,1899-12-31,"Atlit Salt-Pans",32.695,34.932,"Yosef Kiat",NA,NA,NA,"IT0",NA,NA,NA,NA,"I","T","0",NA,"G",30,6,NA,NA,NA,NA,NA,NA,NA,NA,NA,NA,NA,NA,NA,NA,NA,NA,2014,6,TRUE,FALSE,TRUE,"Summer chick",0.617647058823529,158.893073444225
"Common Tern","GIH0",NA,NA,"DD","21288","STEHIR",NA,3,220,115,2014-07-05,1899-12-31 23:00:00,"Atlit Salt-Pans",32.695,34.932,"Yosef Kiat",NA,NA,NA,"IH0",NA,96,NA,NA,"I","H","0",NA,"G",5,7,NA,NA,NA,NA,NA,NA,NA,NA,NA,NA,NA,NA,NA,NA,NA,NA,2014,7,TRUE,FALSE,TRUE,"Summer chick",0.522727272727273,131.550458730311
"Common Tern","GIH2",NA,NA,"DD","21290","STEHIR",NA,3,215,102,2014-07-09,1899-12-31 20:30:00,"Atlit Salt-Pans",32.695,34.932,"Yosef Kiat",NA,NA,NA,"IH2",NA,90,NA,NA,"I","H","2",NA,"G",9,7,NA,NA,NA,NA,NA,NA,NA,NA,NA,NA,NA,NA,NA,NA,NA,NA,2014,7,TRUE,FALSE,TRUE,"Summer chick",0.474418604651163,120.194826935207
"Common Tern","GIH3",NA,NA,"DD","21291","STEHIR",NA,3,202,108,2014-07-09,1899-12-31 21:00:00,"Atlit Salt-Pans",32.695,34.932,"Yosef Kiat",NA,NA,NA,"IH3",NA,84,NA,NA,"I","H","3",NA,"G",9,7,NA,NA,NA,NA,NA,NA,NA,NA,NA,NA,NA,NA,NA,NA,NA,NA,2014,7,TRUE,FALSE,TRUE,"Summer chick",0.534653465346535,137.937618994176
"Common Tern","GIH5",NA,NA,"DD","21293","STEHIR",NA,3,196,84,2014-07-09,1899-12-31 21:00:00,"Atlit Salt-Pans",32.695,34.932,"Yosef Kiat",NA,NA,NA,"IH5",NA,NA,NA,NA,"I","H","5",NA,"G",9,7,NA,NA,NA,NA,NA,NA,NA,NA,NA,NA,NA,NA,NA,NA,NA,NA,2014,7,TRUE,FALSE,TRUE,"Summer chick",0.428571428571429,111.543992740527
"Common Tern","GIJ4",NA,NA,"DD","21302","STEHIR",NA,3,185,121,2014-07-15,1899-12-31 20:30:00,"Atlit Salt-Pans",32.695,34.932,"Yosef Kiat",NA,NA,NA,"IJ4",NA,NA,NA,NA,"I","J","4",NA,"G",15,7,NA,NA,NA,NA,NA,NA,NA,NA,NA,NA,NA,NA,NA,NA,NA,NA,2014,7,TRUE,FALSE,TRUE,"Summer chick",0.654054054054054,173.117031947653
"Common Tern","GIJ5",NA,NA,"DD","21303","STEHIR",NA,3,256,121,2014-07-15,1899-12-31 20:30:00,"Atlit Salt-Pans",32.695,34.932,"Yosef Kiat",NA,NA,NA,"IJ5",NA,111,NA,NA,"I","J","5",NA,"G",15,7,NA,NA,NA,NA,NA,NA,NA,NA,NA,NA,NA,NA,NA,NA,NA,NA,2014,7,TRUE,FALSE,TRUE,"Summer chick",0.47265625,113.815190710441
"Common Tern","GIJ6",NA,NA,"DD","21304","STEHIR","M",3,231,100,2014-07-15,1899-12-31 20:30:00,"Atlit Salt-Pans",32.695,34.932,"Yosef Kiat",NA,NA,NA,"IJ6",NA,104,NA,NA,"I","J","6",NA,"G",15,7,NA,NA,NA,NA,NA,NA,NA,NA,NA,NA,NA,NA,NA,NA,NA,NA,2014,7,TRUE,FALSE,TRUE,"Summer chick",0.432900432900433,107.407860599098
"Common Tern","GIJ7",NA,NA,"DD","21305","STEHIR",NA,3,223,97,2014-07-15,1899-12-31 20:30:00,"Atlit Salt-Pans",32.695,34.932,"Yosef Kiat",NA,NA,NA,"IJ7",NA,91,NA,NA,"I","J","7",NA,"G",15,7,NA,NA,NA,NA,NA,NA,NA,NA,NA,NA,NA,NA,NA,NA,NA,NA,2014,7,TRUE,FALSE,TRUE,"Summer chick",0.434977578475336,109.036401418093
"Common Tern","GIJ8",NA,NA,"DD","21306","STEHIR",NA,3,247,109,2014-07-15,1899-12-31 20:30:00,"Atlit Salt-Pans",32.695,34.932,"Yosef Kiat",NA,NA,NA,"IJ8",NA,115,NA,NA,"I","J","8",NA,"G",15,7,NA,NA,NA,NA,NA,NA,NA,NA,NA,NA,NA,NA,NA,NA,NA,NA,2014,7,TRUE,FALSE,TRUE,"Summer chick",0.441295546558704,107.376598554652
"Common Tern","GIK2",NA,NA,"DD","21310","STEHIR",NA,3,234,113,2014-07-15,1899-12-31 21:30:00,"Atlit Salt-Pans",32.695,34.932,"Yosef Kiat",NA,NA,NA,"IK2",NA,107,NA,NA,"I","K","2",NA,"G",15,7,NA,NA,NA,NA,NA,NA,NA,NA,NA,NA,NA,NA,NA,NA,NA,NA,2014,7,TRUE,FALSE,TRUE,"Summer chick",0.482905982905983,119.365573917307
"Common Tern","GIK5",NA,NA,"DD","21313","STEHIR",NA,3,190,90,2014-07-15,1899-12-31 23:30:00,"Atlit Salt-Pans",32.695,34.932,"Yosef Kiat",NA,NA,NA,"IK5",NA,NA,NA,NA,"I","K","5",NA,"G",15,7,NA,NA,NA,NA,NA,NA,NA,NA,NA,NA,NA,NA,NA,NA,NA,NA,2014,7,TRUE,FALSE,TRUE,"Summer chick",0.473684210526316,124.406496100873
"Common Tern","GIK6",NA,NA,"DD","21314","STEHIR",NA,3,222,101,2014-07-21,1899-12-31 20:30:00,"Atlit Salt-Pans",32.695,34.932,"Yosef Kiat",NA,NA,NA,"IK6",NA,90,NA,NA,"I","K","6",NA,"G",21,7,NA,NA,NA,NA,NA,NA,NA,NA,NA,NA,NA,NA,NA,NA,NA,NA,2014,7,TRUE,FALSE,TRUE,"Summer chick",0.454954954954955,114.193483338871
"Common Tern","GIK7",NA,NA,"DD","21315","STEHIR",NA,3,225,94,2014-07-21,1899-12-31 20:30:00,"Atlit Salt-Pans",32.695,34.932,"Yosef Kiat",NA,NA,NA,"IK7",NA,91,NA,NA,"I","K","7",NA,"G",21,7,NA,NA,NA,NA,NA,NA,NA,NA,NA,NA,NA,NA,NA,NA,NA,NA,2014,7,TRUE,FALSE,TRUE,"Summer chick",0.417777777777778,104.453023045782
"Common Tern","GIK9",NA,NA,"DD","21317","STEHIR",NA,3,226,108,2014-07-21,1899-12-31 20:30:00,"Atlit Salt-Pans",32.695,34.932,"Yosef Kiat",NA,NA,NA,"IK9",NA,95,NA,NA,"I","K","9",NA,"G",21,7,NA,NA,NA,NA,NA,NA,NA,NA,NA,NA,NA,NA,NA,NA,NA,NA,2014,7,TRUE,FALSE,TRUE,"Summer chick",0.47787610619469,119.324678258632
"Common Tern","GIL2",NA,NA,"DD","21320","STEHIR",NA,3,237,100,2014-07-28,1899-12-31 20:30:00,"Atlit Salt-Pans",32.695,34.932,"Yosef Kiat",NA,NA,NA,"IL2",NA,112,NA,NA,"I","L","2",NA,"G",28,7,NA,NA,NA,NA,NA,NA,NA,NA,NA,NA,NA,NA,NA,NA,NA,NA,2014,7,TRUE,FALSE,TRUE,"Summer chick",0.421940928270042,103.910013512829
"Common Tern","GIL4",NA,NA,"DD","21322","STEHIR",NA,3,240,108,2014-07-28,1899-12-31 20:30:00,"Atlit Salt-Pans",32.695,34.932,"Yosef Kiat",NA,NA,NA,"IL4",NA,119,NA,NA,"I","L","4",NA,"G",28,7,NA,NA,NA,NA,NA,NA,NA,NA,NA,NA,NA,NA,NA,NA,NA,NA,2014,7,TRUE,FALSE,TRUE,"Summer chick",0.45,110.414920884341
"Common Tern","GIL6",NA,NA,"DD","21324","STEHIR",NA,3,240,100,2014-07-28,1899-12-31 20:30:00,"Atlit Salt-Pans",32.695,34.932,"Yosef Kiat",NA,NA,NA,"IL6",NA,105,NA,NA,"I","L","6",NA,"G",28,7,NA,NA,NA,NA,NA,NA,NA,NA,NA,NA,NA,NA,NA,NA,NA,NA,2014,7,TRUE,FALSE,TRUE,"Summer chick",0.416666666666667,102.236037855871
"Common Tern","GIL7",NA,NA,"DD","21325","STEHIR","F",3,250,115,2014-07-28,1899-12-31 20:30:00,"Atlit Salt-Pans",32.695,34.932,"Yosef Kiat",NA,"Sexing by blood testing",NA,"IL7",NA,112,NA,NA,"I","L","7",NA,"G",28,7,NA,NA,NA,NA,NA,NA,NA,NA,NA,NA,NA,NA,NA,NA,NA,NA,2014,7,TRUE,FALSE,TRUE,"Summer chick",0.46,111.535068755894
"Common Tern","GIL8",NA,NA,"DD","21326","STEHIR",NA,3,238,94,2014-07-28,1899-12-31 20:30:00,"Atlit Salt-Pans",32.695,34.932,"Yosef Kiat",NA,NA,NA,"IL8",NA,110,NA,NA,"I","L","8",NA,"G",28,7,NA,NA,NA,NA,NA,NA,NA,NA,NA,NA,NA,NA,NA,NA,NA,NA,2014,7,TRUE,FALSE,TRUE,"Summer chick",0.394957983193277,97.1458500140446
"Common Tern","GIL9",NA,NA,"DD","21327","STEHIR",NA,3,265,112,2014-07-28,1899-12-31 20:30:00,"Atlit Salt-Pans",32.695,34.932,"Yosef Kiat",NA,NA,NA,"IL9",NA,112,NA,NA,"I","L","9",NA,"G",28,7,NA,NA,NA,NA,NA,NA,NA,NA,NA,NA,NA,NA,NA,NA,NA,NA,2014,7,TRUE,FALSE,TRUE,"Summer chick",0.422641509433962,100.753020989014
"Common Tern","GIAE",NA,NA,"DD","21331","STEHIR",NA,3,245,110,2014-07-28,1899-12-31 21:30:00,"Atlit Salt-Pans",32.695,34.932,"Yosef Kiat",NA,NA,NA,"IAE",NA,95,NA,NA,"I","A","E",NA,"G",28,7,NA,NA,NA,NA,NA,NA,NA,NA,NA,NA,NA,NA,NA,NA,NA,NA,2014,7,TRUE,FALSE,TRUE,"Summer chick",0.448979591836735,109.505187662512
"Common Tern","GIAK",NA,NA,"DD","21333","STEHIR","F",3,264,122,2014-07-28,1899-12-31 22:15:00,"Atlit Salt-Pans",32.695,34.932,"Yosef Kiat",NA,"Sexing by blood testing",NA,"IAK",NA,114,NA,NA,"I","A","K",NA,"G",28,7,NA,NA,NA,NA,NA,NA,NA,NA,NA,NA,NA,NA,NA,NA,NA,NA,2014,7,TRUE,FALSE,TRUE,"Summer chick",0.462121212121212,110.28587086216
"Common Tern","GIAJ",NA,NA,"DD","21334","STEHIR",NA,3,236,86,2014-07-28,1899-12-31 22:15:00,"Atlit Salt-Pans",32.695,34.932,"Yosef Kiat",NA,NA,NA,"IAJ",NA,108,NA,NA,"I","A","J",NA,"G",28,7,NA,NA,NA,NA,NA,NA,NA,NA,NA,NA,NA,NA,NA,NA,NA,NA,2014,7,TRUE,FALSE,TRUE,"Summer chick",0.364406779661017,89.851811620909
"Common Tern","GIAL",NA,NA,"DD","21335","STEHIR",NA,3,260,116,2014-07-28,1899-12-31 22:15:00,"Atlit Salt-Pans",32.695,34.932,"Yosef Kiat",NA,NA,NA,"IAL",NA,112,NA,NA,"I","A","L",NA,"G",28,7,NA,NA,NA,NA,NA,NA,NA,NA,NA,NA,NA,NA,NA,NA,NA,NA,2014,7,TRUE,FALSE,TRUE,"Summer chick",0.446153846153846,106.949577959723
"Common Tern","GIAN",NA,NA,"DD","21336","STEHIR",NA,3,260,119,2014-07-28,1899-12-31 23:00:00,"Atlit Salt-Pans",32.695,34.932,"Yosef Kiat",NA,NA,NA,"IAN",NA,112,NA,NA,"I","A","N",NA,"G",28,7,NA,NA,NA,NA,NA,NA,NA,NA,NA,NA,NA,NA,NA,NA,NA,NA,2014,7,TRUE,FALSE,TRUE,"Summer chick",0.457692307692308,109.71551532075
"Common Tern","GIAS",NA,NA,"DD","21338","STEHIR","F",3,255,110,2014-07-28,1899-12-31 23:00:00,"Atlit Salt-Pans",32.695,34.932,"Yosef Kiat",NA,"Sexing by blood testing",NA,"IAS",NA,112,NA,NA,"I","A","S",NA,"G",28,7,NA,NA,NA,NA,NA,NA,NA,NA,NA,NA,NA,NA,NA,NA,NA,NA,2014,7,TRUE,FALSE,TRUE,"Summer chick",0.431372549019608,103.992546786798
"Common Tern","GIAT",NA,NA,"DD","21339","STEHIR",NA,3,239,98,2014-08-06,1899-12-31 21:00:00,"Atlit Salt-Pans",32.695,34.932,"Yosef Kiat",NA,NA,NA,"IAT",NA,103,NA,NA,"I","A","T",NA,"G",6,8,NA,NA,NA,NA,NA,NA,NA,NA,NA,NA,NA,NA,NA,NA,NA,NA,2014,8,TRUE,FALSE,TRUE,"Summer chick",0.410041841004184,100.732908087416
"Common Tern","GIAV",NA,NA,"DD","21340","STEHIR",NA,3,244,98,2014-08-06,1899-12-31 21:30:00,"Atlit Salt-Pans",32.695,34.932,"Yosef Kiat",NA,NA,NA,"IAV",NA,110,NA,NA,"I","A","V",NA,"G",6,8,NA,NA,NA,NA,NA,NA,NA,NA,NA,NA,NA,NA,NA,NA,NA,NA,2014,8,TRUE,FALSE,TRUE,"Summer chick",0.401639344262295,98.0757168692918
"Common Tern","GIAX",NA,NA,"DD","21341","STEHIR","M",3,223,110,2014-08-06,1899-12-31 21:30:00,"Atlit Salt-Pans",32.695,34.932,"Yosef Kiat",NA,"Sexing by blood testing",NA,"IAX",NA,91,NA,NA,"I","A","X",NA,"G",6,8,NA,NA,NA,NA,NA,NA,NA,NA,NA,NA,NA,NA,NA,NA,NA,NA,2014,8,TRUE,FALSE,TRUE,"Summer chick",0.493273542600897,123.649527381343
"Common Tern","GIAZ",NA,NA,"DD","21342","STEHIR",NA,3,256,121,2014-08-06,1899-12-31 21:30:00,"Atlit Salt-Pans",32.695,34.932,"Yosef Kiat",NA,NA,NA,"IAZ",NA,108,NA,NA,"I","A","Z",NA,"G",6,8,NA,NA,NA,NA,NA,NA,NA,NA,NA,NA,NA,NA,NA,NA,NA,NA,2014,8,TRUE,FALSE,TRUE,"Summer chick",0.47265625,113.815190710441
"Common Tern","GIBC",NA,NA,"DD","21345","STEHIR","M",3,252,95,2014-08-06,1899-12-31 21:30:00,"Atlit Salt-Pans",32.695,34.932,"Yosef Kiat",NA,"Sexing by blood testing",NA,"IBC",NA,117,NA,NA,"I","B","C",NA,"G",6,8,NA,NA,NA,NA,NA,NA,NA,NA,NA,NA,NA,NA,NA,NA,NA,NA,2014,8,TRUE,FALSE,TRUE,"Summer chick",0.376984126984127,91.194606787938
"Common Tern","GIBE",NA,NA,"DD","21346","STEHIR","M",3,262,105,2014-08-06,1899-12-31 21:30:00,"Atlit Salt-Pans",32.695,34.932,"Yosef Kiat",NA,NA,NA,"IBE",NA,122,NA,NA,"I","B","E",NA,"G",6,8,NA,NA,NA,NA,NA,NA,NA,NA,NA,NA,NA,NA,NA,NA,NA,NA,2014,8,TRUE,FALSE,TRUE,"Summer chick",0.400763358778626,95.8547253395848
"Common Tern","GIBH",NA,NA,"DD","21347","STEHIR",NA,3,251,124,2014-08-06,1899-12-31 21:30:00,"Atlit Salt-Pans",32.695,34.932,"Yosef Kiat",NA,NA,NA,"IBH",NA,114,NA,NA,"I","B","H",NA,"G",6,8,NA,NA,NA,NA,NA,NA,NA,NA,NA,NA,NA,NA,NA,NA,NA,NA,2014,8,TRUE,FALSE,TRUE,"Summer chick",0.49402390438247,119.645621309338
"Common Tern","GIBJ",NA,NA,"DD","21348","STEHIR","M",3,260,117,2014-08-06,1899-12-31 22:30:00,"Atlit Salt-Pans",32.695,34.932,"Yosef Kiat",NA,"Sexing by blood testing",NA,"IBJ",NA,117,NA,NA,"I","B","J",NA,"G",6,8,NA,NA,NA,NA,NA,NA,NA,NA,NA,NA,NA,NA,NA,NA,NA,NA,2014,8,TRUE,FALSE,TRUE,"Summer chick",0.45,107.871557080066
"Common Tern","GIBL",NA,NA,"DD","21350","STEHIR",NA,3,215,126,2014-08-06,1899-12-31 22:30:00,"Atlit Salt-Pans",32.695,34.932,"Yosef Kiat",NA,NA,NA,"IBL",NA,89,NA,NA,"I","B","L",NA,"G",6,8,NA,NA,NA,NA,NA,NA,NA,NA,NA,NA,NA,NA,NA,NA,NA,NA,2014,8,TRUE,FALSE,TRUE,"Summer chick",0.586046511627907,148.475962684668
"Common Tern","GIBZ",NA,NA,"DD","21357","STEHIR",NA,3,242,80,2014-08-07,1899-12-31 00:30:00,"Atlit Salt-Pans",32.695,34.932,"Yosef Kiat",NA,NA,NA,"IBZ",NA,112,NA,NA,"I","B","Z",NA,"G",7,8,NA,NA,NA,NA,NA,NA,NA,NA,NA,NA,NA,NA,NA,NA,NA,NA,2014,8,TRUE,FALSE,TRUE,"Summer chick",0.330578512396694,80.9171447116531
"Common Tern","GICB",NA,NA,"DD","21359","STEHIR",NA,3,209,100,2014-08-12,1899-12-31 20:30:00,"Atlit Salt-Pans",32.695,34.932,"Yosef Kiat",NA,NA,NA,"ICB",NA,NA,NA,NA,"I","C","B",NA,"G",12,8,NA,NA,NA,NA,NA,NA,NA,NA,NA,NA,NA,NA,NA,NA,NA,NA,2014,8,TRUE,FALSE,TRUE,"Summer chick",0.478468899521531,122.224025997831
"Common Tern","GICK",NA,NA,"DD","21369","STEHIR",NA,3,246,102,2014-08-12,1899-12-31 22:00:00,"Atlit Salt-Pans",32.695,34.932,"Yosef Kiat",NA,NA,NA,"ICK",NA,102,NA,NA,"I","C","K",NA,"G",12,8,NA,NA,NA,NA,NA,NA,NA,NA,NA,NA,NA,NA,NA,NA,NA,NA,2014,8,TRUE,FALSE,TRUE,"Summer chick",0.414634146341463,101.008545007765
"Common Tern","GICN",NA,NA,"DD","21371","STEHIR",NA,3,205,118,2014-08-12,1899-12-31 22:00:00,"Atlit Salt-Pans",32.695,34.932,"Yosef Kiat",NA,NA,NA,"ICN",NA,81,NA,NA,"I","C","N",NA,"G",12,8,NA,NA,NA,NA,NA,NA,NA,NA,NA,NA,NA,NA,NA,NA,NA,NA,2014,8,TRUE,FALSE,TRUE,"Summer chick",0.575609756097561,147.868079086615
"Common Tern","GICP",NA,NA,"DD","21372","STEHIR",NA,3,205,112,2014-08-12,1899-12-31 22:00:00,"Atlit Salt-Pans",32.695,34.932,"Yosef Kiat",NA,NA,NA,"ICP",NA,92,NA,NA,"I","C","P",NA,"G",12,8,NA,NA,NA,NA,NA,NA,NA,NA,NA,NA,NA,NA,NA,NA,NA,NA,2014,8,TRUE,FALSE,TRUE,"Summer chick",0.546341463414634,140.349363200855
"Common Tern","GICS",NA,NA,"DD","21373","STEHIR",NA,3,208,86,2014-08-12,1899-12-31 22:00:00,"Atlit Salt-Pans",32.695,34.932,"Yosef Kiat",NA,NA,NA,"ICS",NA,102,NA,NA,"I","C","S",NA,"G",12,8,NA,NA,NA,NA,NA,NA,NA,NA,NA,NA,NA,NA,NA,NA,NA,NA,2014,8,TRUE,FALSE,TRUE,"Summer chick",0.413461538461538,105.765597827291
"Common Tern","GICT",NA,NA,"DD","21374","STEHIR",NA,3,195,112,2014-08-12,1899-12-31 22:00:00,"Atlit Salt-Pans",32.695,34.932,"Yosef Kiat",NA,NA,NA,"ICT",NA,82,NA,NA,"I","C","T",NA,"G",12,8,NA,NA,NA,NA,NA,NA,NA,NA,NA,NA,NA,NA,NA,NA,NA,NA,2014,8,TRUE,FALSE,TRUE,"Summer chick",0.574358974358974,149.710806507858
"Common Tern","GICV",NA,NA,"DD","21375","STEHIR",NA,3,206,113,2014-08-12,1899-12-31 22:00:00,"Atlit Salt-Pans",32.695,34.932,"Yosef Kiat",NA,NA,NA,"ICV",NA,85,NA,NA,"I","C","V",NA,"G",12,8,NA,NA,NA,NA,NA,NA,NA,NA,NA,NA,NA,NA,NA,NA,NA,NA,2014,8,TRUE,FALSE,TRUE,"Summer chick",0.548543689320388,140.715589269736
"Common Tern","GICZ",NA,NA,"DD","21376","STEHIR",NA,3,225,110,2014-08-12,1899-12-31 22:00:00,"Atlit Salt-Pans",32.695,34.932,"Yosef Kiat",NA,NA,NA,"ICZ",NA,92,NA,NA,"I","C","Z",NA,"G",12,8,NA,NA,NA,NA,NA,NA,NA,NA,NA,NA,NA,NA,NA,NA,NA,NA,2014,8,TRUE,FALSE,TRUE,"Summer chick",0.488888888888889,122.232261011021
"Common Tern","GICX",NA,NA,"DD","21377","STEHIR",NA,3,243,118,2014-08-12,1899-12-31 22:00:00,"Atlit Salt-Pans",32.695,34.932,"Yosef Kiat",NA,NA,NA,"ICX",NA,114,NA,NA,"I","C","X",NA,"G",12,8,NA,NA,NA,NA,NA,NA,NA,NA,NA,NA,NA,NA,NA,NA,NA,NA,2014,8,TRUE,FALSE,TRUE,"Summer chick",0.48559670781893,118.719005055126
"Common Tern","NIST",NA,NA,"DD","23330","STEHIR",NA,3,229,102,2015-07-13,1899-12-31 20:30:00,"Atlit Salt-Pans",32.695,34.932,"Yosef Kiat",NA,NA,NA,"IST",NA,NA,NA,NA,"I","S","T",NA,"N",13,7,NA,NA,NA,NA,NA,NA,NA,NA,NA,NA,NA,NA,NA,NA,NA,NA,2015,7,TRUE,FALSE,TRUE,"Summer chick",0.445414847161572,110.792980158626
"Common Tern","NISV",NA,NA,"DD","23331","STEHIR",NA,3,241,103,2015-07-13,1899-12-31 20:30:00,"Atlit Salt-Pans",32.695,34.932,"Yosef Kiat",NA,NA,NA,"ISV",NA,NA,NA,NA,"I","S","V",NA,"N",13,7,NA,NA,NA,NA,NA,NA,NA,NA,NA,NA,NA,NA,NA,NA,NA,NA,2015,7,TRUE,FALSE,TRUE,"Summer chick",0.427385892116183,104.739304041254
"Common Tern","NISX",NA,NA,"DD","23332","STEHIR",NA,3,246,123,2015-07-13,1899-12-31 20:30:00,"Atlit Salt-Pans",32.695,34.932,"Yosef Kiat",NA,NA,NA,"ISX",NA,NA,NA,NA,"I","S","X",NA,"N",13,7,NA,NA,NA,NA,NA,NA,NA,NA,NA,NA,NA,NA,NA,NA,NA,NA,2015,7,TRUE,FALSE,TRUE,"Summer chick",0.5,121.804421921128
"Common Tern","NISZ",NA,NA,"DD","23333","STEHIR",NA,3,242,119,2015-07-13,1899-12-31 20:30:00,"Atlit Salt-Pans",32.695,34.932,"Yosef Kiat",NA,NA,NA,"ISZ",NA,NA,NA,NA,"I","S","Z",NA,"N",13,7,NA,NA,NA,NA,NA,NA,NA,NA,NA,NA,NA,NA,NA,NA,NA,NA,2015,7,TRUE,FALSE,TRUE,"Summer chick",0.491735537190083,120.364252758584
"Common Tern","NITA",NA,NA,"DD","23334","STEHIR","M",3,252,118,2015-07-13,1899-12-31 20:30:00,"Atlit Salt-Pans",32.695,34.932,"Yosef Kiat",NA,"Sexing by blood testing",NA,"ITA",NA,NA,NA,NA,"I","T","A",NA,"N",13,7,NA,NA,NA,NA,NA,NA,NA,NA,NA,NA,NA,NA,NA,NA,NA,NA,2015,7,TRUE,FALSE,TRUE,"Summer chick",0.468253968253968,113.273301062912
"Common Tern","NITB",NA,NA,"DD","23335","STEHIR",NA,3,233,103,2015-07-13,1899-12-31 20:30:00,"Atlit Salt-Pans",32.695,34.932,"Yosef Kiat",NA,NA,NA,"ITB",NA,NA,NA,NA,"I","T","B",NA,"N",13,7,NA,NA,NA,NA,NA,NA,NA,NA,NA,NA,NA,NA,NA,NA,NA,NA,2015,7,TRUE,FALSE,TRUE,"Summer chick",0.44206008583691,109.405541379681
"Common Tern","NITT",NA,NA,"DD","23345","STEHIR",NA,3,260,121,2015-07-13,1899-12-31 22:00:00,"Atlit Salt-Pans",32.695,34.932,"Yosef Kiat",NA,NA,NA,"ITT",NA,NA,NA,NA,"I","T","T",NA,"N",13,7,NA,NA,NA,NA,NA,NA,NA,NA,NA,NA,NA,NA,NA,NA,NA,NA,2015,7,TRUE,FALSE,TRUE,"Summer chick",0.465384615384615,111.559473561435
"Common Tern","NITV",NA,NA,"DD","23346","STEHIR",NA,3,235,109,2015-07-13,1899-12-31 22:00:00,"Atlit Salt-Pans",32.695,34.932,"Yosef Kiat",NA,NA,NA,"ITV",NA,NA,NA,NA,"I","T","V",NA,"N",13,7,NA,NA,NA,NA,NA,NA,NA,NA,NA,NA,NA,NA,NA,NA,NA,NA,2015,7,TRUE,FALSE,TRUE,"Summer chick",0.463829787234043,114.508028623951
"Common Tern","NITX",NA,NA,"DD","23347","STEHIR",NA,3,265,145,2015-07-13,1899-12-31 22:00:00,"Atlit Salt-Pans",32.695,34.932,"Yosef Kiat",NA,NA,NA,"ITX",NA,NA,NA,NA,"I","T","X",NA,"N",13,7,NA,NA,NA,NA,NA,NA,NA,NA,NA,NA,NA,NA,NA,NA,NA,NA,2015,7,TRUE,FALSE,TRUE,"Summer chick",0.547169811320755,130.439178958992
"Common Tern","NIVB",NA,NA,"DD","23350","STEHIR",NA,3,263,113,2015-07-13,1899-12-31 22:00:00,"Atlit Salt-Pans",32.695,34.932,"Yosef Kiat",NA,NA,NA,"IVB",NA,NA,NA,NA,"I","V","B",NA,"N",13,7,NA,NA,NA,NA,NA,NA,NA,NA,NA,NA,NA,NA,NA,NA,NA,NA,2015,7,TRUE,FALSE,TRUE,"Summer chick",0.429657794676806,102.651790089816
"Common Tern","NIVC",NA,NA,"DD","23351","STEHIR",NA,3,256,103,2015-07-13,1899-12-31 22:00:00,"Atlit Salt-Pans",32.695,34.932,"Yosef Kiat",NA,NA,NA,"IVC",NA,NA,NA,NA,"I","V","C",NA,"N",13,7,NA,NA,NA,NA,NA,NA,NA,NA,NA,NA,NA,NA,NA,NA,NA,NA,2015,7,TRUE,FALSE,TRUE,"Summer chick",0.40234375,96.8840053154995
"Common Tern","NIVH",NA,NA,"DD","23353","STEHIR",NA,3,221,117,2015-07-13,1899-12-31 22:00:00,"Atlit Salt-Pans",32.695,34.932,"Yosef Kiat",NA,NA,NA,"IVH",NA,NA,NA,NA,"I","V","H",NA,"N",13,7,NA,NA,NA,NA,NA,NA,NA,NA,NA,NA,NA,NA,NA,NA,NA,NA,2015,7,TRUE,FALSE,TRUE,"Summer chick",0.529411764705882,133.056886859546
"Common Tern","NIVJ",NA,NA,"DD","23354","STEHIR",NA,3,206,97,2015-07-13,1899-12-31 23:00:00,"Atlit Salt-Pans",32.695,34.932,"Yosef Kiat",NA,NA,NA,"IVJ",NA,NA,NA,NA,"I","V","J",NA,"N",13,7,NA,NA,NA,NA,NA,NA,NA,NA,NA,NA,NA,NA,NA,NA,NA,NA,2015,7,TRUE,FALSE,TRUE,"Summer chick",0.470873786407767,120.791258045703
"Common Tern","NIVK",NA,NA,"DD","23355","STEHIR","M",3,260,129,2015-07-13,1899-12-31 23:00:00,"Atlit Salt-Pans",32.695,34.932,"Yosef Kiat",NA,"Sexing by blood testing",NA,"IVK",NA,NA,NA,NA,"I","V","K",NA,"N",13,7,NA,NA,NA,NA,NA,NA,NA,NA,NA,NA,NA,NA,NA,NA,NA,NA,2015,7,TRUE,FALSE,TRUE,"Summer chick",0.496153846153846,118.935306524175
"Common Tern","NIVX",NA,NA,"DD","23362","STEHIR",NA,3,215,92,2015-07-13,1899-12-31 23:30:00,"Atlit Salt-Pans",32.695,34.932,"Yosef Kiat",NA,NA,NA,"IVX",NA,NA,NA,NA,"I","V","X",NA,"N",13,7,NA,NA,NA,NA,NA,NA,NA,NA,NA,NA,NA,NA,NA,NA,NA,NA,2015,7,TRUE,FALSE,TRUE,"Summer chick",0.427906976744186,108.411020372932
"Common Tern","NIVZ",NA,NA,"DD","23363","STEHIR",NA,3,223,118,2015-07-13,1899-12-31 23:30:00,"Atlit Salt-Pans",32.695,34.932,"Yosef Kiat",NA,NA,NA,"IVZ",NA,NA,NA,NA,"I","V","Z",NA,"N",13,7,NA,NA,NA,NA,NA,NA,NA,NA,NA,NA,NA,NA,NA,NA,NA,NA,2015,7,TRUE,FALSE,TRUE,"Summer chick",0.52914798206278,132.642220281804
"Common Tern","NIXA",NA,NA,"DD","23364","STEHIR",NA,3,257,116,2015-07-13,1899-12-31 23:30:00,"Atlit Salt-Pans",32.695,34.932,"Yosef Kiat",NA,NA,NA,"IXA",NA,NA,NA,NA,"I","X","A",NA,"N",13,7,NA,NA,NA,NA,NA,NA,NA,NA,NA,NA,NA,NA,NA,NA,NA,NA,2015,7,TRUE,FALSE,TRUE,"Summer chick",0.45136186770428,108.564225043091
"Common Tern","NIXB",NA,NA,"DD","23365","STEHIR",NA,3,255,112,2015-07-13,1899-12-31 23:30:00,"Atlit Salt-Pans",32.695,34.932,"Yosef Kiat",NA,NA,NA,"IXB",NA,NA,NA,NA,"I","X","B",NA,"N",13,7,NA,NA,NA,NA,NA,NA,NA,NA,NA,NA,NA,NA,NA,NA,NA,NA,2015,7,TRUE,FALSE,TRUE,"Summer chick",0.43921568627451,105.88332036474
"Common Tern","NIXC",NA,NA,"DD","23366","STEHIR",NA,3,245,120,2015-07-13,1899-12-31 23:30:00,"Atlit Salt-Pans",32.695,34.932,"Yosef Kiat",NA,NA,NA,"IXC",NA,NA,NA,NA,"I","X","C",NA,"N",13,7,NA,NA,NA,NA,NA,NA,NA,NA,NA,NA,NA,NA,NA,NA,NA,NA,2015,7,TRUE,FALSE,TRUE,"Summer chick",0.489795918367347,119.460204722741
"Common Tern","NIXH",NA,NA,"DD","23368","STEHIR","F",3,242,102,2015-07-14,1899-12-31,"Atlit Salt-Pans",32.695,34.932,"Yosef Kiat",NA,NA,NA,"IXH",NA,NA,NA,NA,"I","X","H",NA,"N",14,7,NA,NA,NA,NA,NA,NA,NA,NA,NA,NA,NA,NA,NA,NA,NA,NA,2015,7,TRUE,FALSE,TRUE,"Summer chick",0.421487603305785,103.169359507358
"Common Tern","NIXJ",NA,NA,"DD","23369","STEHIR",NA,3,250,105,2015-07-14,1899-12-31,"Atlit Salt-Pans",32.695,34.932,"Yosef Kiat",NA,NA,NA,"IXJ",NA,NA,NA,NA,"I","X","J",NA,"N",14,7,NA,NA,NA,NA,NA,NA,NA,NA,NA,NA,NA,NA,NA,NA,NA,NA,2015,7,TRUE,FALSE,TRUE,"Summer chick",0.42,101.836367124947
"Common Tern","NIXK",NA,NA,"DD","23370","STEHIR","M",3,226,120,2015-07-14,1899-12-31,"Atlit Salt-Pans",32.695,34.932,"Yosef Kiat",NA,NA,NA,"IXK",NA,NA,NA,NA,"I","X","K",NA,"N",14,7,NA,NA,NA,NA,NA,NA,NA,NA,NA,NA,NA,NA,NA,NA,NA,NA,2015,7,TRUE,FALSE,TRUE,"Summer chick",0.530973451327434,132.582975842924
"Common Tern","NIXL",NA,NA,"DD","23371","STEHIR",NA,3,253,119,2015-07-14,1899-12-31,"Atlit Salt-Pans",32.695,34.932,"Yosef Kiat",NA,NA,NA,"IXL",NA,NA,NA,NA,"I","X","L",NA,"N",14,7,NA,NA,NA,NA,NA,NA,NA,NA,NA,NA,NA,NA,NA,NA,NA,NA,2015,7,TRUE,FALSE,TRUE,"Summer chick",0.470355731225296,113.650608904396
"Common Tern","NIXP",NA,NA,"DD","23373","STEHIR",NA,3,242,116,2015-07-14,1899-12-31,"Atlit Salt-Pans",32.695,34.932,"Yosef Kiat",NA,NA,NA,"IXP",NA,NA,NA,NA,"I","X","P",NA,"N",14,7,NA,NA,NA,NA,NA,NA,NA,NA,NA,NA,NA,NA,NA,NA,NA,NA,2015,7,TRUE,FALSE,TRUE,"Summer chick",0.479338842975207,117.329859831897
"Common Tern","NIXT",NA,NA,"DD","23375","STEHIR",NA,3,237,110,2015-07-14,1899-12-31 01:00:00,"Atlit Salt-Pans",32.695,34.932,"Yosef Kiat",NA,NA,NA,"IXT",NA,NA,NA,NA,"I","X","T",NA,"N",14,7,NA,NA,NA,NA,NA,NA,NA,NA,NA,NA,NA,NA,NA,NA,NA,NA,2015,7,TRUE,FALSE,TRUE,"Summer chick",0.464135021097046,114.301014864112
"Common Tern","NIB0",NA,"R","DD","23404","STEHIR",NA,3,249,120,2015-07-27,1899-12-31 20:45:00,"Atlit Salt-Pans",32.695,34.932,"Yosef Kiat",NA,NA,NA,"IB0",NA,NA,NA,NA,"I","B","0",NA,"N",27,7,NA,NA,NA,NA,NA,NA,NA,NA,NA,NA,NA,NA,NA,NA,NA,NA,2015,7,FALSE,TRUE,TRUE,"Summer chick",0.481927710843373,116.988262724274
"Common Tern","WSB+","+",NA,"DD","23456","STEHIR",NA,3,266,134,2015-07-27,1899-12-31 20:45:00,"Atlit Salt-Pans",32.695,34.932,"Yosef Kiat",NA,NA,NA,"SB+",NA,NA,NA,NA,"S","B","+",NA,"N",27,7,NA,NA,NA,NA,NA,"IH2",NA,NA,NA,NA,NA,NA,NA,NA,NA,NA,2015,7,TRUE,FALSE,TRUE,"Summer chick",0.503759398496241,119.959002444843
"Common Tern","NIH3",NA,NA,"DD","23457","STEHIR",NA,3,259,120,2015-07-27,1899-12-31 20:45:00,"Atlit Salt-Pans",32.695,34.932,"Yosef Kiat",NA,NA,NA,"IH3",NA,NA,NA,NA,"I","H","3",NA,"N",27,7,NA,NA,NA,NA,NA,NA,NA,NA,NA,NA,NA,NA,NA,NA,NA,NA,2015,7,TRUE,FALSE,TRUE,"Summer chick",0.463320463320463,111.189344936432
"Common Tern","NIH6",NA,NA,"DD","23460","STEHIR",NA,3,191,119,2015-07-27,1899-12-31 20:45:00,"Atlit Salt-Pans",32.695,34.932,"Yosef Kiat",NA,NA,NA,"IH6",NA,NA,NA,NA,"I","H","6",NA,"N",27,7,NA,NA,NA,NA,NA,NA,NA,NA,NA,NA,NA,NA,NA,NA,NA,NA,2015,7,TRUE,FALSE,TRUE,"Summer chick",0.62303664921466,163.381922173454
"Common Tern","NIH8",NA,NA,"DD","23462","STEHIR",NA,3,256,117,2015-07-27,1899-12-31 20:45:00,"Atlit Salt-Pans",32.695,34.932,"Yosef Kiat",NA,NA,NA,"IH8",NA,NA,NA,NA,"I","H","8",NA,"N",27,7,NA,NA,NA,NA,NA,NA,NA,NA,NA,NA,NA,NA,NA,NA,NA,NA,2015,7,TRUE,FALSE,TRUE,"Summer chick",0.45703125,110.052705067121
"Common Tern","NIH9",NA,NA,"DD","23463","STEHIR",NA,3,251,122,2015-07-27,1899-12-31 20:45:00,"Atlit Salt-Pans",32.695,34.932,"Yosef Kiat",NA,NA,NA,"IH9",NA,NA,NA,NA,"I","H","9",NA,"N",27,7,NA,NA,NA,NA,NA,NA,NA,NA,NA,NA,NA,NA,NA,NA,NA,NA,2015,7,TRUE,FALSE,TRUE,"Summer chick",0.48605577689243,117.715853223704
"Common Tern","NIJ0",NA,NA,"DD","23464","STEHIR",NA,3,262,113,2015-07-27,1899-12-31 20:45:00,"Atlit Salt-Pans",32.695,34.932,"Yosef Kiat",NA,NA,NA,"IJ0",NA,NA,NA,NA,"I","J","0",NA,"N",27,7,NA,NA,NA,NA,NA,NA,NA,NA,NA,NA,NA,NA,NA,NA,NA,NA,2015,7,TRUE,FALSE,TRUE,"Summer chick",0.431297709923664,103.157942508315
"Common Tern","NIJ1",NA,NA,"DD","23465","STEHIR",NA,3,260,112,2015-07-27,1899-12-31 20:45:00,"Atlit Salt-Pans",32.695,34.932,"Yosef Kiat",NA,NA,NA,"IJ1",NA,NA,NA,NA,"I","J","1",NA,"N",27,7,NA,NA,NA,NA,NA,NA,NA,NA,NA,NA,NA,NA,NA,NA,NA,NA,2015,7,TRUE,FALSE,TRUE,"Summer chick",0.430769230769231,103.261661478353
"Common Tern","NIJ2",NA,NA,"DD","23466","STEHIR",NA,3,250,116,2015-07-27,1899-12-31 20:45:00,"Atlit Salt-Pans",32.695,34.932,"Yosef Kiat",NA,NA,NA,"IJ2",NA,NA,NA,NA,"I","J","2",NA,"N",27,7,NA,NA,NA,NA,NA,NA,NA,NA,NA,NA,NA,NA,NA,NA,NA,NA,2015,7,TRUE,FALSE,TRUE,"Summer chick",0.464,112.504938918989
"Common Tern","NIJ3",NA,NA,"DD","23467","STEHIR",NA,3,261,122,2015-07-27,1899-12-31 21:30:00,"Atlit Salt-Pans",32.695,34.932,"Yosef Kiat",NA,NA,NA,"IJ3",NA,NA,NA,NA,"I","J","3",NA,"N",27,7,NA,NA,NA,NA,NA,NA,NA,NA,NA,NA,NA,NA,NA,NA,NA,NA,2015,7,TRUE,FALSE,TRUE,"Summer chick",0.467432950191571,111.925326993645
"Common Tern","NIJ4",NA,NA,"DD","23468","STEHIR",NA,3,255,108,2015-07-27,1899-12-31 21:30:00,"Atlit Salt-Pans",32.695,34.932,"Yosef Kiat",NA,NA,NA,"IJ4",NA,NA,NA,NA,"I","J","4",NA,"N",27,7,NA,NA,NA,NA,NA,NA,NA,NA,NA,NA,NA,NA,NA,NA,NA,NA,2015,7,TRUE,FALSE,TRUE,"Summer chick",0.423529411764706,102.101773208857
"Common Tern","NIJ6",NA,NA,"DD","23470","STEHIR",NA,3,257,119,2015-07-27,1899-12-31 21:30:00,"Atlit Salt-Pans",32.695,34.932,"Yosef Kiat",NA,NA,NA,"IJ6",NA,NA,NA,NA,"I","J","6",NA,"N",27,7,NA,NA,NA,NA,NA,NA,NA,NA,NA,NA,NA,NA,NA,NA,NA,NA,2015,7,TRUE,FALSE,TRUE,"Summer chick",0.463035019455253,111.371920518344
"Common Tern","NIJ9",NA,NA,"DD","23473","STEHIR",NA,3,260,118,2015-07-27,1899-12-31 22:00:00,"Atlit Salt-Pans",32.695,34.932,"Yosef Kiat",NA,NA,NA,"IJ9",NA,NA,NA,NA,"I","J","9",NA,"N",27,7,NA,NA,NA,NA,NA,NA,NA,NA,NA,NA,NA,NA,NA,NA,NA,NA,2015,7,TRUE,FALSE,TRUE,"Summer chick",0.453846153846154,108.793536200408
"Common Tern","NIK0",NA,NA,"DD","23474","STEHIR",NA,3,240,117,2015-07-27,1899-12-31 22:00:00,"Atlit Salt-Pans",32.695,34.932,"Yosef Kiat",NA,NA,NA,"IK0",NA,NA,NA,NA,"I","K","0",NA,"N",27,7,NA,NA,NA,NA,NA,NA,NA,NA,NA,NA,NA,NA,NA,NA,NA,NA,2015,7,TRUE,FALSE,TRUE,"Summer chick",0.4875,119.61616429137
"Common Tern","NIK1",NA,NA,"DD","23475","STEHIR",NA,3,263,118,2015-07-27,1899-12-31 22:00:00,"Atlit Salt-Pans",32.695,34.932,"Yosef Kiat",NA,NA,NA,"IK1",NA,NA,NA,NA,"I","K","1",NA,"N",27,7,NA,NA,NA,NA,NA,NA,NA,NA,NA,NA,NA,NA,NA,NA,NA,NA,2015,7,TRUE,FALSE,TRUE,"Summer chick",0.448669201520913,107.19390469556
"Common Tern","NIK4",NA,NA,"DD","23478","STEHIR","F",3,257,104,2015-07-27,1899-12-31 22:00:00,"Atlit Salt-Pans",32.695,34.932,"Yosef Kiat",NA,"Sexing by blood testing",NA,"IK4",NA,NA,NA,NA,"I","K","4",NA,"N",27,7,NA,NA,NA,NA,NA,NA,NA,NA,NA,NA,NA,NA,NA,NA,NA,NA,2015,7,TRUE,FALSE,TRUE,"Summer chick",0.404669260700389,97.3334431420818
"Common Tern","NIK5",NA,NA,"DD","23479","STEHIR",NA,3,236,116,2015-07-27,1899-12-31 22:00:00,"Atlit Salt-Pans",32.695,34.932,"Yosef Kiat",NA,NA,NA,"IK5",NA,NA,NA,NA,"I","K","5",NA,"N",27,7,NA,NA,NA,NA,NA,NA,NA,NA,NA,NA,NA,NA,NA,NA,NA,NA,2015,7,TRUE,FALSE,TRUE,"Summer chick",0.491525423728814,121.195466837505
"Common Tern","NIK6",NA,NA,"DD","23480","STEHIR",NA,3,250,113,2015-07-27,1899-12-31 22:00:00,"Atlit Salt-Pans",32.695,34.932,"Yosef Kiat",NA,NA,NA,"IK6",NA,NA,NA,NA,"I","K","6",NA,"N",27,7,NA,NA,NA,NA,NA,NA,NA,NA,NA,NA,NA,NA,NA,NA,NA,NA,2015,7,TRUE,FALSE,TRUE,"Summer chick",0.452,109.595328429705
"Common Tern","NIK7",NA,NA,"DD","23481","STEHIR",NA,3,262,124,2015-07-27,1899-12-31 22:00:00,"Atlit Salt-Pans",32.695,34.932,"Yosef Kiat",NA,NA,NA,"IK7",NA,NA,NA,NA,"I","K","7",NA,"N",27,7,NA,NA,NA,NA,NA,NA,NA,NA,NA,NA,NA,NA,NA,NA,NA,NA,2015,7,TRUE,FALSE,TRUE,"Summer chick",0.473282442748092,113.199866115319
"Common Tern","NIK8",NA,NA,"DD","23482","STEHIR","M",3,259,119,2015-07-27,1899-12-31 22:00:00,"Atlit Salt-Pans",32.695,34.932,"Yosef Kiat",NA,"Sexing by blood testing",NA,"IK8",NA,NA,NA,NA,"I","K","8",NA,"N",27,7,NA,NA,NA,NA,NA,NA,NA,NA,NA,NA,NA,NA,NA,NA,NA,NA,2015,7,TRUE,FALSE,TRUE,"Summer chick",0.459459459459459,110.262767061962
"Common Tern","NIL3",NA,NA,"DD","23487","STEHIR",NA,3,244,125,2015-07-27,1899-12-31 22:00:00,"Atlit Salt-Pans",32.695,34.932,"Yosef Kiat",NA,NA,NA,"IL3",NA,NA,NA,NA,"I","L","3",NA,"N",27,7,NA,NA,NA,NA,NA,NA,NA,NA,NA,NA,NA,NA,NA,NA,NA,NA,2015,7,TRUE,FALSE,TRUE,"Summer chick",0.512295081967213,125.096577639403
"Common Tern","NIL4",NA,NA,"DD","23488","STEHIR",NA,3,250,107,2015-07-27,1899-12-31 22:00:00,"Atlit Salt-Pans",32.695,34.932,"Yosef Kiat",NA,NA,NA,"IL4",NA,NA,NA,NA,"I","L","4",NA,"N",27,7,NA,NA,NA,NA,NA,NA,NA,NA,NA,NA,NA,NA,NA,NA,NA,NA,2015,7,TRUE,FALSE,TRUE,"Summer chick",0.428,103.776107451136
"Common Tern","NIL8",NA,NA,"DD","23492","STEHIR",NA,3,258,108,2015-08-05,1899-12-31 20:45:00,"Atlit Salt-Pans",32.695,34.932,"Yosef Kiat",NA,NA,NA,"IL8",NA,NA,NA,NA,"I","L","8",NA,"N",5,8,NA,NA,NA,NA,NA,NA,NA,NA,NA,NA,NA,NA,NA,NA,NA,NA,2015,8,TRUE,FALSE,TRUE,"Summer chick",0.418604651162791,100.571488964873
"Common Tern","NIL9",NA,NA,"DD","23493","STEHIR","F",3,262,123,2015-08-05,1899-12-31 20:45:00,"Atlit Salt-Pans",32.695,34.932,"Yosef Kiat",NA,NA,NA,"IL9",NA,NA,NA,NA,"I","L","9",NA,"N",5,8,NA,NA,NA,NA,NA,NA,NA,NA,NA,NA,NA,NA,NA,NA,NA,NA,2015,8,TRUE,FALSE,TRUE,"Summer chick",0.469465648854962,112.286963969228
"Common Tern","NIM0",NA,NA,"DD","23494","STEHIR",NA,3,263,120,2015-08-05,1899-12-31 20:45:00,"Atlit Salt-Pans",32.695,34.932,"Yosef Kiat",NA,NA,NA,"IM0",NA,NA,NA,NA,"I","M","0",NA,"N",5,8,NA,NA,NA,NA,NA,NA,NA,NA,NA,NA,NA,NA,NA,NA,NA,NA,2015,8,TRUE,FALSE,TRUE,"Summer chick",0.456273764258555,109.010750537857
"Common Tern","NIM1",NA,NA,"DD","23495","STEHIR",NA,3,265,118,2015-08-05,1899-12-31 20:45:00,"Atlit Salt-Pans",32.695,34.932,"Yosef Kiat",NA,NA,NA,"IM1",NA,NA,NA,NA,"I","M","1",NA,"N",5,8,NA,NA,NA,NA,NA,NA,NA,NA,NA,NA,NA,NA,NA,NA,NA,NA,2015,8,TRUE,FALSE,TRUE,"Summer chick",0.445283018867925,106.150504256283
"Common Tern","NIM2",NA,NA,"DD","23496","STEHIR",NA,3,255,121,2015-08-05,1899-12-31 20:45:00,"Atlit Salt-Pans",32.695,34.932,"Yosef Kiat",NA,NA,NA,"IM2",NA,NA,NA,NA,"I","M","2",NA,"N",5,8,NA,NA,NA,NA,NA,NA,NA,NA,NA,NA,NA,NA,NA,NA,NA,NA,2015,8,TRUE,FALSE,TRUE,"Summer chick",0.474509803921569,114.391801465478
"Common Tern","NIM3",NA,NA,"DD","23497","STEHIR",NA,3,252,117,2015-08-05,1899-12-31 20:45:00,"Atlit Salt-Pans",32.695,34.932,"Yosef Kiat",NA,NA,NA,"IM3",NA,NA,NA,NA,"I","M","3",NA,"N",5,8,NA,NA,NA,NA,NA,NA,NA,NA,NA,NA,NA,NA,NA,NA,NA,NA,2015,8,TRUE,FALSE,TRUE,"Summer chick",0.464285714285714,112.313357833566
"Common Tern","NIM4",NA,NA,"DD","23498","STEHIR",NA,3,257,110,2015-08-05,1899-12-31 20:45:00,"Atlit Salt-Pans",32.695,34.932,"Yosef Kiat",NA,NA,NA,"IM4",NA,NA,NA,NA,"I","M","4",NA,"N",5,8,NA,NA,NA,NA,NA,NA,NA,NA,NA,NA,NA,NA,NA,NA,NA,NA,2015,8,TRUE,FALSE,TRUE,"Summer chick",0.428015564202335,102.948834092587
"Common Tern","NIM5",NA,NA,"DD","23499","STEHIR","F",3,237,96,2015-08-05,1899-12-31 20:45:00,"Atlit Salt-Pans",32.695,34.932,"Yosef Kiat",NA,NA,NA,"IM5",NA,NA,NA,NA,"I","M","5",NA,"N",5,8,NA,NA,NA,NA,NA,NA,NA,NA,NA,NA,NA,NA,NA,NA,NA,NA,2015,8,TRUE,FALSE,TRUE,"Summer chick",0.40506329113924,99.7536129723161
"Common Tern","NIM6",NA,NA,"DD","23500","STEHIR","M",3,240,116,2015-08-05,1899-12-31 20:45:00,"Atlit Salt-Pans",32.695,34.932,"Yosef Kiat",NA,NA,NA,"IM6",NA,NA,NA,NA,"I","M","6",NA,"N",5,8,NA,NA,NA,NA,NA,NA,NA,NA,NA,NA,NA,NA,NA,NA,NA,NA,2015,8,TRUE,FALSE,TRUE,"Summer chick",0.483333333333333,118.593803912811
"Common Tern","NIM9",NA,NA,"DD","23503","STEHIR",NA,3,257,124,2015-08-05,1899-12-31 20:45:00,"Atlit Salt-Pans",32.695,34.932,"Yosef Kiat",NA,NA,NA,"IM9",NA,NA,NA,NA,"I","M","9",NA,"N",5,8,NA,NA,NA,NA,NA,NA,NA,NA,NA,NA,NA,NA,NA,NA,NA,NA,2015,8,TRUE,FALSE,TRUE,"Summer chick",0.482490272373541,116.051412977098
"Common Tern","NIN2",NA,NA,"DD","23506","STEHIR",NA,3,264,148,2015-08-05,1899-12-31 21:30:00,"Atlit Salt-Pans",32.695,34.932,"Yosef Kiat",NA,NA,NA,"IN2",NA,NA,NA,NA,"I","N","2",NA,"N",5,8,NA,NA,NA,NA,NA,NA,NA,NA,NA,NA,NA,NA,NA,NA,NA,NA,2015,8,TRUE,FALSE,TRUE,"Summer chick",0.560606060606061,133.789417111473
"Common Tern","NIN4",NA,NA,"DD","23508","STEHIR",NA,3,252,103,2015-08-05,1899-12-31 22:30:00,"Atlit Salt-Pans",32.695,34.932,"Yosef Kiat",NA,NA,NA,"IN4",NA,NA,NA,NA,"I","N","4",NA,"N",5,8,NA,NA,NA,NA,NA,NA,NA,NA,NA,NA,NA,NA,NA,NA,NA,NA,2015,8,TRUE,FALSE,TRUE,"Summer chick",0.408730158730159,98.8741526227117
"Common Tern","NIN5",NA,NA,"DD","23509","STEHIR",NA,3,253,110,2015-08-05,1899-12-31 22:30:00,"Atlit Salt-Pans",32.695,34.932,"Yosef Kiat",NA,NA,NA,"IN5",NA,NA,NA,NA,"I","N","5",NA,"N",5,8,NA,NA,NA,NA,NA,NA,NA,NA,NA,NA,NA,NA,NA,NA,NA,NA,2015,8,TRUE,FALSE,TRUE,"Summer chick",0.434782608695652,105.055184701543
"Common Tern","NIN8",NA,NA,"DD","23512","STEHIR",NA,3,255,99,2015-08-06,1899-12-31,"Atlit Salt-Pans",32.695,34.932,"Yosef Kiat",NA,NA,NA,"IN8",NA,NA,NA,NA,"I","N","8",NA,"N",6,8,NA,NA,NA,NA,NA,NA,NA,NA,NA,NA,NA,NA,NA,NA,NA,NA,2015,8,TRUE,FALSE,TRUE,"Summer chick",0.388235294117647,93.5932921081185
"Common Tern","NIP0",NA,NA,"DD","23514","STEHIR",NA,3,243,96,2015-08-06,1899-12-31,"Atlit Salt-Pans",32.695,34.932,"Yosef Kiat",NA,NA,NA,"IP0",NA,NA,NA,NA,"I","P","0",NA,"N",6,8,NA,NA,NA,NA,NA,NA,NA,NA,NA,NA,NA,NA,NA,NA,NA,NA,2015,8,TRUE,FALSE,TRUE,"Summer chick",0.395061728395062,96.5849532651871
"Common Tern","NIP1",NA,NA,"DD","23515","STEHIR",NA,3,256,112,2015-08-06,1899-12-31,"Atlit Salt-Pans",32.695,34.932,"Yosef Kiat",NA,NA,NA,"IP1",NA,NA,NA,NA,"I","P","1",NA,"N",6,8,NA,NA,NA,NA,NA,NA,NA,NA,NA,NA,NA,NA,NA,NA,NA,NA,2015,8,TRUE,FALSE,TRUE,"Summer chick",0.4375,105.34959801297
"Common Tern","NIP3",NA,NA,"DD","23517","STEHIR",NA,3,264,113,2015-08-06,1899-12-31,"Atlit Salt-Pans",32.695,34.932,"Yosef Kiat",NA,NA,NA,"IP3",NA,NA,NA,NA,"I","P","3",NA,"N",6,8,NA,NA,NA,NA,NA,NA,NA,NA,NA,NA,NA,NA,NA,NA,NA,NA,2015,8,TRUE,FALSE,TRUE,"Summer chick",0.428030303030303,102.150027929706
"Common Tern","NIP4",NA,NA,"DD","23518","STEHIR","F",3,207,97,2015-08-06,1899-12-31,"Atlit Salt-Pans",32.695,34.932,"Yosef Kiat",NA,NA,NA,"IP4",NA,NA,NA,NA,"I","P","4",NA,"N",6,8,NA,NA,NA,NA,NA,NA,NA,NA,NA,NA,NA,NA,NA,NA,NA,NA,2015,8,TRUE,FALSE,TRUE,"Summer chick",0.468599033816425,120.038363160985
"Common Tern","NIP6",NA,NA,"DD","23520","STEHIR",NA,3,213,99,2015-08-06,1899-12-31,"Atlit Salt-Pans",32.695,34.932,"Yosef Kiat",NA,NA,NA,"IP6",NA,NA,NA,NA,"I","P","6",NA,"N",6,8,NA,NA,NA,NA,NA,NA,NA,NA,NA,NA,NA,NA,NA,NA,NA,NA,2015,8,TRUE,FALSE,TRUE,"Summer chick",0.464788732394366,118.075929236353
"Common Tern","NIP7",NA,NA,"DD","23521","STEHIR",NA,3,214,92,2015-08-06,1899-12-31,"Atlit Salt-Pans",32.695,34.932,"Yosef Kiat",NA,NA,NA,"IP7",NA,NA,NA,NA,"I","P","7",NA,"N",6,8,NA,NA,NA,NA,NA,NA,NA,NA,NA,NA,NA,NA,NA,NA,NA,NA,2015,8,TRUE,FALSE,TRUE,"Summer chick",0.429906542056075,109.065550621
"Common Tern","NIR0",NA,NA,"DD","23526","STEHIR",NA,3,251,120,2015-08-11,1899-12-31 20:45:00,"Atlit Salt-Pans",32.695,34.932,"Yosef Kiat",NA,NA,NA,"IR0",NA,NA,NA,NA,"I","R","0",NA,"N",11,8,NA,NA,NA,NA,NA,NA,NA,NA,NA,NA,NA,NA,NA,NA,NA,NA,2015,8,TRUE,FALSE,TRUE,"Summer chick",0.47808764940239,115.786085138069
"Common Tern","NIR1",NA,NA,"DD","23527","STEHIR",NA,3,264,125,2015-08-11,1899-12-31 20:45:00,"Atlit Salt-Pans",32.695,34.932,"Yosef Kiat",NA,NA,NA,"IR1",NA,NA,NA,NA,"I","R","1",NA,"N",11,8,NA,NA,NA,NA,NA,NA,NA,NA,NA,NA,NA,NA,NA,NA,NA,NA,2015,8,TRUE,FALSE,TRUE,"Summer chick",0.473484848484849,112.997818506312
"Common Tern","NIR2",NA,NA,"DD","23528","STEHIR",NA,3,251,149,2015-08-11,1899-12-31 20:45:00,"Atlit Salt-Pans",32.695,34.932,"Yosef Kiat",NA,NA,NA,"IR2",NA,NA,NA,NA,"I","R","2",NA,"N",11,8,NA,NA,NA,NA,NA,NA,NA,NA,NA,NA,NA,NA,NA,NA,NA,NA,2015,8,TRUE,FALSE,TRUE,"Summer chick",0.593625498007968,143.76772237977
"Common Tern","NIR3",NA,NA,"DD","23529","STEHIR",NA,3,218,103,2015-08-11,1899-12-31 20:45:00,"Atlit Salt-Pans",32.695,34.932,"Yosef Kiat",NA,NA,NA,"IR3",NA,NA,NA,NA,"I","R","3",NA,"N",11,8,NA,NA,NA,NA,NA,NA,NA,NA,NA,NA,NA,NA,NA,NA,NA,NA,2015,8,TRUE,FALSE,TRUE,"Summer chick",0.472477064220183,119.220976458205
"Common Tern","NIR4",NA,NA,"DD","23530","STEHIR",NA,3,258,127,2015-08-11,1899-12-31 20:45:00,"Atlit Salt-Pans",32.695,34.932,"Yosef Kiat",NA,NA,NA,"IR4",NA,NA,NA,NA,"I","R","4",NA,"N",11,8,NA,NA,NA,NA,NA,NA,NA,NA,NA,NA,NA,NA,NA,NA,NA,NA,2015,8,TRUE,FALSE,TRUE,"Summer chick",0.492248062015504,118.264621282767
"Common Tern","NIR7",NA,NA,"DD","23533","STEHIR",NA,3,203,114,2015-08-11,1899-12-31 20:45:00,"Atlit Salt-Pans",32.695,34.932,"Yosef Kiat",NA,NA,NA,"IR7",NA,NA,NA,NA,"I","R","7",NA,"N",11,8,NA,NA,NA,NA,NA,NA,NA,NA,NA,NA,NA,NA,NA,NA,NA,NA,2015,8,TRUE,FALSE,TRUE,"Summer chick",0.561576354679803,144.675416982936
"Common Tern","NIR8",NA,NA,"DD","23534","STEHIR",NA,3,206,98,2015-08-11,1899-12-31 20:45:00,"Atlit Salt-Pans",32.695,34.932,"Yosef Kiat",NA,NA,NA,"IR8",NA,NA,NA,NA,"I","R","8",NA,"N",11,8,NA,NA,NA,NA,NA,NA,NA,NA,NA,NA,NA,NA,NA,NA,NA,NA,2015,8,TRUE,FALSE,TRUE,"Summer chick",0.475728155339806,122.036528747205
"Common Tern","NIR9",NA,NA,"DD","23535","STEHIR","M",3,252,126,2015-08-11,1899-12-31 20:45:00,"Atlit Salt-Pans",32.695,34.932,"Yosef Kiat",NA,NA,NA,"IR9",NA,NA,NA,NA,"I","R","9",NA,"N",11,8,NA,NA,NA,NA,NA,NA,NA,NA,NA,NA,NA,NA,NA,NA,NA,NA,2015,8,TRUE,FALSE,TRUE,"Summer chick",0.5,120.952846897686
"Common Tern","NIS0",NA,NA,"DD","23536","STEHIR",NA,3,256,119,2015-08-11,1899-12-31 20:45:00,"Atlit Salt-Pans",32.695,34.932,"Yosef Kiat",NA,NA,NA,"IS0",NA,NA,NA,NA,"I","S","0",NA,"N",11,8,NA,NA,NA,NA,NA,NA,NA,NA,NA,NA,NA,NA,NA,NA,NA,NA,2015,8,TRUE,FALSE,TRUE,"Summer chick",0.46484375,111.933947888781
"Common Tern","NIS1",NA,NA,"DD","23537","STEHIR",NA,3,252,107,2015-08-11,1899-12-31 20:45:00,"Atlit Salt-Pans",32.695,34.932,"Yosef Kiat",NA,NA,NA,"IS1",NA,NA,NA,NA,"I","S","1",NA,"N",11,8,NA,NA,NA,NA,NA,NA,NA,NA,NA,NA,NA,NA,NA,NA,NA,NA,2015,8,TRUE,FALSE,TRUE,"Summer chick",0.424603174603175,102.713925540099
"Common Tern","NIS2",NA,NA,"DD","23538","STEHIR",NA,3,249,113,2015-08-11,1899-12-31 20:45:00,"Atlit Salt-Pans",32.695,34.932,"Yosef Kiat",NA,NA,NA,"IS2",NA,NA,NA,NA,"I","S","2",NA,"N",11,8,NA,NA,NA,NA,NA,NA,NA,NA,NA,NA,NA,NA,NA,NA,NA,NA,2015,8,TRUE,FALSE,TRUE,"Summer chick",0.453815261044177,110.163947398691
"Common Tern","NIS4",NA,NA,"DD","23540","STEHIR",NA,3,200,117,2015-08-11,1899-12-31 20:45:00,"Atlit Salt-Pans",32.695,34.932,"Yosef Kiat",NA,NA,NA,"IS4",NA,NA,NA,NA,"I","S","4",NA,"N",11,8,NA,NA,NA,NA,NA,NA,NA,NA,NA,NA,NA,NA,NA,NA,NA,NA,2015,8,TRUE,FALSE,TRUE,"Summer chick",0.585,151.364612052328
"Common Tern","NIF8",NA,"R","DD","23442","STEHIR",NA,3,254,108,2015-08-11,1899-12-31 20:45:00,"Atlit Salt-Pans",32.695,34.932,"Yosef Kiat",NA,NA,NA,"IF8",NA,NA,NA,NA,"I","F","8",NA,"N",11,8,NA,NA,NA,NA,NA,NA,NA,NA,NA,NA,NA,NA,NA,NA,NA,NA,2015,8,FALSE,TRUE,TRUE,"Summer chick",0.425196850393701,102.621079077236
"Common Tern","NIS5",NA,NA,"DD","23541","STEHIR",NA,3,248,123,2015-08-11,1899-12-31 20:45:00,"Atlit Salt-Pans",32.695,34.932,"Yosef Kiat",NA,NA,NA,"IS5",NA,NA,NA,NA,"I","S","5",NA,"N",11,8,NA,NA,NA,NA,NA,NA,NA,NA,NA,NA,NA,NA,NA,NA,NA,NA,2015,8,TRUE,FALSE,TRUE,"Summer chick",0.495967741935484,120.537629938033
"Common Tern","NIS7",NA,NA,"DD","23543","STEHIR",NA,3,258,137,2015-08-11,1899-12-31 21:30:00,"Atlit Salt-Pans",32.695,34.932,"Yosef Kiat",NA,NA,NA,"IS7",NA,NA,NA,NA,"I","S","7",NA,"N",11,8,NA,NA,NA,NA,NA,NA,NA,NA,NA,NA,NA,NA,NA,NA,NA,NA,2015,8,TRUE,FALSE,TRUE,"Summer chick",0.531007751937985,127.576796186922
"Common Tern","NIS8",NA,NA,"DD","23544","STEHIR",NA,3,262,111,2015-08-11,1899-12-31 21:30:00,"Atlit Salt-Pans",32.695,34.932,"Yosef Kiat",NA,NA,NA,"IS8",NA,NA,NA,NA,"I","S","8",NA,"N",11,8,NA,NA,NA,NA,NA,NA,NA,NA,NA,NA,NA,NA,NA,NA,NA,NA,2015,8,TRUE,FALSE,TRUE,"Summer chick",0.423664122137405,101.332138216132
"Common Tern","NIT1",NA,NA,"DD","23547","STEHIR",NA,3,249,101,2015-08-11,1899-12-31 23:00:00,"Atlit Salt-Pans",32.695,34.932,"Yosef Kiat",NA,NA,NA,"IT1",NA,NA,NA,NA,"I","T","1",NA,"N",11,8,NA,NA,NA,NA,NA,NA,NA,NA,NA,NA,NA,NA,NA,NA,NA,NA,2015,8,TRUE,FALSE,TRUE,"Summer chick",0.405622489959839,98.4651211262637
"Common Tern","NIT3",NA,NA,"DD","23549","STEHIR",NA,3,259,121,2015-08-11,1899-12-31 23:00:00,"Atlit Salt-Pans",32.695,34.932,"Yosef Kiat",NA,NA,NA,"IT3",NA,NA,NA,NA,"I","T","3",NA,"N",11,8,NA,NA,NA,NA,NA,NA,NA,NA,NA,NA,NA,NA,NA,NA,NA,NA,2015,8,TRUE,FALSE,TRUE,"Summer chick",0.467181467181467,112.115922810902
"Common Tern","NIT4",NA,NA,"DD","23550","STEHIR",NA,3,252,120,2015-08-11,1899-12-31 23:00:00,"Atlit Salt-Pans",32.695,34.932,"Yosef Kiat",NA,NA,NA,"IT4",NA,NA,NA,NA,"I","T","4",NA,"N",11,8,NA,NA,NA,NA,NA,NA,NA,NA,NA,NA,NA,NA,NA,NA,NA,NA,2015,8,TRUE,FALSE,TRUE,"Summer chick",0.476190476190476,115.193187521606
"Common Tern","NIT5",NA,NA,"DD","23551","STEHIR",NA,3,258,119,2015-08-11,1899-12-31 23:00:00,"Atlit Salt-Pans",32.695,34.932,"Yosef Kiat",NA,NA,NA,"IT5",NA,NA,NA,NA,"I","T","5",NA,"N",11,8,NA,NA,NA,NA,NA,NA,NA,NA,NA,NA,NA,NA,NA,NA,NA,NA,2015,8,TRUE,FALSE,TRUE,"Summer chick",0.461240310077519,110.814881359443
"Common Tern","NIT8",NA,NA,"DD","23554","STEHIR",NA,3,277,122,2015-08-12,1899-12-31,"Atlit Salt-Pans",32.695,34.932,"Yosef Kiat",NA,NA,NA,"IT8",NA,NA,NA,NA,"I","T","8",NA,"N",12,8,NA,NA,NA,NA,NA,NA,NA,NA,NA,NA,NA,NA,NA,NA,NA,NA,2015,8,TRUE,FALSE,TRUE,"Summer chick",0.44043321299639,103.649243077635
"Common Tern","NIMM",NA,NA,"DD","23616","STEHIR",NA,3,245,110,2015-08-25,1899-12-31 21:00:00,"Atlit Salt-Pans",32.695,34.932,"Yosef Kiat",NA,NA,NA,"IMM",NA,NA,NA,NA,"I","M","M",NA,"N",25,8,NA,NA,NA,NA,NA,NA,NA,NA,NA,NA,NA,NA,NA,NA,NA,NA,2015,8,TRUE,FALSE,TRUE,"Summer chick",0.448979591836735,109.505187662512
"Common Tern","NIMN",NA,NA,"DD","23617","STEHIR",NA,3,222,111,2015-08-25,1899-12-31 21:00:00,"Atlit Salt-Pans",32.695,34.932,"Yosef Kiat",NA,NA,NA,"IMN",NA,NA,NA,NA,"I","M","N",NA,"N",25,8,NA,NA,NA,NA,NA,NA,NA,NA,NA,NA,NA,NA,NA,NA,NA,NA,2015,8,TRUE,FALSE,TRUE,"Summer chick",0.5,125.499768817967
"Common Tern","NIMP",NA,NA,"DD","23618","STEHIR",NA,3,262,119,2015-08-25,1899-12-31 21:00:00,"Atlit Salt-Pans",32.695,34.932,"Yosef Kiat",NA,NA,NA,"IMP",NA,NA,NA,NA,"I","M","P",NA,"N",25,8,NA,NA,NA,NA,NA,NA,NA,NA,NA,NA,NA,NA,NA,NA,NA,NA,2015,8,TRUE,FALSE,TRUE,"Summer chick",0.454198473282443,108.635355384863
"Common Tern","NIMR",NA,NA,"DD","23619","STEHIR",NA,3,256,126,2015-08-25,1899-12-31 22:00:00,"Atlit Salt-Pans",32.695,34.932,"Yosef Kiat",NA,NA,NA,"IMR",NA,NA,NA,NA,"I","M","R",NA,"N",25,8,NA,NA,NA,NA,NA,NA,NA,NA,NA,NA,NA,NA,NA,NA,NA,NA,2015,8,TRUE,FALSE,TRUE,"Summer chick",0.4921875,118.518297764592
"Common Tern","NIMS",NA,NA,"DD","23620","STEHIR",NA,3,253,117,2015-08-25,1899-12-31 22:30:00,"Atlit Salt-Pans",32.695,34.932,"Yosef Kiat",NA,NA,NA,"IMS",NA,NA,NA,NA,"I","M","S",NA,"N",25,8,NA,NA,NA,NA,NA,NA,NA,NA,NA,NA,NA,NA,NA,NA,NA,NA,2015,8,TRUE,FALSE,TRUE,"Summer chick",0.462450592885375,111.740514637096
"Common Tern","NIMT",NA,NA,"DD","23621","STEHIR",NA,3,259,119,2015-08-25,1899-12-31 22:30:00,"Atlit Salt-Pans",32.695,34.932,"Yosef Kiat",NA,NA,NA,"IMT",NA,NA,NA,NA,"I","M","T",NA,"N",25,8,NA,NA,NA,NA,NA,NA,NA,NA,NA,NA,NA,NA,NA,NA,NA,NA,2015,8,TRUE,FALSE,TRUE,"Summer chick",0.459459459459459,110.262767061962
"Common Tern","NIMU",NA,NA,"DD","23622","STEHIR",NA,3,221,102,2015-08-25,1899-12-31 22:30:00,"Atlit Salt-Pans",32.695,34.932,"Yosef Kiat",NA,NA,NA,"IMU",NA,NA,NA,NA,"I","M","U",NA,"N",25,8,NA,NA,NA,NA,NA,NA,NA,NA,NA,NA,NA,NA,NA,NA,NA,NA,2015,8,TRUE,FALSE,TRUE,"Summer chick",0.461538461538462,115.998311621143
"Common Tern","NIMX",NA,NA,"DD","23624","STEHIR",NA,3,203,103,2015-08-25,1899-12-31 23:30:00,"Atlit Salt-Pans",32.695,34.932,"Yosef Kiat",NA,NA,NA,"IMX",NA,NA,NA,NA,"I","M","X",NA,"N",25,8,NA,NA,NA,NA,NA,NA,NA,NA,NA,NA,NA,NA,NA,NA,NA,NA,2015,8,TRUE,FALSE,TRUE,"Summer chick",0.507389162561576,130.715508326688
"Common Tern","NIRB",NA,NA,"DD","23628","STEHIR",NA,3,262,117,2015-08-25,1899-12-31 23:30:00,"Atlit Salt-Pans",32.695,34.932,"Yosef Kiat",NA,NA,NA,"IRB",NA,NA,NA,NA,"I","R","B",NA,"N",25,8,NA,NA,NA,NA,NA,NA,NA,NA,NA,NA,NA,NA,NA,NA,NA,NA,2015,8,TRUE,FALSE,TRUE,"Summer chick",0.446564885496183,106.80955109268
"Common Tern","NIRC",NA,NA,"DD","23629","STEHIR",NA,3,233,101,2015-08-25,1899-12-31 23:30:00,"Atlit Salt-Pans",32.695,34.932,"Yosef Kiat",NA,NA,NA,"IRC",NA,NA,NA,NA,"I","R","C",NA,"N",25,8,NA,NA,NA,NA,NA,NA,NA,NA,NA,NA,NA,NA,NA,NA,NA,NA,2015,8,TRUE,FALSE,TRUE,"Summer chick",0.433476394849785,107.281161935415
"Common Tern","NIRF",NA,NA,"DD","23631","STEHIR",NA,3,214,98,2015-08-25,1899-12-31 23:30:00,"Atlit Salt-Pans",32.695,34.932,"Yosef Kiat",NA,NA,NA,"IRF",NA,NA,NA,NA,"I","R","F",NA,"N",25,8,NA,NA,NA,NA,NA,NA,NA,NA,NA,NA,NA,NA,NA,NA,NA,NA,2015,8,TRUE,FALSE,TRUE,"Summer chick",0.457943925233645,116.178521313674
"Common Tern","NIRJ",NA,NA,"DD","23634","STEHIR",NA,3,255,114,2015-08-25,1899-12-31 23:30:00,"Atlit Salt-Pans",32.695,34.932,"Yosef Kiat",NA,NA,NA,"IRJ",NA,NA,NA,NA,"I","R","J",NA,"N",25,8,NA,NA,NA,NA,NA,NA,NA,NA,NA,NA,NA,NA,NA,NA,NA,NA,2015,8,TRUE,FALSE,TRUE,"Summer chick",0.447058823529412,107.774093942682
"Common Tern","NIRK",NA,NA,"DD","23637","STEHIR",NA,3,246,119,2015-08-31,1899-12-31 20:30:00,"Atlit Salt-Pans",32.695,34.932,"Yosef Kiat",NA,NA,NA,"IRK",NA,NA,NA,NA,"I","R","K",NA,"N",31,8,NA,NA,NA,NA,NA,NA,NA,NA,NA,NA,NA,NA,NA,NA,NA,NA,2015,8,TRUE,FALSE,TRUE,"Summer chick",0.483739837398374,117.843302509059
"Common Tern","NIRL",NA,NA,"DD","23638","STEHIR",NA,3,270,125,2015-08-31,1899-12-31 20:30:00,"Atlit Salt-Pans",32.695,34.932,"Yosef Kiat",NA,NA,NA,"IRL",NA,NA,NA,NA,"I","R","L",NA,"N",31,8,NA,NA,NA,NA,NA,NA,NA,NA,NA,NA,NA,NA,NA,NA,NA,NA,2015,8,TRUE,FALSE,TRUE,"Summer chick",0.462962962962963,109.766215982454
"Common Tern","NIRM",NA,NA,"DD","23639","STEHIR",NA,3,240,106,2015-08-31,1899-12-31 20:30:00,"Atlit Salt-Pans",32.695,34.932,"Yosef Kiat",NA,NA,NA,"IRM",NA,NA,NA,NA,"I","R","M",NA,"N",31,8,NA,NA,NA,NA,NA,NA,NA,NA,NA,NA,NA,NA,NA,NA,NA,NA,2015,8,TRUE,FALSE,TRUE,"Summer chick",0.441666666666667,108.370200127224
"Common Tern","NIRP",NA,NA,"DD","23641","STEHIR",NA,3,261,127,2015-08-31,1899-12-31 20:30:00,"Atlit Salt-Pans",32.695,34.932,"Yosef Kiat",NA,NA,NA,"IRP",NA,NA,NA,NA,"I","R","P",NA,"N",31,8,NA,NA,NA,NA,NA,NA,NA,NA,NA,NA,NA,NA,NA,NA,NA,NA,2015,8,TRUE,FALSE,TRUE,"Summer chick",0.486590038314176,116.512430558959
"Common Tern","NIRR",NA,NA,"DD","23642","STEHIR",NA,3,257,122,2015-08-31,1899-12-31 20:30:00,"Atlit Salt-Pans",32.695,34.932,"Yosef Kiat",NA,NA,NA,"IRR",NA,NA,NA,NA,"I","R","R",NA,"N",31,8,NA,NA,NA,NA,NA,NA,NA,NA,NA,NA,NA,NA,NA,NA,NA,NA,2015,8,TRUE,FALSE,TRUE,"Summer chick",0.474708171206226,114.179615993596
"Common Tern","NIRS",NA,NA,"DD","23643","STEHIR",NA,3,232,118,2015-08-31,1899-12-31 20:30:00,"Atlit Salt-Pans",32.695,34.932,"Yosef Kiat",NA,NA,NA,"IRS",NA,NA,NA,NA,"I","R","S",NA,"N",31,8,NA,NA,NA,NA,NA,NA,NA,NA,NA,NA,NA,NA,NA,NA,NA,NA,2015,8,TRUE,FALSE,TRUE,"Summer chick",0.508620689655172,126.036367764565
"Common Tern",NA,NA,NA,"DD","23644","STEHIR",NA,3,211,73,2015-08-31,1899-12-31 20:30:00,"Atlit Salt-Pans",32.695,34.932,"Yosef Kiat",NA,NA,NA,NA,NA,NA,NA,NA,NA,NA,NA,NA,NA,31,8,NA,NA,NA,NA,NA,NA,NA,NA,NA,NA,NA,NA,NA,NA,NA,NA,2015,8,TRUE,FALSE,TRUE,"Summer chick",0.345971563981043,88.1331008483301
"Common Tern","NIRT",NA,NA,"DD","23645","STEHIR",NA,3,222,102,2015-08-31,1899-12-31 20:30:00,"Atlit Salt-Pans",32.695,34.932,"Yosef Kiat",NA,NA,NA,"IRT",NA,NA,NA,NA,"I","R","T",NA,"N",31,8,NA,NA,NA,NA,NA,NA,NA,NA,NA,NA,NA,NA,NA,NA,NA,NA,2015,8,TRUE,FALSE,TRUE,"Summer chick",0.459459459459459,115.32411188678
"Common Tern","NIRU",NA,NA,"DD","23646","STEHIR",NA,3,200,95,2015-08-31,1899-12-31 20:30:00,"Atlit Salt-Pans",32.695,34.932,"Yosef Kiat",NA,NA,NA,"IRU",NA,NA,NA,NA,"I","R","U",NA,"N",31,8,NA,NA,NA,NA,NA,NA,NA,NA,NA,NA,NA,NA,NA,NA,NA,NA,2015,8,TRUE,FALSE,TRUE,"Summer chick",0.475,122.902890127959
"Common Tern","NIRX",NA,NA,"DD","23648","STEHIR",NA,3,263,126,2015-08-31,1899-12-31 20:30:00,"Atlit Salt-Pans",32.695,34.932,"Yosef Kiat",NA,NA,NA,"IRX",NA,NA,NA,NA,"I","R","X",NA,"N",31,8,NA,NA,NA,NA,NA,NA,NA,NA,NA,NA,NA,NA,NA,NA,NA,NA,2015,8,TRUE,FALSE,TRUE,"Summer chick",0.479087452471483,114.46128806475
"Common Tern","NIRY",NA,NA,"DD","23649","STEHIR","M",3,241,107,2015-08-31,1899-12-31 20:30:00,"Atlit Salt-Pans",32.695,34.932,"Yosef Kiat",NA,"Sexing by blood testing",NA,"IRY",NA,NA,NA,NA,"I","R","Y",NA,"N",31,8,NA,NA,NA,NA,NA,NA,NA,NA,NA,NA,NA,NA,NA,NA,NA,NA,2015,8,TRUE,FALSE,TRUE,"Summer chick",0.443983402489627,108.806849829264
"Common Tern","NIUA",NA,NA,"DD","23651","STEHIR",NA,3,213,107,2015-08-31,1899-12-31 20:30:00,"Atlit Salt-Pans",32.695,34.932,"Yosef Kiat",NA,NA,NA,"IUA",NA,NA,NA,NA,"I","U","A",NA,"N",31,8,NA,NA,NA,NA,NA,NA,NA,NA,NA,NA,NA,NA,NA,NA,NA,NA,2015,8,TRUE,FALSE,TRUE,"Summer chick",0.502347417840376,127.617418467573
"Common Tern","NIUC",NA,NA,"DD","23653","STEHIR",NA,3,246,105,2015-08-31,1899-12-31 22:00:00,"Atlit Salt-Pans",32.695,34.932,"Yosef Kiat",NA,NA,NA,"IUC",NA,NA,NA,NA,"I","U","C",NA,"N",31,8,NA,NA,NA,NA,NA,NA,NA,NA,NA,NA,NA,NA,NA,NA,NA,NA,2015,8,TRUE,FALSE,TRUE,"Summer chick",0.426829268292683,103.979384566817
"Common Tern","NJS+","+",NA,"DD","23654","STEHIR",NA,3,227,115,2015-08-31,1899-12-31 22:00:00,"Atlit Salt-Pans",32.695,34.932,"Yosef Kiat",NA,NA,NA,"JS+",NA,NA,NA,NA,"J","S","+",NA,"N",31,8,NA,NA,NA,NA,NA,"IUE",NA,NA,NA,NA,NA,NA,NA,NA,NA,NA,2015,8,TRUE,FALSE,TRUE,"Summer chick",0.506607929515419,126.336456597954
"Common Tern","NIUF",NA,NA,"DD","23655","STEHIR",NA,3,251,121,2015-08-31,1899-12-31 22:00:00,"Atlit Salt-Pans",32.695,34.932,"Yosef Kiat",NA,NA,NA,"IUF",NA,NA,NA,NA,"I","U","F",NA,"N",31,8,NA,NA,NA,NA,NA,NA,NA,NA,NA,NA,NA,NA,NA,NA,NA,NA,2015,8,TRUE,FALSE,TRUE,"Summer chick",0.48207171314741,116.750969180887
"Common Tern","NIX9",NA,"R","DD","23585","STEHIR",NA,3,259,109,2015-08-31,1899-12-31 22:00:00,"Atlit Salt-Pans",32.695,34.932,"Yosef Kiat",NA,NA,NA,"IX9",NA,NA,NA,NA,"I","X","9",NA,"N",31,8,NA,NA,NA,NA,NA,NA,NA,NA,NA,NA,NA,NA,NA,NA,NA,NA,2015,8,FALSE,TRUE,TRUE,"Summer chick",0.420849420849421,100.996988317259
"Common Tern","NIUH",NA,NA,"DD","23657","STEHIR",NA,3,249,118,2015-08-31,1899-12-31 22:30:00,"Atlit Salt-Pans",32.695,34.932,"Yosef Kiat",NA,NA,NA,"IUH",NA,NA,NA,NA,"I","U","H",NA,"N",31,8,NA,NA,NA,NA,NA,NA,NA,NA,NA,NA,NA,NA,NA,NA,NA,NA,2015,8,TRUE,FALSE,TRUE,"Summer chick",0.473895582329317,115.038458345536
"Common Tern","NIUK",NA,NA,"DD","23659","STEHIR",NA,3,263,114,2015-08-31,1899-12-31 23:30:00,"Atlit Salt-Pans",32.695,34.932,"Yosef Kiat",NA,NA,NA,"IUK",NA,NA,NA,NA,"I","U","K",NA,"N",31,8,NA,NA,NA,NA,NA,NA,NA,NA,NA,NA,NA,NA,NA,NA,NA,NA,2015,8,TRUE,FALSE,TRUE,"Summer chick",0.433460076045627,103.560213010964
"Common Tern","NIUL",NA,NA,"DD","23660","STEHIR",NA,3,244,106,2015-08-31,1899-12-31 23:30:00,"Atlit Salt-Pans",32.695,34.932,"Yosef Kiat",NA,NA,NA,"IUL",NA,NA,NA,NA,"I","U","L",NA,"N",31,8,NA,NA,NA,NA,NA,NA,NA,NA,NA,NA,NA,NA,NA,NA,NA,NA,2015,8,TRUE,FALSE,TRUE,"Summer chick",0.434426229508197,106.081897838214
"Common Tern","WSC+","+",NA,"DD","23663","STEHIR",NA,3,185,88,2015-08-31,1899-12-31 23:30:00,"Atlit Salt-Pans",32.695,34.932,"Yosef Kiat",NA,NA,NA,"SC+",NA,NA,NA,NA,"S","C","+",NA,"N",31,8,NA,NA,NA,NA,NA,"IUP",NA,NA,NA,NA,NA,NA,NA,NA,NA,NA,2015,8,TRUE,FALSE,TRUE,"Summer chick",0.475675675675676,125.903295961929
"Common Tern","YIH3",NA,NA,"DD","24278","STEHIR",NA,3,228,106,2016-06-27,1899-12-31 00:30:00,"Atlit Salt-Pans",32.695,34.932,"Yosef Kiat",NA,NA,NA,"IH3",NA,NA,NA,NA,"I","H","3",NA,"Y",27,6,NA,NA,NA,NA,NA,NA,NA,NA,NA,NA,NA,NA,NA,NA,NA,NA,2016,6,TRUE,FALSE,TRUE,"Summer chick",0.464912280701754,115.790234624938
"Common Tern","YIJ5",NA,NA,"DD","24290","STEHIR",NA,3,252,118,2016-07-04,1899-12-31 20:30:00,"Atlit Salt-Pans",32.695,34.932,"Yosef Kiat",NA,NA,NA,"IJ5",NA,NA,NA,NA,"I","J","5",NA,"Y",4,7,NA,NA,NA,NA,NA,NA,NA,NA,NA,NA,NA,NA,NA,NA,NA,NA,2016,7,TRUE,FALSE,TRUE,"Summer chick",0.468253968253968,113.273301062912
"Common Tern","YIU3",NA,NA,"DD","24379","STEHIR",NA,3,251,118,2016-07-21,1899-12-31 21:30:00,"Atlit Salt-Pans",32.695,34.932,"Yosef Kiat",NA,NA,NA,"IU3",NA,NA,NA,NA,"I","U","3",NA,"Y",21,7,NA,NA,NA,NA,NA,NA,NA,NA,NA,NA,NA,NA,NA,NA,NA,NA,2016,7,TRUE,FALSE,TRUE,"Summer chick",0.470119521912351,113.856317052435
"Common Tern","YIV1",NA,NA,"DD","24387","STEHIR",NA,3,260,116,2016-07-21,1899-12-31 22:30:00,"Atlit Salt-Pans",32.695,34.932,"Yosef Kiat",NA,NA,NA,"IV1",NA,NA,NA,NA,"I","V","1",NA,"Y",21,7,NA,NA,NA,NA,NA,NA,NA,NA,NA,NA,NA,NA,NA,NA,NA,NA,2016,7,TRUE,FALSE,TRUE,"Summer chick",0.446153846153846,106.949577959723
"Common Tern","YIV4",NA,NA,"DD","24390","STEHIR",NA,3,266,122,2016-07-21,1899-12-31 23:30:00,"Atlit Salt-Pans",32.695,34.932,"Yosef Kiat",NA,NA,NA,"IV4",NA,NA,NA,NA,"I","V","4",NA,"Y",21,7,NA,NA,NA,NA,NA,NA,NA,NA,NA,NA,NA,NA,NA,NA,NA,NA,2016,7,TRUE,FALSE,TRUE,"Summer chick",0.458646616541353,109.216405210977
"Common Tern","YIT4",NA,"R","DD","24370","STEHIR",NA,3,254,107,2016-07-31,1899-12-31 21:00:00,"Atlit Salt-Pans",32.695,34.932,"Yosef Kiat",NA,NA,NA,"IT4",NA,NA,NA,NA,"I","T","4",NA,"Y",31,7,NA,NA,NA,NA,NA,NA,NA,NA,NA,NA,NA,NA,NA,NA,NA,NA,2016,7,FALSE,TRUE,TRUE,"Summer chick",0.421259842519685,101.670883900595
"Common Tern","YIX9",NA,NA,"DD","24405","STEHIR",NA,3,254,111,2016-07-31,1899-12-31 22:00:00,"Atlit Salt-Pans",32.695,34.932,"Yosef Kiat",NA,NA,NA,"IX9",NA,NA,NA,NA,"I","X","9",NA,"Y",31,7,NA,NA,NA,NA,NA,NA,NA,NA,NA,NA,NA,NA,NA,NA,NA,NA,2016,7,TRUE,FALSE,TRUE,"Summer chick",0.437007874015748,105.471664607159
"Common Tern","YIY1",NA,NA,"DD","24407","STEHIR",NA,3,261,103,2016-07-31,1899-12-31 22:30:00,"Atlit Salt-Pans",32.695,34.932,"Yosef Kiat",NA,NA,NA,"IY1",NA,NA,NA,NA,"I","Y","1",NA,"Y",31,7,NA,NA,NA,NA,NA,NA,NA,NA,NA,NA,NA,NA,NA,NA,NA,NA,2016,7,TRUE,FALSE,TRUE,"Summer chick",0.39463601532567,94.4943334454548
"Common Tern","YIY2",NA,NA,"DD","24408","STEHIR",NA,3,256,107,2016-07-31,1899-12-31 23:00:00,"Atlit Salt-Pans",32.695,34.932,"Yosef Kiat",NA,NA,NA,"IY2",NA,NA,NA,NA,"I","Y","2",NA,"Y",31,7,NA,NA,NA,NA,NA,NA,NA,NA,NA,NA,NA,NA,NA,NA,NA,NA,2016,7,TRUE,FALSE,TRUE,"Summer chick",0.41796875,100.64649095882
"Common Tern","YIY7",NA,NA,"DD","24413","STEHIR",NA,3,233,103,2016-08-10,1899-12-31 20:30:00,"Atlit Salt-Pans",32.695,34.932,"Yosef Kiat",NA,NA,NA,"IY7",NA,NA,NA,NA,"I","Y","7",NA,"Y",10,8,NA,NA,NA,NA,NA,NA,NA,NA,NA,NA,NA,NA,NA,NA,NA,NA,2016,8,TRUE,FALSE,TRUE,"Summer chick",0.44206008583691,109.405541379681
"Common Tern","YIY9",NA,NA,"DD","24415","STEHIR",NA,3,258,123,2016-08-10,1899-12-31 20:30:00,"Atlit Salt-Pans",32.695,34.932,"Yosef Kiat",NA,NA,NA,"IY9",NA,NA,NA,NA,"I","Y","9",NA,"Y",10,8,NA,NA,NA,NA,NA,NA,NA,NA,NA,NA,NA,NA,NA,NA,NA,NA,2016,8,TRUE,FALSE,TRUE,"Summer chick",0.476744186046512,114.539751321105
"Common Tern","YIZ0",NA,NA,"DD","24416","STEHIR",NA,3,266,139,2016-08-10,1899-12-31 20:30:00,"Atlit Salt-Pans",32.695,34.932,"Yosef Kiat",NA,NA,NA,"IZ0",NA,NA,NA,NA,"I","Z","0",NA,"Y",10,8,NA,NA,NA,NA,NA,NA,NA,NA,NA,NA,NA,NA,NA,NA,NA,NA,2016,8,TRUE,FALSE,TRUE,"Summer chick",0.522556390977444,124.435084625621
"Common Tern","RIVG",NA,NA,"DD","25334","STEHIR","F",3,207,116,2017-07-06,1899-12-31 00:30:00,"Atlit Salt-Pans",32.695,34.932,"Yosef Kiat",NA,NA,NA,"IVG",NA,NA,NA,NA,"I","V","G",NA,"R",6,7,NA,NA,NA,NA,NA,NA,NA,NA,NA,NA,NA,NA,NA,NA,NA,NA,2017,7,TRUE,FALSE,TRUE,"Summer chick",0.560386473429952,143.551032233755
"Common Tern","RIJN",NA,NA,"DD","25368","STEHIR",NA,3,209,102,2017-07-13,1899-12-31 22:00:00,"Atlit Salt-Pans",32.695,34.932,"Yosef Kiat",NA,NA,NA,"IJN",NA,NA,NA,NA,"I","J","N",NA,"R",13,7,NA,NA,NA,NA,NA,NA,NA,NA,NA,NA,NA,NA,NA,NA,NA,NA,2017,7,TRUE,FALSE,TRUE,"Summer chick",0.488038277511962,124.668506517788
"Common Tern","RIJP",NA,NA,"DD","25369","STEHIR",NA,3,216,107,2017-07-13,1899-12-31 22:00:00,"Atlit Salt-Pans",32.695,34.932,"Yosef Kiat",NA,NA,NA,"IJP",NA,NA,NA,NA,"I","J","P",NA,"R",13,7,NA,NA,NA,NA,NA,NA,NA,NA,NA,NA,NA,NA,NA,NA,NA,NA,2017,7,TRUE,FALSE,TRUE,"Summer chick",0.49537037037037,125.333552293045
"Common Tern","RIJX",NA,NA,"DD","25373","STEHIR",NA,3,211,107,2017-07-13,1899-12-31 22:45:00,"Atlit Salt-Pans",32.695,34.932,"Yosef Kiat",NA,NA,NA,"IJX",NA,NA,NA,NA,"I","J","X",NA,"R",13,7,NA,NA,NA,NA,NA,NA,NA,NA,NA,NA,NA,NA,NA,NA,NA,NA,2017,7,TRUE,FALSE,TRUE,"Summer chick",0.507109004739337,129.181394394128
"Common Tern","RIJZ",NA,NA,"DD","25374","STEHIR",NA,3,232,112,2017-07-13,1899-12-31 22:45:00,"Atlit Salt-Pans",32.695,34.932,"Yosef Kiat",NA,NA,NA,"IJZ",NA,NA,NA,NA,"I","J","Z",NA,"R",13,7,NA,NA,NA,NA,NA,NA,NA,NA,NA,NA,NA,NA,NA,NA,NA,NA,2017,7,TRUE,FALSE,TRUE,"Summer chick",0.482758620689655,119.62773889518
"Common Tern","RIKA",NA,NA,"DD","25375","STEHIR",NA,3,226,108,2017-07-13,1899-12-31 22:45:00,"Atlit Salt-Pans",32.695,34.932,"Yosef Kiat",NA,NA,NA,"IKA",NA,NA,NA,NA,"I","K","A",NA,"R",13,7,NA,NA,NA,NA,NA,NA,NA,NA,NA,NA,NA,NA,NA,NA,NA,NA,2017,7,TRUE,FALSE,TRUE,"Summer chick",0.47787610619469,119.324678258632
"Common Tern","RIKJ",NA,NA,"DD","25380","STEHIR",NA,3,205,111,2017-07-13,1899-12-31 23:45:00,"Atlit Salt-Pans",32.695,34.932,"Yosef Kiat",NA,NA,NA,"IKJ",NA,NA,NA,NA,"I","K","J",NA,"R",13,7,NA,NA,NA,NA,NA,NA,NA,NA,NA,NA,NA,NA,NA,NA,NA,NA,2017,7,TRUE,FALSE,TRUE,"Summer chick",0.541463414634146,139.096243886561
"Common Tern","RIKK",NA,NA,"DD","25381","STEHIR",NA,3,205,107,2017-07-13,1899-12-31 23:45:00,"Atlit Salt-Pans",32.695,34.932,"Yosef Kiat",NA,NA,NA,"IKK",NA,NA,NA,NA,"I","K","K",NA,"R",13,7,NA,NA,NA,NA,NA,NA,NA,NA,NA,NA,NA,NA,NA,NA,NA,NA,2017,7,TRUE,FALSE,TRUE,"Summer chick",0.521951219512195,134.083766629388
"Common Tern","NIGR",NA,NA,"DD","25437","STEHIR",NA,3,260,109,2017-07-28,1899-12-31 00:30:00,"Atlit Salt-Pans",32.695,34.932,"Yosef Kiat",NA,NA,NA,"IGR",NA,NA,NA,NA,"I","G","R",NA,"N",28,7,NA,NA,NA,NA,NA,NA,NA,NA,NA,NA,NA,NA,NA,NA,NA,NA,2017,7,TRUE,FALSE,TRUE,"Summer chick",0.419230769230769,100.495724117326
"Common Tern","NIGS",NA,NA,"DD","25438","STEHIR",NA,3,239,110,2017-07-28,1899-12-31 00:30:00,"Atlit Salt-Pans",32.695,34.932,"Yosef Kiat",NA,NA,NA,"IGS",NA,NA,NA,NA,"I","G","S",NA,"N",28,7,NA,NA,NA,NA,NA,NA,NA,NA,NA,NA,NA,NA,NA,NA,NA,NA,2017,7,TRUE,FALSE,TRUE,"Summer chick",0.460251046025105,113.067549894039
"Common Tern","NIGZ",NA,NA,"DD","25444","STEHIR",NA,3,265,122,2017-08-06,1899-12-31 22:30:00,"Atlit Salt-Pans",32.695,34.932,"Yosef Kiat",NA,NA,NA,"IGZ",NA,NA,NA,NA,"I","G","Z",NA,"N",6,8,NA,NA,NA,NA,NA,NA,NA,NA,NA,NA,NA,NA,NA,NA,NA,NA,2017,8,TRUE,FALSE,TRUE,"Summer chick",0.460377358490566,109.748826434462
"Common Tern","NG7P",NA,NA,"DD","28102","STEHIR","F",3,249,114,2018-07-19,1899-12-31 21:30:00,"Atlit Salt-Pans",32.695,34.932,"Yosef Kiat",NA,NA,NA,"G7P",NA,NA,NA,NA,"G","7","P",NA,"N",19,7,NA,NA,NA,NA,NA,NA,NA,NA,NA,NA,NA,NA,NA,NA,NA,NA,2018,7,TRUE,FALSE,TRUE,"Summer chick",0.457831325301205,111.13884958806
"Common Tern","NG7R",NA,NA,"DD","28103","STEHIR",NA,3,239,110,2018-07-19,1899-12-31 21:30:00,"Atlit Salt-Pans",32.695,34.932,"Yosef Kiat",NA,NA,NA,"G7R",NA,NA,NA,NA,"G","7","R",NA,"N",19,7,NA,NA,NA,NA,NA,NA,NA,NA,NA,NA,NA,NA,NA,NA,NA,NA,2018,7,TRUE,FALSE,TRUE,"Summer chick",0.460251046025105,113.067549894039
"Common Tern","NG7S",NA,NA,"DD","28104","STEHIR",NA,3,252,110,2018-07-19,1899-12-31 21:30:00,"Atlit Salt-Pans",32.695,34.932,"Yosef Kiat",NA,NA,NA,"G7S",NA,NA,NA,NA,"G","7","S",NA,"N",19,7,NA,NA,NA,NA,NA,NA,NA,NA,NA,NA,NA,NA,NA,NA,NA,NA,2018,7,TRUE,FALSE,TRUE,"Summer chick",0.436507936507937,105.593755228139
"Common Tern","NG7T",NA,NA,"DD","28105","STEHIR",NA,3,246,112,2018-07-19,1899-12-31 21:30:00,"Atlit Salt-Pans",32.695,34.932,"Yosef Kiat",NA,NA,NA,"G7T",NA,NA,NA,NA,"G","7","T",NA,"N",19,7,NA,NA,NA,NA,NA,NA,NA,NA,NA,NA,NA,NA,NA,NA,NA,NA,2018,7,TRUE,FALSE,TRUE,"Summer chick",0.455284552845528,110.911343537938
"Common Tern","NG7U",NA,NA,"DD","28106","STEHIR",NA,3,267,122,2018-07-19,1899-12-31 21:30:00,"Atlit Salt-Pans",32.695,34.932,"Yosef Kiat",NA,NA,NA,"G7U",NA,NA,NA,NA,"G","7","U",NA,"N",19,7,NA,NA,NA,NA,NA,NA,NA,NA,NA,NA,NA,NA,NA,NA,NA,NA,2018,7,TRUE,FALSE,TRUE,"Summer chick",0.456928838951311,108.688550235441
"Common Tern","NG7V",NA,NA,"DD","28107","STEHIR",NA,3,257,118,2018-07-19,1899-12-31 21:30:00,"Atlit Salt-Pans",32.695,34.932,"Yosef Kiat",NA,NA,NA,"G7V",NA,NA,NA,NA,"G","7","V",NA,"N",19,7,NA,NA,NA,NA,NA,NA,NA,NA,NA,NA,NA,NA,NA,NA,NA,NA,2018,7,TRUE,FALSE,TRUE,"Summer chick",0.459143968871595,110.436022026593
"Common Tern","NG7W",NA,NA,"DD","28108","STEHIR",NA,3,257,118,2018-07-19,1899-12-31 21:30:00,"Atlit Salt-Pans",32.695,34.932,"Yosef Kiat",NA,NA,NA,"G7W",NA,NA,NA,NA,"G","7","W",NA,"N",19,7,NA,NA,NA,NA,NA,NA,NA,NA,NA,NA,NA,NA,NA,NA,NA,NA,2018,7,TRUE,FALSE,TRUE,"Summer chick",0.459143968871595,110.436022026593
"Common Tern","NG7X",NA,NA,"DD","28109","STEHIR",NA,3,224,98,2018-07-19,1899-12-31 23:00:00,"Atlit Salt-Pans",32.695,34.932,"Yosef Kiat",NA,NA,NA,"G7X",NA,NA,NA,NA,"G","7","X",NA,"N",19,7,NA,NA,NA,NA,NA,NA,NA,NA,NA,NA,NA,NA,NA,NA,NA,NA,2018,7,TRUE,FALSE,TRUE,"Summer chick",0.4375,109.525931575856
"Common Tern","NG7Y",NA,NA,"DD","28110","STEHIR",NA,3,255,118,2018-07-19,1899-12-31 23:00:00,"Atlit Salt-Pans",32.695,34.932,"Yosef Kiat",NA,NA,NA,"G7Y",NA,NA,NA,NA,"G","7","Y",NA,"N",19,7,NA,NA,NA,NA,NA,NA,NA,NA,NA,NA,NA,NA,NA,NA,NA,NA,2018,7,TRUE,FALSE,TRUE,"Summer chick",0.462745098039216,111.555641098566
"Common Tern","NG7Z",NA,NA,"DD","28111","STEHIR",NA,3,241,117,2018-07-19,1899-12-31 23:00:00,"Atlit Salt-Pans",32.695,34.932,"Yosef Kiat",NA,NA,NA,"G7Z",NA,NA,NA,NA,"G","7","Z",NA,"N",19,7,NA,NA,NA,NA,NA,NA,NA,NA,NA,NA,NA,NA,NA,NA,NA,NA,2018,7,TRUE,FALSE,TRUE,"Summer chick",0.485477178423237,118.975714299289
"Common Tern","NG8A","+",NA,"DD","32094","STEHIR","F",3,248,106,2018-07-19,1899-12-31 23:00:00,"Atlit Salt-Pans",32.695,34.932,"Yosef Kiat",NA,NA,NA,"G8A",NA,NA,NA,NA,"G","8","A",NA,"N",19,7,NA,NA,NA,NA,NA,NA,NA,NA,"DD-28112",NA,NA,NA,NA,NA,NA,NA,2018,7,TRUE,FALSE,TRUE,"Summer chick",0.42741935483871,103.877957507573
"Common Tern","NG8B",NA,NA,"DD","28113","STEHIR",NA,3,221,101,2018-07-19,1899-12-31 23:30:00,"Atlit Salt-Pans",32.695,34.932,"Yosef Kiat",NA,NA,NA,"G8B",NA,NA,NA,NA,"G","8","B",NA,"N",19,7,NA,NA,NA,NA,NA,NA,NA,NA,NA,NA,NA,NA,NA,NA,NA,NA,2018,7,TRUE,FALSE,TRUE,"Summer chick",0.457013574660633,114.861073271916
"Common Tern","NG8E",NA,NA,"DD","28115","STEHIR",NA,3,248,112,2018-07-19,1899-12-31 23:30:00,"Atlit Salt-Pans",32.695,34.932,"Yosef Kiat",NA,NA,NA,"G8E",NA,NA,NA,NA,"G","8","E",NA,"N",19,7,NA,NA,NA,NA,NA,NA,NA,NA,NA,NA,NA,NA,NA,NA,NA,NA,2018,7,TRUE,FALSE,TRUE,"Summer chick",0.451612903225806,109.757841894794
"Common Tern","NG8F",NA,NA,"DD","28116","STEHIR",NA,3,222,108,2018-07-19,1899-12-31 23:30:00,"Atlit Salt-Pans",32.695,34.932,"Yosef Kiat",NA,NA,NA,"G8F",NA,NA,NA,NA,"G","8","F",NA,"N",19,7,NA,NA,NA,NA,NA,NA,NA,NA,NA,NA,NA,NA,NA,NA,NA,NA,2018,7,TRUE,FALSE,TRUE,"Summer chick",0.486486486486487,122.107883174238
"Common Tern","NG8G",NA,NA,"DD","28117","STEHIR",NA,3,246,108,2018-07-19,1899-12-31 23:30:00,"Atlit Salt-Pans",32.695,34.932,"Yosef Kiat",NA,NA,NA,"G8G",NA,NA,NA,NA,"G","8","G",NA,"N",19,7,NA,NA,NA,NA,NA,NA,NA,NA,NA,NA,NA,NA,NA,NA,NA,NA,2018,7,TRUE,FALSE,TRUE,"Summer chick",0.439024390243902,106.950224125869
"Common Tern","NG8H",NA,NA,"DD","28118","STEHIR",NA,3,220,112,2018-07-19,1899-12-31 23:30:00,"Atlit Salt-Pans",32.695,34.932,"Yosef Kiat",NA,NA,NA,"G8H",NA,NA,NA,NA,"G","8","H",NA,"N",19,7,NA,NA,NA,NA,NA,NA,NA,NA,NA,NA,NA,NA,NA,NA,NA,NA,2018,7,TRUE,FALSE,TRUE,"Summer chick",0.509090909090909,128.118707632999
"Common Tern","NG8J",NA,NA,"DD","28119","STEHIR",NA,3,240,100,2018-07-19,1899-12-31 23:30:00,"Atlit Salt-Pans",32.695,34.932,"Yosef Kiat",NA,NA,NA,"G8J",NA,NA,NA,NA,"G","8","J",NA,"N",19,7,NA,NA,NA,NA,NA,NA,NA,NA,NA,NA,NA,NA,NA,NA,NA,NA,2018,7,TRUE,FALSE,TRUE,"Summer chick",0.416666666666667,102.236037855871
"Common Tern","NG8K",NA,NA,"DD","28120","STEHIR",NA,3,234,99,2018-07-19,1899-12-31 23:30:00,"Atlit Salt-Pans",32.695,34.932,"Yosef Kiat",NA,NA,NA,"G8K",NA,NA,NA,NA,"G","8","K",NA,"N",19,7,NA,NA,NA,NA,NA,NA,NA,NA,NA,NA,NA,NA,NA,NA,NA,NA,2018,7,TRUE,FALSE,TRUE,"Summer chick",0.423076923076923,104.576918741711
"Common Tern","NG8L",NA,NA,"DD","28121","STEHIR","F",3,243,104,2018-07-19,1899-12-31 23:30:00,"Atlit Salt-Pans",32.695,34.932,"Yosef Kiat",NA,NA,NA,"G8L",NA,NA,NA,NA,"G","8","L",NA,"N",19,7,NA,NA,NA,NA,NA,NA,NA,NA,NA,NA,NA,NA,NA,NA,NA,NA,2018,7,TRUE,FALSE,TRUE,"Summer chick",0.42798353909465,104.633699370619
"Common Tern","NG8M",NA,NA,"DD","28122","STEHIR",NA,3,231,114,2018-07-19,1899-12-31 23:30:00,"Atlit Salt-Pans",32.695,34.932,"Yosef Kiat",NA,NA,NA,"G8M",NA,NA,NA,NA,"G","8","M",NA,"N",19,7,NA,NA,NA,NA,NA,NA,NA,NA,NA,NA,NA,NA,NA,NA,NA,NA,2018,7,TRUE,FALSE,TRUE,"Summer chick",0.493506493506494,122.444961082972
"Common Tern","NG8N",NA,NA,"DD","28123","STEHIR",NA,3,246,111,2018-07-19,1899-12-31 23:30:00,"Atlit Salt-Pans",32.695,34.932,"Yosef Kiat",NA,NA,NA,"G8N",NA,NA,NA,NA,"G","8","N",NA,"N",19,7,NA,NA,NA,NA,NA,NA,NA,NA,NA,NA,NA,NA,NA,NA,NA,NA,2018,7,TRUE,FALSE,TRUE,"Summer chick",0.451219512195122,109.921063684921
"Common Tern","NG8P",NA,NA,"DD","28124","STEHIR",NA,3,253,116,2018-07-19,1899-12-31 23:30:00,"Atlit Salt-Pans",32.695,34.932,"Yosef Kiat",NA,NA,NA,"G8P",NA,NA,NA,NA,"G","8","P",NA,"N",19,7,NA,NA,NA,NA,NA,NA,NA,NA,NA,NA,NA,NA,NA,NA,NA,NA,2018,7,TRUE,FALSE,TRUE,"Summer chick",0.458498023715415,110.785467503445
"Common Tern","NG8R",NA,NA,"DD","28125","STEHIR",NA,3,256,108,2018-07-19,1899-12-31 23:30:00,"Atlit Salt-Pans",32.695,34.932,"Yosef Kiat",NA,NA,NA,"G8R",NA,NA,NA,NA,"G","8","R",NA,"N",19,7,NA,NA,NA,NA,NA,NA,NA,NA,NA,NA,NA,NA,NA,NA,NA,NA,2018,7,TRUE,FALSE,TRUE,"Summer chick",0.421875,101.58711236965
"Common Tern","NG8S",NA,NA,"DD","28126","STEHIR",NA,3,232,110,2018-07-20,1899-12-31 01:00:00,"Atlit Salt-Pans",32.695,34.932,"Yosef Kiat",NA,NA,NA,"G8S",NA,NA,NA,NA,"G","8","S",NA,"N",20,7,NA,NA,NA,NA,NA,NA,NA,NA,NA,NA,NA,NA,NA,NA,NA,NA,2018,7,TRUE,FALSE,TRUE,"Summer chick",0.474137931034483,117.491529272052
"Common Tern","NG8T",NA,NA,"DD","28127","STEHIR",NA,3,216,99,2018-07-20,1899-12-31 01:00:00,"Atlit Salt-Pans",32.695,34.932,"Yosef Kiat",NA,NA,NA,"G8T",NA,NA,NA,NA,"G","8","T",NA,"N",20,7,NA,NA,NA,NA,NA,NA,NA,NA,NA,NA,NA,NA,NA,NA,NA,NA,2018,7,TRUE,FALSE,TRUE,"Summer chick",0.458333333333333,115.962819411322
"Common Tern","NG8V",NA,NA,"DD","28129","STEHIR",NA,3,231,115,2018-07-20,1899-12-31 01:00:00,"Atlit Salt-Pans",32.695,34.932,"Yosef Kiat",NA,NA,NA,"G8V",NA,NA,NA,NA,"G","8","V",NA,"N",20,7,NA,NA,NA,NA,NA,NA,NA,NA,NA,NA,NA,NA,NA,NA,NA,NA,2018,7,TRUE,FALSE,TRUE,"Summer chick",0.497835497835498,123.519039688963
"Common Tern","NG8W",NA,NA,"DD","28130","STEHIR",NA,3,233,104,2018-07-20,1899-12-31 01:00:00,"Atlit Salt-Pans",32.695,34.932,"Yosef Kiat",NA,NA,NA,"G8W",NA,NA,NA,NA,"G","8","W",NA,"N",20,7,NA,NA,NA,NA,NA,NA,NA,NA,NA,NA,NA,NA,NA,NA,NA,NA,2018,7,TRUE,FALSE,TRUE,"Summer chick",0.446351931330472,110.467731101813
"Common Tern","NG8X",NA,NA,"DD","28131","STEHIR",NA,3,244,108,2018-07-20,1899-12-31 01:00:00,"Atlit Salt-Pans",32.695,34.932,"Yosef Kiat",NA,NA,NA,"G8X",NA,NA,NA,NA,"G","8","X",NA,"N",20,7,NA,NA,NA,NA,NA,NA,NA,NA,NA,NA,NA,NA,NA,NA,NA,NA,2018,7,TRUE,FALSE,TRUE,"Summer chick",0.442622950819672,108.083443080444
"Common Tern","NG8Y",NA,NA,"DD","28132","STEHIR",NA,3,265,104,2018-07-20,1899-12-31 01:00:00,"Atlit Salt-Pans",32.695,34.932,"Yosef Kiat",NA,NA,NA,"G8Y",NA,NA,NA,NA,"G","8","Y",NA,"N",20,7,NA,NA,NA,NA,NA,NA,NA,NA,NA,NA,NA,NA,NA,NA,NA,NA,2018,7,TRUE,FALSE,TRUE,"Summer chick",0.392452830188679,93.556376632656
"Common Tern","NG8Z",NA,NA,"DD","28133","STEHIR",NA,3,243,109,2018-07-20,1899-12-31 01:00:00,"Atlit Salt-Pans",32.695,34.932,"Yosef Kiat",NA,NA,NA,"G8Z",NA,NA,NA,NA,"G","8","Z",NA,"N",20,7,NA,NA,NA,NA,NA,NA,NA,NA,NA,NA,NA,NA,NA,NA,NA,NA,2018,7,TRUE,FALSE,TRUE,"Summer chick",0.448559670781893,109.664165686515
"Common Tern","NG4H",NA,"R","DD","28031","STEHIR","F",3,243,107,2018-07-20,1899-12-31 01:00:00,"Atlit Salt-Pans",32.695,34.932,"Yosef Kiat",NA,NA,NA,"G4H",NA,NA,NA,NA,"G","4","H",NA,"N",20,7,NA,NA,NA,NA,NA,NA,NA,NA,NA,NA,NA,NA,NA,NA,NA,NA,2018,7,FALSE,TRUE,TRUE,"Summer chick",0.440329218106996,107.651979160157
"Common Tern","NG9A",NA,NA,"DD","28134","STEHIR","F",3,230,96,2018-07-20,1899-12-31 01:00:00,"Atlit Salt-Pans",32.695,34.932,"Yosef Kiat",NA,NA,NA,"G9A",NA,NA,NA,NA,"G","9","A",NA,"N",20,7,NA,NA,NA,NA,NA,NA,NA,NA,NA,NA,NA,NA,NA,NA,NA,NA,2018,7,TRUE,FALSE,TRUE,"Summer chick",0.417391304347826,103.690746813384
"Common Tern","NG9B",NA,NA,"DD","28135","STEHIR",NA,3,230,110,2018-07-20,1899-12-31 01:00:00,"Atlit Salt-Pans",32.695,34.932,"Yosef Kiat",NA,NA,NA,"G9B",NA,NA,NA,NA,"G","9","B",NA,"N",20,7,NA,NA,NA,NA,NA,NA,NA,NA,NA,NA,NA,NA,NA,NA,NA,NA,2018,7,TRUE,FALSE,TRUE,"Summer chick",0.478260869565217,118.812314057003
"Common Tern","NG4G",NA,"R","DD","28030","STEHIR",NA,3,237,97,2018-07-20,1899-12-31 01:00:00,"Atlit Salt-Pans",32.695,34.932,"Yosef Kiat",NA,NA,NA,"G4G",NA,NA,NA,NA,"G","4","G",NA,"N",20,7,NA,NA,NA,NA,NA,NA,NA,NA,NA,NA,NA,NA,NA,NA,NA,NA,2018,7,FALSE,TRUE,TRUE,"Summer chick",0.409282700421941,100.792713107444
"Common Tern","NG9J",NA,NA,"DD","28142","STEHIR",NA,3,253,112,2018-07-30,1899-12-31 20:45:00,"Atlit Salt-Pans",32.695,34.932,"Yosef Kiat",NA,NA,NA,"G9J",NA,NA,NA,NA,"G","9","J",NA,"N",30,7,NA,NA,NA,NA,NA,NA,NA,NA,NA,NA,NA,NA,NA,NA,NA,NA,2018,7,TRUE,FALSE,TRUE,"Summer chick",0.442687747035573,106.965278968844
"Common Tern","NG9K",NA,NA,"DD","28143","STEHIR",NA,3,262,112,2018-07-30,1899-12-31 20:45:00,"Atlit Salt-Pans",32.695,34.932,"Yosef Kiat",NA,NA,NA,"G9K",NA,NA,NA,NA,"G","9","K",NA,"N",30,7,NA,NA,NA,NA,NA,NA,NA,NA,NA,NA,NA,NA,NA,NA,NA,NA,2018,7,TRUE,FALSE,TRUE,"Summer chick",0.427480916030534,102.245040362224
"Common Tern","NG9L",NA,NA,"DD","28144","STEHIR",NA,3,256,119,2018-07-30,1899-12-31 20:45:00,"Atlit Salt-Pans",32.695,34.932,"Yosef Kiat",NA,NA,NA,"G9L",NA,NA,NA,NA,"G","9","L",NA,"N",30,7,NA,NA,NA,NA,NA,NA,NA,NA,NA,NA,NA,NA,NA,NA,NA,NA,2018,7,TRUE,FALSE,TRUE,"Summer chick",0.46484375,111.933947888781
"Common Tern","NG9M",NA,NA,"DD","28145","STEHIR",NA,3,250,89,2018-07-30,1899-12-31 20:45:00,"Atlit Salt-Pans",32.695,34.932,"Yosef Kiat",NA,NA,NA,"G9M",NA,NA,NA,NA,"G","9","M",NA,"N",30,7,NA,NA,NA,NA,NA,NA,NA,NA,NA,NA,NA,NA,NA,NA,NA,NA,2018,7,TRUE,FALSE,TRUE,"Summer chick",0.356,86.3184445154311
"Common Tern","NG9N",NA,NA,"DD","28146","STEHIR",NA,3,250,121,2018-07-30,1899-12-31 20:45:00,"Atlit Salt-Pans",32.695,34.932,"Yosef Kiat",NA,NA,NA,"G9N",NA,NA,NA,NA,"G","9","N",NA,"N",30,7,NA,NA,NA,NA,NA,NA,NA,NA,NA,NA,NA,NA,NA,NA,NA,NA,2018,7,TRUE,FALSE,TRUE,"Summer chick",0.484,117.354289734462
"Common Tern","NG9R",NA,NA,"DD","28148","STEHIR",NA,3,265,120,2018-07-30,1899-12-31 20:45:00,"Atlit Salt-Pans",32.695,34.932,"Yosef Kiat",NA,NA,NA,"G9R",NA,NA,NA,NA,"G","9","R",NA,"N",30,7,NA,NA,NA,NA,NA,NA,NA,NA,NA,NA,NA,NA,NA,NA,NA,NA,2018,7,TRUE,FALSE,TRUE,"Summer chick",0.452830188679245,107.949665345372
"Common Tern","NG9S",NA,NA,"DD","28149","STEHIR",NA,3,258,125,2018-07-30,1899-12-31 20:45:00,"Atlit Salt-Pans",32.695,34.932,"Yosef Kiat",NA,NA,NA,"G9S",NA,NA,NA,NA,"G","9","S",NA,"N",30,7,NA,NA,NA,NA,NA,NA,NA,NA,NA,NA,NA,NA,NA,NA,NA,NA,2018,7,TRUE,FALSE,TRUE,"Summer chick",0.484496124031008,116.402186301936
"Common Tern","NG9T",NA,NA,"DD","28150","STEHIR",NA,3,255,117,2018-07-30,1899-12-31 20:45:00,"Atlit Salt-Pans",32.695,34.932,"Yosef Kiat",NA,NA,NA,"G9T",NA,NA,NA,NA,"G","9","T",NA,"N",30,7,NA,NA,NA,NA,NA,NA,NA,NA,NA,NA,NA,NA,NA,NA,NA,NA,2018,7,TRUE,FALSE,TRUE,"Summer chick",0.458823529411765,110.610254309595
"Common Tern","NG9U",NA,NA,"DD","28151","STEHIR",NA,3,260,118,2018-07-30,1899-12-31 20:45:00,"Atlit Salt-Pans",32.695,34.932,"Yosef Kiat",NA,NA,NA,"G9U",NA,NA,NA,NA,"G","9","U",NA,"N",30,7,NA,NA,NA,NA,NA,NA,NA,NA,NA,NA,NA,NA,NA,NA,NA,NA,2018,7,TRUE,FALSE,TRUE,"Summer chick",0.453846153846154,108.793536200408
"Common Tern","NG9V",NA,NA,"DD","28152","STEHIR",NA,3,252,129,2018-07-30,1899-12-31 20:45:00,"Atlit Salt-Pans",32.695,34.932,"Yosef Kiat",NA,NA,NA,"G9V",NA,NA,NA,NA,"G","9","V",NA,"N",30,7,NA,NA,NA,NA,NA,NA,NA,NA,NA,NA,NA,NA,NA,NA,NA,NA,2018,7,TRUE,FALSE,TRUE,"Summer chick",0.511904761904762,123.832676585726
"Common Tern","NG9W",NA,NA,"DD","28153","STEHIR",NA,3,265,118,2018-07-30,1899-12-31 20:45:00,"Atlit Salt-Pans",32.695,34.932,"Yosef Kiat",NA,NA,NA,"G9W",NA,NA,NA,NA,"G","9","W",NA,"N",30,7,NA,NA,NA,NA,NA,NA,NA,NA,NA,NA,NA,NA,NA,NA,NA,NA,2018,7,TRUE,FALSE,TRUE,"Summer chick",0.445283018867925,106.150504256283
"Common Tern","NG9X",NA,NA,"DD","28154","STEHIR",NA,3,257,101,2018-07-30,1899-12-31 20:45:00,"Atlit Salt-Pans",32.695,34.932,"Yosef Kiat",NA,NA,NA,"G9X",NA,NA,NA,NA,"G","9","X",NA,"N",30,7,NA,NA,NA,NA,NA,NA,NA,NA,NA,NA,NA,NA,NA,NA,NA,NA,2018,7,TRUE,FALSE,TRUE,"Summer chick",0.392996108949416,94.5257476668295
"Common Tern","NG9Y",NA,NA,"DD","28155","STEHIR",NA,3,270,114,2018-07-30,1899-12-31 20:45:00,"Atlit Salt-Pans",32.695,34.932,"Yosef Kiat",NA,NA,NA,"G9Y",NA,NA,NA,NA,"G","9","Y",NA,"N",30,7,NA,NA,NA,NA,NA,NA,NA,NA,NA,NA,NA,NA,NA,NA,NA,NA,2018,7,TRUE,FALSE,TRUE,"Summer chick",0.422222222222222,100.106788975998
"Common Tern","NG9Z",NA,NA,"DD","28156","STEHIR",NA,3,256,127,2018-07-30,1899-12-31 20:45:00,"Atlit Salt-Pans",32.695,34.932,"Yosef Kiat",NA,NA,NA,"G9Z",NA,NA,NA,NA,"G","9","Z",NA,"N",30,7,NA,NA,NA,NA,NA,NA,NA,NA,NA,NA,NA,NA,NA,NA,NA,NA,2018,7,TRUE,FALSE,TRUE,"Summer chick",0.49609375,119.458919175422
"Common Tern","NGAG",NA,NA,"DD","28157","STEHIR",NA,3,256,98,2018-07-30,1899-12-31 20:45:00,"Atlit Salt-Pans",32.695,34.932,"Yosef Kiat",NA,NA,NA,"GAG",NA,NA,NA,NA,"G","A","G",NA,"N",30,7,NA,NA,NA,NA,NA,NA,NA,NA,NA,NA,NA,NA,NA,NA,NA,NA,2018,7,TRUE,FALSE,TRUE,"Summer chick",0.3828125,92.180898261349
"Common Tern","NGBG",NA,NA,"DD","28158","STEHIR",NA,3,254,132,2018-07-30,1899-12-31 20:45:00,"Atlit Salt-Pans",32.695,34.932,"Yosef Kiat",NA,NA,NA,"GBG",NA,NA,NA,NA,"G","B","G",NA,"N",30,7,NA,NA,NA,NA,NA,NA,NA,NA,NA,NA,NA,NA,NA,NA,NA,NA,2018,7,TRUE,FALSE,TRUE,"Summer chick",0.519685039370079,125.425763316622
"Common Tern","NGCG",NA,NA,"DD","28159","STEHIR",NA,3,256,147,2018-07-30,1899-12-31 20:45:00,"Atlit Salt-Pans",32.695,34.932,"Yosef Kiat",NA,NA,NA,"GCG",NA,NA,NA,NA,"G","C","G",NA,"N",30,7,NA,NA,NA,NA,NA,NA,NA,NA,NA,NA,NA,NA,NA,NA,NA,NA,2018,7,TRUE,FALSE,TRUE,"Summer chick",0.57421875,138.271347392024
"Common Tern","NGGG",NA,NA,"DD","28162","STEHIR",NA,3,245,112,2018-07-30,1899-12-31 20:45:00,"Atlit Salt-Pans",32.695,34.932,"Yosef Kiat",NA,NA,NA,"GGG",NA,NA,NA,NA,"G","G","G",NA,"N",30,7,NA,NA,NA,NA,NA,NA,NA,NA,NA,NA,NA,NA,NA,NA,NA,NA,2018,7,TRUE,FALSE,TRUE,"Summer chick",0.457142857142857,111.496191074558
"Common Tern","NGHG",NA,NA,"DD","28163","STEHIR",NA,3,253,112,2018-07-30,1899-12-31 20:45:00,"Atlit Salt-Pans",32.695,34.932,"Yosef Kiat",NA,NA,NA,"GHG",NA,NA,NA,NA,"G","H","G",NA,"N",30,7,NA,NA,NA,NA,NA,NA,NA,NA,NA,NA,NA,NA,NA,NA,NA,NA,2018,7,TRUE,FALSE,TRUE,"Summer chick",0.442687747035573,106.965278968844
"Common Tern","NGKG",NA,NA,"DD","28165","STEHIR",NA,3,241,120,2018-07-30,1899-12-31 20:45:00,"Atlit Salt-Pans",32.695,34.932,"Yosef Kiat",NA,NA,NA,"GKG",NA,NA,NA,NA,"G","K","G",NA,"N",30,7,NA,NA,NA,NA,NA,NA,NA,NA,NA,NA,NA,NA,NA,NA,NA,NA,2018,7,TRUE,FALSE,TRUE,"Summer chick",0.49792531120332,122.026373640296
"Common Tern","NGMG",NA,NA,"DD","28167","STEHIR",NA,3,261,119,2018-07-30,1899-12-31 21:30:00,"Atlit Salt-Pans",32.695,34.932,"Yosef Kiat",NA,NA,NA,"GMG",NA,NA,NA,NA,"G","M","G",NA,"N",30,7,NA,NA,NA,NA,NA,NA,NA,NA,NA,NA,NA,NA,NA,NA,NA,NA,2018,7,TRUE,FALSE,TRUE,"Summer chick",0.455938697318008,109.173064854457
"Common Tern","NGNG",NA,NA,"DD","28168","STEHIR",NA,3,253,110,2018-07-30,1899-12-31 21:30:00,"Atlit Salt-Pans",32.695,34.932,"Yosef Kiat",NA,NA,NA,"GNG",NA,NA,NA,NA,"G","N","G",NA,"N",30,7,NA,NA,NA,NA,NA,NA,NA,NA,NA,NA,NA,NA,NA,NA,NA,NA,2018,7,TRUE,FALSE,TRUE,"Summer chick",0.434782608695652,105.055184701543
"Common Tern","NGPG",NA,NA,"DD","28169","STEHIR",NA,3,259,122,2018-07-30,1899-12-31 21:30:00,"Atlit Salt-Pans",32.695,34.932,"Yosef Kiat",NA,NA,NA,"GPG",NA,NA,NA,NA,"G","P","G",NA,"N",30,7,NA,NA,NA,NA,NA,NA,NA,NA,NA,NA,NA,NA,NA,NA,NA,NA,2018,7,TRUE,FALSE,TRUE,"Summer chick",0.471042471042471,113.042500685372
"Common Tern","NGRG",NA,NA,"DD","28170","STEHIR","M",3,230,112,2018-07-30,1899-12-31 21:30:00,"Atlit Salt-Pans",32.695,34.932,"Yosef Kiat",NA,NA,NA,"GRG",NA,NA,NA,NA,"G","R","G",NA,"N",30,7,NA,NA,NA,NA,NA,NA,NA,NA,NA,NA,NA,NA,NA,NA,NA,NA,2018,7,TRUE,FALSE,TRUE,"Summer chick",0.48695652173913,120.972537948948
"Common Tern","NGSG",NA,NA,"DD","28171","STEHIR",NA,3,261,112,2018-07-30,1899-12-31 21:30:00,"Atlit Salt-Pans",32.695,34.932,"Yosef Kiat",NA,NA,NA,"GSG",NA,NA,NA,NA,"G","S","G",NA,"N",30,7,NA,NA,NA,NA,NA,NA,NA,NA,NA,NA,NA,NA,NA,NA,NA,NA,2018,7,TRUE,FALSE,TRUE,"Summer chick",0.42911877394636,102.751119863019
"Common Tern","NGUG",NA,NA,"DD","28173","STEHIR",NA,3,262,99,2018-07-30,1899-12-31 22:30:00,"Atlit Salt-Pans",32.695,34.932,"Yosef Kiat",NA,NA,NA,"GUG",NA,NA,NA,NA,"G","U","G",NA,"N",30,7,NA,NA,NA,NA,NA,NA,NA,NA,NA,NA,NA,NA,NA,NA,NA,NA,2018,7,TRUE,FALSE,TRUE,"Summer chick",0.377862595419847,90.3773124630371
"Common Tern","NGVG",NA,NA,"DD","28174","STEHIR",NA,3,265,112,2018-07-30,1899-12-31 22:30:00,"Atlit Salt-Pans",32.695,34.932,"Yosef Kiat",NA,NA,NA,"GVG",NA,NA,NA,NA,"G","V","G",NA,"N",30,7,NA,NA,NA,NA,NA,NA,NA,NA,NA,NA,NA,NA,NA,NA,NA,NA,2018,7,TRUE,FALSE,TRUE,"Summer chick",0.422641509433962,100.753020989014
"Common Tern","NGYG",NA,NA,"DD","28177","STEHIR",NA,3,264,118,2018-07-30,1899-12-31 22:30:00,"Atlit Salt-Pans",32.695,34.932,"Yosef Kiat",NA,NA,NA,"GYG",NA,NA,NA,NA,"G","Y","G",NA,"N",30,7,NA,NA,NA,NA,NA,NA,NA,NA,NA,NA,NA,NA,NA,NA,NA,NA,2018,7,TRUE,FALSE,TRUE,"Summer chick",0.446969696969697,106.669940669958
"Common Tern","NGZG",NA,NA,"DD","28178","STEHIR",NA,3,260,149,2018-07-30,1899-12-31 22:30:00,"Atlit Salt-Pans",32.695,34.932,"Yosef Kiat",NA,NA,NA,"GZG",NA,NA,NA,NA,"G","Z","G",NA,"N",30,7,NA,NA,NA,NA,NA,NA,NA,NA,NA,NA,NA,NA,NA,NA,NA,NA,2018,7,TRUE,FALSE,TRUE,"Summer chick",0.573076923076923,137.374888931024
"Common Tern","NGAH",NA,NA,"DD","28179","STEHIR",NA,3,227,84,2018-07-30,1899-12-31 23:00:00,"Atlit Salt-Pans",32.695,34.932,"Yosef Kiat",NA,NA,NA,"GAH",NA,NA,NA,NA,"G","A","H",NA,"N",30,7,NA,NA,NA,NA,NA,NA,NA,NA,NA,NA,NA,NA,NA,NA,NA,NA,2018,7,TRUE,FALSE,TRUE,"Summer chick",0.370044052863436,92.2805422106795
"Common Tern","NGBH",NA,NA,"DD","28180","STEHIR",NA,3,260,125,2018-07-30,1899-12-31 23:00:00,"Atlit Salt-Pans",32.695,34.932,"Yosef Kiat",NA,NA,NA,"GBH",NA,NA,NA,NA,"G","B","H",NA,"N",30,7,NA,NA,NA,NA,NA,NA,NA,NA,NA,NA,NA,NA,NA,NA,NA,NA,2018,7,TRUE,FALSE,TRUE,"Summer chick",0.480769230769231,115.247390042805
"Common Tern","NGCH",NA,NA,"DD","28181","STEHIR",NA,3,265,114,2018-07-30,1899-12-31 23:00:00,"Atlit Salt-Pans",32.695,34.932,"Yosef Kiat",NA,NA,NA,"GCH",NA,NA,NA,NA,"G","C","H",NA,"N",30,7,NA,NA,NA,NA,NA,NA,NA,NA,NA,NA,NA,NA,NA,NA,NA,NA,2018,7,TRUE,FALSE,TRUE,"Summer chick",0.430188679245283,102.552182078104
"Common Tern","NGEH",NA,NA,"DD","28182","STEHIR",NA,3,251,99,2018-07-30,1899-12-31 23:00:00,"Atlit Salt-Pans",32.695,34.932,"Yosef Kiat",NA,NA,NA,"GEH",NA,NA,NA,NA,"G","E","H",NA,"N",30,7,NA,NA,NA,NA,NA,NA,NA,NA,NA,NA,NA,NA,NA,NA,NA,NA,2018,7,TRUE,FALSE,TRUE,"Summer chick",0.394422310756972,95.5235202389073
"Common Tern","NGGH",NA,NA,"DD","28184","STEHIR",NA,3,254,125,2018-07-30,1899-12-31 23:00:00,"Atlit Salt-Pans",32.695,34.932,"Yosef Kiat",NA,NA,NA,"GGH",NA,NA,NA,NA,"G","G","H",NA,"N",30,7,NA,NA,NA,NA,NA,NA,NA,NA,NA,NA,NA,NA,NA,NA,NA,NA,2018,7,TRUE,FALSE,TRUE,"Summer chick",0.492125984251969,118.774397080135
"Common Tern","NGHH",NA,NA,"DD","28185","STEHIR",NA,3,261,111,2018-07-30,1899-12-31 23:00:00,"Atlit Salt-Pans",32.695,34.932,"Yosef Kiat",NA,NA,NA,"GHH",NA,NA,NA,NA,"G","H","H",NA,"N",30,7,NA,NA,NA,NA,NA,NA,NA,NA,NA,NA,NA,NA,NA,NA,NA,NA,2018,7,TRUE,FALSE,TRUE,"Summer chick",0.425287356321839,101.833699149956
"Common Tern","NGJH",NA,NA,"DD","28186","STEHIR",NA,3,262,103,2018-07-31,1899-12-31 01:00:00,"Atlit Salt-Pans",32.695,34.932,"Yosef Kiat",NA,NA,NA,"GJH",NA,NA,NA,NA,"G","J","H",NA,"N",31,7,NA,NA,NA,NA,NA,NA,NA,NA,NA,NA,NA,NA,NA,NA,NA,NA,2018,7,TRUE,FALSE,TRUE,"Summer chick",0.393129770992366,94.0289210474022
"Common Tern","NGKH",NA,NA,"DD","28187","STEHIR",NA,3,244,106,2018-07-31,1899-12-31 01:00:00,"Atlit Salt-Pans",32.695,34.932,"Yosef Kiat",NA,NA,NA,"GKH",NA,NA,NA,NA,"G","K","H",NA,"N",31,7,NA,NA,NA,NA,NA,NA,NA,NA,NA,NA,NA,NA,NA,NA,NA,NA,2018,7,TRUE,FALSE,TRUE,"Summer chick",0.434426229508197,106.081897838214
"Common Tern","NGMH",NA,NA,"DD","28189","STEHIR",NA,3,270,112,2018-07-31,1899-12-31 01:00:00,"Atlit Salt-Pans",32.695,34.932,"Yosef Kiat",NA,NA,NA,"GMH",NA,NA,NA,NA,"G","M","H",NA,"N",31,7,NA,NA,NA,NA,NA,NA,NA,NA,NA,NA,NA,NA,NA,NA,NA,NA,2018,7,TRUE,FALSE,TRUE,"Summer chick",0.414814814814815,98.3505295202787
"Common Tern","NGNH",NA,NA,"DD","28190","STEHIR",NA,3,282,123,2018-07-31,1899-12-31 01:45:00,"Atlit Salt-Pans",32.695,34.932,"Yosef Kiat",NA,NA,NA,"GNH",NA,NA,NA,NA,"G","N","H",NA,"N",31,7,NA,NA,NA,NA,NA,NA,NA,NA,NA,NA,NA,NA,NA,NA,NA,NA,2018,7,TRUE,FALSE,TRUE,"Summer chick",0.436170212765957,102.112773226166
"Common Tern","NGPH",NA,NA,"DD","28191","STEHIR",NA,3,260,121,2018-08-07,1899-12-31 20:15:00,"Atlit Salt-Pans",32.695,34.932,"Yosef Kiat",NA,NA,NA,"GPH",NA,NA,NA,NA,"G","P","H",NA,"N",7,8,NA,NA,NA,NA,NA,NA,NA,NA,NA,NA,NA,NA,NA,NA,NA,NA,2018,8,TRUE,FALSE,TRUE,"Summer chick",0.465384615384615,111.559473561435
"Common Tern","NGSH",NA,NA,"DD","28193","STEHIR",NA,3,249,108,2018-08-07,1899-12-31 20:15:00,"Atlit Salt-Pans",32.695,34.932,"Yosef Kiat",NA,NA,NA,"GSH",NA,NA,NA,NA,"G","S","H",NA,"N",7,8,NA,NA,NA,NA,NA,NA,NA,NA,NA,NA,NA,NA,NA,NA,NA,NA,2018,8,TRUE,FALSE,TRUE,"Summer chick",0.433734939759036,105.289436451846
"Common Tern","NGUH",NA,NA,"DD","28195","STEHIR",NA,3,217,113,2018-08-07,1899-12-31 20:15:00,"Atlit Salt-Pans",32.695,34.932,"Yosef Kiat",NA,NA,NA,"GUH",NA,NA,NA,NA,"G","U","H",NA,"N",7,8,NA,NA,NA,NA,NA,NA,NA,NA,NA,NA,NA,NA,NA,NA,NA,NA,2018,8,TRUE,FALSE,TRUE,"Summer chick",0.52073732718894,131.574582289352
"Common Tern","NGVH",NA,NA,"DD","28196","STEHIR",NA,3,215,115,2018-08-07,1899-12-31 20:15:00,"Atlit Salt-Pans",32.695,34.932,"Yosef Kiat",NA,NA,NA,"GVH",NA,NA,NA,NA,"G","V","H",NA,"N",7,8,NA,NA,NA,NA,NA,NA,NA,NA,NA,NA,NA,NA,NA,NA,NA,NA,2018,8,TRUE,FALSE,TRUE,"Summer chick",0.534883720930233,135.513775466165
"Common Tern","NGWH",NA,NA,"DD","28197","STEHIR",NA,3,263,121,2018-08-07,1899-12-31 20:15:00,"Atlit Salt-Pans",32.695,34.932,"Yosef Kiat",NA,NA,NA,"GWH",NA,NA,NA,NA,"G","W","H",NA,"N",7,8,NA,NA,NA,NA,NA,NA,NA,NA,NA,NA,NA,NA,NA,NA,NA,NA,2018,8,TRUE,FALSE,TRUE,"Summer chick",0.460076045627376,109.919173459006
"Common Tern","NGXH",NA,NA,"DD","28198","STEHIR",NA,3,244,104,2018-08-07,1899-12-31 20:15:00,"Atlit Salt-Pans",32.695,34.932,"Yosef Kiat",NA,NA,NA,"GXH",NA,NA,NA,NA,"G","X","H",NA,"N",7,8,NA,NA,NA,NA,NA,NA,NA,NA,NA,NA,NA,NA,NA,NA,NA,NA,2018,8,TRUE,FALSE,TRUE,"Summer chick",0.426229508196721,104.080352595983
"Common Tern","NGYH",NA,NA,"DD","28199","STEHIR",NA,3,257,120,2018-08-07,1899-12-31 20:15:00,"Atlit Salt-Pans",32.695,34.932,"Yosef Kiat",NA,NA,NA,"GYH",NA,NA,NA,NA,"G","Y","H",NA,"N",7,8,NA,NA,NA,NA,NA,NA,NA,NA,NA,NA,NA,NA,NA,NA,NA,NA,2018,8,TRUE,FALSE,TRUE,"Summer chick",0.466926070038911,112.307819010094
"Common Tern","NGAJ",NA,NA,"DD","28201","STEHIR",NA,3,265,123,2018-08-07,1899-12-31 21:00:00,"Atlit Salt-Pans",32.695,34.932,"Yosef Kiat",NA,NA,NA,"GAJ",NA,NA,NA,NA,"G","A","J",NA,"N",7,8,NA,NA,NA,NA,NA,NA,NA,NA,NA,NA,NA,NA,NA,NA,NA,NA,2018,8,TRUE,FALSE,TRUE,"Summer chick",0.464150943396226,110.648406979007
"Common Tern","NGBJ",NA,NA,"DD","28202","STEHIR",NA,3,246,119,2018-08-07,1899-12-31 21:00:00,"Atlit Salt-Pans",32.695,34.932,"Yosef Kiat",NA,NA,NA,"GBJ",NA,NA,NA,NA,"G","B","J",NA,"N",7,8,NA,NA,NA,NA,NA,NA,NA,NA,NA,NA,NA,NA,NA,NA,NA,NA,2018,8,TRUE,FALSE,TRUE,"Summer chick",0.483739837398374,117.843302509059
"Common Tern","NGEJ",NA,NA,"DD","28204","STEHIR",NA,3,262,144,2018-08-07,1899-12-31 21:00:00,"Atlit Salt-Pans",32.695,34.932,"Yosef Kiat",NA,NA,NA,"GEJ",NA,NA,NA,NA,"G","E","J",NA,"N",7,8,NA,NA,NA,NA,NA,NA,NA,NA,NA,NA,NA,NA,NA,NA,NA,NA,2018,8,TRUE,FALSE,TRUE,"Summer chick",0.549618320610687,131.457909037145
"Common Tern","NG7T",NA,"R","DD","28105","STEHIR",NA,3,254,129,2018-08-07,1899-12-31 22:00:00,"Atlit Salt-Pans",32.695,34.932,"Yosef Kiat",NA,NA,NA,"G7T",NA,NA,NA,NA,"G","7","T",NA,"N",7,8,NA,NA,NA,NA,NA,NA,NA,NA,NA,NA,NA,NA,NA,NA,NA,NA,2018,8,FALSE,TRUE,TRUE,"Summer chick",0.507874015748031,122.575177786699
"Common Tern","NGHJ",NA,NA,"DD","28207","STEHIR",NA,3,256,131,2018-08-07,1899-12-31 22:00:00,"Atlit Salt-Pans",32.695,34.932,"Yosef Kiat",NA,NA,NA,"GHJ",NA,NA,NA,NA,"G","H","J",NA,"N",7,8,NA,NA,NA,NA,NA,NA,NA,NA,NA,NA,NA,NA,NA,NA,NA,NA,2018,8,TRUE,FALSE,TRUE,"Summer chick",0.51171875,123.221404818742
"Common Tern","NGLJ",NA,NA,"DD","28210","STEHIR",NA,3,249,108,2018-08-07,1899-12-31 23:30:00,"Atlit Salt-Pans",32.695,34.932,"Yosef Kiat",NA,NA,NA,"GLJ",NA,NA,NA,NA,"G","L","J",NA,"N",7,8,NA,NA,NA,NA,NA,NA,NA,NA,NA,NA,NA,NA,NA,NA,NA,NA,2018,8,TRUE,FALSE,TRUE,"Summer chick",0.433734939759036,105.289436451846
"Common Tern","NGMJ",NA,NA,"DD","28211","STEHIR",NA,3,265,123,2018-08-07,1899-12-31 23:30:00,"Atlit Salt-Pans",32.695,34.932,"Yosef Kiat",NA,NA,NA,"GMJ",NA,NA,NA,NA,"G","M","J",NA,"N",7,8,NA,NA,NA,NA,NA,NA,NA,NA,NA,NA,NA,NA,NA,NA,NA,NA,2018,8,TRUE,FALSE,TRUE,"Summer chick",0.464150943396226,110.648406979007
"Common Tern","NGPJ",NA,NA,"DD","28213","STEHIR",NA,3,233,117,2018-08-07,1899-12-31 23:30:00,"Atlit Salt-Pans",32.695,34.932,"Yosef Kiat",NA,NA,NA,"GPJ",NA,NA,NA,NA,"G","P","J",NA,"N",7,8,NA,NA,NA,NA,NA,NA,NA,NA,NA,NA,NA,NA,NA,NA,NA,NA,2018,8,TRUE,FALSE,TRUE,"Summer chick",0.502145922746781,124.27619748954
"Common Tern","NGTJ",NA,NA,"DD","28216","STEHIR",NA,3,260,107,2018-08-08,1899-12-31 00:30:00,"Atlit Salt-Pans",32.695,34.932,"Yosef Kiat",NA,NA,NA,"GTJ",NA,NA,NA,NA,"G","T","J",NA,"N",8,8,NA,NA,NA,NA,NA,NA,NA,NA,NA,NA,NA,NA,NA,NA,NA,NA,2018,8,TRUE,FALSE,TRUE,"Summer chick",0.411538461538462,98.6517658766411
"Common Tern","NGUJ",NA,NA,"DD","28217","STEHIR",NA,3,254,113,2018-08-08,1899-12-31 00:30:00,"Atlit Salt-Pans",32.695,34.932,"Yosef Kiat",NA,NA,NA,"GUJ",NA,NA,NA,NA,"G","U","J",NA,"N",8,8,NA,NA,NA,NA,NA,NA,NA,NA,NA,NA,NA,NA,NA,NA,NA,NA,2018,8,TRUE,FALSE,TRUE,"Summer chick",0.44488188976378,107.372054960442
"Common Tern","NGXJ",NA,NA,"DD","28220","STEHIR",NA,3,264,105,2018-08-19,1899-12-31 20:00:00,"Atlit Salt-Pans",32.695,34.932,"Yosef Kiat",NA,NA,NA,"GXJ",NA,NA,NA,NA,"G","X","J",NA,"N",19,8,NA,NA,NA,NA,NA,NA,NA,NA,NA,NA,NA,NA,NA,NA,NA,NA,2018,8,TRUE,FALSE,TRUE,"Summer chick",0.397727272727273,94.9181675453018
"Common Tern","NGYJ",NA,NA,"DD","28221","STEHIR",NA,3,225,119,2018-08-19,1899-12-31 20:00:00,"Atlit Salt-Pans",32.695,34.932,"Yosef Kiat",NA,NA,NA,"GYJ",NA,NA,NA,NA,"G","Y","J",NA,"N",19,8,NA,NA,NA,NA,NA,NA,NA,NA,NA,NA,NA,NA,NA,NA,NA,NA,2018,8,TRUE,FALSE,TRUE,"Summer chick",0.528888888888889,132.233082366468
"Common Tern","NGZJ",NA,NA,"DD","28222","STEHIR",NA,3,260,137,2018-08-19,1899-12-31 20:30:00,"Atlit Salt-Pans",32.695,34.932,"Yosef Kiat",NA,NA,NA,"GZJ",NA,NA,NA,NA,"G","Z","J",NA,"N",19,8,NA,NA,NA,NA,NA,NA,NA,NA,NA,NA,NA,NA,NA,NA,NA,NA,2018,8,TRUE,FALSE,TRUE,"Summer chick",0.526923076923077,126.311139486914
"Common Tern","NGAK",NA,NA,"DD","28223","STEHIR",NA,3,260,116,2018-08-19,1899-12-31 20:30:00,"Atlit Salt-Pans",32.695,34.932,"Yosef Kiat",NA,NA,NA,"GAK",NA,NA,NA,NA,"G","A","K",NA,"N",19,8,NA,NA,NA,NA,NA,NA,NA,NA,NA,NA,NA,NA,NA,NA,NA,NA,2018,8,TRUE,FALSE,TRUE,"Summer chick",0.446153846153846,106.949577959723
"Common Tern","NGBK",NA,NA,"DD","28224","STEHIR",NA,3,234,119,2018-08-19,1899-12-31 20:30:00,"Atlit Salt-Pans",32.695,34.932,"Yosef Kiat",NA,NA,NA,"GBK",NA,NA,NA,NA,"G","B","K",NA,"N",19,8,NA,NA,NA,NA,NA,NA,NA,NA,NA,NA,NA,NA,NA,NA,NA,NA,2018,8,TRUE,FALSE,TRUE,"Summer chick",0.508547008547009,125.703568992562
"Common Tern","NGCK",NA,NA,"DD","28225","STEHIR",NA,3,257,106,2018-08-19,1899-12-31 20:30:00,"Atlit Salt-Pans",32.695,34.932,"Yosef Kiat",NA,NA,NA,"GCK",NA,NA,NA,NA,"G","C","K",NA,"N",19,8,NA,NA,NA,NA,NA,NA,NA,NA,NA,NA,NA,NA,NA,NA,NA,NA,2018,8,TRUE,FALSE,TRUE,"Summer chick",0.412451361867704,99.2052401255834
"Common Tern","NGEK",NA,NA,"DD","28226","STEHIR",NA,3,219,113,2018-08-19,1899-12-31 20:30:00,"Atlit Salt-Pans",32.695,34.932,"Yosef Kiat",NA,NA,NA,"GEK",NA,NA,NA,NA,"G","E","K",NA,"N",19,8,NA,NA,NA,NA,NA,NA,NA,NA,NA,NA,NA,NA,NA,NA,NA,NA,2018,8,TRUE,FALSE,TRUE,"Summer chick",0.515981735159817,130.025216572949
"Common Tern","NGFK",NA,NA,"DD","28227","STEHIR",NA,3,259,109,2018-08-19,1899-12-31 20:30:00,"Atlit Salt-Pans",32.695,34.932,"Yosef Kiat",NA,NA,NA,"GFK",NA,NA,NA,NA,"G","F","K",NA,"N",19,8,NA,NA,NA,NA,NA,NA,NA,NA,NA,NA,NA,NA,NA,NA,NA,NA,2018,8,TRUE,FALSE,TRUE,"Summer chick",0.420849420849421,100.996988317259
"Common Tern","NGGK",NA,NA,"DD","28228","STEHIR",NA,3,251,112,2018-08-19,1899-12-31 20:30:00,"Atlit Salt-Pans",32.695,34.932,"Yosef Kiat",NA,NA,NA,"GGK",NA,NA,NA,NA,"G","G","K",NA,"N",19,8,NA,NA,NA,NA,NA,NA,NA,NA,NA,NA,NA,NA,NA,NA,NA,NA,2018,8,TRUE,FALSE,TRUE,"Summer chick",0.446215139442231,108.067012795531
"Common Tern","NGHK",NA,NA,"DD","28229","STEHIR",NA,3,261,120,2018-08-19,1899-12-31 20:30:00,"Atlit Salt-Pans",32.695,34.932,"Yosef Kiat",NA,NA,NA,"GHK",NA,NA,NA,NA,"G","H","K",NA,"N",19,8,NA,NA,NA,NA,NA,NA,NA,NA,NA,NA,NA,NA,NA,NA,NA,NA,2018,8,TRUE,FALSE,TRUE,"Summer chick",0.459770114942529,110.09048556752
"Common Tern","NGKK",NA,NA,"DD","28231","STEHIR",NA,3,247,108,2018-08-19,1899-12-31 20:30:00,"Atlit Salt-Pans",32.695,34.932,"Yosef Kiat",NA,NA,NA,"GKK",NA,NA,NA,NA,"G","K","K",NA,"N",19,8,NA,NA,NA,NA,NA,NA,NA,NA,NA,NA,NA,NA,NA,NA,NA,NA,2018,8,TRUE,FALSE,TRUE,"Summer chick",0.437246963562753,106.391492145894
"Common Tern","NGLK",NA,NA,"DD","28232","STEHIR",NA,3,237,113,2018-08-19,1899-12-31 20:30:00,"Atlit Salt-Pans",32.695,34.932,"Yosef Kiat",NA,NA,NA,"GLK",NA,NA,NA,NA,"G","L","K",NA,"N",19,8,NA,NA,NA,NA,NA,NA,NA,NA,NA,NA,NA,NA,NA,NA,NA,NA,2018,8,TRUE,FALSE,TRUE,"Summer chick",0.476793248945148,117.418315269497
"Common Tern","NGMK",NA,NA,"DD","28233","STEHIR",NA,3,236,109,2018-08-19,1899-12-31 20:30:00,"Atlit Salt-Pans",32.695,34.932,"Yosef Kiat",NA,NA,NA,"GMK",NA,NA,NA,NA,"G","M","K",NA,"N",19,8,NA,NA,NA,NA,NA,NA,NA,NA,NA,NA,NA,NA,NA,NA,NA,NA,2018,8,TRUE,FALSE,TRUE,"Summer chick",0.461864406779661,113.881947286966
"Common Tern","NGNK",NA,NA,"DD","28234","STEHIR",NA,3,251,107,2018-08-19,1899-12-31 20:30:00,"Atlit Salt-Pans",32.695,34.932,"Yosef Kiat",NA,NA,NA,"GNK",NA,NA,NA,NA,"G","N","K",NA,"N",19,8,NA,NA,NA,NA,NA,NA,NA,NA,NA,NA,NA,NA,NA,NA,NA,NA,2018,8,TRUE,FALSE,TRUE,"Summer chick",0.426294820717131,103.242592581445
"Common Tern","NGPK",NA,NA,"DD","28235","STEHIR",NA,3,262,94,2018-08-19,1899-12-31 20:30:00,"Atlit Salt-Pans",32.695,34.932,"Yosef Kiat",NA,NA,NA,"GPK",NA,NA,NA,NA,"G","P","K",NA,"N",19,8,NA,NA,NA,NA,NA,NA,NA,NA,NA,NA,NA,NA,NA,NA,NA,NA,2018,8,TRUE,FALSE,TRUE,"Summer chick",0.358778625954198,85.8128017325807
"Common Tern","NGSK",NA,NA,"DD","28237","STEHIR",NA,3,256,113,2018-08-19,1899-12-31 21:30:00,"Atlit Salt-Pans",32.695,34.932,"Yosef Kiat",NA,NA,NA,"GSK",NA,NA,NA,NA,"G","S","K",NA,"N",19,8,NA,NA,NA,NA,NA,NA,NA,NA,NA,NA,NA,NA,NA,NA,NA,NA,2018,8,TRUE,FALSE,TRUE,"Summer chick",0.44140625,106.2902194238
"Common Tern","NGVK",NA,NA,"DD","28240","STEHIR",NA,3,248,107,2018-08-19,1899-12-31 22:30:00,"Atlit Salt-Pans",32.695,34.932,"Yosef Kiat",NA,NA,NA,"GVK",NA,NA,NA,NA,"G","V","K",NA,"N",19,8,NA,NA,NA,NA,NA,NA,NA,NA,NA,NA,NA,NA,NA,NA,NA,NA,2018,8,TRUE,FALSE,TRUE,"Summer chick",0.431451612903226,104.857938238776
"Common Tern","NGXK",NA,NA,"DD","28242","STEHIR",NA,3,231,112,2018-08-19,1899-12-31 23:30:00,"Atlit Salt-Pans",32.695,34.932,"Yosef Kiat",NA,NA,NA,"GXK",NA,NA,NA,NA,"G","X","K",NA,"N",19,8,NA,NA,NA,NA,NA,NA,NA,NA,NA,NA,NA,NA,NA,NA,NA,NA,2018,8,TRUE,FALSE,TRUE,"Summer chick",0.484848484848485,120.29680387099
"Common Tern","NG9F",NA,"R","DD","28138","STEHIR",NA,3,257,109,2018-08-20,1899-12-31 00:30:00,"Atlit Salt-Pans",32.695,34.932,"Yosef Kiat",NA,NA,NA,"G9F",NA,NA,NA,NA,"G","9","F",NA,"N",20,8,NA,NA,NA,NA,NA,NA,NA,NA,NA,NA,NA,NA,NA,NA,NA,NA,2018,8,FALSE,TRUE,TRUE,"Summer chick",0.424124513618677,102.012935600836
"Common Tern","NGYK",NA,NA,"DD","28243","STEHIR",NA,3,263,126,2018-08-20,1899-12-31 00:30:00,"Atlit Salt-Pans",32.695,34.932,"Yosef Kiat",NA,NA,NA,"GYK",NA,NA,NA,NA,"G","Y","K",NA,"N",20,8,NA,NA,NA,NA,NA,NA,NA,NA,NA,NA,NA,NA,NA,NA,NA,NA,2018,8,TRUE,FALSE,TRUE,"Summer chick",0.479087452471483,114.46128806475
"Common Tern","NGZK",NA,NA,"DD","28244","STEHIR",NA,3,264,120,2018-08-20,1899-12-31 00:30:00,"Atlit Salt-Pans",32.695,34.932,"Yosef Kiat",NA,NA,NA,"GZK",NA,NA,NA,NA,"G","Z","K",NA,"N",20,8,NA,NA,NA,NA,NA,NA,NA,NA,NA,NA,NA,NA,NA,NA,NA,NA,2018,8,TRUE,FALSE,TRUE,"Summer chick",0.454545454545455,108.477905766059
"Common Tern","NGAL",NA,NA,"DD","28245","STEHIR",NA,3,229,112,2018-08-20,1899-12-31 01:30:00,"Atlit Salt-Pans",32.695,34.932,"Yosef Kiat",NA,NA,NA,"GAL",NA,NA,NA,NA,"G","A","L",NA,"N",20,8,NA,NA,NA,NA,NA,NA,NA,NA,NA,NA,NA,NA,NA,NA,NA,NA,2018,8,TRUE,FALSE,TRUE,"Summer chick",0.489082969432314,121.655037036923
"Common Tern","NGBL",NA,NA,"DD","28246","STEHIR",NA,3,257,117,2018-08-20,1899-12-31 01:30:00,"Atlit Salt-Pans",32.695,34.932,"Yosef Kiat",NA,NA,NA,"GBL",NA,NA,NA,NA,"G","B","L",NA,"N",20,8,NA,NA,NA,NA,NA,NA,NA,NA,NA,NA,NA,NA,NA,NA,NA,NA,2018,8,TRUE,FALSE,TRUE,"Summer chick",0.455252918287938,109.500123534842
"Common Tern","NGEL",NA,NA,"DD","28247","STEHIR",NA,3,256,122,2018-08-28,1899-12-31 20:00:00,"Atlit Salt-Pans",32.695,34.932,"Yosef Kiat",NA,NA,NA,"GEL",NA,110,NA,NA,"G","E","L",NA,"N",28,8,NA,NA,NA,NA,NA,NA,NA,NA,NA,NA,NA,NA,NA,NA,NA,NA,2018,8,TRUE,FALSE,TRUE,"Summer chick",0.4765625,114.755812121271
"Common Tern","NGFL",NA,NA,"DD","28248","STEHIR",NA,3,233,111,2018-08-28,1899-12-31 20:30:00,"Atlit Salt-Pans",32.695,34.932,"Yosef Kiat",NA,NA,NA,"GFL",NA,105,NA,NA,"G","F","L",NA,"N",28,8,NA,NA,NA,NA,NA,NA,NA,NA,NA,NA,NA,NA,NA,NA,NA,NA,2018,8,TRUE,FALSE,TRUE,"Summer chick",0.476394849785408,117.903059156743
"Common Tern","NGGL",NA,NA,"DD","28249","STEHIR",NA,3,255,93,2018-08-28,1899-12-31 20:30:00,"Atlit Salt-Pans",32.695,34.932,"Yosef Kiat",NA,NA,NA,"GGL",NA,105,NA,NA,"G","G","L",NA,"N",28,8,NA,NA,NA,NA,NA,NA,NA,NA,NA,NA,NA,NA,NA,NA,NA,NA,2018,8,TRUE,FALSE,TRUE,"Summer chick",0.364705882352941,87.9209713742932
"Common Tern","NGHL",NA,NA,"DD","28250","STEHIR",NA,3,259,118,2018-08-28,1899-12-31 21:00:00,"Atlit Salt-Pans",32.695,34.932,"Yosef Kiat",NA,NA,NA,"GHL",NA,113,NA,NA,"G","H","L",NA,"N",28,8,NA,NA,NA,NA,NA,NA,NA,NA,NA,NA,NA,NA,NA,NA,NA,NA,2018,8,TRUE,FALSE,TRUE,"Summer chick",0.455598455598456,109.336189187491
"Common Tern","NGJL",NA,NA,"DD","28251","STEHIR",NA,3,243,131,2018-08-28,1899-12-31 21:00:00,"Atlit Salt-Pans",32.695,34.932,"Yosef Kiat",NA,NA,NA,"GJL",NA,110,NA,NA,"G","J","L",NA,"N",28,8,NA,NA,NA,NA,NA,NA,NA,NA,NA,NA,NA,NA,NA,NA,NA,NA,2018,8,TRUE,FALSE,TRUE,"Summer chick",0.539094650205761,131.798217476453
"Common Tern","NGKL",NA,NA,"DD","28252","STEHIR","F",3,228,105,2018-08-28,1899-12-31 21:00:00,"Atlit Salt-Pans",32.695,34.932,"Yosef Kiat",NA,NA,NA,"GKL",NA,103,NA,NA,"G","K","L",NA,"N",28,8,NA,NA,NA,NA,NA,NA,NA,NA,NA,NA,NA,NA,NA,NA,NA,NA,2018,8,TRUE,FALSE,TRUE,"Summer chick",0.460526315789474,114.697873920929
"Common Tern","NGLL",NA,NA,"DD","28253","STEHIR",NA,3,216,115,2018-08-28,1899-12-31 21:00:00,"Atlit Salt-Pans",32.695,34.932,"Yosef Kiat",NA,NA,NA,"GLL",NA,98,NA,NA,"G","L","L",NA,"N",28,8,NA,NA,NA,NA,NA,NA,NA,NA,NA,NA,NA,NA,NA,NA,NA,NA,2018,8,TRUE,FALSE,TRUE,"Summer chick",0.532407407407407,134.704285174768
"Common Tern","NGML",NA,NA,"DD","28254","STEHIR",NA,3,248,141,2018-08-28,1899-12-31 21:00:00,"Atlit Salt-Pans",32.695,34.932,"Yosef Kiat",NA,NA,NA,"GML",NA,113,NA,NA,"G","M","L",NA,"N",28,8,NA,NA,NA,NA,NA,NA,NA,NA,NA,NA,NA,NA,NA,NA,NA,NA,2018,8,TRUE,FALSE,TRUE,"Summer chick",0.568548387096774,138.177283099696
"Common Tern","NGNL",NA,NA,"DD","28255","STEHIR",NA,3,259,131,2018-08-28,1899-12-31 21:30:00,"Atlit Salt-Pans",32.695,34.932,"Yosef Kiat",NA,NA,NA,"GNL",NA,114,NA,NA,"G","N","L",NA,"N",28,8,NA,NA,NA,NA,NA,NA,NA,NA,NA,NA,NA,NA,NA,NA,NA,NA,2018,8,TRUE,FALSE,TRUE,"Summer chick",0.505791505791506,121.381701555605
"Common Tern","NGPL",NA,NA,"DD","28256","STEHIR",NA,3,267,121,2018-08-28,1899-12-31 21:30:00,"Atlit Salt-Pans",32.695,34.932,"Yosef Kiat",NA,NA,NA,"GPL",NA,115,NA,NA,"G","P","L",NA,"N",28,8,NA,NA,NA,NA,NA,NA,NA,NA,NA,NA,NA,NA,NA,NA,NA,NA,2018,8,TRUE,FALSE,TRUE,"Summer chick",0.453183520599251,107.797660479412
"Common Tern","NGRL",NA,NA,"DD","28257","STEHIR",NA,3,256,133,2018-08-28,1899-12-31 21:30:00,"Atlit Salt-Pans",32.695,34.932,"Yosef Kiat",NA,NA,NA,"GRL",NA,17,NA,NA,"G","R","L",NA,"N",28,8,NA,NA,NA,NA,NA,NA,NA,NA,NA,NA,NA,NA,NA,NA,NA,NA,2018,8,TRUE,FALSE,TRUE,"Summer chick",0.51953125,125.102647640402
"Common Tern","WGEY",NA,NA,"DD","29608","STEHIR",NA,3,216,77,2019-07-02,1899-12-31 20:30:00,"Atlit Salt-Pans",32.695,34.932,"Yosef Kiat",NA,NA,NA,"GEY",NA,NA,NA,NA,"G","E","Y",NA,"W",2,7,NA,NA,NA,NA,NA,NA,NA,NA,NA,NA,NA,NA,NA,NA,NA,NA,2019,7,TRUE,FALSE,TRUE,"Summer chick",0.356481481481481,90.1933039865837
"Common Tern","WGJY",NA,NA,"DD","29612","STEHIR","M",3,234,115,2019-07-02,1899-12-31 20:30:00,"Atlit Salt-Pans",32.695,34.932,"Yosef Kiat",NA,NA,NA,"GJY",NA,NA,NA,NA,"G","J","Y",NA,"W",2,7,NA,NA,NA,NA,NA,NA,NA,NA,NA,NA,NA,NA,NA,NA,NA,NA,2019,7,TRUE,FALSE,TRUE,"Summer chick",0.491452991452991,121.478238942392
"Common Tern","YGA8",NA,NA,"DD","29657","STEHIR",NA,3,221,113,2019-07-03,1899-12-31 01:00:00,"Atlit Salt-Pans",32.695,34.932,"Yosef Kiat",NA,NA,NA,"GA8",NA,NA,NA,NA,"G","A","8",NA,"Y",3,7,NA,NA,NA,NA,NA,NA,NA,NA,NA,NA,NA,NA,NA,NA,NA,NA,2019,7,TRUE,FALSE,TRUE,"Summer chick",0.51131221719457,128.507933462639
"Common Tern","YGC1",NA,NA,"DD","29670","STEHIR",NA,3,210,96,2019-07-03,1899-12-31 01:00:00,"Atlit Salt-Pans",32.695,34.932,"Yosef Kiat",NA,NA,NA,"GC1",NA,NA,NA,NA,"G","C","1",NA,"Y",3,7,NA,NA,NA,NA,NA,NA,NA,NA,NA,NA,NA,NA,NA,NA,NA,NA,2019,7,TRUE,FALSE,TRUE,"Summer chick",0.457142857142857,116.614153236392
"Common Tern","YGG0",NA,NA,"DD","29699","STEHIR","M",3,257,119,2019-07-08,1899-12-31 21:30:00,"Atlit Salt-Pans",32.695,34.932,"Yosef Kiat",NA,NA,NA,"GG0",NA,NA,NA,NA,"G","G","0",NA,"Y",8,7,NA,NA,NA,NA,NA,NA,NA,NA,NA,NA,NA,NA,NA,NA,NA,NA,2019,7,TRUE,FALSE,TRUE,"Summer chick",0.463035019455253,111.371920518344
"Common Tern","YGG2",NA,NA,"DD","29701","STEHIR",NA,3,238,114,2019-07-08,1899-12-31 21:30:00,"Atlit Salt-Pans",32.695,34.932,"Yosef Kiat",NA,NA,NA,"GG2",NA,NA,NA,NA,"G","G","2",NA,"Y",8,7,NA,NA,NA,NA,NA,NA,NA,NA,NA,NA,NA,NA,NA,NA,NA,NA,2019,7,TRUE,FALSE,TRUE,"Summer chick",0.478991596638655,117.815179804267
"Common Tern","YGG3",NA,NA,"DD","29702","STEHIR",NA,3,236,117,2019-07-08,1899-12-31 21:30:00,"Atlit Salt-Pans",32.695,34.932,"Yosef Kiat",NA,NA,NA,"GG3",NA,NA,NA,NA,"G","G","3",NA,"Y",8,7,NA,NA,NA,NA,NA,NA,NA,NA,NA,NA,NA,NA,NA,NA,NA,NA,2019,7,TRUE,FALSE,TRUE,"Summer chick",0.495762711864407,122.240255344725
"Common Tern","YGG4",NA,NA,"DD","29703","STEHIR",NA,3,227,121,2019-07-08,1899-12-31 21:30:00,"Atlit Salt-Pans",32.695,34.932,"Yosef Kiat",NA,NA,NA,"GG4",NA,NA,NA,NA,"G","G","4",NA,"Y",8,7,NA,NA,NA,NA,NA,NA,NA,NA,NA,NA,NA,NA,NA,NA,NA,NA,2019,7,TRUE,FALSE,TRUE,"Summer chick",0.533039647577093,132.927923898717
"Common Tern","YGG6",NA,NA,"DD","29705","STEHIR",NA,3,208,106,2019-07-08,1899-12-31 21:30:00,"Atlit Salt-Pans",32.695,34.932,"Yosef Kiat",NA,NA,NA,"GG6",NA,NA,NA,NA,"G","G","6",NA,"Y",8,7,NA,NA,NA,NA,NA,NA,NA,NA,NA,NA,NA,NA,NA,NA,NA,NA,2019,7,TRUE,FALSE,TRUE,"Summer chick",0.509615384615385,130.362248484801
"Common Tern","WGUZ",NA,"R","DD","29643","STEHIR",NA,3,240,107,2019-07-08,1899-12-31 21:30:00,"Atlit Salt-Pans",32.695,34.932,"Yosef Kiat",NA,NA,NA,"GUZ",NA,NA,NA,NA,"G","U","Z",NA,"W",8,7,NA,NA,NA,NA,NA,NA,NA,NA,NA,NA,NA,NA,NA,NA,NA,NA,2019,7,FALSE,TRUE,TRUE,"Summer chick",0.445833333333333,109.392560505782
"Common Tern","YGG8",NA,NA,"DD","29707","STEHIR",NA,3,234,111,2019-07-08,1899-12-31 21:30:00,"Atlit Salt-Pans",32.695,34.932,"Yosef Kiat",NA,NA,NA,"GG8",NA,NA,NA,NA,"G","G","8",NA,"Y",8,7,NA,NA,NA,NA,NA,NA,NA,NA,NA,NA,NA,NA,NA,NA,NA,NA,2019,7,TRUE,FALSE,TRUE,"Summer chick",0.474358974358974,117.252908892222
"Common Tern","YGH0",NA,NA,"DD","29709","STEHIR",NA,3,224,103,2019-07-08,1899-12-31 21:30:00,"Atlit Salt-Pans",32.695,34.932,"Yosef Kiat",NA,NA,NA,"GH0",NA,NA,NA,NA,"G","H","0",NA,"Y",8,7,NA,NA,NA,NA,NA,NA,NA,NA,NA,NA,NA,NA,NA,NA,NA,NA,2019,7,TRUE,FALSE,TRUE,"Summer chick",0.459821428571429,115.113989309318
"Common Tern","YGH1",NA,NA,"DD","29710","STEHIR",NA,3,224,117,2019-07-08,1899-12-31 21:30:00,"Atlit Salt-Pans",32.695,34.932,"Yosef Kiat",NA,NA,NA,"GH1",NA,NA,NA,NA,"G","H","1",NA,"Y",8,7,NA,NA,NA,NA,NA,NA,NA,NA,NA,NA,NA,NA,NA,NA,NA,NA,2019,7,TRUE,FALSE,TRUE,"Summer chick",0.522321428571429,130.760550963011
"Common Tern","YGH2",NA,NA,"DD","29711","STEHIR",NA,3,231,113,2019-07-08,1899-12-31 21:30:00,"Atlit Salt-Pans",32.695,34.932,"Yosef Kiat",NA,NA,NA,"GH2",NA,NA,NA,NA,"G","H","2",NA,"Y",8,7,NA,NA,NA,NA,NA,NA,NA,NA,NA,NA,NA,NA,NA,NA,NA,NA,2019,7,TRUE,FALSE,TRUE,"Summer chick",0.489177489177489,121.370882476981
"Common Tern","YGH3",NA,NA,"DD","29712","STEHIR","F",3,221,104,2019-07-08,1899-12-31 21:30:00,"Atlit Salt-Pans",32.695,34.932,"Yosef Kiat",NA,NA,NA,"GH3",NA,NA,NA,NA,"G","H","3",NA,"Y",8,7,NA,NA,NA,NA,NA,NA,NA,NA,NA,NA,NA,NA,NA,NA,NA,NA,2019,7,TRUE,FALSE,TRUE,"Summer chick",0.470588235294118,118.272788319597
"Common Tern","YGH4",NA,NA,"DD","29713","STEHIR",NA,3,209,105,2019-07-08,1899-12-31 21:30:00,"Atlit Salt-Pans",32.695,34.932,"Yosef Kiat",NA,NA,NA,"GH4",NA,NA,NA,NA,"G","H","4",NA,"Y",8,7,NA,NA,NA,NA,NA,NA,NA,NA,NA,NA,NA,NA,NA,NA,NA,NA,2019,7,TRUE,FALSE,TRUE,"Summer chick",0.502392344497608,128.335227297723
"Common Tern","YGH6",NA,NA,"DD","29715","STEHIR",NA,3,235,108,2019-07-08,1899-12-31 23:00:00,"Atlit Salt-Pans",32.695,34.932,"Yosef Kiat",NA,NA,NA,"GH6",NA,NA,NA,NA,"G","H","6",NA,"Y",8,7,NA,NA,NA,NA,NA,NA,NA,NA,NA,NA,NA,NA,NA,NA,NA,NA,2019,7,TRUE,FALSE,TRUE,"Summer chick",0.459574468085106,113.457496251254
"Common Tern","YGL0",NA,NA,"DD","29738","STEHIR",NA,3,255,112,2019-07-15,1899-12-31 20:45:00,"Atlit Salt-Pans",32.695,34.932,"Yosef Kiat",NA,NA,NA,"GL0",NA,NA,NA,NA,"G","L","0",NA,"Y",15,7,NA,NA,NA,NA,NA,NA,NA,NA,NA,NA,NA,NA,NA,NA,NA,NA,2019,7,TRUE,FALSE,TRUE,"Summer chick",0.43921568627451,105.88332036474
"Common Tern","YGL1",NA,NA,"DD","29739","STEHIR",NA,3,242,111,2019-07-15,1899-12-31 20:45:00,"Atlit Salt-Pans",32.695,34.932,"Yosef Kiat",NA,NA,NA,"GL1",NA,NA,NA,NA,"G","L","1",NA,"Y",15,7,NA,NA,NA,NA,NA,NA,NA,NA,NA,NA,NA,NA,NA,NA,NA,NA,2019,7,TRUE,FALSE,TRUE,"Summer chick",0.458677685950413,112.272538287419
"Common Tern","YGL2",NA,NA,"DD","29740","STEHIR",NA,3,256,118,2019-07-15,1899-12-31 20:45:00,"Atlit Salt-Pans",32.695,34.932,"Yosef Kiat",NA,NA,NA,"GL2",NA,NA,NA,NA,"G","L","2",NA,"Y",15,7,NA,NA,NA,NA,NA,NA,NA,NA,NA,NA,NA,NA,NA,NA,NA,NA,2019,7,TRUE,FALSE,TRUE,"Summer chick",0.4609375,110.993326477951
"Common Tern","YGL4",NA,NA,"DD","29742","STEHIR",NA,3,236,112,2019-07-15,1899-12-31 20:45:00,"Atlit Salt-Pans",32.695,34.932,"Yosef Kiat",NA,NA,NA,"GL4",NA,NA,NA,NA,"G","L","4",NA,"Y",15,7,NA,NA,NA,NA,NA,NA,NA,NA,NA,NA,NA,NA,NA,NA,NA,NA,2019,7,TRUE,FALSE,TRUE,"Summer chick",0.474576271186441,117.016312808626
"Common Tern","YGL5",NA,NA,"DD","29743","STEHIR",NA,3,206,110,2019-07-15,1899-12-31 20:45:00,"Atlit Salt-Pans",32.695,34.932,"Yosef Kiat",NA,NA,NA,"GL5",NA,NA,NA,NA,"G","L","5",NA,"Y",15,7,NA,NA,NA,NA,NA,NA,NA,NA,NA,NA,NA,NA,NA,NA,NA,NA,2019,7,TRUE,FALSE,TRUE,"Summer chick",0.533980582524272,136.97977716523
"Common Tern","YGL6",NA,NA,"DD","29744","STEHIR",NA,3,238,104,2019-07-15,1899-12-31 20:45:00,"Atlit Salt-Pans",32.695,34.932,"Yosef Kiat",NA,NA,NA,"GL6",NA,NA,NA,NA,"G","L","6",NA,"Y",15,7,NA,NA,NA,NA,NA,NA,NA,NA,NA,NA,NA,NA,NA,NA,NA,NA,2019,7,TRUE,FALSE,TRUE,"Summer chick",0.436974789915966,107.480514909156
"Common Tern","YGL7",NA,NA,"DD","29745","STEHIR",NA,3,217,74,2019-07-15,1899-12-31 20:45:00,"Atlit Salt-Pans",32.695,34.932,"Yosef Kiat",NA,NA,NA,"GL7",NA,NA,NA,NA,"G","L","7",NA,"Y",15,7,NA,NA,NA,NA,NA,NA,NA,NA,NA,NA,NA,NA,NA,NA,NA,NA,2019,7,TRUE,FALSE,TRUE,"Summer chick",0.341013824884793,86.1638857470093
"Common Tern","YGL8",NA,NA,"DD","29746","STEHIR",NA,3,231,115,2019-07-15,1899-12-31 20:45:00,"Atlit Salt-Pans",32.695,34.932,"Yosef Kiat",NA,NA,NA,"GL8",NA,NA,NA,NA,"G","L","8",NA,"Y",15,7,NA,NA,NA,NA,NA,NA,NA,NA,NA,NA,NA,NA,NA,NA,NA,NA,2019,7,TRUE,FALSE,TRUE,"Summer chick",0.497835497835498,123.519039688963
"Common Tern","YGL9",NA,NA,"DD","29747","STEHIR",NA,3,228,106,2019-07-15,1899-12-31 20:45:00,"Atlit Salt-Pans",32.695,34.932,"Yosef Kiat",NA,NA,NA,"GL9",NA,NA,NA,NA,"G","L","9",NA,"Y",15,7,NA,NA,NA,NA,NA,NA,NA,NA,NA,NA,NA,NA,NA,NA,NA,NA,2019,7,TRUE,FALSE,TRUE,"Summer chick",0.464912280701754,115.790234624938
"Common Tern","YGM1",NA,NA,"DD","29749","STEHIR",NA,3,259,122,2019-07-15,1899-12-31 20:45:00,"Atlit Salt-Pans",32.695,34.932,"Yosef Kiat",NA,NA,NA,"GM1",NA,NA,NA,NA,"G","M","1",NA,"Y",15,7,NA,NA,NA,NA,NA,NA,NA,NA,NA,NA,NA,NA,NA,NA,NA,NA,2019,7,TRUE,FALSE,TRUE,"Summer chick",0.471042471042471,113.042500685372
"Common Tern","YGM3",NA,NA,"DD","29751","STEHIR",NA,3,253,119,2019-07-15,1899-12-31 20:45:00,"Atlit Salt-Pans",32.695,34.932,"Yosef Kiat",NA,NA,NA,"GM3",NA,NA,NA,NA,"G","M","3",NA,"Y",15,7,NA,NA,NA,NA,NA,NA,NA,NA,NA,NA,NA,NA,NA,NA,NA,NA,2019,7,TRUE,FALSE,TRUE,"Summer chick",0.470355731225296,113.650608904396
"Common Tern","YGM4",NA,NA,"DD","29752","STEHIR",NA,3,240,108,2019-07-15,1899-12-31 20:45:00,"Atlit Salt-Pans",32.695,34.932,"Yosef Kiat",NA,NA,NA,"GM4",NA,NA,NA,NA,"G","M","4",NA,"Y",15,7,NA,NA,NA,NA,NA,NA,NA,NA,NA,NA,NA,NA,NA,NA,NA,NA,2019,7,TRUE,FALSE,TRUE,"Summer chick",0.45,110.414920884341
"Common Tern","YGM6",NA,NA,"DD","29754","STEHIR","F",3,207,98,2019-07-15,1899-12-31 20:45:00,"Atlit Salt-Pans",32.695,34.932,"Yosef Kiat",NA,NA,NA,"GM6",NA,NA,NA,NA,"G","M","6",NA,"Y",15,7,NA,NA,NA,NA,NA,NA,NA,NA,NA,NA,NA,NA,NA,NA,NA,NA,2019,7,TRUE,FALSE,TRUE,"Summer chick",0.473429951690821,121.275872059552
"Common Tern","YGM9",NA,NA,"DD","29757","STEHIR",NA,3,245,105,2019-07-15,1899-12-31 20:45:00,"Atlit Salt-Pans",32.695,34.932,"Yosef Kiat",NA,NA,NA,"GM9",NA,NA,NA,NA,"G","M","9",NA,"Y",15,7,NA,NA,NA,NA,NA,NA,NA,NA,NA,NA,NA,NA,NA,NA,NA,NA,2019,7,TRUE,FALSE,TRUE,"Summer chick",0.428571428571429,104.527679132398
"Common Tern","YGN0",NA,NA,"DD","29758","STEHIR",NA,3,236,109,2019-07-15,1899-12-31 20:45:00,"Atlit Salt-Pans",32.695,34.932,"Yosef Kiat",NA,NA,NA,"GN0",NA,NA,NA,NA,"G","N","0",NA,"Y",15,7,NA,NA,NA,NA,NA,NA,NA,NA,NA,NA,NA,NA,NA,NA,NA,NA,2019,7,TRUE,FALSE,TRUE,"Summer chick",0.461864406779661,113.881947286966
"Common Tern","YGN1",NA,NA,"DD","29759","STEHIR",NA,3,222,96,2019-07-15,1899-12-31 20:45:00,"Atlit Salt-Pans",32.695,34.932,"Yosef Kiat",NA,NA,NA,"GN1",NA,NA,NA,NA,"G","N","1",NA,"Y",15,7,NA,NA,NA,NA,NA,NA,NA,NA,NA,NA,NA,NA,NA,NA,NA,NA,2019,7,TRUE,FALSE,TRUE,"Summer chick",0.432432432432432,108.540340599323
"Common Tern","YGN2",NA,NA,"DD","29760","STEHIR",NA,3,257,126,2019-07-15,1899-12-31 20:45:00,"Atlit Salt-Pans",32.695,34.932,"Yosef Kiat",NA,NA,NA,"GN2",NA,NA,NA,NA,"G","N","2",NA,"Y",15,7,NA,NA,NA,NA,NA,NA,NA,NA,NA,NA,NA,NA,NA,NA,NA,NA,2019,7,TRUE,FALSE,TRUE,"Summer chick",0.490272373540856,117.923209960599
"Common Tern","YGN3",NA,NA,"DD","29761","STEHIR",NA,3,210,106,2019-07-15,1899-12-31 21:30:00,"Atlit Salt-Pans",32.695,34.932,"Yosef Kiat",NA,NA,NA,"GN3",NA,NA,NA,NA,"G","N","3",NA,"Y",15,7,NA,NA,NA,NA,NA,NA,NA,NA,NA,NA,NA,NA,NA,NA,NA,NA,2019,7,TRUE,FALSE,TRUE,"Summer chick",0.504761904761905,128.761460865183
"Common Tern","YGN4",NA,NA,"DD","29762","STEHIR",NA,3,231,95,2019-07-15,1899-12-31 21:30:00,"Atlit Salt-Pans",32.695,34.932,"Yosef Kiat",NA,NA,NA,"GN4",NA,NA,NA,NA,"G","N","4",NA,"Y",15,7,NA,NA,NA,NA,NA,NA,NA,NA,NA,NA,NA,NA,NA,NA,NA,NA,2019,7,TRUE,FALSE,TRUE,"Summer chick",0.411255411255411,102.037467569143
"Common Tern","YGN5",NA,NA,"DD","29763","STEHIR",NA,3,257,116,2019-07-15,1899-12-31 21:30:00,"Atlit Salt-Pans",32.695,34.932,"Yosef Kiat",NA,NA,NA,"GN5",NA,NA,NA,NA,"G","N","5",NA,"Y",15,7,NA,NA,NA,NA,NA,NA,NA,NA,NA,NA,NA,NA,NA,NA,NA,NA,2019,7,TRUE,FALSE,TRUE,"Summer chick",0.45136186770428,108.564225043091
"Common Tern","YGN8",NA,NA,"DD","29766","STEHIR","F",3,247,107,2019-07-15,1899-12-31 21:30:00,"Atlit Salt-Pans",32.695,34.932,"Yosef Kiat",NA,NA,NA,"GN8",NA,NA,NA,NA,"G","N","8",NA,"Y",15,7,NA,NA,NA,NA,NA,NA,NA,NA,NA,NA,NA,NA,NA,NA,NA,NA,2019,7,TRUE,FALSE,TRUE,"Summer chick",0.433198380566802,105.406385737136
"Common Tern","YGP5",NA,NA,"DD","29773","STEHIR","M",3,235,105,2019-07-15,1899-12-31 21:30:00,"Atlit Salt-Pans",32.695,34.932,"Yosef Kiat",NA,NA,NA,"GP5",NA,NA,NA,NA,"G","P","5",NA,"Y",15,7,NA,NA,NA,NA,NA,NA,NA,NA,NA,NA,NA,NA,NA,NA,NA,NA,2019,7,TRUE,FALSE,TRUE,"Summer chick",0.446808510638298,110.305899133164
"Common Tern","YGP6",NA,NA,"DD","29774","STEHIR",NA,3,239,114,2019-07-15,1899-12-31 21:30:00,"Atlit Salt-Pans",32.695,34.932,"Yosef Kiat",NA,NA,NA,"GP6",NA,NA,NA,NA,"G","P","6",NA,"Y",15,7,NA,NA,NA,NA,NA,NA,NA,NA,NA,NA,NA,NA,NA,NA,NA,NA,2019,7,TRUE,FALSE,TRUE,"Summer chick",0.476987447698745,117.179097162913
"Common Tern","YGP7",NA,NA,"DD","29775","STEHIR",NA,3,220,105,2019-07-15,1899-12-31 21:30:00,"Atlit Salt-Pans",32.695,34.932,"Yosef Kiat",NA,NA,NA,"GP7",NA,NA,NA,NA,"G","P","7",NA,"Y",15,7,NA,NA,NA,NA,NA,NA,NA,NA,NA,NA,NA,NA,NA,NA,NA,NA,2019,7,TRUE,FALSE,TRUE,"Summer chick",0.477272727272727,120.111288405936
"Common Tern","YGP8",NA,NA,"DD","29776","STEHIR",NA,3,256,126,2019-07-15,1899-12-31 23:00:00,"Atlit Salt-Pans",32.695,34.932,"Yosef Kiat",NA,NA,NA,"GP8",NA,NA,NA,NA,"G","P","8",NA,"Y",15,7,NA,NA,NA,NA,NA,NA,NA,NA,NA,NA,NA,NA,NA,NA,NA,NA,2019,7,TRUE,FALSE,TRUE,"Summer chick",0.4921875,118.518297764592
"Common Tern","YGR0",NA,NA,"DD","29778","STEHIR",NA,3,250,108,2019-07-15,1899-12-31 23:00:00,"Atlit Salt-Pans",32.695,34.932,"Yosef Kiat",NA,NA,NA,"GR0",NA,NA,NA,NA,"G","R","0",NA,"Y",15,7,NA,NA,NA,NA,NA,NA,NA,NA,NA,NA,NA,NA,NA,NA,NA,NA,2019,7,TRUE,FALSE,TRUE,"Summer chick",0.432,104.745977614231
"Common Tern","YGR1",NA,NA,"DD","29779","STEHIR",NA,3,262,124,2019-07-15,1899-12-31 23:00:00,"Atlit Salt-Pans",32.695,34.932,"Yosef Kiat",NA,NA,NA,"GR1",NA,NA,NA,NA,"G","R","1",NA,"Y",15,7,NA,NA,NA,NA,NA,NA,NA,NA,NA,NA,NA,NA,NA,NA,NA,NA,2019,7,TRUE,FALSE,TRUE,"Summer chick",0.473282442748092,113.199866115319
"Common Tern","YGR2",NA,NA,"DD","29780","STEHIR",NA,3,231,100,2019-07-15,1899-12-31 23:00:00,"Atlit Salt-Pans",32.695,34.932,"Yosef Kiat",NA,NA,NA,"GR2",NA,NA,NA,NA,"G","R","2",NA,"Y",15,7,NA,NA,NA,NA,NA,NA,NA,NA,NA,NA,NA,NA,NA,NA,NA,NA,2019,7,TRUE,FALSE,TRUE,"Summer chick",0.432900432900433,107.407860599098
"Common Tern","YGR4",NA,NA,"DD","29782","STEHIR",NA,3,208,91,2019-07-15,1899-12-31 23:00:00,"Atlit Salt-Pans",32.695,34.932,"Yosef Kiat",NA,NA,NA,"GR4",NA,NA,NA,NA,"G","R","4",NA,"Y",15,7,NA,NA,NA,NA,NA,NA,NA,NA,NA,NA,NA,NA,NA,NA,NA,NA,2019,7,TRUE,FALSE,TRUE,"Summer chick",0.4375,111.914760491669
"Common Tern","YGR5",NA,NA,"DD","29783","STEHIR",NA,3,258,112,2019-07-15,1899-12-31 23:00:00,"Atlit Salt-Pans",32.695,34.932,"Yosef Kiat",NA,NA,NA,"GR5",NA,NA,NA,NA,"G","R","5",NA,"Y",15,7,NA,NA,NA,NA,NA,NA,NA,NA,NA,NA,NA,NA,NA,NA,NA,NA,2019,7,TRUE,FALSE,TRUE,"Summer chick",0.434108527131783,104.296358926535
"Common Tern","YGR8",NA,NA,"DD","29786","STEHIR",NA,3,232,104,2019-07-15,1899-12-31 23:00:00,"Atlit Salt-Pans",32.695,34.932,"Yosef Kiat",NA,NA,NA,"GR8",NA,NA,NA,NA,"G","R","8",NA,"Y",15,7,NA,NA,NA,NA,NA,NA,NA,NA,NA,NA,NA,NA,NA,NA,NA,NA,2019,7,TRUE,FALSE,TRUE,"Summer chick",0.448275862068966,111.082900402667
"Common Tern","YGR9",NA,NA,"DD","29787","STEHIR",NA,3,250,110,2019-07-15,1899-12-31 23:00:00,"Atlit Salt-Pans",32.695,34.932,"Yosef Kiat",NA,NA,NA,"GR9",NA,NA,NA,NA,"G","R","9",NA,"Y",15,7,NA,NA,NA,NA,NA,NA,NA,NA,NA,NA,NA,NA,NA,NA,NA,NA,2019,7,TRUE,FALSE,TRUE,"Summer chick",0.44,106.68571794042
"Common Tern","YGE5",NA,"R","DD","29684","STEHIR","M",3,253,113,2019-07-16,1899-12-31,"Atlit Salt-Pans",32.695,34.932,"Yosef Kiat",NA,NA,NA,"GE5",NA,NA,NA,NA,"G","E","5",NA,"Y",16,7,NA,NA,NA,NA,NA,NA,NA,NA,NA,NA,NA,NA,NA,NA,NA,NA,2019,7,FALSE,TRUE,TRUE,"Summer chick",0.446640316205534,107.920326102494
"Common Tern","YGS1",NA,NA,"DD","29789","STEHIR","F",3,254,112,2019-07-16,1899-12-31,"Atlit Salt-Pans",32.695,34.932,"Yosef Kiat",NA,NA,NA,"GS1",NA,NA,NA,NA,"G","S","1",NA,"Y",16,7,NA,NA,NA,NA,NA,NA,NA,NA,NA,NA,NA,NA,NA,NA,NA,NA,2019,7,TRUE,FALSE,TRUE,"Summer chick",0.440944881889764,106.421859783801
"Common Tern","YGS2",NA,NA,"DD","29790","STEHIR",NA,3,237,101,2019-07-16,1899-12-31,"Atlit Salt-Pans",32.695,34.932,"Yosef Kiat",NA,NA,NA,"GS2",NA,NA,NA,NA,"G","S","2",NA,"Y",16,7,NA,NA,NA,NA,NA,NA,NA,NA,NA,NA,NA,NA,NA,NA,NA,NA,2019,7,TRUE,FALSE,TRUE,"Summer chick",0.426160337552743,104.949113647958
"Common Tern","YGS3",NA,NA,"DD","29791","STEHIR","M",3,243,110,2019-07-16,1899-12-31,"Atlit Salt-Pans",32.695,34.932,"Yosef Kiat",NA,NA,NA,"GS3",NA,NA,NA,NA,"G","S","3",NA,"Y",16,7,NA,NA,NA,NA,NA,NA,NA,NA,NA,NA,NA,NA,NA,NA,NA,NA,2019,7,TRUE,FALSE,TRUE,"Summer chick",0.452674897119342,110.670258949694
"Common Tern","YGS6",NA,NA,"DD","29794","STEHIR",NA,3,232,105,2019-07-16,1899-12-31,"Atlit Salt-Pans",32.695,34.932,"Yosef Kiat",NA,NA,NA,"GS6",NA,NA,NA,NA,"G","S","6",NA,"Y",16,7,NA,NA,NA,NA,NA,NA,NA,NA,NA,NA,NA,NA,NA,NA,NA,NA,2019,7,TRUE,FALSE,TRUE,"Summer chick",0.452586206896552,112.151005214232
"Common Tern","YGS7",NA,NA,"DD","29795","STEHIR",NA,3,215,95,2019-07-16,1899-12-31,"Atlit Salt-Pans",32.695,34.932,"Yosef Kiat",NA,NA,NA,"GS7",NA,NA,NA,NA,"G","S","7",NA,"Y",16,7,NA,NA,NA,NA,NA,NA,NA,NA,NA,NA,NA,NA,NA,NA,NA,NA,2019,7,TRUE,FALSE,TRUE,"Summer chick",0.441860465116279,111.946162341615
"Common Tern","YGT0",NA,NA,"DD","29798","STEHIR","M",3,244,107,2019-07-16,1899-12-31,"Atlit Salt-Pans",32.695,34.932,"Yosef Kiat",NA,NA,NA,"GT0",NA,NA,NA,NA,"G","T","0",NA,"Y",16,7,NA,NA,NA,NA,NA,NA,NA,NA,NA,NA,NA,NA,NA,NA,NA,NA,2019,7,TRUE,FALSE,TRUE,"Summer chick",0.438524590163934,107.082670459329
"Common Tern","YGT2",NA,NA,"DD","29800","STEHIR",NA,3,230,100,2019-07-16,1899-12-31,"Atlit Salt-Pans",32.695,34.932,"Yosef Kiat",NA,NA,NA,"GT2",NA,NA,NA,NA,"G","T","2",NA,"Y",16,7,NA,NA,NA,NA,NA,NA,NA,NA,NA,NA,NA,NA,NA,NA,NA,NA,2019,7,TRUE,FALSE,TRUE,"Summer chick",0.434782608695652,108.011194597275
"Common Tern","YGT4",NA,NA,"DD","29802","STEHIR",NA,3,234,91,2019-07-16,1899-12-31,"Atlit Salt-Pans",32.695,34.932,"Yosef Kiat",NA,NA,NA,"GT4",NA,NA,NA,NA,"G","T","4",NA,"Y",16,7,NA,NA,NA,NA,NA,NA,NA,NA,NA,NA,NA,NA,NA,NA,NA,NA,2019,7,TRUE,FALSE,TRUE,"Summer chick",0.388888888888889,96.126258641371
"Common Tern","YGT5",NA,NA,"DD","29803","STEHIR",NA,3,247,102,2019-07-16,1899-12-31,"Atlit Salt-Pans",32.695,34.932,"Yosef Kiat",NA,NA,NA,"GT5",NA,NA,NA,NA,"G","T","5",NA,"Y",16,7,NA,NA,NA,NA,NA,NA,NA,NA,NA,NA,NA,NA,NA,NA,NA,NA,2019,7,TRUE,FALSE,TRUE,"Summer chick",0.412955465587045,100.480853693344
"Common Tern","YGT6",NA,NA,"DD","29804","STEHIR",NA,3,254,105,2019-07-16,1899-12-31,"Atlit Salt-Pans",32.695,34.932,"Yosef Kiat",NA,NA,NA,"GT6",NA,NA,NA,NA,"G","T","6",NA,"Y",16,7,NA,NA,NA,NA,NA,NA,NA,NA,NA,NA,NA,NA,NA,NA,NA,NA,2019,7,TRUE,FALSE,TRUE,"Summer chick",0.413385826771654,99.770493547313
"Common Tern","YGT7",NA,NA,"DD","29805","STEHIR","F",3,264,124,2019-07-16,1899-12-31,"Atlit Salt-Pans",32.695,34.932,"Yosef Kiat",NA,NA,NA,"GT7",NA,NA,NA,NA,"G","T","7",NA,"Y",16,7,NA,NA,NA,NA,NA,NA,NA,NA,NA,NA,NA,NA,NA,NA,NA,NA,2019,7,TRUE,FALSE,TRUE,"Summer chick",0.46969696969697,112.093835958261
"Common Tern","YGE8",NA,"R","DD","29687","STEHIR",NA,3,246,102,2019-07-16,1899-12-31 01:00:00,"Atlit Salt-Pans",32.695,34.932,"Yosef Kiat",NA,NA,NA,"GE8",NA,NA,NA,NA,"G","E","8",NA,"Y",16,7,NA,NA,NA,NA,NA,NA,NA,NA,NA,NA,NA,NA,NA,NA,NA,NA,2019,7,FALSE,TRUE,TRUE,"Summer chick",0.414634146341463,101.008545007765
"Common Tern","YGV6",NA,NA,"DD","29825","STEHIR",NA,3,246,107,2019-07-21,1899-12-31 20:45:00,"Atlit Salt-Pans",32.695,34.932,"Yosef Kiat",NA,NA,NA,"GV6",NA,NA,NA,NA,"G","V","6",NA,"Y",21,7,NA,NA,NA,NA,NA,NA,NA,NA,NA,NA,NA,NA,NA,NA,NA,NA,2019,7,TRUE,FALSE,TRUE,"Summer chick",0.434959349593496,105.959944272851
"Common Tern","YGV9",NA,NA,"DD","29828","STEHIR",NA,3,259,110,2019-07-21,1899-12-31 20:45:00,"Atlit Salt-Pans",32.695,34.932,"Yosef Kiat",NA,NA,NA,"GV9",NA,NA,NA,NA,"G","V","9",NA,"Y",21,7,NA,NA,NA,NA,NA,NA,NA,NA,NA,NA,NA,NA,NA,NA,NA,NA,2019,7,TRUE,FALSE,TRUE,"Summer chick",0.424710424710425,101.923566191729
"Common Tern","YGW0",NA,NA,"DD","29829","STEHIR",NA,3,256,100,2019-07-21,1899-12-31 20:45:00,"Atlit Salt-Pans",32.695,34.932,"Yosef Kiat",NA,NA,NA,"GW0",NA,NA,NA,NA,"G","W","0",NA,"Y",21,7,NA,NA,NA,NA,NA,NA,NA,NA,NA,NA,NA,NA,NA,NA,NA,NA,2019,7,TRUE,FALSE,TRUE,"Summer chick",0.390625,94.0621410830092
"Common Tern","YGW3",NA,NA,"DD","29832","STEHIR",NA,3,252,116,2019-07-21,1899-12-31 20:45:00,"Atlit Salt-Pans",32.695,34.932,"Yosef Kiat",NA,NA,NA,"GW3",NA,NA,NA,NA,"G","W","3",NA,"Y",21,7,NA,NA,NA,NA,NA,NA,NA,NA,NA,NA,NA,NA,NA,NA,NA,NA,2019,7,TRUE,FALSE,TRUE,"Summer chick",0.46031746031746,111.353414604219
"Common Tern","YGW4",NA,NA,"DD","29833","STEHIR",NA,3,255,112,2019-07-21,1899-12-31 20:45:00,"Atlit Salt-Pans",32.695,34.932,"Yosef Kiat",NA,NA,NA,"GW4",NA,NA,NA,NA,"G","W","4",NA,"Y",21,7,NA,NA,NA,NA,NA,NA,NA,NA,NA,NA,NA,NA,NA,NA,NA,NA,2019,7,TRUE,FALSE,TRUE,"Summer chick",0.43921568627451,105.88332036474
"Common Tern","YGAH",NA,NA,"DD","29874","STEHIR",NA,3,258,104,2019-07-21,1899-12-31 22:30:00,"Atlit Salt-Pans",32.695,34.932,"Yosef Kiat",NA,NA,NA,"GAH",NA,NA,NA,NA,"G","A","H",NA,"Y",21,7,NA,NA,NA,NA,NA,NA,NA,NA,NA,NA,NA,NA,NA,NA,NA,NA,2019,7,TRUE,FALSE,TRUE,"Summer chick",0.403100775193798,96.8466190032107
"Common Tern","YGAJ",NA,NA,"DD","29875","STEHIR",NA,3,239,100,2019-07-21,1899-12-31 22:30:00,"Atlit Salt-Pans",32.695,34.932,"Yosef Kiat",NA,NA,NA,"GAJ",NA,NA,NA,NA,"G","A","J",NA,"Y",21,7,NA,NA,NA,NA,NA,NA,NA,NA,NA,NA,NA,NA,NA,NA,NA,NA,2019,7,TRUE,FALSE,TRUE,"Summer chick",0.418410041841004,102.788681721853
"Common Tern","YGAK",NA,NA,"DD","29876","STEHIR",NA,3,264,117,2019-07-21,1899-12-31 22:30:00,"Atlit Salt-Pans",32.695,34.932,"Yosef Kiat",NA,NA,NA,"GAK",NA,NA,NA,NA,"G","A","K",NA,"Y",21,7,NA,NA,NA,NA,NA,NA,NA,NA,NA,NA,NA,NA,NA,NA,NA,NA,2019,7,TRUE,FALSE,TRUE,"Summer chick",0.443181818181818,105.765958121908
"Common Tern","YGAL",NA,NA,"DD","29877","STEHIR",NA,3,258,123,2019-07-21,1899-12-31 22:30:00,"Atlit Salt-Pans",32.695,34.932,"Yosef Kiat",NA,NA,NA,"GAL",NA,NA,NA,NA,"G","A","L",NA,"Y",21,7,NA,NA,NA,NA,NA,NA,NA,NA,NA,NA,NA,NA,NA,NA,NA,NA,2019,7,TRUE,FALSE,TRUE,"Summer chick",0.476744186046512,114.539751321105
"Common Tern","YGAP",NA,NA,"DD","29880","STEHIR",NA,3,263,123,2019-07-21,1899-12-31 22:30:00,"Atlit Salt-Pans",32.695,34.932,"Yosef Kiat",NA,NA,NA,"GAP",NA,NA,NA,NA,"G","A","P",NA,"Y",21,7,NA,NA,NA,NA,NA,NA,NA,NA,NA,NA,NA,NA,NA,NA,NA,NA,2019,7,TRUE,FALSE,TRUE,"Summer chick",0.467680608365019,111.736019301304
"Common Tern","YGAR",NA,NA,"DD","29881","STEHIR",NA,3,240,118,2019-07-21,1899-12-31 23:30:00,"Atlit Salt-Pans",32.695,34.932,"Yosef Kiat",NA,NA,NA,"GAR",NA,NA,NA,NA,"G","A","R",NA,"Y",21,7,NA,NA,NA,NA,NA,NA,NA,NA,NA,NA,NA,NA,NA,NA,NA,NA,2019,7,TRUE,FALSE,TRUE,"Summer chick",0.491666666666667,120.638524669928
"Common Tern","YGAS",NA,NA,"DD","29882","STEHIR",NA,3,256,113,2019-07-21,1899-12-31 23:30:00,"Atlit Salt-Pans",32.695,34.932,"Yosef Kiat",NA,NA,NA,"GAS",NA,NA,NA,NA,"G","A","S",NA,"Y",21,7,NA,NA,NA,NA,NA,NA,NA,NA,NA,NA,NA,NA,NA,NA,NA,NA,2019,7,TRUE,FALSE,TRUE,"Summer chick",0.44140625,106.2902194238
"Common Tern","YGAU",NA,NA,"DD","29884","STEHIR",NA,3,250,105,2019-07-21,1899-12-31 23:30:00,"Atlit Salt-Pans",32.695,34.932,"Yosef Kiat",NA,NA,NA,"GAU",NA,NA,NA,NA,"G","A","U",NA,"Y",21,7,NA,NA,NA,NA,NA,NA,NA,NA,NA,NA,NA,NA,NA,NA,NA,NA,2019,7,TRUE,FALSE,TRUE,"Summer chick",0.42,101.836367124947
"Common Tern","YGAV",NA,NA,"DD","29885","STEHIR",NA,3,257,117,2019-07-22,1899-12-31 00:30:00,"Atlit Salt-Pans",32.695,34.932,"Yosef Kiat",NA,NA,NA,"GAV",NA,NA,NA,NA,"G","A","V",NA,"Y",22,7,NA,NA,NA,NA,NA,NA,NA,NA,NA,NA,NA,NA,NA,NA,NA,NA,2019,7,TRUE,FALSE,TRUE,"Summer chick",0.455252918287938,109.500123534842
"Common Tern","YGAW",NA,NA,"DD","29886","STEHIR",NA,3,259,118,2019-07-22,1899-12-31 00:30:00,"Atlit Salt-Pans",32.695,34.932,"Yosef Kiat",NA,NA,NA,"GAW",NA,NA,NA,NA,"G","A","W",NA,"Y",22,7,NA,NA,NA,NA,NA,NA,NA,NA,NA,NA,NA,NA,NA,NA,NA,NA,2019,7,TRUE,FALSE,TRUE,"Summer chick",0.455598455598456,109.336189187491
"Common Tern","YGCA",NA,NA,"DD","29911","STEHIR",NA,3,262,149,2019-08-01,1899-12-31 22:00:00,"Atlit Salt-Pans",32.695,34.932,"Yosef Kiat",NA,NA,NA,"GCA",NA,NA,NA,NA,"G","C","A",NA,"Y",1,8,NA,NA,NA,NA,NA,NA,NA,NA,NA,NA,NA,NA,NA,NA,NA,NA,2019,8,TRUE,FALSE,TRUE,"Summer chick",0.568702290076336,136.022419767601
"Common Tern","WGNY",NA,"R","DD","29616","STEHIR",NA,3,259,115,2019-08-01,1899-12-31 22:00:00,"Atlit Salt-Pans",32.695,34.932,"Yosef Kiat",NA,NA,NA,"GNY",NA,NA,NA,NA,"G","N","Y",NA,"W",1,8,NA,NA,NA,NA,NA,NA,NA,NA,NA,NA,NA,NA,NA,NA,NA,NA,2019,8,FALSE,TRUE,TRUE,"Summer chick",0.444015444015444,106.55645556408
"Common Tern","WGYY",NA,"R","DD","29625","STEHIR",NA,3,260,129,2019-08-01,1899-12-31 23:30:00,"Atlit Salt-Pans",32.695,34.932,"Yosef Kiat",NA,NA,NA,"GYY",NA,NA,NA,NA,"G","Y","Y",NA,"W",1,8,NA,NA,NA,NA,NA,NA,NA,NA,NA,NA,NA,NA,NA,NA,NA,NA,2019,8,FALSE,TRUE,TRUE,"Summer chick",0.496153846153846,118.935306524175
"Common Tern","WGEY",NA,"R","DD","29608","STEHIR",NA,3,255,97,2019-08-02,1899-12-31 01:00:00,"Atlit Salt-Pans",32.695,34.932,"Yosef Kiat",NA,NA,NA,"GEY",NA,NA,NA,NA,"G","E","Y",NA,"W",2,8,NA,NA,NA,NA,NA,NA,NA,NA,NA,NA,NA,NA,NA,NA,NA,NA,2019,8,FALSE,TRUE,TRUE,"Summer chick",0.380392156862745,91.7025185301767
"Common Tern","YGAR",NA,"R","DD","29881","STEHIR",NA,3,252,116,2019-08-02,1899-12-31 01:00:00,"Atlit Salt-Pans",32.695,34.932,"Yosef Kiat",NA,NA,NA,"GAR",NA,NA,NA,NA,"G","A","R",NA,"Y",2,8,NA,NA,NA,NA,NA,NA,NA,NA,NA,NA,NA,NA,NA,NA,NA,NA,2019,8,FALSE,TRUE,TRUE,"Summer chick",0.46031746031746,111.353414604219
"Common Tern","YGMR",NA,NA,"DD","30097","STEHIR",NA,3,213,113,2019-08-08,1899-12-31 20:45:00,"Atlit Salt-Pans",32.695,34.932,"Yosef Kiat",NA,NA,NA,"GMR",NA,NA,NA,NA,"G","M","R",NA,"Y",8,8,NA,NA,NA,NA,NA,NA,NA,NA,NA,NA,NA,NA,NA,NA,NA,NA,2019,8,TRUE,FALSE,TRUE,"Summer chick",0.530516431924883,134.773535390989
"Common Tern","YGMS",NA,NA,"DD","30098","STEHIR",NA,3,209,103,2019-08-08,1899-12-31 20:45:00,"Atlit Salt-Pans",32.695,34.932,"Yosef Kiat",NA,NA,NA,"GMS",NA,NA,NA,NA,"G","M","S",NA,"Y",8,8,NA,NA,NA,NA,NA,NA,NA,NA,NA,NA,NA,NA,NA,NA,NA,NA,2019,8,TRUE,FALSE,TRUE,"Summer chick",0.492822966507177,125.890746777766
"Common Tern","YGMT",NA,NA,"DD","30099","STEHIR",NA,3,206,107,2019-08-08,1899-12-31 20:45:00,"Atlit Salt-Pans",32.695,34.932,"Yosef Kiat",NA,NA,NA,"GMT",NA,NA,NA,NA,"G","M","T",NA,"Y",8,8,NA,NA,NA,NA,NA,NA,NA,NA,NA,NA,NA,NA,NA,NA,NA,NA,2019,8,TRUE,FALSE,TRUE,"Summer chick",0.519417475728155,133.243965060724
"Common Tern","YGMU",NA,NA,"DD","30100","STEHIR",NA,3,201,116,2019-08-08,1899-12-31 20:45:00,"Atlit Salt-Pans",32.695,34.932,"Yosef Kiat",NA,NA,NA,"GMU",NA,NA,NA,NA,"G","M","U",NA,"Y",8,8,NA,NA,NA,NA,NA,NA,NA,NA,NA,NA,NA,NA,NA,NA,NA,NA,2019,8,TRUE,FALSE,TRUE,"Summer chick",0.577114427860697,149.107599848838
"Common Tern","YGMV",NA,NA,"DD","30101","STEHIR",NA,3,246,117,2019-08-08,1899-12-31 20:45:00,"Atlit Salt-Pans",32.695,34.932,"Yosef Kiat",NA,NA,NA,"GMV",NA,NA,NA,NA,"G","M","V",NA,"Y",8,8,NA,NA,NA,NA,NA,NA,NA,NA,NA,NA,NA,NA,NA,NA,NA,NA,2019,8,TRUE,FALSE,TRUE,"Summer chick",0.475609756097561,115.862742803025
"Common Tern","YGMW",NA,NA,"DD","30102","STEHIR",NA,3,254,123,2019-08-08,1899-12-31 20:45:00,"Atlit Salt-Pans",32.695,34.932,"Yosef Kiat",NA,NA,NA,"GMW",NA,NA,NA,NA,"G","M","W",NA,"Y",8,8,NA,NA,NA,NA,NA,NA,NA,NA,NA,NA,NA,NA,NA,NA,NA,NA,2019,8,TRUE,FALSE,TRUE,"Summer chick",0.484251968503937,116.874006726852
"Common Tern","YGMX",NA,NA,"DD","30103","STEHIR",NA,3,233,107,2019-08-08,1899-12-31 20:45:00,"Atlit Salt-Pans",32.695,34.932,"Yosef Kiat",NA,NA,NA,"GMX",NA,NA,NA,NA,"G","M","X",NA,"Y",8,8,NA,NA,NA,NA,NA,NA,NA,NA,NA,NA,NA,NA,NA,NA,NA,NA,2019,8,TRUE,FALSE,TRUE,"Summer chick",0.459227467811159,113.654300268212
"Common Tern","YGMY",NA,NA,"DD","30104","STEHIR",NA,3,233,103,2019-08-08,1899-12-31 20:45:00,"Atlit Salt-Pans",32.695,34.932,"Yosef Kiat",NA,NA,NA,"GMY",NA,NA,NA,NA,"G","M","Y",NA,"Y",8,8,NA,NA,NA,NA,NA,NA,NA,NA,NA,NA,NA,NA,NA,NA,NA,NA,2019,8,TRUE,FALSE,TRUE,"Summer chick",0.44206008583691,109.405541379681
"Common Tern","YGMZ",NA,NA,"DD","30105","STEHIR",NA,3,267,118,2019-08-08,1899-12-31 20:45:00,"Atlit Salt-Pans",32.695,34.932,"Yosef Kiat",NA,NA,NA,"GMZ",NA,NA,NA,NA,"G","M","Z",NA,"Y",8,8,NA,NA,NA,NA,NA,NA,NA,NA,NA,NA,NA,NA,NA,NA,NA,NA,2019,8,TRUE,FALSE,TRUE,"Summer chick",0.441947565543071,105.124991211328
"Common Tern","YG1A",NA,NA,"DD","30107","STEHIR","M",3,240,120,2019-08-08,1899-12-31 20:45:00,"Atlit Salt-Pans",32.695,34.932,"Yosef Kiat",NA,NA,NA,"G1A",NA,NA,NA,NA,"G","1","A",NA,"Y",8,8,NA,NA,NA,NA,NA,NA,NA,NA,NA,NA,NA,NA,NA,NA,NA,NA,2019,8,TRUE,FALSE,TRUE,"Summer chick",0.5,122.683245427046
"Common Tern","YG2A",NA,NA,"DD","30108","STEHIR","F",3,204,123,2019-08-08,1899-12-31 20:45:00,"Atlit Salt-Pans",32.695,34.932,"Yosef Kiat",NA,NA,NA,"G2A",NA,NA,NA,NA,"G","2","A",NA,"Y",8,8,NA,NA,NA,NA,NA,NA,NA,NA,NA,NA,NA,NA,NA,NA,NA,NA,2019,8,TRUE,FALSE,TRUE,"Summer chick",0.602941176470588,155.109905028887
"Common Tern","YG3A",NA,NA,"DD","30109","STEHIR",NA,3,222,113,2019-08-08,1899-12-31 20:45:00,"Atlit Salt-Pans",32.695,34.932,"Yosef Kiat",NA,NA,NA,"G3A",NA,NA,NA,NA,"G","3","A",NA,"Y",8,8,NA,NA,NA,NA,NA,NA,NA,NA,NA,NA,NA,NA,NA,NA,NA,NA,2019,8,TRUE,FALSE,TRUE,"Summer chick",0.509009009009009,127.761025913786
"Common Tern","YGMG",NA,"R","DD","30089","STEHIR",NA,3,234,102,2019-08-08,1899-12-31 20:45:00,"Atlit Salt-Pans",32.695,34.932,"Yosef Kiat",NA,NA,NA,"GMG",NA,NA,NA,NA,"G","M","G",NA,"Y",8,8,NA,NA,NA,NA,NA,NA,NA,NA,NA,NA,NA,NA,NA,NA,NA,NA,2019,8,FALSE,TRUE,TRUE,"Summer chick",0.435897435897436,107.745916279339
"Common Tern","YGGS",NA,"R","DD","30035","STEHIR",NA,3,241,101,2019-08-08,1899-12-31 21:30:00,"Atlit Salt-Pans",32.695,34.932,"Yosef Kiat",NA,NA,NA,"GGS",NA,NA,NA,NA,"G","G","S",NA,"Y",8,8,NA,NA,NA,NA,NA,NA,NA,NA,NA,NA,NA,NA,NA,NA,NA,NA,2019,8,FALSE,TRUE,TRUE,"Summer chick",0.419087136929461,102.705531147249
"Common Tern","YGME",NA,"R","DD","30087","STEHIR",NA,3,253,114,2019-08-08,1899-12-31 21:30:00,"Atlit Salt-Pans",32.695,34.932,"Yosef Kiat",NA,NA,NA,"GME",NA,NA,NA,NA,"G","M","E",NA,"Y",8,8,NA,NA,NA,NA,NA,NA,NA,NA,NA,NA,NA,NA,NA,NA,NA,NA,2019,8,FALSE,TRUE,TRUE,"Summer chick",0.450592885375494,108.875373236144
"Common Tern","YG6A",NA,NA,"DD","30112","STEHIR",NA,3,238,105,2019-08-08,1899-12-31 21:30:00,"Atlit Salt-Pans",32.695,34.932,"Yosef Kiat",NA,NA,NA,"G6A",NA,NA,NA,NA,"G","6","A",NA,"Y",8,8,NA,NA,NA,NA,NA,NA,NA,NA,NA,NA,NA,NA,NA,NA,NA,NA,2019,8,TRUE,FALSE,TRUE,"Summer chick",0.441176470588235,108.513981398667
"Common Tern","YG7A",NA,NA,"DD","30113","STEHIR",NA,3,250,119,2019-08-08,1899-12-31 21:30:00,"Atlit Salt-Pans",32.695,34.932,"Yosef Kiat",NA,NA,NA,"G7A",NA,NA,NA,NA,"G","7","A",NA,"Y",8,8,NA,NA,NA,NA,NA,NA,NA,NA,NA,NA,NA,NA,NA,NA,NA,NA,2019,8,TRUE,FALSE,TRUE,"Summer chick",0.476,115.414549408273
"Common Tern","YG8A",NA,NA,"DD","30114","STEHIR",NA,3,254,113,2019-08-08,1899-12-31 21:30:00,"Atlit Salt-Pans",32.695,34.932,"Yosef Kiat",NA,NA,NA,"G8A",NA,NA,NA,NA,"G","8","A",NA,"Y",8,8,NA,NA,NA,NA,NA,NA,NA,NA,NA,NA,NA,NA,NA,NA,NA,NA,2019,8,TRUE,FALSE,TRUE,"Summer chick",0.44488188976378,107.372054960442
"Common Tern","YG9A",NA,NA,"DD","30115","STEHIR","F",3,256,105,2019-08-08,1899-12-31 21:30:00,"Atlit Salt-Pans",32.695,34.932,"Yosef Kiat",NA,NA,NA,"G9A",NA,NA,NA,NA,"G","9","A",NA,"Y",8,8,NA,NA,NA,NA,NA,NA,NA,NA,NA,NA,NA,NA,NA,NA,NA,NA,2019,8,TRUE,FALSE,TRUE,"Summer chick",0.41015625,98.7652481371597
"Common Tern","YG1B",NA,NA,"DD","30117","STEHIR",NA,3,267,121,2019-08-08,1899-12-31 21:30:00,"Atlit Salt-Pans",32.695,34.932,"Yosef Kiat",NA,NA,NA,"G1B",NA,NA,NA,NA,"G","1","B",NA,"Y",8,8,NA,NA,NA,NA,NA,NA,NA,NA,NA,NA,NA,NA,NA,NA,NA,NA,2019,8,TRUE,FALSE,TRUE,"Summer chick",0.453183520599251,107.797660479412
"Common Tern","YG4B",NA,NA,"DD","30120","STEHIR",NA,3,267,137,2019-08-08,1899-12-31 21:30:00,"Atlit Salt-Pans",32.695,34.932,"Yosef Kiat",NA,NA,NA,"G4B",NA,NA,NA,NA,"G","4","B",NA,"Y",8,8,NA,NA,NA,NA,NA,NA,NA,NA,NA,NA,NA,NA,NA,NA,NA,NA,2019,8,TRUE,FALSE,TRUE,"Summer chick",0.51310861423221,122.051896575864
"Common Tern","YG5B",NA,NA,"DD","30121","STEHIR",NA,3,262,125,2019-08-08,1899-12-31 21:30:00,"Atlit Salt-Pans",32.695,34.932,"Yosef Kiat",NA,NA,NA,"G5B",NA,NA,NA,NA,"G","5","B",NA,"Y",8,8,NA,NA,NA,NA,NA,NA,NA,NA,NA,NA,NA,NA,NA,NA,NA,NA,2019,8,TRUE,FALSE,TRUE,"Summer chick",0.477099236641221,114.11276826141
"Common Tern","YGY0",NA,"R","DD","29848","STEHIR",NA,3,265,113,2019-08-08,1899-12-31 22:30:00,"Atlit Salt-Pans",32.695,34.932,"Yosef Kiat",NA,NA,NA,"GY0",NA,NA,NA,NA,"G","Y","0",NA,"Y",8,8,NA,NA,NA,NA,NA,NA,NA,NA,NA,NA,NA,NA,NA,NA,NA,NA,2019,8,FALSE,TRUE,TRUE,"Summer chick",0.426415094339623,101.652601533559
"Common Tern","YG1C",NA,NA,"DD","30127","STEHIR",NA,3,252,119,2019-08-08,1899-12-31 22:30:00,"Atlit Salt-Pans",32.695,34.932,"Yosef Kiat",NA,NA,NA,"G1C",NA,NA,NA,NA,"G","1","C",NA,"Y",8,8,NA,NA,NA,NA,NA,NA,NA,NA,NA,NA,NA,NA,NA,NA,NA,NA,2019,8,TRUE,FALSE,TRUE,"Summer chick",0.472222222222222,114.233244292259
"Common Tern","YG3C",NA,NA,"DD","30129","STEHIR",NA,3,257,142,2019-08-08,1899-12-31 22:30:00,"Atlit Salt-Pans",32.695,34.932,"Yosef Kiat",NA,NA,NA,"G3C",NA,NA,NA,NA,"G","3","C",NA,"Y",8,8,NA,NA,NA,NA,NA,NA,NA,NA,NA,NA,NA,NA,NA,NA,NA,NA,2019,8,TRUE,FALSE,TRUE,"Summer chick",0.552529182879377,132.897585828612
"Common Tern","YG4C",NA,NA,"DD","30130","STEHIR",NA,3,259,99,2019-08-08,1899-12-31 22:30:00,"Atlit Salt-Pans",32.695,34.932,"Yosef Kiat",NA,NA,NA,"G4C",NA,NA,NA,NA,"G","4","C",NA,"Y",8,8,NA,NA,NA,NA,NA,NA,NA,NA,NA,NA,NA,NA,NA,NA,NA,NA,2019,8,TRUE,FALSE,TRUE,"Summer chick",0.382239382239382,91.7312095725562
"Common Tern","YG6C",NA,NA,"DD","30132","STEHIR",NA,3,202,109,2019-08-08,1899-12-31 22:30:00,"Atlit Salt-Pans",32.695,34.932,"Yosef Kiat",NA,NA,NA,"G6C",NA,NA,NA,NA,"G","6","C",NA,"Y",8,8,NA,NA,NA,NA,NA,NA,NA,NA,NA,NA,NA,NA,NA,NA,NA,NA,2019,8,TRUE,FALSE,TRUE,"Summer chick",0.53960396039604,139.214819170048
"Common Tern","YG7C",NA,NA,"DD","30133","STEHIR",NA,3,253,107,2019-08-08,1899-12-31 22:30:00,"Atlit Salt-Pans",32.695,34.932,"Yosef Kiat",NA,NA,NA,"G7C",NA,NA,NA,NA,"G","7","C",NA,"Y",8,8,NA,NA,NA,NA,NA,NA,NA,NA,NA,NA,NA,NA,NA,NA,NA,NA,2019,8,TRUE,FALSE,TRUE,"Summer chick",0.422924901185771,102.190043300592
"Common Tern","YG8C",NA,NA,"DD","30134","STEHIR",NA,3,248,118,2019-08-08,1899-12-31 22:30:00,"Atlit Salt-Pans",32.695,34.932,"Yosef Kiat",NA,NA,NA,"G8C",NA,NA,NA,NA,"G","8","C",NA,"Y",8,8,NA,NA,NA,NA,NA,NA,NA,NA,NA,NA,NA,NA,NA,NA,NA,NA,2019,8,TRUE,FALSE,TRUE,"Summer chick",0.475806451612903,115.637726282015
"Common Tern","YG9C",NA,NA,"DD","30135","STEHIR",NA,3,240,111,2019-08-08,1899-12-31 22:30:00,"Atlit Salt-Pans",32.695,34.932,"Yosef Kiat",NA,NA,NA,"G9C",NA,NA,NA,NA,"G","9","C",NA,"Y",8,8,NA,NA,NA,NA,NA,NA,NA,NA,NA,NA,NA,NA,NA,NA,NA,NA,2019,8,TRUE,FALSE,TRUE,"Summer chick",0.4625,113.482002020017
"Common Tern","YG0E",NA,NA,"DD","30136","STEHIR",NA,3,261,118,2019-08-08,1899-12-31 22:30:00,"Atlit Salt-Pans",32.695,34.932,"Yosef Kiat",NA,NA,NA,"G0E",NA,NA,NA,NA,"G","0","E",NA,"Y",8,8,NA,NA,NA,NA,NA,NA,NA,NA,NA,NA,NA,NA,NA,NA,NA,NA,2019,8,TRUE,FALSE,TRUE,"Summer chick",0.452107279693487,108.255644141395
"Common Tern","YG1E",NA,NA,"DD","30137","STEHIR",NA,3,258,113,2019-08-08,1899-12-31 22:30:00,"Atlit Salt-Pans",32.695,34.932,"Yosef Kiat",NA,NA,NA,"G1E",NA,NA,NA,NA,"G","1","E",NA,"Y",8,8,NA,NA,NA,NA,NA,NA,NA,NA,NA,NA,NA,NA,NA,NA,NA,NA,2019,8,TRUE,FALSE,TRUE,"Summer chick",0.437984496124031,105.22757641695
"Common Tern","YG3E",NA,NA,"DD","30139","STEHIR",NA,3,228,108,2019-08-08,1899-12-31 23:30:00,"Atlit Salt-Pans",32.695,34.932,"Yosef Kiat",NA,NA,NA,"G3E",NA,NA,NA,NA,"G","3","E",NA,"Y",8,8,NA,NA,NA,NA,NA,NA,NA,NA,NA,NA,NA,NA,NA,NA,NA,NA,2019,8,TRUE,FALSE,TRUE,"Summer chick",0.473684210526316,117.974956032956
"Common Tern","YG4E",NA,NA,"DD","30140","STEHIR",NA,3,211,88,2019-08-08,1899-12-31 23:30:00,"Atlit Salt-Pans",32.695,34.932,"Yosef Kiat",NA,NA,NA,"G4E",NA,NA,NA,NA,"G","4","E",NA,"Y",8,8,NA,NA,NA,NA,NA,NA,NA,NA,NA,NA,NA,NA,NA,NA,NA,NA,2019,8,TRUE,FALSE,TRUE,"Summer chick",0.417061611374408,106.242642118535
"Common Tern","YG5E",NA,NA,"DD","30141","STEHIR",NA,3,242,89,2019-08-08,1899-12-31 23:30:00,"Atlit Salt-Pans",32.695,34.932,"Yosef Kiat",NA,NA,NA,"G5E",NA,NA,NA,NA,"G","5","E",NA,"Y",8,8,NA,NA,NA,NA,NA,NA,NA,NA,NA,NA,NA,NA,NA,NA,NA,NA,2019,8,TRUE,FALSE,TRUE,"Summer chick",0.367768595041322,90.0203234917141
"Common Tern","YG6E",NA,NA,"DD","30142","STEHIR","M",3,232,102,2019-08-08,1899-12-31 23:30:00,"Atlit Salt-Pans",32.695,34.932,"Yosef Kiat",NA,NA,NA,"G6E",NA,NA,NA,NA,"G","6","E",NA,"Y",8,8,NA,NA,NA,NA,NA,NA,NA,NA,NA,NA,NA,NA,NA,NA,NA,NA,2019,8,TRUE,FALSE,TRUE,"Summer chick",0.439655172413793,108.946690779539
"Common Tern","YG7E",NA,NA,"DD","30143","STEHIR","M",3,245,117,2019-08-08,1899-12-31 23:30:00,"Atlit Salt-Pans",32.695,34.932,"Yosef Kiat",NA,NA,NA,"G7E",NA,NA,NA,NA,"G","7","E",NA,"Y",8,8,NA,NA,NA,NA,NA,NA,NA,NA,NA,NA,NA,NA,NA,NA,NA,NA,2019,8,TRUE,FALSE,TRUE,"Summer chick",0.477551020408163,116.473699604672
"Common Tern","YG8E",NA,NA,"DD","30144","STEHIR","M",3,242,111,2019-08-08,1899-12-31 23:30:00,"Atlit Salt-Pans",32.695,34.932,"Yosef Kiat",NA,NA,NA,"G8E",NA,NA,NA,NA,"G","8","E",NA,"Y",8,8,NA,NA,NA,NA,NA,NA,NA,NA,NA,NA,NA,NA,NA,NA,NA,NA,2019,8,TRUE,FALSE,TRUE,"Summer chick",0.458677685950413,112.272538287419
"Common Tern","YG9E",NA,NA,"DD","30145","STEHIR",NA,3,238,109,2019-08-08,1899-12-31 23:30:00,"Atlit Salt-Pans",32.695,34.932,"Yosef Kiat",NA,NA,NA,"G9E",NA,NA,NA,NA,"G","9","E",NA,"Y",8,8,NA,NA,NA,NA,NA,NA,NA,NA,NA,NA,NA,NA,NA,NA,NA,NA,2019,8,TRUE,FALSE,TRUE,"Summer chick",0.457983193277311,112.647847356711
"Common Tern","YG0F",NA,NA,"DD","30146","STEHIR",NA,3,240,101,2019-08-08,1899-12-31 23:30:00,"Atlit Salt-Pans",32.695,34.932,"Yosef Kiat",NA,NA,NA,"G0F",NA,NA,NA,NA,"G","0","F",NA,"Y",8,8,NA,NA,NA,NA,NA,NA,NA,NA,NA,NA,NA,NA,NA,NA,NA,NA,2019,8,TRUE,FALSE,TRUE,"Summer chick",0.420833333333333,103.25839823443
"Common Tern","YG1F",NA,NA,"DD","30147","STEHIR",NA,3,262,113,2019-08-08,1899-12-31 23:30:00,"Atlit Salt-Pans",32.695,34.932,"Yosef Kiat",NA,NA,NA,"G1F",NA,NA,NA,NA,"G","1","F",NA,"Y",8,8,NA,NA,NA,NA,NA,NA,NA,NA,NA,NA,NA,NA,NA,NA,NA,NA,2019,8,TRUE,FALSE,TRUE,"Summer chick",0.431297709923664,103.157942508315
"Common Tern","YG3F",NA,NA,"DD","30149","STEHIR",NA,3,219,104,2019-08-08,1899-12-31 23:30:00,"Atlit Salt-Pans",32.695,34.932,"Yosef Kiat",NA,NA,NA,"G3F",NA,NA,NA,NA,"G","3","F",NA,"Y",8,8,NA,NA,NA,NA,NA,NA,NA,NA,NA,NA,NA,NA,NA,NA,NA,NA,2019,8,TRUE,FALSE,TRUE,"Summer chick",0.474885844748858,119.669225872448
"Common Tern","YG4F",NA,NA,"DD","30150","STEHIR",NA,3,221,104,2019-08-08,1899-12-31 23:30:00,"Atlit Salt-Pans",32.695,34.932,"Yosef Kiat",NA,NA,NA,"G4F",NA,NA,NA,NA,"G","4","F",NA,"Y",8,8,NA,NA,NA,NA,NA,NA,NA,NA,NA,NA,NA,NA,NA,NA,NA,NA,2019,8,TRUE,FALSE,TRUE,"Summer chick",0.470588235294118,118.272788319597
"Common Tern","YG5F",NA,NA,"DD","30151","STEHIR",NA,3,237,110,2019-08-08,1899-12-31 23:30:00,"Atlit Salt-Pans",32.695,34.932,"Yosef Kiat",NA,NA,NA,"G5F",NA,NA,NA,NA,"G","5","F",NA,"Y",8,8,NA,NA,NA,NA,NA,NA,NA,NA,NA,NA,NA,NA,NA,NA,NA,NA,2019,8,TRUE,FALSE,TRUE,"Summer chick",0.464135021097046,114.301014864112
"Common Tern","YG6F",NA,NA,"DD","30152","STEHIR",NA,3,237,118,2019-08-08,1899-12-31 23:30:00,"Atlit Salt-Pans",32.695,34.932,"Yosef Kiat",NA,NA,NA,"G6F",NA,NA,NA,NA,"G","6","F",NA,"Y",8,8,NA,NA,NA,NA,NA,NA,NA,NA,NA,NA,NA,NA,NA,NA,NA,NA,2019,8,TRUE,FALSE,TRUE,"Summer chick",0.49789029535865,122.613815945139
"Common Tern","YG7F",NA,NA,"DD","30153","STEHIR",NA,3,231,112,2019-08-08,1899-12-31 23:30:00,"Atlit Salt-Pans",32.695,34.932,"Yosef Kiat",NA,NA,NA,"G7F",NA,NA,NA,NA,"G","7","F",NA,"Y",8,8,NA,NA,NA,NA,NA,NA,NA,NA,NA,NA,NA,NA,NA,NA,NA,NA,2019,8,TRUE,FALSE,TRUE,"Summer chick",0.484848484848485,120.29680387099
"Common Tern","YG8F",NA,NA,"DD","30154","STEHIR",NA,3,219,99,2019-08-08,1899-12-31 23:30:00,"Atlit Salt-Pans",32.695,34.932,"Yosef Kiat",NA,NA,NA,"G8F",NA,NA,NA,NA,"G","8","F",NA,"Y",8,8,NA,NA,NA,NA,NA,NA,NA,NA,NA,NA,NA,NA,NA,NA,NA,NA,2019,8,TRUE,FALSE,TRUE,"Summer chick",0.452054794520548,113.915897705504
"Common Tern","YG9F",NA,NA,"DD","30155","STEHIR",NA,3,227,90,2019-08-08,1899-12-31 23:30:00,"Atlit Salt-Pans",32.695,34.932,"Yosef Kiat",NA,NA,NA,"G9F",NA,NA,NA,NA,"G","9","F",NA,"Y",8,8,NA,NA,NA,NA,NA,NA,NA,NA,NA,NA,NA,NA,NA,NA,NA,NA,2019,8,TRUE,FALSE,TRUE,"Summer chick",0.39647577092511,98.8720095114423
"Common Tern","YG0G",NA,NA,"DD","30156","STEHIR",NA,3,259,112,2019-08-08,1899-12-31 23:30:00,"Atlit Salt-Pans",32.695,34.932,"Yosef Kiat",NA,NA,NA,"G0G",NA,NA,NA,NA,"G","0","G",NA,"Y",8,8,NA,NA,NA,NA,NA,NA,NA,NA,NA,NA,NA,NA,NA,NA,NA,NA,2019,8,TRUE,FALSE,TRUE,"Summer chick",0.432432432432432,103.77672194067
"Common Tern","YG1G",NA,NA,"DD","30157","STEHIR",NA,3,221,99,2019-08-08,1899-12-31 23:30:00,"Atlit Salt-Pans",32.695,34.932,"Yosef Kiat",NA,NA,NA,"G1G",NA,NA,NA,NA,"G","1","G",NA,"Y",8,8,NA,NA,NA,NA,NA,NA,NA,NA,NA,NA,NA,NA,NA,NA,NA,NA,2019,8,TRUE,FALSE,TRUE,"Summer chick",0.447963800904977,112.586596573462
"Common Tern","YG2G",NA,NA,"DD","30158","STEHIR","F",3,218,108,2019-08-08,1899-12-31 23:30:00,"Atlit Salt-Pans",32.695,34.932,"Yosef Kiat",NA,NA,NA,"G2G",NA,NA,NA,NA,"G","2","G",NA,"Y",8,8,NA,NA,NA,NA,NA,NA,NA,NA,NA,NA,NA,NA,NA,NA,NA,NA,2019,8,TRUE,FALSE,TRUE,"Summer chick",0.495412844036697,125.008402499866
"Common Tern","YG3G",NA,NA,"DD","30159","STEHIR",NA,3,227,102,2019-08-08,1899-12-31 23:30:00,"Atlit Salt-Pans",32.695,34.932,"Yosef Kiat",NA,NA,NA,"G3G",NA,NA,NA,NA,"G","3","G",NA,"Y",8,8,NA,NA,NA,NA,NA,NA,NA,NA,NA,NA,NA,NA,NA,NA,NA,NA,2019,8,TRUE,FALSE,TRUE,"Summer chick",0.449339207048458,112.054944112968
"Common Tern","YG4G",NA,NA,"DD","30160","STEHIR",NA,3,236,99,2019-08-08,1899-12-31 23:30:00,"Atlit Salt-Pans",32.695,34.932,"Yosef Kiat",NA,NA,NA,"G4G",NA,NA,NA,NA,"G","4","G",NA,"Y",8,8,NA,NA,NA,NA,NA,NA,NA,NA,NA,NA,NA,NA,NA,NA,NA,NA,2019,8,TRUE,FALSE,TRUE,"Summer chick",0.419491525423729,103.434062214767
"Common Tern","YG6G",NA,NA,"DD","30162","STEHIR",NA,3,239,120,2019-08-08,1899-12-31 23:30:00,"Atlit Salt-Pans",32.695,34.932,"Yosef Kiat",NA,NA,NA,"G6G",NA,NA,NA,NA,"G","6","G",NA,"Y",8,8,NA,NA,NA,NA,NA,NA,NA,NA,NA,NA,NA,NA,NA,NA,NA,NA,2019,8,TRUE,FALSE,TRUE,"Summer chick",0.502092050209205,123.346418066224
"Common Tern","YG7G",NA,NA,"DD","30163","STEHIR",NA,3,200,110,2019-08-08,1899-12-31 23:30:00,"Atlit Salt-Pans",32.695,34.932,"Yosef Kiat",NA,NA,NA,"G7G",NA,NA,NA,NA,"G","7","G",NA,"Y",8,8,NA,NA,NA,NA,NA,NA,NA,NA,NA,NA,NA,NA,NA,NA,NA,NA,2019,8,TRUE,FALSE,TRUE,"Summer chick",0.55,142.308609621847
"Common Tern","RG4X",NA,NA,"DD","30861","STEHIR",NA,3,231,110,2020-06-30,1899-12-31 21:15:00,"Atlit Salt-Pans",32.695,34.932,"Yosef Kiat",NA,NA,NA,"G4X",NA,NA,NA,NA,"G","4","X",NA,"R",30,6,NA,NA,NA,NA,NA,NA,NA,NA,NA,NA,NA,NA,NA,NA,NA,NA,2020,6,TRUE,FALSE,TRUE,"Summer chick",0.476190476190476,118.148646659008
"Common Tern","RG4Y",NA,NA,"DD","30862","STEHIR",NA,3,247,103,2020-06-30,1899-12-31 21:15:00,"Atlit Salt-Pans",32.695,34.932,"Yosef Kiat",NA,NA,NA,"G4Y",NA,NA,NA,NA,"G","4","Y",NA,"R",30,6,NA,NA,NA,NA,NA,NA,NA,NA,NA,NA,NA,NA,NA,NA,NA,NA,2020,6,TRUE,FALSE,TRUE,"Summer chick",0.417004048582996,101.465960102102
"Common Tern","RG4Z",NA,NA,"DD","30863","STEHIR",NA,3,243,104,2020-06-30,1899-12-31 21:15:00,"Atlit Salt-Pans",32.695,34.932,"Yosef Kiat",NA,NA,NA,"G4Z",NA,NA,NA,NA,"G","4","Z",NA,"R",30,6,NA,NA,NA,NA,NA,NA,NA,NA,NA,NA,NA,NA,NA,NA,NA,NA,2020,6,TRUE,FALSE,TRUE,"Summer chick",0.42798353909465,104.633699370619
"Common Tern","RG5A",NA,NA,"DD","30864","STEHIR",NA,3,255,115,2020-06-30,1899-12-31 21:15:00,"Atlit Salt-Pans",32.695,34.932,"Yosef Kiat",NA,NA,NA,"G5A",NA,NA,NA,NA,"G","5","A",NA,"R",30,6,NA,NA,NA,NA,NA,NA,NA,NA,NA,NA,NA,NA,NA,NA,NA,NA,2020,6,TRUE,FALSE,TRUE,"Summer chick",0.450980392156863,108.719480731653
"Common Tern","RG5B",NA,NA,"DD","30865","STEHIR",NA,3,257,113,2020-06-30,1899-12-31 21:15:00,"Atlit Salt-Pans",32.695,34.932,"Yosef Kiat",NA,NA,NA,"G5B",NA,NA,NA,NA,"G","5","B",NA,"R",30,6,NA,NA,NA,NA,NA,NA,NA,NA,NA,NA,NA,NA,NA,NA,NA,NA,2020,6,TRUE,FALSE,TRUE,"Summer chick",0.439688715953307,105.756529567839
"Common Tern","RG7R",NA,NA,"DD","30921","STEHIR",NA,3,245,98,2020-07-01,1899-12-31 01:00:00,"Atlit Salt-Pans",32.695,34.932,"Yosef Kiat",NA,NA,NA,"G7R",NA,NA,NA,NA,"G","7","R",NA,"R",1,7,NA,NA,NA,NA,NA,NA,NA,NA,NA,NA,NA,NA,NA,NA,NA,NA,2020,7,TRUE,FALSE,TRUE,"Summer chick",0.4,97.5591671902384
"Common Tern","RG6J",NA,"R","DD","30893","STEHIR",NA,3,249,108,2020-07-06,1899-12-31 20:45:00,"Atlit Salt-Pans",32.695,34.932,"Yosef Kiat",NA,NA,NA,"G6J",NA,NA,NA,NA,"G","6","J",NA,"R",6,7,NA,NA,NA,NA,NA,NA,NA,NA,NA,NA,NA,NA,NA,NA,NA,NA,2020,7,FALSE,TRUE,TRUE,"Summer chick",0.433734939759036,105.289436451846
"Common Tern","RG8A",NA,NA,"DD","30930","STEHIR",NA,3,256,121,2020-07-06,1899-12-31 20:45:00,"Atlit Salt-Pans",32.695,34.932,"Yosef Kiat",NA,NA,NA,"G8A",NA,NA,NA,NA,"G","8","A",NA,"R",6,7,NA,NA,NA,NA,NA,NA,NA,NA,NA,NA,NA,NA,NA,NA,NA,NA,2020,7,TRUE,FALSE,TRUE,"Summer chick",0.47265625,113.815190710441
"Common Tern","RG8B",NA,NA,"DD","30931","STEHIR",NA,3,208,105,2020-07-06,1899-12-31 20:45:00,"Atlit Salt-Pans",32.695,34.932,"Yosef Kiat",NA,NA,NA,"G8B",NA,NA,NA,NA,"G","8","B",NA,"R",6,7,NA,NA,NA,NA,NA,NA,NA,NA,NA,NA,NA,NA,NA,NA,NA,NA,2020,7,TRUE,FALSE,TRUE,"Summer chick",0.504807692307692,129.132415951926
"Common Tern","RG8C",NA,NA,"DD","30932","STEHIR",NA,3,251,111,2020-07-06,1899-12-31 20:45:00,"Atlit Salt-Pans",32.695,34.932,"Yosef Kiat",NA,NA,NA,"G8C",NA,NA,NA,NA,"G","8","C",NA,"R",6,7,NA,NA,NA,NA,NA,NA,NA,NA,NA,NA,NA,NA,NA,NA,NA,NA,2020,7,TRUE,FALSE,TRUE,"Summer chick",0.442231075697211,107.102128752714
"Common Tern","RG8E",NA,NA,"DD","30933","STEHIR",NA,3,219,99,2020-07-06,1899-12-31 20:45:00,"Atlit Salt-Pans",32.695,34.932,"Yosef Kiat",NA,NA,NA,"G8E",NA,NA,NA,NA,"G","8","E",NA,"R",6,7,NA,NA,NA,NA,NA,NA,NA,NA,NA,NA,NA,NA,NA,NA,NA,NA,2020,7,TRUE,FALSE,TRUE,"Summer chick",0.452054794520548,113.915897705504
"Common Tern","RG8F",NA,NA,"DD","30934","STEHIR",NA,3,251,110,2020-07-06,1899-12-31 20:45:00,"Atlit Salt-Pans",32.695,34.932,"Yosef Kiat",NA,NA,NA,"G8F",NA,NA,NA,NA,"G","8","F",NA,"R",6,7,NA,NA,NA,NA,NA,NA,NA,NA,NA,NA,NA,NA,NA,NA,NA,NA,2020,7,TRUE,FALSE,TRUE,"Summer chick",0.438247011952191,106.137244709897
"Common Tern","RG8X",NA,NA,"DD","30949","STEHIR",NA,3,258,112,2020-07-06,1899-12-31 21:30:00,"Atlit Salt-Pans",32.695,34.932,"Yosef Kiat",NA,NA,NA,"G8X",NA,NA,NA,NA,"G","8","X",NA,"R",6,7,NA,NA,NA,NA,NA,NA,NA,NA,NA,NA,NA,NA,NA,NA,NA,NA,2020,7,TRUE,FALSE,TRUE,"Summer chick",0.434108527131783,104.296358926535
"Common Tern","RG8Y",NA,NA,"DD","30950","STEHIR",NA,3,249,118,2020-07-06,1899-12-31 21:30:00,"Atlit Salt-Pans",32.695,34.932,"Yosef Kiat",NA,NA,NA,"G8Y",NA,NA,NA,NA,"G","8","Y",NA,"R",6,7,NA,NA,NA,NA,NA,NA,NA,NA,NA,NA,NA,NA,NA,NA,NA,NA,2020,7,TRUE,FALSE,TRUE,"Summer chick",0.473895582329317,115.038458345536
"Common Tern","RG8Z",NA,NA,"DD","30951","STEHIR",NA,3,227,111,2020-07-06,1899-12-31 21:30:00,"Atlit Salt-Pans",32.695,34.932,"Yosef Kiat",NA,NA,NA,"G8Z",NA,NA,NA,NA,"G","8","Z",NA,"R",6,7,NA,NA,NA,NA,NA,NA,NA,NA,NA,NA,NA,NA,NA,NA,NA,NA,2020,7,TRUE,FALSE,TRUE,"Summer chick",0.488986784140969,121.942145064112
"Common Tern","RG9A",NA,NA,"DD","30952","STEHIR",NA,3,235,94,2020-07-06,1899-12-31 21:30:00,"Atlit Salt-Pans",32.695,34.932,"Yosef Kiat",NA,NA,NA,"G9A",NA,NA,NA,NA,"G","9","A",NA,"R",6,7,NA,NA,NA,NA,NA,NA,NA,NA,NA,NA,NA,NA,NA,NA,NA,NA,2020,7,TRUE,FALSE,TRUE,"Summer chick",0.4,98.7500430334993
"Common Tern","RG9B",NA,NA,"DD","30953","STEHIR",NA,3,250,109,2020-07-06,1899-12-31 21:30:00,"Atlit Salt-Pans",32.695,34.932,"Yosef Kiat",NA,NA,NA,"G9B",NA,NA,NA,NA,"G","9","B",NA,"R",6,7,NA,NA,NA,NA,NA,NA,NA,NA,NA,NA,NA,NA,NA,NA,NA,NA,2020,7,TRUE,FALSE,TRUE,"Summer chick",0.436,105.715847777326
"Common Tern","RG9C",NA,NA,"DD","30954","STEHIR",NA,3,253,100,2020-07-06,1899-12-31 21:30:00,"Atlit Salt-Pans",32.695,34.932,"Yosef Kiat",NA,NA,NA,"G9C",NA,NA,NA,NA,"G","9","C",NA,"R",6,7,NA,NA,NA,NA,NA,NA,NA,NA,NA,NA,NA,NA,NA,NA,NA,NA,2020,7,TRUE,FALSE,TRUE,"Summer chick",0.395256916996047,95.504713365039
"Common Tern","RG3T",NA,"R","DD","30835","STEHIR",NA,3,251,118,2020-07-06,1899-12-31 22:15:00,"Atlit Salt-Pans",32.695,34.932,"Yosef Kiat",NA,NA,NA,"G3T",NA,NA,NA,NA,"G","3","T",NA,"R",6,7,NA,NA,NA,NA,NA,NA,NA,NA,NA,NA,NA,NA,NA,NA,NA,NA,2020,7,FALSE,TRUE,TRUE,"Summer chick",0.470119521912351,113.856317052435
"Common Tern","RG6L",NA,"R","DD","30895","STEHIR",NA,3,253,108,2020-07-06,1899-12-31 22:15:00,"Atlit Salt-Pans",32.695,34.932,"Yosef Kiat",NA,NA,NA,"G6L",NA,NA,NA,NA,"G","6","L",NA,"R",6,7,NA,NA,NA,NA,NA,NA,NA,NA,NA,NA,NA,NA,NA,NA,NA,NA,2020,7,FALSE,TRUE,TRUE,"Summer chick",0.426877470355731,103.145090434242
"Common Tern","RG9M",NA,NA,"DD","30962","STEHIR",NA,3,267,105,2020-07-06,1899-12-31 22:15:00,"Atlit Salt-Pans",32.695,34.932,"Yosef Kiat",NA,NA,NA,"G9M",NA,NA,NA,NA,"G","9","M",NA,"R",6,7,NA,NA,NA,NA,NA,NA,NA,NA,NA,NA,NA,NA,NA,NA,NA,NA,2020,7,TRUE,FALSE,TRUE,"Summer chick",0.393258426966292,93.5434243829613
"Common Tern","RG9N",NA,NA,"DD","30963","STEHIR",NA,3,255,113,2020-07-06,1899-12-31 22:15:00,"Atlit Salt-Pans",32.695,34.932,"Yosef Kiat",NA,NA,NA,"G9N",NA,NA,NA,NA,"G","9","N",NA,"R",6,7,NA,NA,NA,NA,NA,NA,NA,NA,NA,NA,NA,NA,NA,NA,NA,NA,2020,7,TRUE,FALSE,TRUE,"Summer chick",0.443137254901961,106.828707153711
"Common Tern","RG9P",NA,NA,"DD","30964","STEHIR",NA,3,236,111,2020-07-06,1899-12-31 22:15:00,"Atlit Salt-Pans",32.695,34.932,"Yosef Kiat",NA,NA,NA,"G9P",NA,NA,NA,NA,"G","9","P",NA,"R",6,7,NA,NA,NA,NA,NA,NA,NA,NA,NA,NA,NA,NA,NA,NA,NA,NA,2020,7,TRUE,FALSE,TRUE,"Summer chick",0.470338983050847,115.971524301406
"Common Tern","RG9R",NA,NA,"DD","30965","STEHIR",NA,3,228,120,2020-07-06,1899-12-31 22:15:00,"Atlit Salt-Pans",32.695,34.932,"Yosef Kiat",NA,NA,NA,"G9R",NA,NA,NA,NA,"G","9","R",NA,"R",6,7,NA,NA,NA,NA,NA,NA,NA,NA,NA,NA,NA,NA,NA,NA,NA,NA,2020,7,TRUE,FALSE,TRUE,"Summer chick",0.526315789473684,131.083284481062
"Common Tern","RG9S",NA,NA,"DD","30966","STEHIR",NA,3,228,99,2020-07-06,1899-12-31 22:15:00,"Atlit Salt-Pans",32.695,34.932,"Yosef Kiat",NA,NA,NA,"G9S",NA,NA,NA,NA,"G","9","S",NA,"R",6,7,NA,NA,NA,NA,NA,NA,NA,NA,NA,NA,NA,NA,NA,NA,NA,NA,2020,7,TRUE,FALSE,TRUE,"Summer chick",0.434210526315789,108.143709696876
"Common Tern","RG9T",NA,NA,"DD","30967","STEHIR",NA,3,230,106,2020-07-06,1899-12-31 22:15:00,"Atlit Salt-Pans",32.695,34.932,"Yosef Kiat",NA,NA,NA,"G9T",NA,NA,NA,NA,"G","9","T",NA,"R",6,7,NA,NA,NA,NA,NA,NA,NA,NA,NA,NA,NA,NA,NA,NA,NA,NA,2020,7,TRUE,FALSE,TRUE,"Summer chick",0.460869565217391,114.491866273112
"Common Tern","RG9U",NA,NA,"DD","30968","STEHIR",NA,3,250,103,2020-07-06,1899-12-31 22:15:00,"Atlit Salt-Pans",32.695,34.932,"Yosef Kiat",NA,NA,NA,"G9U",NA,NA,NA,NA,"G","9","U",NA,"R",6,7,NA,NA,NA,NA,NA,NA,NA,NA,NA,NA,NA,NA,NA,NA,NA,NA,2020,7,TRUE,FALSE,TRUE,"Summer chick",0.412,99.8966267987573
"Common Tern","RGPG",NA,NA,"DD","30986","STEHIR",NA,3,270,119,2020-07-06,1899-12-31 23:30:00,"Atlit Salt-Pans",32.695,34.932,"Yosef Kiat",NA,NA,NA,"GPG",NA,NA,NA,NA,"G","P","G",NA,"R",6,7,NA,NA,NA,NA,NA,NA,NA,NA,NA,NA,NA,NA,NA,NA,NA,NA,2020,7,TRUE,FALSE,TRUE,"Summer chick",0.440740740740741,104.497437615296
"Common Tern","RG60",NA,"R","DD","30716","STEHIR",NA,3,254,97,2020-07-07,1899-12-31 00:30:00,"Atlit Salt-Pans",32.695,34.932,"Yosef Kiat",NA,NA,NA,"G60",NA,NA,NA,NA,"G","6","0",NA,"R",7,7,NA,NA,NA,NA,NA,NA,NA,NA,NA,NA,NA,NA,NA,NA,NA,NA,2020,7,FALSE,TRUE,TRUE,"Summer chick",0.381889763779528,92.1689321341844
"Common Tern","RGRG",NA,NA,"DD","30987","STEHIR",NA,3,264,125,2020-07-07,1899-12-31 00:30:00,"Atlit Salt-Pans",32.695,34.932,"Yosef Kiat",NA,NA,NA,"GRG",NA,NA,NA,NA,"G","R","G",NA,"R",7,7,NA,NA,NA,NA,NA,NA,NA,NA,NA,NA,NA,NA,NA,NA,NA,NA,2020,7,TRUE,FALSE,TRUE,"Summer chick",0.473484848484849,112.997818506312
"Common Tern","RGSG",NA,NA,"DD","30988","STEHIR",NA,3,254,106,2020-07-07,1899-12-31 00:30:00,"Atlit Salt-Pans",32.695,34.932,"Yosef Kiat",NA,NA,NA,"GSG",NA,NA,NA,NA,"G","S","G",NA,"R",7,7,NA,NA,NA,NA,NA,NA,NA,NA,NA,NA,NA,NA,NA,NA,NA,NA,2020,7,TRUE,FALSE,TRUE,"Summer chick",0.417322834645669,100.720688723954
"Common Tern","RGXG",NA,NA,"DD","30993","STEHIR",NA,3,249,109,2020-07-07,1899-12-31 00:30:00,"Atlit Salt-Pans",32.695,34.932,"Yosef Kiat",NA,NA,NA,"GXG",NA,NA,NA,NA,"G","X","G",NA,"R",7,7,NA,NA,NA,NA,NA,NA,NA,NA,NA,NA,NA,NA,NA,NA,NA,NA,2020,7,TRUE,FALSE,TRUE,"Summer chick",0.437751004016064,106.264338641215
"Common Tern","RGCJ",NA,NA,"DD","32017","STEHIR",NA,3,253,117,2020-07-21,1899-12-31 21:30:00,"Atlit Salt-Pans",32.695,34.932,"Yosef Kiat",NA,NA,NA,"GCJ",NA,NA,NA,NA,"G","C","J",NA,"R",21,7,NA,NA,NA,NA,NA,NA,NA,NA,NA,NA,NA,NA,NA,NA,NA,NA,2020,7,TRUE,FALSE,TRUE,"Summer chick",0.462450592885375,111.740514637096
"Common Tern","RGKJ",NA,NA,"DD","32023","STEHIR",NA,3,248,101,2020-07-21,1899-12-31 21:30:00,"Atlit Salt-Pans",32.695,34.932,"Yosef Kiat",NA,NA,NA,"GKJ",NA,NA,NA,NA,"G","K","J",NA,"R",21,7,NA,NA,NA,NA,NA,NA,NA,NA,NA,NA,NA,NA,NA,NA,NA,NA,2020,7,TRUE,FALSE,TRUE,"Summer chick",0.407258064516129,98.9780538515554
"Common Tern","RGLJ",NA,NA,"DD","32024","STEHIR",NA,3,257,116,2020-07-21,1899-12-31 21:30:00,"Atlit Salt-Pans",32.695,34.932,"Yosef Kiat",NA,NA,NA,"GLJ",NA,NA,NA,NA,"G","L","J",NA,"R",21,7,NA,NA,NA,NA,NA,NA,NA,NA,NA,NA,NA,NA,NA,NA,NA,NA,2020,7,TRUE,FALSE,TRUE,"Summer chick",0.45136186770428,108.564225043091
"Common Tern","RGMJ",NA,NA,"DD","32025","STEHIR",NA,3,259,124,2020-07-21,1899-12-31 23:00:00,"Atlit Salt-Pans",32.695,34.932,"Yosef Kiat",NA,NA,NA,"GMJ",NA,NA,NA,NA,"G","M","J",NA,"R",21,7,NA,NA,NA,NA,NA,NA,NA,NA,NA,NA,NA,NA,NA,NA,NA,NA,2020,7,TRUE,FALSE,TRUE,"Summer chick",0.478764478764479,114.895656434313
"Common Tern","RGNJ",NA,NA,"DD","32026","STEHIR","M",3,252,115,2020-07-21,1899-12-31 23:00:00,"Atlit Salt-Pans",32.695,34.932,"Yosef Kiat",NA,NA,NA,"GNJ",NA,NA,NA,NA,"G","N","J",NA,"R",21,7,NA,NA,NA,NA,NA,NA,NA,NA,NA,NA,NA,NA,NA,NA,NA,NA,2020,7,TRUE,FALSE,TRUE,"Summer chick",0.456349206349206,110.393471374872
"Common Tern","RGPJ",NA,NA,"DD","32027","STEHIR",NA,3,253,112,2020-07-21,1899-12-31 23:00:00,"Atlit Salt-Pans",32.695,34.932,"Yosef Kiat",NA,NA,NA,"GPJ",NA,NA,NA,NA,"G","P","J",NA,"R",21,7,NA,NA,NA,NA,NA,NA,NA,NA,NA,NA,NA,NA,NA,NA,NA,NA,2020,7,TRUE,FALSE,TRUE,"Summer chick",0.442687747035573,106.965278968844
"Common Tern","RGRJ",NA,NA,"DD","32028","STEHIR",NA,3,251,106,2020-07-21,1899-12-31 23:00:00,"Atlit Salt-Pans",32.695,34.932,"Yosef Kiat",NA,NA,NA,"GRJ",NA,NA,NA,NA,"G","R","J",NA,"R",21,7,NA,NA,NA,NA,NA,NA,NA,NA,NA,NA,NA,NA,NA,NA,NA,NA,2020,7,TRUE,FALSE,TRUE,"Summer chick",0.422310756972112,102.277708538628
"Common Tern","RG3F",NA,"R","DD","30824","STEHIR",NA,3,264,109,2020-07-22,1899-12-31,"Atlit Salt-Pans",32.695,34.932,"Yosef Kiat",NA,NA,NA,"G3F",NA,NA,NA,NA,"G","3","F",NA,"R",22,7,NA,NA,NA,NA,NA,NA,NA,NA,NA,NA,NA,NA,NA,NA,NA,NA,2020,7,FALSE,TRUE,TRUE,"Summer chick",0.412878787878788,98.5340977375038
"Common Tern","RG9P",NA,"R","DD","30964","STEHIR",NA,3,259,120,2020-07-22,1899-12-31,"Atlit Salt-Pans",32.695,34.932,"Yosef Kiat",NA,NA,NA,"G9P",NA,NA,NA,NA,"G","9","P",NA,"R",22,7,NA,NA,NA,NA,NA,NA,NA,NA,NA,NA,NA,NA,NA,NA,NA,NA,2020,7,FALSE,TRUE,TRUE,"Summer chick",0.463320463320463,111.189344936432
"Common Tern","RGCK",NA,NA,"DD","32039","STEHIR",NA,3,230,102,2020-07-22,1899-12-31,"Atlit Salt-Pans",32.695,34.932,"Yosef Kiat",NA,NA,NA,"GCK",NA,NA,NA,NA,"G","C","K",NA,"R",22,7,NA,NA,NA,NA,NA,NA,NA,NA,NA,NA,NA,NA,NA,NA,NA,NA,2020,7,TRUE,FALSE,TRUE,"Summer chick",0.443478260869565,110.171418489221
"Common Tern","RGEK",NA,NA,"DD","32040","STEHIR",NA,3,267,122,2020-07-22,1899-12-31,"Atlit Salt-Pans",32.695,34.932,"Yosef Kiat",NA,NA,NA,"GEK",NA,NA,NA,NA,"G","E","K",NA,"R",22,7,NA,NA,NA,NA,NA,NA,NA,NA,NA,NA,NA,NA,NA,NA,NA,NA,2020,7,TRUE,FALSE,TRUE,"Summer chick",0.456928838951311,108.688550235441
"Common Tern","RGGK",NA,NA,"DD","32042","STEHIR",NA,3,241,100,2020-07-22,1899-12-31,"Atlit Salt-Pans",32.695,34.932,"Yosef Kiat",NA,NA,NA,"GGK",NA,NA,NA,NA,"G","G","K",NA,"R",22,7,NA,NA,NA,NA,NA,NA,NA,NA,NA,NA,NA,NA,NA,NA,NA,NA,2020,7,TRUE,FALSE,TRUE,"Summer chick",0.4149377593361,101.688644700247
"Common Tern","RGHK",NA,NA,"DD","32043","STEHIR",NA,3,213,103,2020-07-22,1899-12-31,"Atlit Salt-Pans",32.695,34.932,"Yosef Kiat",NA,NA,NA,"GHK",NA,NA,NA,NA,"G","H","K",NA,"R",22,7,NA,NA,NA,NA,NA,NA,NA,NA,NA,NA,NA,NA,NA,NA,NA,NA,2020,7,TRUE,FALSE,TRUE,"Summer chick",0.483568075117371,122.846673851963
"Common Tern","RGJK",NA,NA,"DD","32044","STEHIR",NA,3,250,106,2020-07-22,1899-12-31 01:00:00,"Atlit Salt-Pans",32.695,34.932,"Yosef Kiat",NA,NA,NA,"GJK",NA,NA,NA,NA,"G","J","K",NA,"R",22,7,NA,NA,NA,NA,NA,NA,NA,NA,NA,NA,NA,NA,NA,NA,NA,NA,2020,7,TRUE,FALSE,TRUE,"Summer chick",0.424,102.806237288042
"Common Tern","RGMK",NA,NA,"DD","32047","STEHIR",NA,3,211,116,2020-07-28,1899-12-31 20:30:00,"Atlit Salt-Pans",32.695,34.932,"Yosef Kiat",NA,NA,NA,"GMK",NA,NA,NA,NA,"G","M","K",NA,"R",28,7,NA,NA,NA,NA,NA,NA,NA,NA,NA,NA,NA,NA,NA,NA,NA,NA,2020,7,TRUE,FALSE,TRUE,"Summer chick",0.549763033175355,140.047119156251
"Common Tern","RG5T",NA,"R","DD","30879","STEHIR","F",3,260,119,2020-07-28,1899-12-31 21:00:00,"Atlit Salt-Pans",32.695,34.932,"Yosef Kiat",NA,NA,NA,"G5T",NA,NA,NA,NA,"G","5","T",NA,"R",28,7,NA,NA,NA,NA,NA,NA,NA,NA,NA,NA,NA,NA,NA,NA,NA,NA,2020,7,FALSE,TRUE,TRUE,"Summer chick",0.457692307692308,109.71551532075
"Common Tern","RGKJ",NA,"R","DD","32023","STEHIR",NA,3,249,112,2020-07-28,1899-12-31 21:00:00,"Atlit Salt-Pans",32.695,34.932,"Yosef Kiat",NA,NA,NA,"GKJ",NA,NA,NA,NA,"G","K","J",NA,"R",28,7,NA,NA,NA,NA,NA,NA,NA,NA,NA,NA,NA,NA,NA,NA,NA,NA,2020,7,FALSE,TRUE,TRUE,"Summer chick",0.449799196787149,109.189045209322
"Common Tern","RGNK",NA,NA,"DD","32048","STEHIR",NA,3,248,119,2020-07-28,1899-12-31 21:00:00,"Atlit Salt-Pans",32.695,34.932,"Yosef Kiat",NA,NA,NA,"GNK",NA,NA,NA,NA,"G","N","K",NA,"R",28,7,NA,NA,NA,NA,NA,NA,NA,NA,NA,NA,NA,NA,NA,NA,NA,NA,2020,7,TRUE,FALSE,TRUE,"Summer chick",0.479838709677419,116.617707013219
"Common Tern","RGPK",NA,NA,"DD","32049","STEHIR",NA,3,258,102,2020-07-28,1899-12-31 21:00:00,"Atlit Salt-Pans",32.695,34.932,"Yosef Kiat",NA,NA,NA,"GPK",NA,NA,NA,NA,"G","P","K",NA,"R",28,7,NA,NA,NA,NA,NA,NA,NA,NA,NA,NA,NA,NA,NA,NA,NA,NA,2020,7,TRUE,FALSE,TRUE,"Summer chick",0.395348837209302,94.9841840223798
"Common Tern","RGRK",NA,NA,"DD","32050","STEHIR",NA,3,260,133,2020-07-28,1899-12-31 21:00:00,"Atlit Salt-Pans",32.695,34.932,"Yosef Kiat",NA,NA,NA,"GRK",NA,NA,NA,NA,"G","R","K",NA,"R",28,7,NA,NA,NA,NA,NA,NA,NA,NA,NA,NA,NA,NA,NA,NA,NA,NA,2020,7,TRUE,FALSE,TRUE,"Summer chick",0.511538461538461,122.623223005545
"Common Tern","RGSK",NA,NA,"DD","32051","STEHIR",NA,3,246,112,2020-07-28,1899-12-31 21:00:00,"Atlit Salt-Pans",32.695,34.932,"Yosef Kiat",NA,NA,NA,"GSK",NA,NA,NA,NA,"G","S","K",NA,"R",28,7,NA,NA,NA,NA,NA,NA,NA,NA,NA,NA,NA,NA,NA,NA,NA,NA,2020,7,TRUE,FALSE,TRUE,"Summer chick",0.455284552845528,110.911343537938
"Common Tern","RGTK",NA,NA,"DD","32052","STEHIR",NA,3,265,135,2020-07-28,1899-12-31 21:00:00,"Atlit Salt-Pans",32.695,34.932,"Yosef Kiat",NA,NA,NA,"GTK",NA,NA,NA,NA,"G","T","K",NA,"R",28,7,NA,NA,NA,NA,NA,NA,NA,NA,NA,NA,NA,NA,NA,NA,NA,NA,2020,7,TRUE,FALSE,TRUE,"Summer chick",0.509433962264151,121.443373513544
"Common Tern","RGUK",NA,NA,"DD","32053","STEHIR",NA,3,257,115,2020-07-28,1899-12-31 21:00:00,"Atlit Salt-Pans",32.695,34.932,"Yosef Kiat",NA,NA,NA,"GUK",NA,NA,NA,NA,"G","U","K",NA,"R",28,7,NA,NA,NA,NA,NA,NA,NA,NA,NA,NA,NA,NA,NA,NA,NA,NA,2020,7,TRUE,FALSE,TRUE,"Summer chick",0.447470817120623,107.628326551341
"Common Tern","RGVK",NA,NA,"DD","32054","STEHIR",NA,3,263,111,2020-07-28,1899-12-31 21:00:00,"Atlit Salt-Pans",32.695,34.932,"Yosef Kiat",NA,NA,NA,"GVK",NA,NA,NA,NA,"G","V","K",NA,"R",28,7,NA,NA,NA,NA,NA,NA,NA,NA,NA,NA,NA,NA,NA,NA,NA,NA,2020,7,TRUE,FALSE,TRUE,"Summer chick",0.422053231939163,100.834944247518
"Common Tern","RGWK",NA,NA,"DD","32055","STEHIR",NA,3,240,115,2020-07-28,1899-12-31 21:00:00,"Atlit Salt-Pans",32.695,34.932,"Yosef Kiat",NA,NA,NA,"GWK",NA,NA,NA,NA,"G","W","K",NA,"R",28,7,NA,NA,NA,NA,NA,NA,NA,NA,NA,NA,NA,NA,NA,NA,NA,NA,2020,7,TRUE,FALSE,TRUE,"Summer chick",0.479166666666667,117.571443534252
"Common Tern","RGXK",NA,NA,"DD","32056","STEHIR",NA,3,269,132,2020-07-28,1899-12-31 21:00:00,"Atlit Salt-Pans",32.695,34.932,"Yosef Kiat",NA,NA,NA,"GXK",NA,NA,NA,NA,"G","X","K",NA,"R",28,7,NA,NA,NA,NA,NA,NA,NA,NA,NA,NA,NA,NA,NA,NA,NA,NA,2020,7,TRUE,FALSE,TRUE,"Summer chick",0.490706319702602,116.469784246095
"Common Tern","RGYK",NA,NA,"DD","32057","STEHIR",NA,3,257,89,2020-07-28,1899-12-31 21:00:00,"Atlit Salt-Pans",32.695,34.932,"Yosef Kiat",NA,NA,NA,"GYK",NA,NA,NA,NA,"G","Y","K",NA,"R",28,7,NA,NA,NA,NA,NA,NA,NA,NA,NA,NA,NA,NA,NA,NA,NA,NA,2020,7,TRUE,FALSE,TRUE,"Summer chick",0.346303501945525,83.29496576582
"Common Tern","RGZK",NA,NA,"DD","32058","STEHIR",NA,3,253,109,2020-07-28,1899-12-31 21:00:00,"Atlit Salt-Pans",32.695,34.932,"Yosef Kiat",NA,NA,NA,"GZK",NA,NA,NA,NA,"G","Z","K",NA,"R",28,7,NA,NA,NA,NA,NA,NA,NA,NA,NA,NA,NA,NA,NA,NA,NA,NA,2020,7,TRUE,FALSE,TRUE,"Summer chick",0.430830039525692,104.100137567892
"Common Tern","RGAL",NA,NA,"DD","32059","STEHIR",NA,3,248,119,2020-07-28,1899-12-31 21:00:00,"Atlit Salt-Pans",32.695,34.932,"Yosef Kiat",NA,NA,NA,"GAL",NA,NA,NA,NA,"G","A","L",NA,"R",28,7,NA,NA,NA,NA,NA,NA,NA,NA,NA,NA,NA,NA,NA,NA,NA,NA,2020,7,TRUE,FALSE,TRUE,"Summer chick",0.479838709677419,116.617707013219
"Common Tern","RGBL",NA,NA,"DD","32060","STEHIR",NA,3,259,108,2020-07-28,1899-12-31 21:00:00,"Atlit Salt-Pans",32.695,34.932,"Yosef Kiat",NA,NA,NA,"GBL",NA,NA,NA,NA,"G","B","L",NA,"R",28,7,NA,NA,NA,NA,NA,NA,NA,NA,NA,NA,NA,NA,NA,NA,NA,NA,2020,7,TRUE,FALSE,TRUE,"Summer chick",0.416988416988417,100.070410442789
"Common Tern","RGCL",NA,NA,"DD","32061","STEHIR",NA,3,256,110,2020-07-28,1899-12-31 21:00:00,"Atlit Salt-Pans",32.695,34.932,"Yosef Kiat",NA,NA,NA,"GCL",NA,NA,NA,NA,"G","C","L",NA,"R",28,7,NA,NA,NA,NA,NA,NA,NA,NA,NA,NA,NA,NA,NA,NA,NA,NA,2020,7,TRUE,FALSE,TRUE,"Summer chick",0.4296875,103.46835519131
"Common Tern","RGEL",NA,NA,"DD","32062","STEHIR",NA,3,253,123,2020-07-28,1899-12-31 21:00:00,"Atlit Salt-Pans",32.695,34.932,"Yosef Kiat",NA,NA,NA,"GEL",NA,NA,NA,NA,"G","E","L",NA,"R",28,7,NA,NA,NA,NA,NA,NA,NA,NA,NA,NA,NA,NA,NA,NA,NA,NA,2020,7,TRUE,FALSE,TRUE,"Summer chick",0.486166007905138,117.470797438998
"Common Tern","RGFL",NA,NA,"DD","32063","STEHIR",NA,3,239,111,2020-07-28,1899-12-31 21:00:00,"Atlit Salt-Pans",32.695,34.932,"Yosef Kiat",NA,NA,NA,"GFL",NA,NA,NA,NA,"G","F","L",NA,"R",28,7,NA,NA,NA,NA,NA,NA,NA,NA,NA,NA,NA,NA,NA,NA,NA,NA,2020,7,TRUE,FALSE,TRUE,"Summer chick",0.464435146443515,114.095436711257
"Common Tern","RGYL",NA,NA,"DD","32079","STEHIR",NA,3,257,128,2020-07-28,1899-12-31 22:30:00,"Atlit Salt-Pans",32.695,34.932,"Yosef Kiat",NA,NA,NA,"GYL",NA,NA,NA,NA,"G","Y","L",NA,"R",28,7,NA,NA,NA,NA,NA,NA,NA,NA,NA,NA,NA,NA,NA,NA,NA,NA,2020,7,TRUE,FALSE,TRUE,"Summer chick",0.498054474708171,119.795006944101
"Common Tern","RGZL",NA,NA,"DD","32080","STEHIR",NA,3,257,118,2020-07-28,1899-12-31 22:30:00,"Atlit Salt-Pans",32.695,34.932,"Yosef Kiat",NA,NA,NA,"GZL",NA,NA,NA,NA,"G","Z","L",NA,"R",28,7,NA,NA,NA,NA,NA,NA,NA,NA,NA,NA,NA,NA,NA,NA,NA,NA,2020,7,TRUE,FALSE,TRUE,"Summer chick",0.459143968871595,110.436022026593
"Common Tern","RGAM",NA,NA,"DD","32081","STEHIR",NA,3,258,112,2020-07-28,1899-12-31 22:30:00,"Atlit Salt-Pans",32.695,34.932,"Yosef Kiat",NA,NA,NA,"GAM",NA,NA,NA,NA,"G","A","M",NA,"R",28,7,NA,NA,NA,NA,NA,NA,NA,NA,NA,NA,NA,NA,NA,NA,NA,NA,2020,7,TRUE,FALSE,TRUE,"Summer chick",0.434108527131783,104.296358926535
"Common Tern","RGBM",NA,NA,"DD","32082","STEHIR",NA,3,253,118,2020-07-28,1899-12-31 22:30:00,"Atlit Salt-Pans",32.695,34.932,"Yosef Kiat",NA,NA,NA,"GBM",NA,NA,NA,NA,"G","B","M",NA,"R",28,7,NA,NA,NA,NA,NA,NA,NA,NA,NA,NA,NA,NA,NA,NA,NA,NA,2020,7,TRUE,FALSE,TRUE,"Summer chick",0.466403162055336,112.695561770746
"Common Tern","RGCM",NA,NA,"DD","32083","STEHIR",NA,3,246,109,2020-07-28,1899-12-31 22:30:00,"Atlit Salt-Pans",32.695,34.932,"Yosef Kiat",NA,NA,NA,"GCM",NA,NA,NA,NA,"G","C","M",NA,"R",28,7,NA,NA,NA,NA,NA,NA,NA,NA,NA,NA,NA,NA,NA,NA,NA,NA,2020,7,TRUE,FALSE,TRUE,"Summer chick",0.443089430894309,107.940503978886
"Common Tern","RGEM",NA,NA,"DD","32084","STEHIR",NA,3,249,115,2020-07-28,1899-12-31 22:30:00,"Atlit Salt-Pans",32.695,34.932,"Yosef Kiat",NA,NA,NA,"GEM",NA,NA,NA,NA,"G","E","M",NA,"R",28,7,NA,NA,NA,NA,NA,NA,NA,NA,NA,NA,NA,NA,NA,NA,NA,NA,2020,7,TRUE,FALSE,TRUE,"Summer chick",0.461847389558233,112.113751777429
"Common Tern","RGFM",NA,NA,"DD","32085","STEHIR",NA,3,233,102,2020-07-28,1899-12-31 23:30:00,"Atlit Salt-Pans",32.695,34.932,"Yosef Kiat",NA,NA,NA,"GFM",NA,NA,NA,NA,"G","F","M",NA,"R",28,7,NA,NA,NA,NA,NA,NA,NA,NA,NA,NA,NA,NA,NA,NA,NA,NA,2020,7,TRUE,FALSE,TRUE,"Summer chick",0.437768240343348,108.343351657548
"Common Tern","RGGM",NA,NA,"DD","32086","STEHIR",NA,3,260,118,2020-07-28,1899-12-31 23:30:00,"Atlit Salt-Pans",32.695,34.932,"Yosef Kiat",NA,NA,NA,"GGM",NA,NA,NA,NA,"G","G","M",NA,"R",28,7,NA,NA,NA,NA,NA,NA,NA,NA,NA,NA,NA,NA,NA,NA,NA,NA,2020,7,TRUE,FALSE,TRUE,"Summer chick",0.453846153846154,108.793536200408
"Common Tern","RGHM",NA,NA,"DD","32087","STEHIR",NA,3,264,138,2020-07-28,1899-12-31 23:30:00,"Atlit Salt-Pans",32.695,34.932,"Yosef Kiat",NA,NA,NA,"GHM",NA,NA,NA,NA,"G","H","M",NA,"R",28,7,NA,NA,NA,NA,NA,NA,NA,NA,NA,NA,NA,NA,NA,NA,NA,NA,2020,7,TRUE,FALSE,TRUE,"Summer chick",0.522727272727273,124.749591630968
"Common Tern","RGJM",NA,NA,"DD","32088","STEHIR",NA,3,247,97,2020-07-28,1899-12-31 23:30:00,"Atlit Salt-Pans",32.695,34.932,"Yosef Kiat",NA,NA,NA,"GJM",NA,NA,NA,NA,"G","J","M",NA,"R",28,7,NA,NA,NA,NA,NA,NA,NA,NA,NA,NA,NA,NA,NA,NA,NA,NA,2020,7,TRUE,FALSE,TRUE,"Summer chick",0.392712550607287,95.5553216495528
"Common Tern","RGMM",NA,NA,"DD","32091","STEHIR",NA,3,253,113,2020-07-29,1899-12-31 00:30:00,"Atlit Salt-Pans",32.695,34.932,"Yosef Kiat",NA,NA,NA,"GMM",NA,NA,NA,NA,"G","M","M",NA,"R",29,7,NA,NA,NA,NA,NA,NA,NA,NA,NA,NA,NA,NA,NA,NA,NA,NA,2020,7,TRUE,FALSE,TRUE,"Summer chick",0.446640316205534,107.920326102494
"Common Tern","RGNM",NA,NA,"DD","32092","STEHIR",NA,3,250,114,2020-07-29,1899-12-31 00:30:00,"Atlit Salt-Pans",32.695,34.932,"Yosef Kiat",NA,NA,NA,"GNM",NA,NA,NA,NA,"G","N","M",NA,"R",29,7,NA,NA,NA,NA,NA,NA,NA,NA,NA,NA,NA,NA,NA,NA,NA,NA,2020,7,TRUE,FALSE,TRUE,"Summer chick",0.456,110.565198592799
"Common Tern","RGPM",NA,NA,"DD","32093","STEHIR",NA,3,238,120,2020-07-29,1899-12-31 00:30:00,"Atlit Salt-Pans",32.695,34.932,"Yosef Kiat",NA,NA,NA,"GPM",NA,NA,NA,NA,"G","P","M",NA,"R",29,7,NA,NA,NA,NA,NA,NA,NA,NA,NA,NA,NA,NA,NA,NA,NA,NA,2020,7,TRUE,FALSE,TRUE,"Summer chick",0.504201680672269,124.015978741334
"Common Tern","RGCK",NA,"R","DD","32039","STEHIR",NA,3,261,103,2020-08-05,1899-12-31 20:30:00,"Atlit Salt-Pans",32.695,34.932,"Yosef Kiat",NA,NA,NA,"GCK",NA,NA,NA,NA,"G","C","K",NA,"R",5,8,NA,NA,NA,NA,NA,NA,NA,NA,NA,NA,NA,NA,NA,NA,NA,NA,2020,8,FALSE,TRUE,TRUE,"Summer chick",0.39463601532567,94.4943334454548
"Common Tern","RGRM",NA,NA,"DD","32095","STEHIR",NA,3,259,111,2020-08-05,1899-12-31 20:30:00,"Atlit Salt-Pans",32.695,34.932,"Yosef Kiat",NA,NA,NA,"GRM",NA,NA,NA,NA,"G","R","M",NA,"R",5,8,NA,NA,NA,NA,NA,NA,NA,NA,NA,NA,NA,NA,NA,NA,NA,NA,2020,8,TRUE,FALSE,TRUE,"Summer chick",0.428571428571429,102.850144066199
"Common Tern","RGSM",NA,NA,"DD","32096","STEHIR",NA,3,252,110,2020-08-05,1899-12-31 20:30:00,"Atlit Salt-Pans",32.695,34.932,"Yosef Kiat",NA,NA,NA,"GSM",NA,NA,NA,NA,"G","S","M",NA,"R",5,8,NA,NA,NA,NA,NA,NA,NA,NA,NA,NA,NA,NA,NA,NA,NA,NA,2020,8,TRUE,FALSE,TRUE,"Summer chick",0.436507936507937,105.593755228139
"Common Tern","RGTM",NA,NA,"DD","32097","STEHIR",NA,3,273,132,2020-08-05,1899-12-31 20:30:00,"Atlit Salt-Pans",32.695,34.932,"Yosef Kiat",NA,NA,NA,"GTM",NA,NA,NA,NA,"G","T","M",NA,"R",5,8,NA,NA,NA,NA,NA,NA,NA,NA,NA,NA,NA,NA,NA,NA,NA,NA,2020,8,TRUE,FALSE,TRUE,"Summer chick",0.483516483516484,114.271139141142
"Common Tern","RGUM",NA,NA,"DD","32098","STEHIR",NA,3,262,139,2020-08-05,1899-12-31 20:30:00,"Atlit Salt-Pans",32.695,34.932,"Yosef Kiat",NA,NA,NA,"GUM",NA,NA,NA,NA,"G","U","M",NA,"R",5,8,NA,NA,NA,NA,NA,NA,NA,NA,NA,NA,NA,NA,NA,NA,NA,NA,2020,8,TRUE,FALSE,TRUE,"Summer chick",0.530534351145038,126.893398306688
"Common Tern","RGVM",NA,NA,"DD","32099","STEHIR",NA,3,257,122,2020-08-05,1899-12-31 20:30:00,"Atlit Salt-Pans",32.695,34.932,"Yosef Kiat",NA,NA,NA,"GVM",NA,NA,NA,NA,"G","V","M",NA,"R",5,8,NA,NA,NA,NA,NA,NA,NA,NA,NA,NA,NA,NA,NA,NA,NA,NA,2020,8,TRUE,FALSE,TRUE,"Summer chick",0.474708171206226,114.179615993596
"Common Tern","RGWM",NA,NA,"DD","32100","STEHIR",NA,3,268,109,2020-08-05,1899-12-31 20:30:00,"Atlit Salt-Pans",32.695,34.932,"Yosef Kiat",NA,NA,NA,"GWM",NA,NA,NA,NA,"G","W","M",NA,"R",5,8,NA,NA,NA,NA,NA,NA,NA,NA,NA,NA,NA,NA,NA,NA,NA,NA,2020,8,TRUE,FALSE,TRUE,"Summer chick",0.406716417910448,96.6394048809326
"Common Tern","RGXM",NA,NA,"DD","32101","STEHIR",NA,3,270,114,2020-08-05,1899-12-31 20:30:00,"Atlit Salt-Pans",32.695,34.932,"Yosef Kiat",NA,NA,NA,"GXM",NA,NA,NA,NA,"G","X","M",NA,"R",5,8,NA,NA,NA,NA,NA,NA,NA,NA,NA,NA,NA,NA,NA,NA,NA,NA,2020,8,TRUE,FALSE,TRUE,"Summer chick",0.422222222222222,100.106788975998
"Common Tern","RGYM",NA,NA,"DD","32102","STEHIR",NA,3,256,130,2020-08-05,1899-12-31 20:30:00,"Atlit Salt-Pans",32.695,34.932,"Yosef Kiat",NA,NA,NA,"GYM",NA,NA,NA,NA,"G","Y","M",NA,"R",5,8,NA,NA,NA,NA,NA,NA,NA,NA,NA,NA,NA,NA,NA,NA,NA,NA,2020,8,TRUE,FALSE,TRUE,"Summer chick",0.5078125,122.280783407912
"Common Tern","RGZM",NA,NA,"DD","32103","STEHIR",NA,3,225,109,2020-08-05,1899-12-31 20:30:00,"Atlit Salt-Pans",32.695,34.932,"Yosef Kiat",NA,NA,NA,"GZM",NA,NA,NA,NA,"G","Z","M",NA,"R",5,8,NA,NA,NA,NA,NA,NA,NA,NA,NA,NA,NA,NA,NA,NA,NA,NA,2020,8,TRUE,FALSE,TRUE,"Summer chick",0.484444444444444,121.121058638194
"Common Tern","RGAU",NA,NA,"DD","32104","STEHIR",NA,3,266,104,2020-08-05,1899-12-31 20:30:00,"Atlit Salt-Pans",32.695,34.932,"Yosef Kiat",NA,NA,NA,"GAU",NA,NA,NA,NA,"G","A","U",NA,"R",5,8,NA,NA,NA,NA,NA,NA,NA,NA,NA,NA,NA,NA,NA,NA,NA,NA,2020,8,TRUE,FALSE,TRUE,"Summer chick",0.390977443609023,93.1025093601768
"Common Tern","RG9A",NA,"R","DD","30952","STEHIR",NA,3,245,111,2020-08-05,1899-12-31 21:30:00,"Atlit Salt-Pans",32.695,34.932,"Yosef Kiat",NA,NA,NA,"G9A",NA,NA,NA,NA,"G","9","A",NA,"R",5,8,NA,NA,NA,NA,NA,NA,NA,NA,NA,NA,NA,NA,NA,NA,NA,NA,2020,8,FALSE,TRUE,TRUE,"Summer chick",0.453061224489796,110.500689368535
"Common Tern","RGYU",NA,NA,"DD","32124","STEHIR",NA,3,258,138,2020-08-05,1899-12-31 21:30:00,"Atlit Salt-Pans",32.695,34.932,"Yosef Kiat",NA,NA,NA,"GYU",NA,NA,NA,NA,"G","Y","U",NA,"R",5,8,NA,NA,NA,NA,NA,NA,NA,NA,NA,NA,NA,NA,NA,NA,NA,NA,2020,8,TRUE,FALSE,TRUE,"Summer chick",0.534883720930233,128.508013677337
"Common Tern","RGZU",NA,NA,"DD","32125","STEHIR",NA,3,258,137,2020-08-05,1899-12-31 21:30:00,"Atlit Salt-Pans",32.695,34.932,"Yosef Kiat",NA,NA,NA,"GZU",NA,NA,NA,NA,"G","Z","U",NA,"R",5,8,NA,NA,NA,NA,NA,NA,NA,NA,NA,NA,NA,NA,NA,NA,NA,NA,2020,8,TRUE,FALSE,TRUE,"Summer chick",0.531007751937985,127.576796186922
"Common Tern","RGAV",NA,NA,"DD","32126","STEHIR",NA,3,248,108,2020-08-05,1899-12-31 21:30:00,"Atlit Salt-Pans",32.695,34.932,"Yosef Kiat",NA,NA,NA,"GAV",NA,NA,NA,NA,"G","A","V",NA,"R",5,8,NA,NA,NA,NA,NA,NA,NA,NA,NA,NA,NA,NA,NA,NA,NA,NA,2020,8,TRUE,FALSE,TRUE,"Summer chick",0.435483870967742,105.83791896998
"Common Tern","RGBV",NA,NA,"DD","32127","STEHIR",NA,3,255,106,2020-08-05,1899-12-31 21:30:00,"Atlit Salt-Pans",32.695,34.932,"Yosef Kiat",NA,NA,NA,"GBV",NA,NA,NA,NA,"G","B","V",NA,"R",5,8,NA,NA,NA,NA,NA,NA,NA,NA,NA,NA,NA,NA,NA,NA,NA,NA,2020,8,TRUE,FALSE,TRUE,"Summer chick",0.415686274509804,100.210999630915
"Common Tern","RGCV",NA,NA,"DD","32128","STEHIR",NA,3,253,118,2020-08-05,1899-12-31 21:30:00,"Atlit Salt-Pans",32.695,34.932,"Yosef Kiat",NA,NA,NA,"GCV",NA,NA,NA,NA,"G","C","V",NA,"R",5,8,NA,NA,NA,NA,NA,NA,NA,NA,NA,NA,NA,NA,NA,NA,NA,NA,2020,8,TRUE,FALSE,TRUE,"Summer chick",0.466403162055336,112.695561770746
"Common Tern","RGEV",NA,NA,"DD","32129","STEHIR",NA,3,253,114,2020-08-05,1899-12-31 21:30:00,"Atlit Salt-Pans",32.695,34.932,"Yosef Kiat",NA,NA,NA,"GEV",NA,NA,NA,NA,"G","E","V",NA,"R",5,8,NA,NA,NA,NA,NA,NA,NA,NA,NA,NA,NA,NA,NA,NA,NA,NA,2020,8,TRUE,FALSE,TRUE,"Summer chick",0.450592885375494,108.875373236144
"Common Tern","RGFV",NA,NA,"DD","32130","STEHIR",NA,3,249,113,2020-08-05,1899-12-31 21:30:00,"Atlit Salt-Pans",32.695,34.932,"Yosef Kiat",NA,NA,NA,"GFV",NA,NA,NA,NA,"G","F","V",NA,"R",5,8,NA,NA,NA,NA,NA,NA,NA,NA,NA,NA,NA,NA,NA,NA,NA,NA,2020,8,TRUE,FALSE,TRUE,"Summer chick",0.453815261044177,110.163947398691
"Common Tern","RGGV",NA,NA,"DD","32131","STEHIR",NA,3,263,122,2020-08-05,1899-12-31 21:30:00,"Atlit Salt-Pans",32.695,34.932,"Yosef Kiat",NA,NA,NA,"GGV",NA,NA,NA,NA,"G","G","V",NA,"R",5,8,NA,NA,NA,NA,NA,NA,NA,NA,NA,NA,NA,NA,NA,NA,NA,NA,2020,8,TRUE,FALSE,TRUE,"Summer chick",0.463878326996198,110.827596380155
"Common Tern","RGHV",NA,NA,"DD","32132","STEHIR",NA,3,250,112,2020-08-05,1899-12-31 21:30:00,"Atlit Salt-Pans",32.695,34.932,"Yosef Kiat",NA,NA,NA,"GHV",NA,NA,NA,NA,"G","H","V",NA,"R",5,8,NA,NA,NA,NA,NA,NA,NA,NA,NA,NA,NA,NA,NA,NA,NA,NA,2020,8,TRUE,FALSE,TRUE,"Summer chick",0.448,108.62545826661
"Common Tern","RGJV",NA,NA,"DD","32133","STEHIR",NA,3,243,120,2020-08-05,1899-12-31 21:30:00,"Atlit Salt-Pans",32.695,34.932,"Yosef Kiat",NA,NA,NA,"GJV",NA,NA,NA,NA,"G","J","V",NA,"R",5,8,NA,NA,NA,NA,NA,NA,NA,NA,NA,NA,NA,NA,NA,NA,NA,NA,2020,8,TRUE,FALSE,TRUE,"Summer chick",0.493827160493827,120.731191581484
"Common Tern","RGKV",NA,NA,"DD","32134","STEHIR",NA,3,242,106,2020-08-05,1899-12-31 21:30:00,"Atlit Salt-Pans",32.695,34.932,"Yosef Kiat",NA,NA,NA,"GKV",NA,NA,NA,NA,"G","K","V",NA,"R",5,8,NA,NA,NA,NA,NA,NA,NA,NA,NA,NA,NA,NA,NA,NA,NA,NA,2020,8,TRUE,FALSE,TRUE,"Summer chick",0.43801652892562,107.21521674294
"Common Tern","RGLV",NA,NA,"DD","32135","STEHIR",NA,3,259,111,2020-08-05,1899-12-31 21:30:00,"Atlit Salt-Pans",32.695,34.932,"Yosef Kiat",NA,NA,NA,"GLV",NA,NA,NA,NA,"G","L","V",NA,"R",5,8,NA,NA,NA,NA,NA,NA,NA,NA,NA,NA,NA,NA,NA,NA,NA,NA,2020,8,TRUE,FALSE,TRUE,"Summer chick",0.428571428571429,102.850144066199
"Common Tern","RGMV",NA,NA,"DD","32136","STEHIR",NA,3,225,92,2020-08-05,1899-12-31 21:30:00,"Atlit Salt-Pans",32.695,34.932,"Yosef Kiat",NA,NA,NA,"GMV",NA,NA,NA,NA,"G","M","V",NA,"R",5,8,NA,NA,NA,NA,NA,NA,NA,NA,NA,NA,NA,NA,NA,NA,NA,NA,2020,8,TRUE,FALSE,TRUE,"Summer chick",0.408888888888889,102.230618300127
"Common Tern","RGNV",NA,NA,"DD","32137","STEHIR",NA,3,255,113,2020-08-05,1899-12-31 21:30:00,"Atlit Salt-Pans",32.695,34.932,"Yosef Kiat",NA,NA,NA,"GNV",NA,NA,NA,NA,"G","N","V",NA,"R",5,8,NA,NA,NA,NA,NA,NA,NA,NA,NA,NA,NA,NA,NA,NA,NA,NA,2020,8,TRUE,FALSE,TRUE,"Summer chick",0.443137254901961,106.828707153711
"Common Tern","RGPV",NA,NA,"DD","32138","STEHIR",NA,3,265,106,2020-08-05,1899-12-31 21:30:00,"Atlit Salt-Pans",32.695,34.932,"Yosef Kiat",NA,NA,NA,"GPV",NA,NA,NA,NA,"G","P","V",NA,"R",5,8,NA,NA,NA,NA,NA,NA,NA,NA,NA,NA,NA,NA,NA,NA,NA,NA,2020,8,TRUE,FALSE,TRUE,"Summer chick",0.4,95.3555377217456
"Common Tern","RGRV",NA,NA,"DD","32139","STEHIR",NA,3,217,101,2020-08-05,1899-12-31 21:30:00,"Atlit Salt-Pans",32.695,34.932,"Yosef Kiat",NA,NA,NA,"GRV",NA,NA,NA,NA,"G","R","V",NA,"R",5,8,NA,NA,NA,NA,NA,NA,NA,NA,NA,NA,NA,NA,NA,NA,NA,NA,2020,8,TRUE,FALSE,TRUE,"Summer chick",0.465437788018433,117.602060276323
"Common Tern","RGZV",NA,NA,"DD","32148","STEHIR",NA,3,259,113,2020-08-05,1899-12-31 22:30:00,"Atlit Salt-Pans",32.695,34.932,"Yosef Kiat",NA,NA,NA,"GZV",NA,NA,NA,NA,"G","Z","V",NA,"R",5,8,NA,NA,NA,NA,NA,NA,NA,NA,NA,NA,NA,NA,NA,NA,NA,NA,2020,8,TRUE,FALSE,TRUE,"Summer chick",0.436293436293436,104.70329981514
"Common Tern","RGAW",NA,NA,"DD","32149","STEHIR",NA,3,242,104,2020-08-05,1899-12-31 22:30:00,"Atlit Salt-Pans",32.695,34.932,"Yosef Kiat",NA,NA,NA,"GAW",NA,NA,NA,NA,"G","A","W",NA,"R",5,8,NA,NA,NA,NA,NA,NA,NA,NA,NA,NA,NA,NA,NA,NA,NA,NA,2020,8,TRUE,FALSE,TRUE,"Summer chick",0.429752066115702,105.192288125149
"Common Tern","RGLW",NA,NA,"DD","32158","STEHIR",NA,3,273,116,2020-08-05,1899-12-31 23:30:00,"Atlit Salt-Pans",32.695,34.932,"Yosef Kiat",NA,NA,NA,"GLW",NA,NA,NA,NA,"G","L","W",NA,"R",5,8,NA,NA,NA,NA,NA,NA,NA,NA,NA,NA,NA,NA,NA,NA,NA,NA,2020,8,TRUE,FALSE,TRUE,"Summer chick",0.424908424908425,100.420091972518
"Common Tern","RGMW",NA,NA,"DD","32159","STEHIR",NA,3,256,132,2020-08-05,1899-12-31 23:30:00,"Atlit Salt-Pans",32.695,34.932,"Yosef Kiat",NA,NA,NA,"GMW",NA,NA,NA,NA,"G","M","W",NA,"R",5,8,NA,NA,NA,NA,NA,NA,NA,NA,NA,NA,NA,NA,NA,NA,NA,NA,2020,8,TRUE,FALSE,TRUE,"Summer chick",0.515625,124.162026229572
"Common Tern","RGNW",NA,NA,"DD","32160","STEHIR",NA,3,258,130,2020-08-05,1899-12-31 23:30:00,"Atlit Salt-Pans",32.695,34.932,"Yosef Kiat",NA,NA,NA,"GNW",NA,NA,NA,NA,"G","N","W",NA,"R",5,8,NA,NA,NA,NA,NA,NA,NA,NA,NA,NA,NA,NA,NA,NA,NA,NA,2020,8,TRUE,FALSE,TRUE,"Summer chick",0.503875968992248,121.058273754013
"Common Tern","RGPW",NA,NA,"DD","32161","STEHIR","M",3,230,83,2020-08-05,1899-12-31 23:30:00,"Atlit Salt-Pans",32.695,34.932,"Yosef Kiat",NA,NA,NA,"GPW",NA,NA,NA,NA,"G","P","W",NA,"R",5,8,NA,NA,NA,NA,NA,NA,NA,NA,NA,NA,NA,NA,NA,NA,NA,NA,2020,8,TRUE,FALSE,TRUE,"Summer chick",0.360869565217391,89.6492915157386
"Common Tern","RGRW",NA,NA,"DD","32162","STEHIR",NA,3,262,114,2020-08-05,1899-12-31 23:30:00,"Atlit Salt-Pans",32.695,34.932,"Yosef Kiat",NA,NA,NA,"GRW",NA,NA,NA,NA,"G","R","W",NA,"R",5,8,NA,NA,NA,NA,NA,NA,NA,NA,NA,NA,NA,NA,NA,NA,NA,NA,2020,8,TRUE,FALSE,TRUE,"Summer chick",0.435114503816794,104.070844654406
"Common Tern","RGYW",NA,NA,"DD","32169","STEHIR",NA,3,258,136,2020-08-06,1899-12-31 00:15:00,"Atlit Salt-Pans",32.695,34.932,"Yosef Kiat",NA,NA,NA,"GYW",NA,NA,NA,NA,"G","Y","W",NA,"R",6,8,NA,NA,NA,NA,NA,NA,NA,NA,NA,NA,NA,NA,NA,NA,NA,NA,2020,8,TRUE,FALSE,TRUE,"Summer chick",0.527131782945736,126.645578696506
"Common Tern","RGZW",NA,NA,"DD","32170","STEHIR",NA,3,250,88,2020-08-06,1899-12-31 01:00:00,"Atlit Salt-Pans",32.695,34.932,"Yosef Kiat",NA,NA,NA,"GZW",NA,NA,NA,NA,"G","Z","W",NA,"R",6,8,NA,NA,NA,NA,NA,NA,NA,NA,NA,NA,NA,NA,NA,NA,NA,NA,2020,8,TRUE,FALSE,TRUE,"Summer chick",0.352,85.3485743523364
"Common Tern","RG9S",NA,"R","DD","30966","STEHIR",NA,3,258,121,2020-08-06,1899-12-31 01:00:00,"Atlit Salt-Pans",32.695,34.932,"Yosef Kiat",NA,NA,NA,"G9S",NA,NA,NA,NA,"G","9","S",NA,"R",6,8,NA,NA,NA,NA,NA,NA,NA,NA,NA,NA,NA,NA,NA,NA,NA,NA,2020,8,FALSE,TRUE,TRUE,"Summer chick",0.468992248062016,112.677316340274
"Common Tern","RGAX",NA,NA,"DD","32171","STEHIR",NA,3,262,107,2020-08-06,1899-12-31 01:00:00,"Atlit Salt-Pans",32.695,34.932,"Yosef Kiat",NA,NA,NA,"GAX",NA,NA,NA,NA,"G","A","X",NA,"R",6,8,NA,NA,NA,NA,NA,NA,NA,NA,NA,NA,NA,NA,NA,NA,NA,NA,2020,8,TRUE,FALSE,TRUE,"Summer chick",0.408396946564886,97.6805296317673
"Common Tern","RGBX",NA,NA,"DD","32172","STEHIR",NA,3,258,107,2020-08-06,1899-12-31 01:00:00,"Atlit Salt-Pans",32.695,34.932,"Yosef Kiat",NA,NA,NA,"GBX",NA,NA,NA,NA,"G","B","X",NA,"R",6,8,NA,NA,NA,NA,NA,NA,NA,NA,NA,NA,NA,NA,NA,NA,NA,NA,2020,8,TRUE,FALSE,TRUE,"Summer chick",0.414728682170543,99.6402714744572
"Common Tern","RGCX",NA,NA,"DD","32173","STEHIR",NA,3,246,105,2020-08-06,1899-12-31 01:00:00,"Atlit Salt-Pans",32.695,34.932,"Yosef Kiat",NA,NA,NA,"GCX",NA,NA,NA,NA,"G","C","X",NA,"R",6,8,NA,NA,NA,NA,NA,NA,NA,NA,NA,NA,NA,NA,NA,NA,NA,NA,2020,8,TRUE,FALSE,TRUE,"Summer chick",0.426829268292683,103.979384566817
"Common Tern","RGFX",NA,NA,"DD","32175","STEHIR",NA,3,265,121,2020-08-06,1899-12-31 01:00:00,"Atlit Salt-Pans",32.695,34.932,"Yosef Kiat",NA,NA,NA,"GFX",NA,NA,NA,NA,"G","F","X",NA,"R",6,8,NA,NA,NA,NA,NA,NA,NA,NA,NA,NA,NA,NA,NA,NA,NA,NA,2020,8,TRUE,FALSE,TRUE,"Summer chick",0.456603773584906,108.849245889917
"Common Tern","RGJX",NA,NA,"DD","32178","STEHIR",NA,3,255,105,2020-08-06,1899-12-31 01:00:00,"Atlit Salt-Pans",32.695,34.932,"Yosef Kiat",NA,NA,NA,"GJX",NA,NA,NA,NA,"G","J","X",NA,"R",6,8,NA,NA,NA,NA,NA,NA,NA,NA,NA,NA,NA,NA,NA,NA,NA,NA,2020,8,TRUE,FALSE,TRUE,"Summer chick",0.411764705882353,99.2656128419439
"Common Tern","RGKX",NA,NA,"DD","32179","STEHIR",NA,3,252,108,2020-08-06,1899-12-31 01:00:00,"Atlit Salt-Pans",32.695,34.932,"Yosef Kiat",NA,NA,NA,"GKX",NA,NA,NA,NA,"G","K","X",NA,"R",6,8,NA,NA,NA,NA,NA,NA,NA,NA,NA,NA,NA,NA,NA,NA,NA,NA,2020,8,TRUE,FALSE,TRUE,"Summer chick",0.428571428571429,103.673868769445
"Common Tern","RGMX",NA,NA,"DD","32181","STEHIR",NA,3,246,111,2020-08-18,1899-12-31 20:00:00,"Atlit Salt-Pans",32.695,34.932,"Yosef Kiat",NA,NA,NA,"GMX",NA,NA,NA,NA,"G","M","X",NA,"R",18,8,NA,NA,NA,NA,NA,NA,NA,NA,NA,NA,NA,NA,NA,NA,NA,NA,2020,8,TRUE,FALSE,TRUE,"Summer chick",0.451219512195122,109.921063684921
"Common Tern","RGRX",NA,NA,"DD","32184","STEHIR",NA,3,240,94,2020-08-18,1899-12-31 20:00:00,"Atlit Salt-Pans",32.695,34.932,"Yosef Kiat",NA,NA,NA,"GRX",NA,NA,NA,NA,"G","R","X",NA,"R",18,8,NA,NA,NA,NA,NA,NA,NA,NA,NA,NA,NA,NA,NA,NA,NA,NA,2020,8,TRUE,FALSE,TRUE,"Summer chick",0.391666666666667,96.1018755845191
"Common Tern","RGSX",NA,NA,"DD","32185","STEHIR",NA,3,217,108,2020-08-18,1899-12-31 20:00:00,"Atlit Salt-Pans",32.695,34.932,"Yosef Kiat",NA,NA,NA,"GSX",NA,NA,NA,NA,"G","S","X",NA,"R",18,8,NA,NA,NA,NA,NA,NA,NA,NA,NA,NA,NA,NA,NA,NA,NA,NA,2020,8,TRUE,FALSE,TRUE,"Summer chick",0.497695852534562,125.752698117257
"Common Tern","RGTX",NA,NA,"DD","32186","STEHIR",NA,3,222,100,2020-08-18,1899-12-31 20:00:00,"Atlit Salt-Pans",32.695,34.932,"Yosef Kiat",NA,NA,NA,"GTX",NA,NA,NA,NA,"G","T","X",NA,"R",18,8,NA,NA,NA,NA,NA,NA,NA,NA,NA,NA,NA,NA,NA,NA,NA,NA,2020,8,TRUE,FALSE,TRUE,"Summer chick",0.45045045045045,113.062854790961
"Common Tern","RGUX",NA,NA,"DD","32187","STEHIR",NA,3,243,116,2020-08-18,1899-12-31 20:00:00,"Atlit Salt-Pans",32.695,34.932,"Yosef Kiat",NA,NA,NA,"GUX",NA,NA,NA,NA,"G","U","X",NA,"R",18,8,NA,NA,NA,NA,NA,NA,NA,NA,NA,NA,NA,NA,NA,NA,NA,NA,2020,8,TRUE,FALSE,TRUE,"Summer chick",0.477366255144033,116.706818528768
"Common Tern","RGVX",NA,NA,"DD","32188","STEHIR",NA,3,252,128,2020-08-18,1899-12-31 20:00:00,"Atlit Salt-Pans",32.695,34.932,"Yosef Kiat",NA,NA,NA,"GVX",NA,NA,NA,NA,"G","V","X",NA,"R",18,8,NA,NA,NA,NA,NA,NA,NA,NA,NA,NA,NA,NA,NA,NA,NA,NA,2020,8,TRUE,FALSE,TRUE,"Summer chick",0.507936507936508,122.87273335638
"Common Tern","RGWX",NA,NA,"DD","32189","STEHIR",NA,3,258,89,2020-08-18,1899-12-31 20:00:00,"Atlit Salt-Pans",32.695,34.932,"Yosef Kiat",NA,NA,NA,"GWX",NA,NA,NA,NA,"G","W","X",NA,"R",18,8,NA,NA,NA,NA,NA,NA,NA,NA,NA,NA,NA,NA,NA,NA,NA,NA,2020,8,TRUE,FALSE,TRUE,"Summer chick",0.344961240310078,82.8783566469784
"Common Tern","RGXX",NA,NA,"DD","32190","STEHIR",NA,3,205,107,2020-08-18,1899-12-31 20:00:00,"Atlit Salt-Pans",32.695,34.932,"Yosef Kiat",NA,NA,NA,"GXX",NA,NA,NA,NA,"G","X","X",NA,"R",18,8,NA,NA,NA,NA,NA,NA,NA,NA,NA,NA,NA,NA,NA,NA,NA,NA,2020,8,TRUE,FALSE,TRUE,"Summer chick",0.521951219512195,134.083766629388
"Common Tern","RGYX",NA,NA,"DD","32191","STEHIR",NA,3,222,92,2020-08-18,1899-12-31 20:00:00,"Atlit Salt-Pans",32.695,34.932,"Yosef Kiat",NA,NA,NA,"GYX",NA,NA,NA,NA,"G","Y","X",NA,"R",18,8,NA,NA,NA,NA,NA,NA,NA,NA,NA,NA,NA,NA,NA,NA,NA,NA,2020,8,TRUE,FALSE,TRUE,"Summer chick",0.414414414414414,104.017826407684
"Common Tern","BGFV","+",NA,"DD","32192","STEHIR",NA,3,245,100,2020-08-18,1899-12-31 20:00:00,"Atlit Salt-Pans",32.695,34.932,"Yosef Kiat",NA,NA,NA,"GFV",NA,NA,NA,NA,"G","F","V",NA,"B",18,8,NA,NA,NA,NA,NA,"GZX",NA,NA,NA,NA,NA,NA,NA,NA,NA,NA,2020,8,TRUE,FALSE,TRUE,"Summer chick",0.408163265306122,99.5501706022841
"Common Tern","RGAY",NA,NA,"DD","32193","STEHIR",NA,3,251,113,2020-08-18,1899-12-31 20:00:00,"Atlit Salt-Pans",32.695,34.932,"Yosef Kiat",NA,NA,NA,"GAY",NA,NA,NA,NA,"G","A","Y",NA,"R",18,8,NA,NA,NA,NA,NA,NA,NA,NA,NA,NA,NA,NA,NA,NA,NA,NA,2020,8,TRUE,FALSE,TRUE,"Summer chick",0.450199203187251,109.031896838349
"Common Tern","RGBY",NA,NA,"DD","32194","STEHIR",NA,3,229,93,2020-08-18,1899-12-31 20:00:00,"Atlit Salt-Pans",32.695,34.932,"Yosef Kiat",NA,NA,NA,"GBY",NA,NA,NA,NA,"G","B","Y",NA,"R",18,8,NA,NA,NA,NA,NA,NA,NA,NA,NA,NA,NA,NA,NA,NA,NA,NA,2020,8,TRUE,FALSE,TRUE,"Summer chick",0.406113537117904,101.017128968159
"Common Tern","RGCY",NA,NA,"DD","32195","STEHIR",NA,3,233,105,2020-08-18,1899-12-31 20:00:00,"Atlit Salt-Pans",32.695,34.932,"Yosef Kiat",NA,NA,NA,"GCY",NA,NA,NA,NA,"G","C","Y",NA,"R",18,8,NA,NA,NA,NA,NA,NA,NA,NA,NA,NA,NA,NA,NA,NA,NA,NA,2020,8,TRUE,FALSE,TRUE,"Summer chick",0.450643776824034,111.529920823946
"Common Tern","RGEY",NA,NA,"DD","32196","STEHIR",NA,3,257,124,2020-08-18,1899-12-31 20:00:00,"Atlit Salt-Pans",32.695,34.932,"Yosef Kiat",NA,NA,NA,"GEY",NA,NA,NA,NA,"G","E","Y",NA,"R",18,8,NA,NA,NA,NA,NA,NA,NA,NA,NA,NA,NA,NA,NA,NA,NA,NA,2020,8,TRUE,FALSE,TRUE,"Summer chick",0.482490272373541,116.051412977098
"Common Tern","RGFY",NA,NA,"DD","32197","STEHIR",NA,3,233,106,2020-08-18,1899-12-31 20:00:00,"Atlit Salt-Pans",32.695,34.932,"Yosef Kiat",NA,NA,NA,"GFY",NA,NA,NA,NA,"G","F","Y",NA,"R",18,8,NA,NA,NA,NA,NA,NA,NA,NA,NA,NA,NA,NA,NA,NA,NA,NA,2020,8,TRUE,FALSE,TRUE,"Summer chick",0.454935622317597,112.592110546079
"Common Tern","RGGY",NA,NA,"DD","32198","STEHIR",NA,3,260,100,2020-08-18,1899-12-31 20:00:00,"Atlit Salt-Pans",32.695,34.932,"Yosef Kiat",NA,NA,NA,"GGY",NA,NA,NA,NA,"G","G","Y",NA,"R",18,8,NA,NA,NA,NA,NA,NA,NA,NA,NA,NA,NA,NA,NA,NA,NA,NA,2020,8,TRUE,FALSE,TRUE,"Summer chick",0.384615384615385,92.197912034244
"Common Tern","RGHY",NA,NA,"DD","32199","STEHIR",NA,3,240,120,2020-08-18,1899-12-31 20:00:00,"Atlit Salt-Pans",32.695,34.932,"Yosef Kiat",NA,NA,NA,"GHY",NA,NA,NA,NA,"G","H","Y",NA,"R",18,8,NA,NA,NA,NA,NA,NA,NA,NA,NA,NA,NA,NA,NA,NA,NA,NA,2020,8,TRUE,FALSE,TRUE,"Summer chick",0.5,122.683245427046
"Common Tern","RGJY",NA,NA,"DD","32200","STEHIR",NA,3,220,89,2020-08-18,1899-12-31 20:00:00,"Atlit Salt-Pans",32.695,34.932,"Yosef Kiat",NA,NA,NA,"GJY",NA,NA,NA,NA,"G","J","Y",NA,"R",18,8,NA,NA,NA,NA,NA,NA,NA,NA,NA,NA,NA,NA,NA,NA,NA,NA,2020,8,TRUE,FALSE,TRUE,"Summer chick",0.404545454545455,101.808615886936
"Common Tern","RGKY",NA,NA,"DD","32201","STEHIR",NA,3,228,99,2020-08-18,1899-12-31 20:00:00,"Atlit Salt-Pans",32.695,34.932,"Yosef Kiat",NA,NA,NA,"GKY",NA,NA,NA,NA,"G","K","Y",NA,"R",18,8,NA,NA,NA,NA,NA,NA,NA,NA,NA,NA,NA,NA,NA,NA,NA,NA,2020,8,TRUE,FALSE,TRUE,"Summer chick",0.434210526315789,108.143709696876
"Common Tern","RGLY",NA,NA,"DD","32202","STEHIR",NA,3,226,119,2020-08-18,1899-12-31 20:00:00,"Atlit Salt-Pans",32.695,34.932,"Yosef Kiat",NA,NA,NA,"GLY",NA,NA,NA,NA,"G","L","Y",NA,"R",18,8,NA,NA,NA,NA,NA,NA,NA,NA,NA,NA,NA,NA,NA,NA,NA,NA,2020,8,TRUE,FALSE,TRUE,"Summer chick",0.526548672566372,131.4781177109
"Common Tern","RGFM",NA,"R","DD","32085","STEHIR",NA,3,244,107,2020-08-18,1899-12-31 21:30:00,"Atlit Salt-Pans",32.695,34.932,"Yosef Kiat",NA,NA,NA,"GFM",NA,NA,NA,NA,"G","F","M",NA,"R",18,8,NA,NA,NA,NA,NA,NA,NA,NA,NA,NA,NA,NA,NA,NA,NA,NA,2020,8,FALSE,TRUE,TRUE,"Summer chick",0.438524590163934,107.082670459329
"Common Tern","RGSY",NA,NA,"DD","32207","STEHIR","M",3,253,121,2020-08-18,1899-12-31 21:30:00,"Atlit Salt-Pans",32.695,34.932,"Yosef Kiat",NA,NA,NA,"GSY",NA,NA,NA,NA,"G","S","Y",NA,"R",18,8,NA,NA,NA,NA,NA,NA,NA,NA,NA,NA,NA,NA,NA,NA,NA,NA,2020,8,TRUE,FALSE,TRUE,"Summer chick",0.478260869565217,115.560703171697
"Common Tern","RGTY",NA,NA,"DD","32208","STEHIR",NA,3,258,120,2020-08-18,1899-12-31 21:30:00,"Atlit Salt-Pans",32.695,34.932,"Yosef Kiat",NA,NA,NA,"GTY",NA,NA,NA,NA,"G","T","Y",NA,"R",18,8,NA,NA,NA,NA,NA,NA,NA,NA,NA,NA,NA,NA,NA,NA,NA,NA,2020,8,TRUE,FALSE,TRUE,"Summer chick",0.465116279069767,111.746098849859
"Common Tern","RGUY",NA,NA,"DD","32209","STEHIR",NA,3,210,103,2020-08-18,1899-12-31 21:30:00,"Atlit Salt-Pans",32.695,34.932,"Yosef Kiat",NA,NA,NA,"GUY",NA,NA,NA,NA,"G","U","Y",NA,"R",18,8,NA,NA,NA,NA,NA,NA,NA,NA,NA,NA,NA,NA,NA,NA,NA,NA,2020,8,TRUE,FALSE,TRUE,"Summer chick",0.49047619047619,125.117268576545
"Common Tern","RGVY",NA,NA,"DD","32210","STEHIR",NA,3,247,128,2020-08-18,1899-12-31 21:30:00,"Atlit Salt-Pans",32.695,34.932,"Yosef Kiat",NA,NA,NA,"GVY",NA,NA,NA,NA,"G","V","Y",NA,"R",18,8,NA,NA,NA,NA,NA,NA,NA,NA,NA,NA,NA,NA,NA,NA,NA,NA,2020,8,TRUE,FALSE,TRUE,"Summer chick",0.518218623481781,126.093620321059
"Common Tern","RGXY",NA,NA,"DD","32212","STEHIR",NA,3,223,97,2020-08-18,1899-12-31 21:30:00,"Atlit Salt-Pans",32.695,34.932,"Yosef Kiat",NA,NA,NA,"GXY",NA,NA,NA,NA,"G","X","Y",NA,"R",18,8,NA,NA,NA,NA,NA,NA,NA,NA,NA,NA,NA,NA,NA,NA,NA,NA,2020,8,TRUE,FALSE,TRUE,"Summer chick",0.434977578475336,109.036401418093
"Common Tern","RGYY",NA,NA,"DD","32213","STEHIR",NA,3,193,102,2020-08-18,1899-12-31 21:30:00,"Atlit Salt-Pans",32.695,34.932,"Yosef Kiat",NA,NA,NA,"GYY",NA,NA,NA,NA,"G","Y","Y",NA,"R",18,8,NA,NA,NA,NA,NA,NA,NA,NA,NA,NA,NA,NA,NA,NA,NA,NA,2020,8,TRUE,FALSE,TRUE,"Summer chick",0.528497409326425,138.170759928384
"Common Tern","RGZY",NA,NA,"DD","32214","STEHIR",NA,3,233,101,2020-08-18,1899-12-31 21:30:00,"Atlit Salt-Pans",32.695,34.932,"Yosef Kiat",NA,NA,NA,"GZY",NA,NA,NA,NA,"G","Z","Y",NA,"R",18,8,NA,NA,NA,NA,NA,NA,NA,NA,NA,NA,NA,NA,NA,NA,NA,NA,2020,8,TRUE,FALSE,TRUE,"Summer chick",0.433476394849785,107.281161935415
"Common Tern","RGAZ",NA,NA,"DD","32215","STEHIR",NA,3,235,77,2020-08-18,1899-12-31 21:30:00,"Atlit Salt-Pans",32.695,34.932,"Yosef Kiat",NA,NA,NA,"GAZ",NA,NA,NA,NA,"G","A","Z",NA,"R",18,8,NA,NA,NA,NA,NA,NA,NA,NA,NA,NA,NA,NA,NA,NA,NA,NA,2020,8,TRUE,FALSE,TRUE,"Summer chick",0.327659574468085,80.8909926976536
"Common Tern","RGBZ",NA,NA,"DD","32216","STEHIR",NA,3,225,102,2020-08-18,1899-12-31 21:30:00,"Atlit Salt-Pans",32.695,34.932,"Yosef Kiat",NA,NA,NA,"GBZ",NA,NA,NA,NA,"G","B","Z",NA,"R",18,8,NA,NA,NA,NA,NA,NA,NA,NA,NA,NA,NA,NA,NA,NA,NA,NA,2020,8,TRUE,FALSE,TRUE,"Summer chick",0.453333333333333,113.342642028401
"Common Tern","RGCZ",NA,NA,"DD","32217","STEHIR",NA,3,229,98,2020-08-18,1899-12-31 21:30:00,"Atlit Salt-Pans",32.695,34.932,"Yosef Kiat",NA,NA,NA,"GCZ",NA,NA,NA,NA,"G","C","Z",NA,"R",18,8,NA,NA,NA,NA,NA,NA,NA,NA,NA,NA,NA,NA,NA,NA,NA,NA,2020,8,TRUE,FALSE,TRUE,"Summer chick",0.427947598253275,106.448157407307
"Common Tern","RGEZ",NA,NA,"DD","32218","STEHIR",NA,3,210,92,2020-08-18,1899-12-31 21:30:00,"Atlit Salt-Pans",32.695,34.932,"Yosef Kiat",NA,NA,NA,"GEZ",NA,NA,NA,NA,"G","E","Z",NA,"R",18,8,NA,NA,NA,NA,NA,NA,NA,NA,NA,NA,NA,NA,NA,NA,NA,NA,2020,8,TRUE,FALSE,TRUE,"Summer chick",0.438095238095238,111.755230184876
"Common Tern","RGFZ",NA,NA,"DD","32219","STEHIR",NA,3,218,97,2020-08-18,1899-12-31 21:30:00,"Atlit Salt-Pans",32.695,34.932,"Yosef Kiat",NA,NA,NA,"GFZ",NA,NA,NA,NA,"G","F","Z",NA,"R",18,8,NA,NA,NA,NA,NA,NA,NA,NA,NA,NA,NA,NA,NA,NA,NA,NA,2020,8,TRUE,FALSE,TRUE,"Summer chick",0.444954128440367,112.276065208213
"Common Tern","RGGZ",NA,NA,"DD","32220","STEHIR",NA,3,253,114,2020-08-18,1899-12-31 21:30:00,"Atlit Salt-Pans",32.695,34.932,"Yosef Kiat",NA,NA,NA,"GGZ",NA,NA,NA,NA,"G","G","Z",NA,"R",18,8,NA,NA,NA,NA,NA,NA,NA,NA,NA,NA,NA,NA,NA,NA,NA,NA,2020,8,TRUE,FALSE,TRUE,"Summer chick",0.450592885375494,108.875373236144
"Common Tern","RGHZ",NA,NA,"DD","32221","STEHIR",NA,3,247,111,2020-08-18,1899-12-31 21:30:00,"Atlit Salt-Pans",32.695,34.932,"Yosef Kiat",NA,NA,NA,"GHZ",NA,NA,NA,NA,"G","H","Z",NA,"R",18,8,NA,NA,NA,NA,NA,NA,NA,NA,NA,NA,NA,NA,NA,NA,NA,NA,2020,8,TRUE,FALSE,TRUE,"Summer chick",0.449392712550607,109.346811372169
"Common Tern","RGJZ",NA,NA,"DD","32222","STEHIR",NA,3,226,101,2020-08-18,1899-12-31 21:30:00,"Atlit Salt-Pans",32.695,34.932,"Yosef Kiat",NA,NA,NA,"GJZ",NA,NA,NA,NA,"G","J","Z",NA,"R",18,8,NA,NA,NA,NA,NA,NA,NA,NA,NA,NA,NA,NA,NA,NA,NA,NA,2020,8,TRUE,FALSE,TRUE,"Summer chick",0.446902654867257,111.590671334461
"Common Tern","RGKZ",NA,NA,"DD","32223","STEHIR",NA,3,256,132,2020-08-18,1899-12-31 21:30:00,"Atlit Salt-Pans",32.695,34.932,"Yosef Kiat",NA,NA,NA,"GKZ",NA,NA,NA,NA,"G","K","Z",NA,"R",18,8,NA,NA,NA,NA,NA,NA,NA,NA,NA,NA,NA,NA,NA,NA,NA,NA,2020,8,TRUE,FALSE,TRUE,"Summer chick",0.515625,124.162026229572
"Common Tern","RGLZ",NA,NA,"DD","32224","STEHIR",NA,3,200,111,2020-08-18,1899-12-31 21:30:00,"Atlit Salt-Pans",32.695,34.932,"Yosef Kiat",NA,NA,NA,"GLZ",NA,NA,NA,NA,"G","L","Z",NA,"R",18,8,NA,NA,NA,NA,NA,NA,NA,NA,NA,NA,NA,NA,NA,NA,NA,NA,2020,8,TRUE,FALSE,TRUE,"Summer chick",0.555,143.602324254773
"Common Tern","RGMZ",NA,NA,"DD","32225","STEHIR",NA,3,259,110,2020-08-18,1899-12-31 22:30:00,"Atlit Salt-Pans",32.695,34.932,"Yosef Kiat",NA,NA,NA,"GMZ",NA,NA,NA,NA,"G","M","Z",NA,"R",18,8,NA,NA,NA,NA,NA,NA,NA,NA,NA,NA,NA,NA,NA,NA,NA,NA,2020,8,TRUE,FALSE,TRUE,"Summer chick",0.424710424710425,101.923566191729
"Common Tern","RGNZ",NA,NA,"DD","32226","STEHIR",NA,3,252,104,2020-08-18,1899-12-31 22:30:00,"Atlit Salt-Pans",32.695,34.932,"Yosef Kiat",NA,NA,NA,"GNZ",NA,NA,NA,NA,"G","N","Z",NA,"R",18,8,NA,NA,NA,NA,NA,NA,NA,NA,NA,NA,NA,NA,NA,NA,NA,NA,2020,8,TRUE,FALSE,TRUE,"Summer chick",0.412698412698413,99.8340958520584
"Common Tern","RGRZ",NA,NA,"DD","32228","STEHIR",NA,3,251,114,2020-08-18,1899-12-31 23:00:00,"Atlit Salt-Pans",32.695,34.932,"Yosef Kiat",NA,NA,NA,"GRZ",NA,NA,NA,NA,"G","R","Z",NA,"R",18,8,NA,NA,NA,NA,NA,NA,NA,NA,NA,NA,NA,NA,NA,NA,NA,NA,2020,8,TRUE,FALSE,TRUE,"Summer chick",0.454183266932271,109.996780881166
"Common Tern","RGSZ",NA,NA,"DD","32229","STEHIR",NA,3,246,120,2020-08-19,1899-12-31,"Atlit Salt-Pans",32.695,34.932,"Yosef Kiat",NA,NA,NA,"GSZ",NA,NA,NA,NA,"G","S","Z",NA,"R",19,8,NA,NA,NA,NA,NA,NA,NA,NA,NA,NA,NA,NA,NA,NA,NA,NA,2020,8,TRUE,FALSE,TRUE,"Summer chick",0.48780487804878,118.833582362076
"Common Tern","RGUZ",NA,NA,"DD","32231","STEHIR",NA,3,231,94,2020-08-19,1899-12-31 00:45:00,"Atlit Salt-Pans",32.695,34.932,"Yosef Kiat",NA,NA,NA,"GUZ",NA,NA,NA,NA,"G","U","Z",NA,"R",19,8,NA,NA,NA,NA,NA,NA,NA,NA,NA,NA,NA,NA,NA,NA,NA,NA,2020,8,TRUE,FALSE,TRUE,"Summer chick",0.406926406926407,100.963388963152
"Common Tern","RGVZ",NA,NA,"DD","32232","STEHIR",NA,3,253,115,2020-08-19,1899-12-31 00:45:00,"Atlit Salt-Pans",32.695,34.932,"Yosef Kiat",NA,NA,NA,"GVZ",NA,NA,NA,NA,"G","V","Z",NA,"R",19,8,NA,NA,NA,NA,NA,NA,NA,NA,NA,NA,NA,NA,NA,NA,NA,NA,2020,8,TRUE,FALSE,TRUE,"Summer chick",0.454545454545455,109.830420369795
"Common Tern","RGWZ",NA,NA,"DD","32233","STEHIR","F",3,228,107,2020-08-19,1899-12-31 00:45:00,"Atlit Salt-Pans",32.695,34.932,"Yosef Kiat",NA,NA,NA,"GWZ",NA,NA,NA,NA,"G","W","Z",NA,"R",19,8,NA,NA,NA,NA,NA,NA,NA,NA,NA,NA,NA,NA,NA,NA,NA,NA,2020,8,TRUE,FALSE,TRUE,"Summer chick",0.469298245614035,116.882595328947
"Common Tern","RGXZ",NA,NA,"DD","32234","STEHIR",NA,3,260,117,2020-08-19,1899-12-31 00:45:00,"Atlit Salt-Pans",32.695,34.932,"Yosef Kiat",NA,NA,NA,"GXZ",NA,NA,NA,NA,"G","X","Z",NA,"R",19,8,NA,NA,NA,NA,NA,NA,NA,NA,NA,NA,NA,NA,NA,NA,NA,NA,2020,8,TRUE,FALSE,TRUE,"Summer chick",0.45,107.871557080066
"Common Tern","RGYZ",NA,NA,"DD","32235","STEHIR",NA,3,257,110,2020-08-19,1899-12-31 00:45:00,"Atlit Salt-Pans",32.695,34.932,"Yosef Kiat",NA,NA,NA,"GYZ",NA,NA,NA,NA,"G","Y","Z",NA,"R",19,8,NA,NA,NA,NA,NA,NA,NA,NA,NA,NA,NA,NA,NA,NA,NA,NA,2020,8,TRUE,FALSE,TRUE,"Summer chick",0.428015564202335,102.948834092587
"Common Tern","RGZZ",NA,NA,"DD","32236","STEHIR",NA,3,240,106,2020-08-19,1899-12-31 00:45:00,"Atlit Salt-Pans",32.695,34.932,"Yosef Kiat",NA,NA,NA,"GZZ",NA,NA,NA,NA,"G","Z","Z",NA,"R",19,8,NA,NA,NA,NA,NA,NA,NA,NA,NA,NA,NA,NA,NA,NA,NA,NA,2020,8,TRUE,FALSE,TRUE,"Summer chick",0.441666666666667,108.370200127224
"Common Tern","RGAA",NA,NA,"DD","32237","STEHIR",NA,3,257,100,2020-08-19,1899-12-31 00:45:00,"Atlit Salt-Pans",32.695,34.932,"Yosef Kiat",NA,NA,NA,"GAA",NA,NA,NA,NA,"G","A","A",NA,"R",19,8,NA,NA,NA,NA,NA,NA,NA,NA,NA,NA,NA,NA,NA,NA,NA,NA,2020,8,TRUE,FALSE,TRUE,"Summer chick",0.389105058365759,93.5898491750787
"Common Tern","GGMT",NA,NA,"DX","10721","STEHIR",NA,3,199,105,2021-06-27,1899-12-31 20:30:00,"Atlit Salt-Pans",32.695,34.932,"Yosef Kiat",NA,NA,NA,"GMT",NA,NA,NA,NA,"G","M","T",NA,"G",27,6,NA,NA,NA,NA,NA,NA,NA,NA,NA,NA,NA,NA,NA,NA,NA,NA,2021,6,TRUE,FALSE,TRUE,"Summer chick",0.527638190954774,136.722033192836
"Common Tern","GGNT",NA,NA,"DX","10722","STEHIR",NA,3,204,96,2021-06-27,1899-12-31 20:30:00,"Atlit Salt-Pans",32.695,34.932,"Yosef Kiat",NA,NA,NA,"GNT",NA,NA,NA,NA,"G","N","T",NA,"G",27,6,NA,NA,NA,NA,NA,NA,NA,NA,NA,NA,NA,NA,NA,NA,NA,NA,2021,6,TRUE,FALSE,TRUE,"Summer chick",0.470588235294118,121.061389290838
"Common Tern","GGPT",NA,NA,"DX","10723","STEHIR",NA,3,205,109,2021-06-27,1899-12-31 20:30:00,"Atlit Salt-Pans",32.695,34.932,"Yosef Kiat",NA,NA,NA,"GPT",NA,NA,NA,NA,"G","P","T",NA,"G",27,6,NA,NA,NA,NA,NA,NA,NA,NA,NA,NA,NA,NA,NA,NA,NA,NA,2021,6,TRUE,FALSE,TRUE,"Summer chick",0.531707317073171,136.590005257975
"Common Tern","GGYT",NA,NA,"DX","10731","STEHIR",NA,3,224,103,2021-06-27,1899-12-31 21:00:00,"Atlit Salt-Pans",32.695,34.932,"Yosef Kiat",NA,NA,NA,"GYT",NA,NA,NA,NA,"G","Y","T",NA,"G",27,6,NA,NA,NA,NA,NA,NA,NA,NA,NA,NA,NA,NA,NA,NA,NA,NA,2021,6,TRUE,FALSE,TRUE,"Summer chick",0.459821428571429,115.113989309318
"Common Tern","GGZT",NA,NA,"DX","10732","STEHIR",NA,3,220,104,2021-06-27,1899-12-31 21:00:00,"Atlit Salt-Pans",32.695,34.932,"Yosef Kiat",NA,NA,NA,"GZT",NA,NA,NA,NA,"G","Z","T",NA,"G",27,6,NA,NA,NA,NA,NA,NA,NA,NA,NA,NA,NA,NA,NA,NA,NA,NA,2021,6,TRUE,FALSE,TRUE,"Summer chick",0.472727272727273,118.967371373499
"Common Tern","GGAU",NA,NA,"DX","10733","STEHIR",NA,3,222,101,2021-06-27,1899-12-31 21:00:00,"Atlit Salt-Pans",32.695,34.932,"Yosef Kiat",NA,NA,NA,"GAU",NA,NA,NA,NA,"G","A","U",NA,"G",27,6,NA,NA,NA,NA,NA,NA,NA,NA,NA,NA,NA,NA,NA,NA,NA,NA,2021,6,TRUE,FALSE,TRUE,"Summer chick",0.454954954954955,114.193483338871
"Common Tern","GGMU",NA,NA,"DX","10743","STEHIR",NA,3,209,105,2021-06-27,1899-12-31 21:00:00,"Atlit Salt-Pans",32.695,34.932,"Yosef Kiat",NA,NA,NA,"GMU",NA,NA,NA,NA,"G","M","U",NA,"G",27,6,NA,NA,NA,NA,NA,NA,NA,NA,NA,NA,NA,NA,NA,NA,NA,NA,2021,6,TRUE,FALSE,TRUE,"Summer chick",0.502392344497608,128.335227297723
"Common Tern","GGMV",NA,NA,"DX","10765","STEHIR",NA,3,220,102,2021-06-27,1899-12-31 23:00:00,"Atlit Salt-Pans",32.695,34.932,"Yosef Kiat",NA,NA,NA,"GMV",NA,NA,NA,NA,"G","M","V",NA,"G",27,6,NA,NA,NA,NA,NA,NA,NA,NA,NA,NA,NA,NA,NA,NA,NA,NA,2021,6,TRUE,FALSE,TRUE,"Summer chick",0.463636363636364,116.679537308624
"Common Tern","GGUX",NA,NA,"DX","10814","STEHIR",NA,3,227,115,2021-07-01,1899-12-31 20:30:00,"Atlit Salt-Pans",32.695,34.932,"Yosef Kiat",NA,NA,NA,"GUX",NA,NA,NA,NA,"G","U","X",NA,"G",1,7,NA,NA,NA,NA,NA,NA,NA,NA,NA,NA,NA,NA,NA,NA,NA,NA,2021,7,TRUE,FALSE,TRUE,"Summer chick",0.506607929515419,126.336456597954
"Common Tern","GGVX",NA,NA,"DX","10815","STEHIR",NA,3,230,113,2021-07-01,1899-12-31 20:30:00,"Atlit Salt-Pans",32.695,34.932,"Yosef Kiat",NA,NA,NA,"GVX",NA,NA,NA,NA,"G","V","X",NA,"G",1,7,NA,NA,NA,NA,NA,NA,NA,NA,NA,NA,NA,NA,NA,NA,NA,NA,2021,7,TRUE,FALSE,TRUE,"Summer chick",0.491304347826087,122.052649894921
"Common Tern",NA,NA,NA,"DX","10816","STEHIR",NA,3,210,111,2021-07-01,1899-12-31 20:30:00,"Atlit Salt-Pans",32.695,34.932,"Yosef Kiat",NA,NA,NA,NA,NA,NA,NA,NA,NA,NA,NA,NA,NA,1,7,NA,NA,NA,NA,NA,NA,NA,NA,NA,NA,NA,NA,NA,NA,NA,NA,2021,7,TRUE,FALSE,TRUE,"Summer chick",0.528571428571429,134.835114679578
"Common Tern","GG0E",NA,NA,"DX","10969","STEHIR",NA,3,249,116,2021-07-20,1899-12-31 20:00:00,"Atlit Salt-Pans",32.695,34.932,"Yosef Kiat",NA,NA,NA,"G0E",NA,NA,NA,NA,"G","0","E",NA,"G",20,7,NA,NA,NA,NA,NA,NA,NA,NA,NA,NA,NA,NA,NA,NA,NA,NA,2021,7,TRUE,FALSE,TRUE,"Summer chick",0.465863453815261,113.088653966798
"Common Tern","GG5J",NA,NA,"DD","32382","STEHIR",NA,3,246,113,2021-07-20,1899-12-31 23:30:00,"Atlit Salt-Pans",32.695,34.932,"Yosef Kiat",NA,NA,NA,"G5J",NA,NA,NA,NA,"G","5","J",NA,"G",20,7,NA,NA,NA,NA,NA,NA,NA,NA,NA,NA,NA,NA,NA,NA,NA,NA,2021,7,TRUE,FALSE,TRUE,"Summer chick",0.459349593495935,111.901623390955
"Common Tern","GG5K",NA,NA,"DD","32383","STEHIR",NA,3,235,104,2021-07-20,1899-12-31 23:30:00,"Atlit Salt-Pans",32.695,34.932,"Yosef Kiat",NA,NA,NA,"G5K",NA,NA,NA,NA,"G","5","K",NA,"G",20,7,NA,NA,NA,NA,NA,NA,NA,NA,NA,NA,NA,NA,NA,NA,NA,NA,2021,7,TRUE,FALSE,TRUE,"Summer chick",0.442553191489362,109.255366760467
"Common Tern","GG5L",NA,NA,"DD","32384","STEHIR",NA,3,234,110,2021-07-20,1899-12-31 23:30:00,"Atlit Salt-Pans",32.695,34.932,"Yosef Kiat",NA,NA,NA,"G5L",NA,NA,NA,NA,"G","5","L",NA,"G",20,7,NA,NA,NA,NA,NA,NA,NA,NA,NA,NA,NA,NA,NA,NA,NA,NA,2021,7,TRUE,FALSE,TRUE,"Summer chick",0.47008547008547,116.196576379679
"Common Tern","GG16",NA,"R","DX","10881","STEHIR",NA,3,258,119,2021-08-01,1899-12-31 20:30:00,"Atlit Salt-Pans",32.695,34.932,"Yosef Kiat",NA,NA,NA,"G16",NA,NA,NA,NA,"G","1","6",NA,"G",1,8,NA,NA,NA,NA,NA,NA,NA,NA,NA,NA,NA,NA,NA,NA,NA,NA,2021,8,FALSE,TRUE,TRUE,"Summer chick",0.461240310077519,110.814881359443
"Common Tern","GG8F",NA,NA,"DD","32444","STEHIR",NA,3,262,107,2021-08-01,1899-12-31 21:30:00,"Atlit Salt-Pans",32.695,34.932,"Yosef Kiat",NA,NA,NA,"G8F",NA,NA,NA,NA,"G","8","F",NA,"G",1,8,NA,NA,NA,NA,NA,NA,NA,NA,NA,NA,NA,NA,NA,NA,NA,NA,2021,8,TRUE,FALSE,TRUE,"Summer chick",0.408396946564886,97.6805296317673
"Common Tern","GG8G",NA,NA,"DD","32445","STEHIR",NA,3,264,138,2021-08-01,1899-12-31 21:30:00,"Atlit Salt-Pans",32.695,34.932,"Yosef Kiat",NA,NA,NA,"G8G",NA,NA,NA,NA,"G","8","G",NA,"G",1,8,NA,NA,NA,NA,NA,NA,NA,NA,NA,NA,NA,NA,NA,NA,NA,NA,2021,8,TRUE,FALSE,TRUE,"Summer chick",0.522727272727273,124.749591630968
"Common Tern","GG8H",NA,NA,"DD","32446","STEHIR",NA,3,260,135,2021-08-01,1899-12-31 21:30:00,"Atlit Salt-Pans",32.695,34.932,"Yosef Kiat",NA,NA,NA,"G8H",NA,NA,NA,NA,"G","8","H",NA,"G",1,8,NA,NA,NA,NA,NA,NA,NA,NA,NA,NA,NA,NA,NA,NA,NA,NA,2021,8,TRUE,FALSE,TRUE,"Summer chick",0.519230769230769,124.467181246229
"Common Tern","GG8K",NA,NA,"DD","32448","STEHIR",NA,3,254,99,2021-08-01,1899-12-31 21:30:00,"Atlit Salt-Pans",32.695,34.932,"Yosef Kiat",NA,NA,NA,"G8K",NA,NA,NA,NA,"G","8","K",NA,"G",1,8,NA,NA,NA,NA,NA,NA,NA,NA,NA,NA,NA,NA,NA,NA,NA,NA,2021,8,TRUE,FALSE,TRUE,"Summer chick",0.389763779527559,94.0693224874666
"Common Tern","GG8L",NA,NA,"DD","32449","STEHIR",NA,3,258,100,2021-08-01,1899-12-31 22:30:00,"Atlit Salt-Pans",32.695,34.932,"Yosef Kiat",NA,NA,NA,"G8L",NA,NA,NA,NA,"G","8","L",NA,"G",1,8,NA,NA,NA,NA,NA,NA,NA,NA,NA,NA,NA,NA,NA,NA,NA,NA,2021,8,TRUE,FALSE,TRUE,"Summer chick",0.387596899224806,93.1217490415488
"Common Tern","GG8M",NA,NA,"DD","32450","STEHIR",NA,3,228,89,2021-08-01,1899-12-31 22:30:00,"Atlit Salt-Pans",32.695,34.932,"Yosef Kiat",NA,NA,NA,"G8M",NA,NA,NA,NA,"G","8","M",NA,"G",1,8,NA,NA,NA,NA,NA,NA,NA,NA,NA,NA,NA,NA,NA,NA,NA,NA,2021,8,TRUE,FALSE,TRUE,"Summer chick",0.390350877192982,97.2201026567875
"Common Tern","GGA5",NA,NA,"DD","32489","STEHIR",NA,3,260,134,2021-08-10,1899-12-31 20:15:00,"Atlit Salt-Pans",32.695,34.932,"Yosef Kiat",NA,NA,NA,"GA5",NA,NA,NA,NA,"G","A","5",NA,"G",10,8,NA,NA,NA,NA,NA,NA,NA,NA,NA,NA,NA,NA,NA,NA,NA,NA,2021,8,TRUE,FALSE,TRUE,"Summer chick",0.515384615384615,123.545202125887
"Common Tern","GGA6",NA,NA,"DD","32490","STEHIR",NA,3,266,147,2021-08-10,1899-12-31 20:15:00,"Atlit Salt-Pans",32.695,34.932,"Yosef Kiat",NA,NA,NA,"GA6",NA,NA,NA,NA,"G","A","6",NA,"G",10,8,NA,NA,NA,NA,NA,NA,NA,NA,NA,NA,NA,NA,NA,NA,NA,NA,2021,8,TRUE,FALSE,TRUE,"Summer chick",0.552631578947368,131.596816114865
"Common Tern","GGA7",NA,NA,"DD","32491","STEHIR",NA,3,243,112,2021-08-10,1899-12-31 20:15:00,"Atlit Salt-Pans",32.695,34.932,"Yosef Kiat",NA,NA,NA,"GA7",NA,NA,NA,NA,"G","A","7",NA,"G",10,8,NA,NA,NA,NA,NA,NA,NA,NA,NA,NA,NA,NA,NA,NA,NA,NA,2021,8,TRUE,FALSE,TRUE,"Summer chick",0.460905349794239,112.682445476052
"Common Tern","GGA9",NA,NA,"DD","32493","STEHIR",NA,3,257,123,2021-08-10,1899-12-31 21:30:00,"Atlit Salt-Pans",32.695,34.932,"Yosef Kiat",NA,NA,NA,"GA9",NA,NA,NA,NA,"G","A","9",NA,"G",10,8,NA,NA,NA,NA,NA,NA,NA,NA,NA,NA,NA,NA,NA,NA,NA,NA,2021,8,TRUE,FALSE,TRUE,"Summer chick",0.478599221789883,115.115514485347
"Common Tern","GGB1",NA,NA,"DD","32495","STEHIR",NA,3,257,111,2021-08-10,1899-12-31 21:30:00,"Atlit Salt-Pans",32.695,34.932,"Yosef Kiat",NA,NA,NA,"GB1",NA,NA,NA,NA,"G","B","1",NA,"G",10,8,NA,NA,NA,NA,NA,NA,NA,NA,NA,NA,NA,NA,NA,NA,NA,NA,2021,8,TRUE,FALSE,TRUE,"Summer chick",0.431906614785992,103.884732584337
"Common Tern","GGB5",NA,NA,"DD","32499","STEHIR",NA,3,255,98,2021-08-10,1899-12-31 22:30:00,"Atlit Salt-Pans",32.695,34.932,"Yosef Kiat",NA,NA,NA,"GB5",NA,NA,NA,NA,"G","B","5",NA,"G",10,8,NA,NA,NA,NA,NA,NA,NA,NA,NA,NA,NA,NA,NA,NA,NA,NA,2021,8,TRUE,FALSE,TRUE,"Summer chick",0.384313725490196,92.6479053191476
"Common Tern","GGB7",NA,NA,"DD","32501","STEHIR",NA,3,264,113,2021-08-10,1899-12-31 22:30:00,"Atlit Salt-Pans",32.695,34.932,"Yosef Kiat",NA,NA,NA,"GB7",NA,NA,NA,NA,"G","B","7",NA,"G",10,8,NA,NA,NA,NA,NA,NA,NA,NA,NA,NA,NA,NA,NA,NA,NA,NA,2021,8,TRUE,FALSE,TRUE,"Summer chick",0.428030303030303,102.150027929706
"Common Tern","GGB8",NA,NA,"DD","32502","STEHIR",NA,3,248,116,2021-08-10,1899-12-31 22:30:00,"Atlit Salt-Pans",32.695,34.932,"Yosef Kiat",NA,NA,NA,"GB8",NA,NA,NA,NA,"G","B","8",NA,"G",10,8,NA,NA,NA,NA,NA,NA,NA,NA,NA,NA,NA,NA,NA,NA,NA,NA,2021,8,TRUE,FALSE,TRUE,"Summer chick",0.467741935483871,113.677764819608
"Common Tern","GGB9",NA,NA,"DD","32503","STEHIR","F",3,254,121,2021-08-10,1899-12-31 23:30:00,"Atlit Salt-Pans",32.695,34.932,"Yosef Kiat",NA,NA,NA,"GB9",NA,NA,NA,NA,"G","B","9",NA,"G",10,8,NA,NA,NA,NA,NA,NA,NA,NA,NA,NA,NA,NA,NA,NA,NA,NA,2021,8,TRUE,FALSE,TRUE,"Summer chick",0.476377952755905,114.97361637357
"Common Tern","GGC2",NA,NA,"DD","32506","STEHIR",NA,3,242,99,2021-08-10,1899-12-31 23:30:00,"Atlit Salt-Pans",32.695,34.932,"Yosef Kiat",NA,NA,NA,"GC2",NA,NA,NA,NA,"G","C","2",NA,"G",10,8,NA,NA,NA,NA,NA,NA,NA,NA,NA,NA,NA,NA,NA,NA,NA,NA,2021,8,TRUE,FALSE,TRUE,"Summer chick",0.409090909090909,100.134966580671
"Common Tern","GGC3",NA,NA,"DD","32507","STEHIR",NA,3,251,120,2021-08-10,1899-12-31 23:30:00,"Atlit Salt-Pans",32.695,34.932,"Yosef Kiat",NA,NA,NA,"GC3",NA,NA,NA,NA,"G","C","3",NA,"G",10,8,NA,NA,NA,NA,NA,NA,NA,NA,NA,NA,NA,NA,NA,NA,NA,NA,2021,8,TRUE,FALSE,TRUE,"Summer chick",0.47808764940239,115.786085138069
"Common Tern","GGC4",NA,NA,"DD","32508","STEHIR",NA,3,256,110,2021-08-10,1899-12-31 23:30:00,"Atlit Salt-Pans",32.695,34.932,"Yosef Kiat",NA,NA,NA,"GC4",NA,NA,NA,NA,"G","C","4",NA,"G",10,8,NA,NA,NA,NA,NA,NA,NA,NA,NA,NA,NA,NA,NA,NA,NA,NA,2021,8,TRUE,FALSE,TRUE,"Summer chick",0.4296875,103.46835519131
"Common Tern","GGC5",NA,NA,"DD","32509","STEHIR",NA,3,248,100,2021-08-10,1899-12-31 23:30:00,"Atlit Salt-Pans",32.695,34.932,"Yosef Kiat",NA,NA,NA,"GC5",NA,NA,NA,NA,"G","C","5",NA,"G",10,8,NA,NA,NA,NA,NA,NA,NA,NA,NA,NA,NA,NA,NA,NA,NA,NA,2021,8,TRUE,FALSE,TRUE,"Summer chick",0.403225806451613,97.9980731203519
"Common Tern","GGC7",NA,NA,"DD","32511","STEHIR",NA,3,259,113,2021-08-10,1899-12-31 23:30:00,"Atlit Salt-Pans",32.695,34.932,"Yosef Kiat",NA,NA,NA,"GC7",NA,NA,NA,NA,"G","C","7",NA,"G",10,8,NA,NA,NA,NA,NA,NA,NA,NA,NA,NA,NA,NA,NA,NA,NA,NA,2021,8,TRUE,FALSE,TRUE,"Summer chick",0.436293436293436,104.70329981514
"Common Tern","GGC9",NA,NA,"DD","32513","STEHIR",NA,3,260,122,2021-08-10,1899-12-31 23:30:00,"Atlit Salt-Pans",32.695,34.932,"Yosef Kiat",NA,NA,NA,"GC9",NA,NA,NA,NA,"G","C","9",NA,"G",10,8,NA,NA,NA,NA,NA,NA,NA,NA,NA,NA,NA,NA,NA,NA,NA,NA,2021,8,TRUE,FALSE,TRUE,"Summer chick",0.469230769230769,112.481452681778
"Common Tern","GGE1",NA,NA,"DD","32515","STEHIR",NA,3,262,119,2021-08-10,1899-12-31 23:30:00,"Atlit Salt-Pans",32.695,34.932,"Yosef Kiat",NA,NA,NA,"GE1",NA,NA,NA,NA,"G","E","1",NA,"G",10,8,NA,NA,NA,NA,NA,NA,NA,NA,NA,NA,NA,NA,NA,NA,NA,NA,2021,8,TRUE,FALSE,TRUE,"Summer chick",0.454198473282443,108.635355384863
"Common Tern","GGE4",NA,NA,"DD","32518","STEHIR",NA,3,250,122,2021-08-10,1899-12-31 23:30:00,"Atlit Salt-Pans",32.695,34.932,"Yosef Kiat",NA,NA,NA,"GE4",NA,NA,NA,NA,"G","E","4",NA,"G",10,8,NA,NA,NA,NA,NA,NA,NA,NA,NA,NA,NA,NA,NA,NA,NA,NA,2021,8,TRUE,FALSE,TRUE,"Summer chick",0.488,118.324159897557
"Common Tern","GGE6",NA,NA,"DD","32520","STEHIR",NA,3,243,103,2021-08-11,1899-12-31 00:30:00,"Atlit Salt-Pans",32.695,34.932,"Yosef Kiat",NA,NA,NA,"GE6",NA,NA,NA,NA,"G","E","6",NA,"G",11,8,NA,NA,NA,NA,NA,NA,NA,NA,NA,NA,NA,NA,NA,NA,NA,NA,2021,8,TRUE,FALSE,TRUE,"Summer chick",0.423868312757202,103.62760610744
"Common Tern","GGE7",NA,NA,"DD","32521","STEHIR",NA,3,247,87,2021-08-11,1899-12-31 00:30:00,"Atlit Salt-Pans",32.695,34.932,"Yosef Kiat",NA,NA,NA,"GE7",NA,NA,NA,NA,"G","E","7",NA,"G",11,8,NA,NA,NA,NA,NA,NA,NA,NA,NA,NA,NA,NA,NA,NA,NA,NA,2021,8,TRUE,FALSE,TRUE,"Summer chick",0.352226720647773,85.70425756197
"Common Tern","GGF1",NA,NA,"DD","32525","STEHIR",NA,3,247,80,2021-08-11,1899-12-31 00:30:00,"Atlit Salt-Pans",32.695,34.932,"Yosef Kiat",NA,NA,NA,"GF1",NA,NA,NA,NA,"G","F","1",NA,"G",11,8,NA,NA,NA,NA,NA,NA,NA,NA,NA,NA,NA,NA,NA,NA,NA,NA,2021,8,TRUE,FALSE,TRUE,"Summer chick",0.323886639676113,78.8085127006621
"Common Tern","GGF4",NA,NA,"DD","32528","STEHIR",NA,3,255,109,2021-08-11,1899-12-31 01:15:00,"Atlit Salt-Pans",32.695,34.932,"Yosef Kiat",NA,NA,NA,"GF4",NA,NA,NA,NA,"G","F","4",NA,"G",11,8,NA,NA,NA,NA,NA,NA,NA,NA,NA,NA,NA,NA,NA,NA,NA,NA,2021,8,TRUE,FALSE,TRUE,"Summer chick",0.427450980392157,103.047159997827
"Common Tern","GGF6",NA,NA,"DD","32529","STEHIR",NA,3,244,118,2021-08-17,1899-12-31 20:30:00,"Atlit Salt-Pans",32.695,34.932,"Yosef Kiat",NA,NA,NA,"GF6",NA,NA,NA,NA,"G","F","6",NA,"G",17,8,NA,NA,NA,NA,NA,NA,NA,NA,NA,NA,NA,NA,NA,NA,NA,NA,2021,8,TRUE,FALSE,TRUE,"Summer chick",0.483606557377049,118.091169291596
"Common Tern","GGF5",NA,NA,"DD","32530","STEHIR",NA,3,252,130,2021-08-17,1899-12-31 20:30:00,"Atlit Salt-Pans",32.695,34.932,"Yosef Kiat",NA,NA,NA,"GF5",NA,NA,NA,NA,"G","F","5",NA,"G",17,8,NA,NA,NA,NA,NA,NA,NA,NA,NA,NA,NA,NA,NA,NA,NA,NA,2021,8,TRUE,FALSE,TRUE,"Summer chick",0.515873015873016,124.792619815073
"Common Tern","GGG0",NA,NA,"DD","32534","STEHIR",NA,3,231,115,2021-08-17,1899-12-31 20:30:00,"Atlit Salt-Pans",32.695,34.932,"Yosef Kiat",NA,NA,NA,"GG0",NA,NA,NA,NA,"G","G","0",NA,"G",17,8,NA,NA,NA,NA,NA,NA,NA,NA,NA,NA,NA,NA,NA,NA,NA,NA,2021,8,TRUE,FALSE,TRUE,"Summer chick",0.497835497835498,123.519039688963
"Common Tern","GGG2",NA,NA,"DD","32536","STEHIR",NA,3,223,110,2021-08-17,1899-12-31 20:30:00,"Atlit Salt-Pans",32.695,34.932,"Yosef Kiat",NA,NA,NA,"GG2",NA,NA,NA,NA,"G","G","2",NA,"G",17,8,NA,NA,NA,NA,NA,NA,NA,NA,NA,NA,NA,NA,NA,NA,NA,NA,2021,8,TRUE,FALSE,TRUE,"Summer chick",0.493273542600897,123.649527381343
"Common Tern","GGG4",NA,NA,"DD","32538","STEHIR",NA,3,212,103,2021-08-17,1899-12-31 20:30:00,"Atlit Salt-Pans",32.695,34.932,"Yosef Kiat",NA,NA,NA,"GG4",NA,NA,NA,NA,"G","G","4",NA,"G",17,8,NA,NA,NA,NA,NA,NA,NA,NA,NA,NA,NA,NA,NA,NA,NA,NA,2021,8,TRUE,FALSE,TRUE,"Summer chick",0.485849056603774,123.595361008658
"Common Tern","GGG5",NA,NA,"DD","32539","STEHIR",NA,3,220,107,2021-08-17,1899-12-31 20:30:00,"Atlit Salt-Pans",32.695,34.932,"Yosef Kiat",NA,NA,NA,"GG5",NA,NA,NA,NA,"G","G","5",NA,"G",17,8,NA,NA,NA,NA,NA,NA,NA,NA,NA,NA,NA,NA,NA,NA,NA,NA,2021,8,TRUE,FALSE,TRUE,"Summer chick",0.486363636363636,122.399122470811
"Common Tern","GGG6",NA,NA,"DD","32540","STEHIR",NA,3,237,111,2021-08-17,1899-12-31 20:30:00,"Atlit Salt-Pans",32.695,34.932,"Yosef Kiat",NA,NA,NA,"GG6",NA,NA,NA,NA,"G","G","6",NA,"G",17,8,NA,NA,NA,NA,NA,NA,NA,NA,NA,NA,NA,NA,NA,NA,NA,NA,2021,8,TRUE,FALSE,TRUE,"Summer chick",0.468354430379747,115.34011499924
"Common Tern","GGG7",NA,NA,"DD","32541","STEHIR",NA,3,220,112,2021-08-17,1899-12-31 20:30:00,"Atlit Salt-Pans",32.695,34.932,"Yosef Kiat",NA,NA,NA,"GG7",NA,NA,NA,NA,"G","G","7",NA,"G",17,8,NA,NA,NA,NA,NA,NA,NA,NA,NA,NA,NA,NA,NA,NA,NA,NA,2021,8,TRUE,FALSE,TRUE,"Summer chick",0.509090909090909,128.118707632999
"Common Tern","GGG8",NA,NA,"DD","32542","STEHIR",NA,3,236,123,2021-08-17,1899-12-31 20:30:00,"Atlit Salt-Pans",32.695,34.932,"Yosef Kiat",NA,NA,NA,"GG8",NA,NA,NA,NA,"G","G","8",NA,"G",17,8,NA,NA,NA,NA,NA,NA,NA,NA,NA,NA,NA,NA,NA,NA,NA,NA,2021,8,TRUE,FALSE,TRUE,"Summer chick",0.521186440677966,128.508986388044
"Common Tern","GGG9",NA,NA,"DD","32543","STEHIR",NA,3,240,97,2021-08-17,1899-12-31 20:30:00,"Atlit Salt-Pans",32.695,34.932,"Yosef Kiat",NA,NA,NA,"GG9",NA,NA,NA,NA,"G","G","9",NA,"G",17,8,NA,NA,NA,NA,NA,NA,NA,NA,NA,NA,NA,NA,NA,NA,NA,NA,2021,8,TRUE,FALSE,TRUE,"Summer chick",0.404166666666667,99.1689567201953
"Common Tern","GGH0",NA,NA,"DD","32544","STEHIR",NA,3,266,140,2021-08-17,1899-12-31 21:30:00,"Atlit Salt-Pans",32.695,34.932,"Yosef Kiat",NA,NA,NA,"GH0",NA,NA,NA,NA,"G","H","0",NA,"G",17,8,NA,NA,NA,NA,NA,NA,NA,NA,NA,NA,NA,NA,NA,NA,NA,NA,2021,8,TRUE,FALSE,TRUE,"Summer chick",0.526315789473684,125.330301061776
"Common Tern","GGH1",NA,NA,"DD","32545","STEHIR",NA,3,252,124,2021-08-17,1899-12-31 21:30:00,"Atlit Salt-Pans",32.695,34.932,"Yosef Kiat",NA,NA,NA,"GH1",NA,NA,NA,NA,"G","H","1",NA,"G",17,8,NA,NA,NA,NA,NA,NA,NA,NA,NA,NA,NA,NA,NA,NA,NA,NA,2021,8,TRUE,FALSE,TRUE,"Summer chick",0.492063492063492,119.032960438993
"Common Tern","GGH4",NA,NA,"DD","32548","STEHIR",NA,3,268,112,2021-08-17,1899-12-31 21:30:00,"Atlit Salt-Pans",32.695,34.932,"Yosef Kiat",NA,NA,NA,"GH4",NA,NA,NA,NA,"G","H","4",NA,"G",17,8,NA,NA,NA,NA,NA,NA,NA,NA,NA,NA,NA,NA,NA,NA,NA,NA,2021,8,TRUE,FALSE,TRUE,"Summer chick",0.417910447761194,99.2992050152702
"Common Tern","GGH8",NA,NA,"DD","32552","STEHIR",NA,3,256,121,2021-08-17,1899-12-31 22:30:00,"Atlit Salt-Pans",32.695,34.932,"Yosef Kiat",NA,NA,NA,"GH8",NA,NA,NA,NA,"G","H","8",NA,"G",17,8,NA,NA,NA,NA,NA,NA,NA,NA,NA,NA,NA,NA,NA,NA,NA,NA,2021,8,TRUE,FALSE,TRUE,"Summer chick",0.47265625,113.815190710441
"Common Tern","GGJ0",NA,NA,"DD","32554","STEHIR",NA,3,246,116,2021-08-17,1899-12-31 22:30:00,"Atlit Salt-Pans",32.695,34.932,"Yosef Kiat",NA,NA,NA,"GJ0",NA,NA,NA,NA,"G","J","0",NA,"G",17,8,NA,NA,NA,NA,NA,NA,NA,NA,NA,NA,NA,NA,NA,NA,NA,NA,2021,8,TRUE,FALSE,TRUE,"Summer chick",0.471544715447154,114.872462950007
"Common Tern","GGJ1",NA,NA,"DD","32555","STEHIR",NA,3,256,104,2021-08-17,1899-12-31 22:30:00,"Atlit Salt-Pans",32.695,34.932,"Yosef Kiat",NA,NA,NA,"GJ1",NA,NA,NA,NA,"G","J","1",NA,"G",17,8,NA,NA,NA,NA,NA,NA,NA,NA,NA,NA,NA,NA,NA,NA,NA,NA,2021,8,TRUE,FALSE,TRUE,"Summer chick",0.40625,97.8246267263296
"Common Tern","GGJ2",NA,NA,"DD","32556","STEHIR",NA,3,246,132,2021-08-17,1899-12-31 23:30:00,"Atlit Salt-Pans",32.695,34.932,"Yosef Kiat",NA,NA,NA,"GJ2",NA,NA,NA,NA,"G","J","2",NA,"G",17,8,NA,NA,NA,NA,NA,NA,NA,NA,NA,NA,NA,NA,NA,NA,NA,NA,2021,8,TRUE,FALSE,TRUE,"Summer chick",0.536585365853659,130.716940598284
"Common Tern","GGJ3",NA,NA,"DD","32557","STEHIR",NA,3,247,117,2021-08-17,1899-12-31 23:30:00,"Atlit Salt-Pans",32.695,34.932,"Yosef Kiat",NA,NA,NA,"GJ3",NA,NA,NA,NA,"G","J","3",NA,"G",17,8,NA,NA,NA,NA,NA,NA,NA,NA,NA,NA,NA,NA,NA,NA,NA,NA,2021,8,TRUE,FALSE,TRUE,"Summer chick",0.473684210526316,115.257449824718
"Common Tern","GGJ4",NA,NA,"DD","32558","STEHIR",NA,3,258,121,2021-08-18,1899-12-31 00:30:00,"Atlit Salt-Pans",32.695,34.932,"Yosef Kiat",NA,NA,NA,"GJ4",NA,NA,NA,NA,"G","J","4",NA,"G",18,8,NA,NA,NA,NA,NA,NA,NA,NA,NA,NA,NA,NA,NA,NA,NA,NA,2021,8,TRUE,FALSE,TRUE,"Summer chick",0.468992248062016,112.677316340274
"Common Tern","GGJ5",NA,NA,"DD","32559","STEHIR",NA,3,226,116,2021-08-18,1899-12-31 00:30:00,"Atlit Salt-Pans",32.695,34.932,"Yosef Kiat",NA,NA,NA,"GJ5",NA,NA,NA,NA,"G","J","5",NA,"G",18,8,NA,NA,NA,NA,NA,NA,NA,NA,NA,NA,NA,NA,NA,NA,NA,NA,2021,8,TRUE,FALSE,TRUE,"Summer chick",0.513274336283186,128.163543314826
"Common Tern","GGJ7",NA,NA,"DD","32561","STEHIR",NA,3,256,113,2021-08-18,1899-12-31 00:30:00,"Atlit Salt-Pans",32.695,34.932,"Yosef Kiat",NA,NA,NA,"GJ7",NA,NA,NA,NA,"G","J","7",NA,"G",18,8,NA,NA,NA,NA,NA,NA,NA,NA,NA,NA,NA,NA,NA,NA,NA,NA,2021,8,TRUE,FALSE,TRUE,"Summer chick",0.44140625,106.2902194238
"Common Tern","GGJ9",NA,NA,"DD","32563","STEHIR",NA,3,260,115,2021-08-18,1899-12-31 00:30:00,"Atlit Salt-Pans",32.695,34.932,"Yosef Kiat",NA,NA,NA,"GJ9",NA,NA,NA,NA,"G","J","9",NA,"G",18,8,NA,NA,NA,NA,NA,NA,NA,NA,NA,NA,NA,NA,NA,NA,NA,NA,2021,8,TRUE,FALSE,TRUE,"Summer chick",0.442307692307692,106.027598839381
"Common Tern","GGK1",NA,NA,"DD","32565","STEHIR",NA,3,252,115,2021-08-18,1899-12-31 01:30:00,"Atlit Salt-Pans",32.695,34.932,"Yosef Kiat",NA,NA,NA,"GK1",NA,NA,NA,NA,"G","K","1",NA,"G",18,8,NA,NA,NA,NA,NA,NA,NA,NA,NA,NA,NA,NA,NA,NA,NA,NA,2021,8,TRUE,FALSE,TRUE,"Summer chick",0.456349206349206,110.393471374872
"Common Tern","BGAY",NA,NA,"DD","32674","STEHIR",NA,3,231,110,2022-07-01,1899-12-31 00:30:00,"Atlit Salt-Pans",32.695,34.932,"Yosef Kiat",NA,NA,NA,"GAY",NA,NA,NA,NA,"G","A","Y",NA,"B",1,7,NA,NA,NA,NA,NA,NA,NA,NA,NA,NA,NA,NA,NA,NA,NA,NA,2022,7,TRUE,FALSE,TRUE,"Summer chick",0.476190476190476,118.148646659008
"Common Tern","BGFW",NA,NA,"DD","32756","STEHIR",NA,3,214,107,2022-07-11,1899-12-31 00:30:00,"Atlit Salt-Pans",32.695,34.932,"Yosef Kiat",NA,NA,NA,"GFW",NA,NA,NA,NA,"G","F","W",NA,"B",11,7,NA,NA,NA,NA,NA,NA,NA,NA,NA,NA,NA,NA,NA,NA,NA,NA,2022,7,TRUE,FALSE,TRUE,"Summer chick",0.5,126.847977352685
"Common Tern","BGFX",NA,NA,"DD","32757","STEHIR",NA,3,201,81,2022-07-11,1899-12-31 00:30:00,"Atlit Salt-Pans",32.695,34.932,"Yosef Kiat",NA,NA,NA,"GFX",NA,NA,NA,NA,"G","F","X",NA,"B",11,7,NA,NA,NA,NA,NA,NA,NA,NA,NA,NA,NA,NA,NA,NA,NA,NA,2022,7,TRUE,FALSE,TRUE,"Summer chick",0.402985074626866,104.118237825482
"Common Tern","BGGB",NA,NA,"DD","32761","STEHIR",NA,3,241,107,2022-07-11,1899-12-31 00:30:00,"Atlit Salt-Pans",32.695,34.932,"Yosef Kiat",NA,NA,NA,"GGB",NA,NA,NA,NA,"G","G","B",NA,"B",11,7,NA,NA,NA,NA,NA,NA,NA,NA,NA,NA,NA,NA,NA,NA,NA,NA,2022,7,TRUE,FALSE,TRUE,"Summer chick",0.443983402489627,108.806849829264
"Common Tern","BGGC",NA,NA,"DD","32762","STEHIR",NA,3,218,106,2022-07-11,1899-12-31 01:15:00,"Atlit Salt-Pans",32.695,34.932,"Yosef Kiat",NA,NA,NA,"GGC",NA,NA,NA,NA,"G","G","C",NA,"B",11,7,NA,NA,NA,NA,NA,NA,NA,NA,NA,NA,NA,NA,NA,NA,NA,NA,2022,7,TRUE,FALSE,TRUE,"Summer chick",0.486238532110092,122.693432083201
"Common Tern","BGGG",NA,NA,"DD","32765","STEHIR",NA,3,235,101,2022-07-11,1899-12-31 01:15:00,"Atlit Salt-Pans",32.695,34.932,"Yosef Kiat",NA,NA,NA,"GGG",NA,NA,NA,NA,"G","G","G",NA,"B",11,7,NA,NA,NA,NA,NA,NA,NA,NA,NA,NA,NA,NA,NA,NA,NA,NA,2022,7,TRUE,FALSE,TRUE,"Summer chick",0.429787234042553,106.103769642377
"Common Tern","BGGH",NA,NA,"DD","32766","STEHIR",NA,3,247,106,2022-07-11,1899-12-31 01:15:00,"Atlit Salt-Pans",32.695,34.932,"Yosef Kiat",NA,NA,NA,"GGH",NA,NA,NA,NA,"G","G","H",NA,"B",11,7,NA,NA,NA,NA,NA,NA,NA,NA,NA,NA,NA,NA,NA,NA,NA,NA,2022,7,TRUE,FALSE,TRUE,"Summer chick",0.42914979757085,104.421279328377
"Common Tern","N+Y0","+",NA,"DD","32782","STEHIR",NA,3,234,110,2022-07-18,1899-12-31 20:30:00,"Atlit Salt-Pans",32.695,34.932,"Yosef Kiat",NA,NA,NA,"+Y0",NA,NA,NA,NA,"+","Y","0",NA,"B",18,7,NA,NA,NA,NA,NA,"GHA",NA,NA,NA,NA,NA,NA,NA,NA,NA,NA,2022,7,TRUE,FALSE,TRUE,"Summer chick",0.47008547008547,116.196576379679
"Common Tern","BGHB",NA,NA,"DD","32783","STEHIR",NA,3,234,105,2022-07-18,1899-12-31 20:30:00,"Atlit Salt-Pans",32.695,34.932,"Yosef Kiat",NA,NA,NA,"GHB",NA,NA,NA,NA,"G","H","B",NA,"B",18,7,NA,NA,NA,NA,NA,NA,NA,NA,NA,NA,NA,NA,NA,NA,NA,NA,2022,7,TRUE,FALSE,TRUE,"Summer chick",0.448717948717949,110.914913816967
"Common Tern","BGHC",NA,NA,"DD","32784","STEHIR",NA,3,253,113,2022-07-18,1899-12-31 20:30:00,"Atlit Salt-Pans",32.695,34.932,"Yosef Kiat",NA,NA,NA,"GHC",NA,NA,NA,NA,"G","H","C",NA,"B",18,7,NA,NA,NA,NA,NA,NA,NA,NA,NA,NA,NA,NA,NA,NA,NA,NA,2022,7,TRUE,FALSE,TRUE,"Summer chick",0.446640316205534,107.920326102494
"Common Tern","BGHF",NA,NA,"DD","32786","STEHIR",NA,3,236,112,2022-07-18,1899-12-31 20:30:00,"Atlit Salt-Pans",32.695,34.932,"Yosef Kiat",NA,NA,NA,"GHF",NA,NA,NA,NA,"G","H","F",NA,"B",18,7,NA,NA,NA,NA,NA,NA,NA,NA,NA,NA,NA,NA,NA,NA,NA,NA,2022,7,TRUE,FALSE,TRUE,"Summer chick",0.474576271186441,117.016312808626
"Common Tern","BGHG",NA,NA,"DD","32787","STEHIR",NA,3,233,106,2022-07-18,1899-12-31 20:30:00,"Atlit Salt-Pans",32.695,34.932,"Yosef Kiat",NA,NA,NA,"GHG",NA,NA,NA,NA,"G","H","G",NA,"B",18,7,NA,NA,NA,NA,NA,NA,NA,NA,NA,NA,NA,NA,NA,NA,NA,NA,2022,7,TRUE,FALSE,TRUE,"Summer chick",0.454935622317597,112.592110546079
"Common Tern","BGHJ",NA,NA,"DD","32789","STEHIR",NA,3,219,94,2022-07-18,1899-12-31 20:30:00,"Atlit Salt-Pans",32.695,34.932,"Yosef Kiat",NA,NA,NA,"GHJ",NA,NA,NA,NA,"G","H","J",NA,"B",18,7,NA,NA,NA,NA,NA,NA,NA,NA,NA,NA,NA,NA,NA,NA,NA,NA,2022,7,TRUE,FALSE,TRUE,"Summer chick",0.429223744292237,108.162569538559
"Common Tern","BGHK",NA,NA,"DD","32790","STEHIR",NA,3,234,109,2022-07-18,1899-12-31 20:30:00,"Atlit Salt-Pans",32.695,34.932,"Yosef Kiat",NA,NA,NA,"GHK",NA,NA,NA,NA,"G","H","K",NA,"B",18,7,NA,NA,NA,NA,NA,NA,NA,NA,NA,NA,NA,NA,NA,NA,NA,NA,2022,7,TRUE,FALSE,TRUE,"Summer chick",0.465811965811966,115.140243867137
"Common Tern","BGHL",NA,NA,"DD","32791","STEHIR",NA,3,239,101,2022-07-18,1899-12-31 20:30:00,"Atlit Salt-Pans",32.695,34.932,"Yosef Kiat",NA,NA,NA,"GHL",NA,NA,NA,NA,"G","H","L",NA,"B",18,7,NA,NA,NA,NA,NA,NA,NA,NA,NA,NA,NA,NA,NA,NA,NA,NA,2022,7,TRUE,FALSE,TRUE,"Summer chick",0.422594142259414,103.816568539072
"Common Tern","BGHP",NA,NA,"DD","32794","STEHIR",NA,3,230,113,2022-07-18,1899-12-31 21:30:00,"Atlit Salt-Pans",32.695,34.932,"Yosef Kiat",NA,NA,NA,"GHP",NA,NA,NA,NA,"G","H","P",NA,"B",18,7,NA,NA,NA,NA,NA,NA,NA,NA,NA,NA,NA,NA,NA,NA,NA,NA,2022,7,TRUE,FALSE,TRUE,"Summer chick",0.491304347826087,122.052649894921
"Common Tern","BGHT",NA,NA,"DD","32797","STEHIR",NA,3,205,103,2022-07-18,1899-12-31 21:30:00,"Atlit Salt-Pans",32.695,34.932,"Yosef Kiat",NA,NA,NA,"GHT",NA,NA,NA,NA,"G","H","T",NA,"B",18,7,NA,NA,NA,NA,NA,NA,NA,NA,NA,NA,NA,NA,NA,NA,NA,NA,2022,7,TRUE,FALSE,TRUE,"Summer chick",0.502439024390244,129.071289372214
"Common Tern","BGHU",NA,NA,"DD","32798","STEHIR",NA,3,246,105,2022-07-18,1899-12-31 21:30:00,"Atlit Salt-Pans",32.695,34.932,"Yosef Kiat",NA,NA,NA,"GHU",NA,NA,NA,NA,"G","H","U",NA,"B",18,7,NA,NA,NA,NA,NA,NA,NA,NA,NA,NA,NA,NA,NA,NA,NA,NA,2022,7,TRUE,FALSE,TRUE,"Summer chick",0.426829268292683,103.979384566817
"Common Tern","BGKL",NA,NA,"DD","32835","STEHIR",NA,3,232,119,2022-07-19,1899-12-31 01:00:00,"Atlit Salt-Pans",32.695,34.932,"Yosef Kiat",NA,NA,NA,"GKL",NA,NA,NA,NA,"G","K","L",NA,"B",19,7,NA,NA,NA,NA,NA,NA,NA,NA,NA,NA,NA,NA,NA,NA,NA,NA,2022,7,TRUE,FALSE,TRUE,"Summer chick",0.512931034482759,127.104472576129
"Common Tern","BGKM",NA,NA,"DD","32836","STEHIR",NA,3,223,102,2022-07-19,1899-12-31 01:00:00,"Atlit Salt-Pans",32.695,34.932,"Yosef Kiat",NA,NA,NA,"GKM",NA,NA,NA,NA,"G","K","M",NA,"B",19,7,NA,NA,NA,NA,NA,NA,NA,NA,NA,NA,NA,NA,NA,NA,NA,NA,2022,7,TRUE,FALSE,TRUE,"Summer chick",0.457399103139013,114.656834480881
"Common Tern","BGKN",NA,NA,"DD","32837","STEHIR",NA,3,237,106,2022-07-19,1899-12-31 01:00:00,"Atlit Salt-Pans",32.695,34.932,"Yosef Kiat",NA,NA,NA,"GKN",NA,NA,NA,NA,"G","K","N",NA,"B",19,7,NA,NA,NA,NA,NA,NA,NA,NA,NA,NA,NA,NA,NA,NA,NA,NA,2022,7,TRUE,FALSE,TRUE,"Summer chick",0.447257383966245,110.144614323599
"Common Tern","BGKP",NA,NA,"DD","32838","STEHIR",NA,3,203,82,2022-07-19,1899-12-31 01:00:00,"Atlit Salt-Pans",32.695,34.932,"Yosef Kiat",NA,NA,NA,"GKP",NA,NA,NA,NA,"G","K","P",NA,"B",19,7,NA,NA,NA,NA,NA,NA,NA,NA,NA,NA,NA,NA,NA,NA,NA,NA,2022,7,TRUE,FALSE,TRUE,"Summer chick",0.403940886699507,104.064773619305
"Common Tern","BGKR",NA,NA,"DD","32839","STEHIR",NA,3,229,98,2022-07-19,1899-12-31 01:00:00,"Atlit Salt-Pans",32.695,34.932,"Yosef Kiat",NA,NA,NA,"GKR",NA,NA,NA,NA,"G","K","R",NA,"B",19,7,NA,NA,NA,NA,NA,NA,NA,NA,NA,NA,NA,NA,NA,NA,NA,NA,2022,7,TRUE,FALSE,TRUE,"Summer chick",0.427947598253275,106.448157407307
"Common Tern","BGKS",NA,NA,"DD","32840","STEHIR",NA,3,218,100,2022-07-19,1899-12-31 01:45:00,"Atlit Salt-Pans",32.695,34.932,"Yosef Kiat",NA,NA,NA,"GKS",NA,NA,NA,NA,"G","K","S",NA,"B",19,7,NA,NA,NA,NA,NA,NA,NA,NA,NA,NA,NA,NA,NA,NA,NA,NA,2022,7,TRUE,FALSE,TRUE,"Summer chick",0.458715596330275,115.748520833209
"Common Tern","BGSG",NA,NA,"DD","32963","STEHIR",NA,3,233,124,2022-07-29,1899-12-31 01:00:00,"Atlit Salt-Pans",32.695,34.932,"Yosef Kiat",NA,NA,NA,"GSG",NA,NA,NA,NA,"G","S","G",NA,"B",29,7,NA,NA,NA,NA,NA,NA,NA,NA,NA,NA,NA,NA,NA,NA,NA,NA,2022,7,TRUE,FALSE,TRUE,"Summer chick",0.532188841201717,131.71152554447
"Common Tern","BGSH",NA,NA,"DD","32964","STEHIR",NA,3,247,126,2022-07-29,1899-12-31 01:00:00,"Atlit Salt-Pans",32.695,34.932,"Yosef Kiat",NA,NA,NA,"GSH",NA,NA,NA,NA,"G","S","H",NA,"B",29,7,NA,NA,NA,NA,NA,NA,NA,NA,NA,NA,NA,NA,NA,NA,NA,NA,2022,7,TRUE,FALSE,TRUE,"Summer chick",0.510121457489879,124.123407503543
"Common Tern","BGSK",NA,NA,"DD","32966","STEHIR",NA,3,247,120,2022-07-29,1899-12-31 01:00:00,"Atlit Salt-Pans",32.695,34.932,"Yosef Kiat",NA,NA,NA,"GSK",NA,NA,NA,NA,"G","S","K",NA,"B",29,7,NA,NA,NA,NA,NA,NA,NA,NA,NA,NA,NA,NA,NA,NA,NA,NA,2022,7,TRUE,FALSE,TRUE,"Summer chick",0.48582995951417,118.212769050993
"Common Tern","BGSM",NA,NA,"DD","32968","STEHIR",NA,3,242,107,2022-07-29,1899-12-31 01:00:00,"Atlit Salt-Pans",32.695,34.932,"Yosef Kiat",NA,NA,NA,"GSM",NA,NA,NA,NA,"G","S","M",NA,"B",29,7,NA,NA,NA,NA,NA,NA,NA,NA,NA,NA,NA,NA,NA,NA,NA,NA,2022,7,TRUE,FALSE,TRUE,"Summer chick",0.442148760330579,108.226681051836
"Common Tern","BGSN",NA,NA,"DD","32969","STEHIR",NA,3,238,104,2022-07-29,1899-12-31 01:00:00,"Atlit Salt-Pans",32.695,34.932,"Yosef Kiat",NA,NA,NA,"GSN",NA,NA,NA,NA,"G","S","N",NA,"B",29,7,NA,NA,NA,NA,NA,NA,NA,NA,NA,NA,NA,NA,NA,NA,NA,NA,2022,7,TRUE,FALSE,TRUE,"Summer chick",0.436974789915966,107.480514909156
"Common Tern","BGST",NA,NA,"DD","32973","STEHIR",NA,3,254,100,2022-07-29,1899-12-31 01:00:00,"Atlit Salt-Pans",32.695,34.932,"Yosef Kiat",NA,NA,NA,"GST",NA,NA,NA,NA,"G","S","T",NA,"B",29,7,NA,NA,NA,NA,NA,NA,NA,NA,NA,NA,NA,NA,NA,NA,NA,NA,2022,7,TRUE,FALSE,TRUE,"Summer chick",0.393700787401575,95.0195176641076
"Common Tern","BGSU",NA,NA,"DD","32974","STEHIR",NA,3,262,121,2022-07-29,1899-12-31 01:00:00,"Atlit Salt-Pans",32.695,34.932,"Yosef Kiat",NA,NA,NA,"GSU",NA,NA,NA,NA,"G","S","U",NA,"B",29,7,NA,NA,NA,NA,NA,NA,NA,NA,NA,NA,NA,NA,NA,NA,NA,NA,2022,7,TRUE,FALSE,TRUE,"Summer chick",0.461832061068702,110.461159677045
"Common Tern","BGTA",NA,NA,"DD","32980","STEHIR",NA,3,242,111,2022-08-09,1899-12-31 20:30:00,"Atlit Salt-Pans",32.695,34.932,"Yosef Kiat",NA,NA,NA,"GTA",NA,NA,NA,NA,"G","T","A",NA,"B",9,8,NA,NA,NA,NA,NA,NA,NA,NA,NA,NA,NA,NA,NA,NA,NA,NA,2022,8,TRUE,FALSE,TRUE,"Summer chick",0.458677685950413,112.272538287419
"Common Tern","BGTB",NA,NA,"DD","32981","STEHIR",NA,3,260,123,2022-08-09,1899-12-31 20:30:00,"Atlit Salt-Pans",32.695,34.932,"Yosef Kiat",NA,NA,NA,"GTB",NA,NA,NA,NA,"G","T","B",NA,"B",9,8,NA,NA,NA,NA,NA,NA,NA,NA,NA,NA,NA,NA,NA,NA,NA,NA,2022,8,TRUE,FALSE,TRUE,"Summer chick",0.473076923076923,113.40343180212
"Common Tern","BGRM",NA,"R","DD","32946","STEHIR",NA,3,254,101,2022-08-09,1899-12-31 20:30:00,"Atlit Salt-Pans",32.695,34.932,"Yosef Kiat",NA,NA,NA,"GRM",NA,NA,NA,NA,"G","R","M",NA,"B",9,8,NA,NA,NA,NA,NA,NA,NA,NA,NA,NA,NA,NA,NA,NA,NA,NA,2022,8,FALSE,TRUE,TRUE,"Summer chick",0.397637795275591,95.9697128407487
"Common Tern","BGWP",NA,NA,"DD","33058","STEHIR",NA,3,250,103,2022-08-10,1899-12-31,"Atlit Salt-Pans",32.695,34.932,"Yosef Kiat",NA,NA,NA,"GWP",NA,NA,NA,NA,"G","W","P",NA,"B",10,8,NA,NA,NA,NA,NA,NA,NA,NA,NA,NA,NA,NA,NA,NA,NA,NA,2022,8,TRUE,FALSE,TRUE,"Summer chick",0.412,99.8966267987573
"Common Tern","BGWR",NA,NA,"DD","33059","STEHIR",NA,3,257,124,2022-08-10,1899-12-31,"Atlit Salt-Pans",32.695,34.932,"Yosef Kiat",NA,NA,NA,"GWR",NA,NA,NA,NA,"G","W","R",NA,"B",10,8,NA,NA,NA,NA,NA,NA,NA,NA,NA,NA,NA,NA,NA,NA,NA,NA,2022,8,TRUE,FALSE,TRUE,"Summer chick",0.482490272373541,116.051412977098
"Common Tern","BGWS",NA,NA,"DD","33060","STEHIR",NA,3,260,107,2022-08-10,1899-12-31,"Atlit Salt-Pans",32.695,34.932,"Yosef Kiat",NA,NA,NA,"GWS",NA,NA,NA,NA,"G","W","S",NA,"B",10,8,NA,NA,NA,NA,NA,NA,NA,NA,NA,NA,NA,NA,NA,NA,NA,NA,2022,8,TRUE,FALSE,TRUE,"Summer chick",0.411538461538462,98.6517658766411
"Common Tern","BGWU",NA,NA,"DD","33062","STEHIR",NA,3,251,121,2022-08-10,1899-12-31,"Atlit Salt-Pans",32.695,34.932,"Yosef Kiat",NA,NA,NA,"GWU",NA,NA,NA,NA,"G","W","U",NA,"B",10,8,NA,NA,NA,NA,NA,NA,NA,NA,NA,NA,NA,NA,NA,NA,NA,NA,2022,8,TRUE,FALSE,TRUE,"Summer chick",0.48207171314741,116.750969180887
"Common Tern","BGWV",NA,NA,"DD","33063","STEHIR",NA,3,261,117,2022-08-10,1899-12-31,"Atlit Salt-Pans",32.695,34.932,"Yosef Kiat",NA,NA,NA,"GWV",NA,NA,NA,NA,"G","W","V",NA,"B",10,8,NA,NA,NA,NA,NA,NA,NA,NA,NA,NA,NA,NA,NA,NA,NA,NA,2022,8,TRUE,FALSE,TRUE,"Summer chick",0.448275862068966,107.338223428332
"Common Tern","BGWX",NA,NA,"DD","33065","STEHIR",NA,3,259,124,2022-08-10,1899-12-31,"Atlit Salt-Pans",32.695,34.932,"Yosef Kiat",NA,NA,NA,"GWX",NA,NA,NA,NA,"G","W","X",NA,"B",10,8,NA,NA,NA,NA,NA,NA,NA,NA,NA,NA,NA,NA,NA,NA,NA,NA,2022,8,TRUE,FALSE,TRUE,"Summer chick",0.478764478764479,114.895656434313
"Common Tern","BGWZ",NA,NA,"DD","33067","STEHIR",NA,3,261,115,2022-08-10,1899-12-31,"Atlit Salt-Pans",32.695,34.932,"Yosef Kiat",NA,NA,NA,"GWZ",NA,NA,NA,NA,"G","W","Z",NA,"B",10,8,NA,NA,NA,NA,NA,NA,NA,NA,NA,NA,NA,NA,NA,NA,NA,NA,2022,8,TRUE,FALSE,TRUE,"Summer chick",0.440613026819923,105.503382002207
"Common Tern","BGXA",NA,NA,"DD","33069","STEHIR",NA,3,245,95,2022-08-10,1899-12-31 01:30:00,"Atlit Salt-Pans",32.695,34.932,"Yosef Kiat",NA,NA,NA,"GXA",NA,NA,NA,NA,"G","X","A",NA,"B",10,8,NA,NA,NA,NA,NA,NA,NA,NA,NA,NA,NA,NA,NA,NA,NA,NA,2022,8,TRUE,FALSE,TRUE,"Summer chick",0.387755102040816,94.5726620721699
"Common Tern","BGXB",NA,NA,"DD","33070","STEHIR",NA,3,247,102,2022-08-10,1899-12-31 01:30:00,"Atlit Salt-Pans",32.695,34.932,"Yosef Kiat",NA,NA,NA,"GXB",NA,NA,NA,NA,"G","X","B",NA,"B",10,8,NA,NA,NA,NA,NA,NA,NA,NA,NA,NA,NA,NA,NA,NA,NA,NA,2022,8,TRUE,FALSE,TRUE,"Summer chick",0.412955465587045,100.480853693344
"Common Tern","BGXC",NA,NA,"DD","33071","STEHIR",NA,3,247,87,2022-08-10,1899-12-31 01:30:00,"Atlit Salt-Pans",32.695,34.932,"Yosef Kiat",NA,NA,NA,"GXC",NA,NA,NA,NA,"G","X","C",NA,"B",10,8,NA,NA,NA,NA,NA,NA,NA,NA,NA,NA,NA,NA,NA,NA,NA,NA,2022,8,TRUE,FALSE,TRUE,"Summer chick",0.352226720647773,85.70425756197
"Common Tern","BGXE",NA,NA,"DD","33072","STEHIR",NA,3,262,121,2022-08-10,1899-12-31 02:30:00,"Atlit Salt-Pans",32.695,34.932,"Yosef Kiat",NA,NA,NA,"GXE",NA,NA,NA,NA,"G","X","E",NA,"B",10,8,NA,NA,NA,NA,NA,NA,NA,NA,NA,NA,NA,NA,NA,NA,NA,NA,2022,8,TRUE,FALSE,TRUE,"Summer chick",0.461832061068702,110.461159677045
"Common Tern","BGXF",NA,NA,"DD","33073","STEHIR",NA,3,242,118,2022-08-10,1899-12-31 02:30:00,"Atlit Salt-Pans",32.695,34.932,"Yosef Kiat",NA,NA,NA,"GXF",NA,NA,NA,NA,"G","X","F",NA,"B",10,8,NA,NA,NA,NA,NA,NA,NA,NA,NA,NA,NA,NA,NA,NA,NA,NA,2022,8,TRUE,FALSE,TRUE,"Summer chick",0.487603305785124,119.352788449688
"Common Tern","BGZB",NA,NA,"DD","33114","STEHIR",NA,3,258,132,2022-08-16,1899-12-31 22:00:00,"Atlit Salt-Pans",32.695,34.932,"Yosef Kiat",NA,NA,NA,"GZB",NA,NA,NA,NA,"G","Z","B",NA,"B",16,8,NA,NA,NA,NA,NA,NA,NA,NA,NA,NA,NA,NA,NA,NA,NA,NA,2022,8,TRUE,FALSE,TRUE,"Summer chick",0.511627906976744,122.920708734844
"Common Tern","BGZF",NA,NA,"DD","33117","STEHIR",NA,3,264,105,2022-08-16,1899-12-31 22:00:00,"Atlit Salt-Pans",32.695,34.932,"Yosef Kiat",NA,NA,NA,"GZF",NA,NA,NA,NA,"G","Z","F",NA,"B",16,8,NA,NA,NA,NA,NA,NA,NA,NA,NA,NA,NA,NA,NA,NA,NA,NA,2022,8,TRUE,FALSE,TRUE,"Summer chick",0.397727272727273,94.9181675453018
"Common Tern","BGZG",NA,NA,"DD","33118","STEHIR",NA,3,259,115,2022-08-16,1899-12-31 22:00:00,"Atlit Salt-Pans",32.695,34.932,"Yosef Kiat",NA,NA,NA,"GZG",NA,NA,NA,NA,"G","Z","G",NA,"B",16,8,NA,NA,NA,NA,NA,NA,NA,NA,NA,NA,NA,NA,NA,NA,NA,NA,2022,8,TRUE,FALSE,TRUE,"Summer chick",0.444015444015444,106.55645556408
"Common Tern","BGZH",NA,NA,"DD","33119","STEHIR",NA,3,256,116,2022-08-16,1899-12-31 22:00:00,"Atlit Salt-Pans",32.695,34.932,"Yosef Kiat",NA,NA,NA,"GZH",NA,NA,NA,NA,"G","Z","H",NA,"B",16,8,NA,NA,NA,NA,NA,NA,NA,NA,NA,NA,NA,NA,NA,NA,NA,NA,2022,8,TRUE,FALSE,TRUE,"Summer chick",0.453125,109.112083656291
"Common Tern","BGZJ",NA,NA,"DD","33120","STEHIR",NA,3,257,134,2022-08-16,1899-12-31 22:00:00,"Atlit Salt-Pans",32.695,34.932,"Yosef Kiat",NA,NA,NA,"GZJ",NA,NA,NA,NA,"G","Z","J",NA,"B",16,8,NA,NA,NA,NA,NA,NA,NA,NA,NA,NA,NA,NA,NA,NA,NA,NA,2022,8,TRUE,FALSE,TRUE,"Summer chick",0.521400778210117,125.410397894605
"Common Tern","BGZK",NA,NA,"DD","33121","STEHIR",NA,3,252,111,2022-08-16,1899-12-31 22:00:00,"Atlit Salt-Pans",32.695,34.932,"Yosef Kiat",NA,NA,NA,"GZK",NA,NA,NA,NA,"G","Z","K",NA,"B",16,8,NA,NA,NA,NA,NA,NA,NA,NA,NA,NA,NA,NA,NA,NA,NA,NA,2022,8,TRUE,FALSE,TRUE,"Summer chick",0.44047619047619,106.553698457485
"Common Tern","BGZM",NA,NA,"DD","33123","STEHIR",NA,3,249,128,2022-08-16,1899-12-31 22:00:00,"Atlit Salt-Pans",32.695,34.932,"Yosef Kiat",NA,NA,NA,"GZM",NA,NA,NA,NA,"G","Z","M",NA,"B",16,8,NA,NA,NA,NA,NA,NA,NA,NA,NA,NA,NA,NA,NA,NA,NA,NA,2022,8,TRUE,FALSE,TRUE,"Summer chick",0.514056224899598,124.787480239225
"Common Tern","BGZN",NA,NA,"DD","33124","STEHIR",NA,3,258,137,2022-08-16,1899-12-31 22:00:00,"Atlit Salt-Pans",32.695,34.932,"Yosef Kiat",NA,NA,NA,"GZN",NA,NA,NA,NA,"G","Z","N",NA,"B",16,8,NA,NA,NA,NA,NA,NA,NA,NA,NA,NA,NA,NA,NA,NA,NA,NA,2022,8,TRUE,FALSE,TRUE,"Summer chick",0.531007751937985,127.576796186922
"Common Tern","BGZP",NA,NA,"DD","33125","STEHIR",NA,3,261,117,2022-08-16,1899-12-31 22:00:00,"Atlit Salt-Pans",32.695,34.932,"Yosef Kiat",NA,NA,NA,"GZP",NA,NA,NA,NA,"G","Z","P",NA,"B",16,8,NA,NA,NA,NA,NA,NA,NA,NA,NA,NA,NA,NA,NA,NA,NA,NA,2022,8,TRUE,FALSE,TRUE,"Summer chick",0.448275862068966,107.338223428332
"Common Tern","BGZR",NA,NA,"DD","33126","STEHIR",NA,3,254,105,2022-08-16,1899-12-31 22:00:00,"Atlit Salt-Pans",32.695,34.932,"Yosef Kiat",NA,NA,NA,"GZR",NA,NA,NA,NA,"G","Z","R",NA,"B",16,8,NA,NA,NA,NA,NA,NA,NA,NA,NA,NA,NA,NA,NA,NA,NA,NA,2022,8,TRUE,FALSE,TRUE,"Summer chick",0.413385826771654,99.770493547313
"Common Tern","BGZS",NA,NA,"DD","33127","STEHIR",NA,3,246,108,2022-08-16,1899-12-31 23:00:00,"Atlit Salt-Pans",32.695,34.932,"Yosef Kiat",NA,NA,NA,"GZS",NA,NA,NA,NA,"G","Z","S",NA,"B",16,8,NA,NA,NA,NA,NA,NA,NA,NA,NA,NA,NA,NA,NA,NA,NA,NA,2022,8,TRUE,FALSE,TRUE,"Summer chick",0.439024390243902,106.950224125869
"Common Tern","BGZV",NA,NA,"DD","33130","STEHIR",NA,3,248,106,2022-08-16,1899-12-31 23:00:00,"Atlit Salt-Pans",32.695,34.932,"Yosef Kiat",NA,NA,NA,"GZV",NA,NA,NA,NA,"G","Z","V",NA,"B",16,8,NA,NA,NA,NA,NA,NA,NA,NA,NA,NA,NA,NA,NA,NA,NA,NA,2022,8,TRUE,FALSE,TRUE,"Summer chick",0.42741935483871,103.877957507573
"Common Tern","BGZW",NA,NA,"DD","33131","STEHIR",NA,3,261,122,2022-08-16,1899-12-31 23:00:00,"Atlit Salt-Pans",32.695,34.932,"Yosef Kiat",NA,NA,NA,"GZW",NA,NA,NA,NA,"G","Z","W",NA,"B",16,8,NA,NA,NA,NA,NA,NA,NA,NA,NA,NA,NA,NA,NA,NA,NA,NA,2022,8,TRUE,FALSE,TRUE,"Summer chick",0.467432950191571,111.925326993645
"Common Tern","BGZX",NA,NA,"DD","33132","STEHIR",NA,3,262,114,2022-08-16,1899-12-31 23:00:00,"Atlit Salt-Pans",32.695,34.932,"Yosef Kiat",NA,NA,NA,"GZX",NA,NA,NA,NA,"G","Z","X",NA,"B",16,8,NA,NA,NA,NA,NA,NA,NA,NA,NA,NA,NA,NA,NA,NA,NA,NA,2022,8,TRUE,FALSE,TRUE,"Summer chick",0.435114503816794,104.070844654406
"Common Tern","BG0A",NA,NA,"DD","33135","STEHIR",NA,3,262,130,2022-08-16,1899-12-31 23:00:00,"Atlit Salt-Pans",32.695,34.932,"Yosef Kiat",NA,NA,NA,"G0A",NA,NA,NA,NA,"G","0","A",NA,"B",16,8,NA,NA,NA,NA,NA,NA,NA,NA,NA,NA,NA,NA,NA,NA,NA,NA,2022,8,TRUE,FALSE,TRUE,"Summer chick",0.49618320610687,118.677278991867
"Common Tern","BG2A",NA,NA,"DD","33137","STEHIR",NA,3,265,146,2022-08-16,1899-12-31 23:00:00,"Atlit Salt-Pans",32.695,34.932,"Yosef Kiat",NA,NA,NA,"G2A",NA,NA,NA,NA,"G","2","A",NA,"B",16,8,NA,NA,NA,NA,NA,NA,NA,NA,NA,NA,NA,NA,NA,NA,NA,NA,2022,8,TRUE,FALSE,TRUE,"Summer chick",0.550943396226415,131.338759503536
"Common Tern","BGVB",NA,"R","DD","33025","STEHIR",NA,3,265,115,2022-08-16,1899-12-31 23:00:00,"Atlit Salt-Pans",32.695,34.932,"Yosef Kiat",NA,NA,NA,"GVB",NA,NA,NA,NA,"G","V","B",NA,"B",16,8,NA,NA,NA,NA,NA,NA,NA,NA,NA,NA,NA,NA,NA,NA,NA,NA,2022,8,FALSE,TRUE,TRUE,"Summer chick",0.433962264150943,103.451762622648
"Common Tern","BGPZ",NA,"R","DD","32935","STEHIR",NA,3,250,115,2022-08-16,1899-12-31 23:00:00,"Atlit Salt-Pans",32.695,34.932,"Yosef Kiat",NA,NA,NA,"GPZ",NA,NA,NA,NA,"G","P","Z",NA,"B",16,8,NA,NA,NA,NA,NA,NA,NA,NA,NA,NA,NA,NA,NA,NA,NA,NA,2022,8,FALSE,TRUE,TRUE,"Summer chick",0.46,111.535068755894
"Common Tern","BG3A",NA,NA,"DD","33138","STEHIR",NA,3,270,106,2022-08-17,1899-12-31,"Atlit Salt-Pans",32.695,34.932,"Yosef Kiat",NA,NA,NA,"G3A",NA,NA,NA,NA,"G","3","A",NA,"B",17,8,NA,NA,NA,NA,NA,NA,NA,NA,NA,NA,NA,NA,NA,NA,NA,NA,2022,8,TRUE,FALSE,TRUE,"Summer chick",0.392592592592593,93.0817511531209
"Common Tern","BG4A",NA,NA,"DD","33139","STEHIR",NA,3,263,121,2022-08-17,1899-12-31,"Atlit Salt-Pans",32.695,34.932,"Yosef Kiat",NA,NA,NA,"G4A",NA,NA,NA,NA,"G","4","A",NA,"B",17,8,NA,NA,NA,NA,NA,NA,NA,NA,NA,NA,NA,NA,NA,NA,NA,NA,2022,8,TRUE,FALSE,TRUE,"Summer chick",0.460076045627376,109.919173459006
"Common Tern","BG5A",NA,NA,"DD","33140","STEHIR",NA,3,245,98,2022-08-17,1899-12-31,"Atlit Salt-Pans",32.695,34.932,"Yosef Kiat",NA,NA,NA,"G5A",NA,NA,NA,NA,"G","5","A",NA,"B",17,8,NA,NA,NA,NA,NA,NA,NA,NA,NA,NA,NA,NA,NA,NA,NA,NA,2022,8,TRUE,FALSE,TRUE,"Summer chick",0.4,97.5591671902384
"Common Tern","BG7A",NA,NA,"DD","33142","STEHIR",NA,3,257,113,2022-08-17,1899-12-31,"Atlit Salt-Pans",32.695,34.932,"Yosef Kiat",NA,NA,NA,"G7A",NA,NA,NA,NA,"G","7","A",NA,"B",17,8,NA,NA,NA,NA,NA,NA,NA,NA,NA,NA,NA,NA,NA,NA,NA,NA,2022,8,TRUE,FALSE,TRUE,"Summer chick",0.439688715953307,105.756529567839
"Common Tern","BGLK",NA,"R","DD","32856","STEHIR",NA,3,256,108,2022-08-25,1899-12-31 20:00:00,"Atlit Salt-Pans",32.695,34.932,"Yosef Kiat",NA,NA,NA,"GLK",NA,NA,NA,NA,"G","L","K",NA,"B",25,8,NA,NA,NA,NA,NA,NA,NA,NA,NA,NA,NA,NA,NA,NA,NA,NA,2022,8,FALSE,TRUE,TRUE,"Summer chick",0.421875,101.58711236965
"Common Tern","BG5B",NA,NA,"DD","33150","STEHIR",NA,3,254,131,2022-08-25,1899-12-31 20:00:00,"Atlit Salt-Pans",32.695,34.932,"Yosef Kiat",NA,NA,NA,"G5B",NA,NA,NA,NA,"G","5","B",NA,"B",25,8,NA,NA,NA,NA,NA,NA,NA,NA,NA,NA,NA,NA,NA,NA,NA,NA,2022,8,TRUE,FALSE,TRUE,"Summer chick",0.515748031496063,124.475568139981
"Common Tern","BG6B",NA,NA,"DD","33151","STEHIR",NA,3,252,143,2022-08-25,1899-12-31 20:00:00,"Atlit Salt-Pans",32.695,34.932,"Yosef Kiat",NA,NA,NA,"G6B",NA,NA,NA,NA,"G","6","B",NA,"B",25,8,NA,NA,NA,NA,NA,NA,NA,NA,NA,NA,NA,NA,NA,NA,NA,NA,2022,8,TRUE,FALSE,TRUE,"Summer chick",0.567460317460317,137.27188179658
"Common Tern","BG7B",NA,NA,"DD","33152","STEHIR",NA,3,251,101,2022-08-25,1899-12-31 20:00:00,"Atlit Salt-Pans",32.695,34.932,"Yosef Kiat",NA,NA,NA,"G7B",NA,NA,NA,NA,"G","7","B",NA,"B",25,8,NA,NA,NA,NA,NA,NA,NA,NA,NA,NA,NA,NA,NA,NA,NA,NA,2022,8,TRUE,FALSE,TRUE,"Summer chick",0.402390438247012,97.4532883245418
"Common Tern","BG8B",NA,NA,"DD","33153","STEHIR",NA,3,263,113,2022-08-25,1899-12-31 20:00:00,"Atlit Salt-Pans",32.695,34.932,"Yosef Kiat",NA,NA,NA,"G8B",NA,NA,NA,NA,"G","8","B",NA,"B",25,8,NA,NA,NA,NA,NA,NA,NA,NA,NA,NA,NA,NA,NA,NA,NA,NA,2022,8,TRUE,FALSE,TRUE,"Summer chick",0.429657794676806,102.651790089816
"Common Tern","BG9B",NA,NA,"DD","33154","STEHIR",NA,3,243,116,2022-08-25,1899-12-31 20:00:00,"Atlit Salt-Pans",32.695,34.932,"Yosef Kiat",NA,NA,NA,"G9B",NA,NA,NA,NA,"G","9","B",NA,"B",25,8,NA,NA,NA,NA,NA,NA,NA,NA,NA,NA,NA,NA,NA,NA,NA,NA,2022,8,TRUE,FALSE,TRUE,"Summer chick",0.477366255144033,116.706818528768
"Common Tern","BG0C",NA,NA,"DD","33155","STEHIR",NA,3,253,126,2022-08-25,1899-12-31 20:00:00,"Atlit Salt-Pans",32.695,34.932,"Yosef Kiat",NA,NA,NA,"G0C",NA,NA,NA,NA,"G","0","C",NA,"B",25,8,NA,NA,NA,NA,NA,NA,NA,NA,NA,NA,NA,NA,NA,NA,NA,NA,2022,8,TRUE,FALSE,TRUE,"Summer chick",0.49802371541502,120.335938839949
"Common Tern","BG1C",NA,NA,"DD","33156","STEHIR",NA,3,263,125,2022-08-25,1899-12-31 20:00:00,"Atlit Salt-Pans",32.695,34.932,"Yosef Kiat",NA,NA,NA,"G1C",NA,NA,NA,NA,"G","1","C",NA,"B",25,8,NA,NA,NA,NA,NA,NA,NA,NA,NA,NA,NA,NA,NA,NA,NA,NA,2022,8,TRUE,FALSE,TRUE,"Summer chick",0.475285171102662,113.552865143601
"Common Tern","BG3C",NA,NA,"DD","33158","STEHIR",NA,3,261,115,2022-08-25,1899-12-31 20:00:00,"Atlit Salt-Pans",32.695,34.932,"Yosef Kiat",NA,NA,NA,"G3C",NA,NA,NA,NA,"G","3","C",NA,"B",25,8,NA,NA,NA,NA,NA,NA,NA,NA,NA,NA,NA,NA,NA,NA,NA,NA,2022,8,TRUE,FALSE,TRUE,"Summer chick",0.440613026819923,105.503382002207
"Common Tern","BG4C",NA,NA,"DD","33159","STEHIR",NA,3,266,122,2022-08-25,1899-12-31 21:00:00,"Atlit Salt-Pans",32.695,34.932,"Yosef Kiat",NA,NA,NA,"G4C",NA,NA,NA,NA,"G","4","C",NA,"B",25,8,NA,NA,NA,NA,NA,NA,NA,NA,NA,NA,NA,NA,NA,NA,NA,NA,2022,8,TRUE,FALSE,TRUE,"Summer chick",0.458646616541353,109.216405210977
"Common Tern","BG5C",NA,NA,"DD","33160","STEHIR",NA,3,243,109,2022-08-25,1899-12-31 22:00:00,"Atlit Salt-Pans",32.695,34.932,"Yosef Kiat",NA,NA,NA,"G5C",NA,NA,NA,NA,"G","5","C",NA,"B",25,8,NA,NA,NA,NA,NA,NA,NA,NA,NA,NA,NA,NA,NA,NA,NA,NA,2022,8,TRUE,FALSE,TRUE,"Summer chick",0.448559670781893,109.664165686515
"Common Tern","BG6C",NA,NA,"DD","33161","STEHIR",NA,3,258,135,2022-08-25,1899-12-31 22:00:00,"Atlit Salt-Pans",32.695,34.932,"Yosef Kiat",NA,NA,NA,"G6C",NA,NA,NA,NA,"G","6","C",NA,"B",25,8,NA,NA,NA,NA,NA,NA,NA,NA,NA,NA,NA,NA,NA,NA,NA,NA,2022,8,TRUE,FALSE,TRUE,"Summer chick",0.523255813953488,125.714361206091
"Common Tern","W+UB",NA,NA,"DD","33740","STEHIR",NA,3,210,115,2023-07-05,1899-12-31 21:00:00,"Atlit Salt-Pans",32.695,34.932,"Yosef Kiat",NA,NA,NA,"+UB",NA,NA,NA,NA,"+","U","B",NA,"W",5,7,NA,NA,NA,NA,NA,NA,NA,NA,NA,NA,NA,NA,NA,NA,NA,NA,2023,7,TRUE,FALSE,TRUE,"Summer chick",0.547619047619048,139.694037731094
"Common Tern","W+ZT",NA,NA,"DD","33861","STEHIR",NA,3,263,142,2023-07-30,1899-12-31 20:30:00,"Atlit Salt-Pans",32.695,34.932,"Yosef Kiat",NA,NA,NA,"+ZT",NA,NA,NA,NA,"+","Z","T",NA,"W",21,6,NA,NA,NA,NA,NA,NA,NA,NA,NA,NA,NA,NA,NA,NA,NA,NA,2023,7,TRUE,FALSE,TRUE,"Summer chick",0.539923954372624,128.996054803131
"Common Tern","W+ZU",NA,NA,"DD","33862","STEHIR",NA,3,267,111,2023-07-30,1899-12-31 20:30:00,"Atlit Salt-Pans",32.695,34.932,"Yosef Kiat",NA,NA,NA,"+ZU",NA,NA,NA,NA,"+","Z","U",NA,"W",21,6,NA,NA,NA,NA,NA,NA,NA,NA,NA,NA,NA,NA,NA,NA,NA,NA,2023,7,TRUE,FALSE,TRUE,"Summer chick",0.415730337078652,98.8887629191305
"Common Tern","W+ZV",NA,NA,"DD","33863","STEHIR",NA,3,245,112,2023-07-30,1899-12-31 20:30:00,"Atlit Salt-Pans",32.695,34.932,"Yosef Kiat",NA,NA,NA,"+ZV",NA,NA,NA,NA,"+","Z","V",NA,"W",21,6,NA,NA,NA,NA,NA,NA,NA,NA,NA,NA,NA,NA,NA,NA,NA,NA,2023,7,TRUE,FALSE,TRUE,"Summer chick",0.457142857142857,111.496191074558
"Common Tern","W+ZW",NA,NA,"DD","33864","STEHIR",NA,3,270,122,2023-07-30,1899-12-31 20:30:00,"Atlit Salt-Pans",32.695,34.932,"Yosef Kiat",NA,NA,NA,"+ZW",NA,NA,NA,NA,"+","Z","W",NA,"W",21,6,NA,NA,NA,NA,NA,NA,NA,NA,NA,NA,NA,NA,NA,NA,NA,NA,2023,7,TRUE,FALSE,TRUE,"Summer chick",0.451851851851852,107.131826798875
"Common Tern","W+ZX",NA,NA,"DD","33865","STEHIR",NA,3,230,108,2023-07-30,1899-12-31 20:30:00,"Atlit Salt-Pans",32.695,34.932,"Yosef Kiat",NA,NA,NA,"+ZX",NA,NA,NA,NA,"+","Z","X",NA,"W",21,6,NA,NA,NA,NA,NA,NA,NA,NA,NA,NA,NA,NA,NA,NA,NA,NA,2023,7,TRUE,FALSE,TRUE,"Summer chick",0.469565217391304,116.652090165057
"Common Tern","W+ZY",NA,NA,"DD","33866","STEHIR",NA,3,266,121,2023-07-30,1899-12-31 20:30:00,"Atlit Salt-Pans",32.695,34.932,"Yosef Kiat",NA,NA,NA,"+ZY",NA,NA,NA,NA,"+","Z","Y",NA,"W",21,6,NA,NA,NA,NA,NA,NA,NA,NA,NA,NA,NA,NA,NA,NA,NA,NA,2023,7,TRUE,FALSE,TRUE,"Summer chick",0.454887218045113,108.321188774821
"Common Tern","W+00",NA,NA,"DD","33868","STEHIR",NA,3,251,122,2023-07-30,1899-12-31 20:30:00,"Atlit Salt-Pans",32.695,34.932,"Yosef Kiat",NA,NA,NA,"+00",NA,NA,NA,NA,"+","0","0",NA,"W",21,6,NA,NA,NA,NA,NA,NA,NA,NA,NA,NA,NA,NA,NA,NA,NA,NA,2023,7,TRUE,FALSE,TRUE,"Summer chick",0.48605577689243,117.715853223704
"Common Tern","W+02",NA,NA,"DD","33870","STEHIR",NA,3,245,112,2023-07-30,1899-12-31 20:30:00,"Atlit Salt-Pans",32.695,34.932,"Yosef Kiat",NA,NA,NA,"+02",NA,NA,NA,NA,"+","0","2",NA,"W",21,6,NA,NA,NA,NA,NA,NA,NA,NA,NA,NA,NA,NA,NA,NA,NA,NA,2023,7,TRUE,FALSE,TRUE,"Summer chick",0.457142857142857,111.496191074558
"Common Tern","W+04",NA,NA,"DD","33872","STEHIR",NA,3,246,108,2023-07-30,1899-12-31 20:30:00,"Atlit Salt-Pans",32.695,34.932,"Yosef Kiat",NA,NA,NA,"+04",NA,NA,NA,NA,"+","0","4",NA,"W",21,6,NA,NA,NA,NA,NA,NA,NA,NA,NA,NA,NA,NA,NA,NA,NA,NA,2023,7,TRUE,FALSE,TRUE,"Summer chick",0.439024390243902,106.950224125869
"Common Tern","W+06",NA,NA,"DD","33874","STEHIR",NA,3,245,120,2023-07-30,1899-12-31 20:30:00,"Atlit Salt-Pans",32.695,34.932,"Yosef Kiat",NA,NA,NA,"+06",NA,NA,NA,NA,"+","0","6",NA,"W",21,6,NA,NA,NA,NA,NA,NA,NA,NA,NA,NA,NA,NA,NA,NA,NA,NA,2023,7,TRUE,FALSE,TRUE,"Summer chick",0.489795918367347,119.460204722741
"Common Tern","W+07",NA,NA,"DD","33875","STEHIR",NA,3,248,119,2023-07-30,1899-12-31 20:30:00,"Atlit Salt-Pans",32.695,34.932,"Yosef Kiat",NA,NA,NA,"+07",NA,NA,NA,NA,"+","0","7",NA,"W",21,6,NA,NA,NA,NA,NA,NA,NA,NA,NA,NA,NA,NA,NA,NA,NA,NA,2023,7,TRUE,FALSE,TRUE,"Summer chick",0.479838709677419,116.617707013219
"Common Tern","W+09",NA,NA,"DD","33877","STEHIR",NA,3,238,110,2023-07-30,1899-12-31 20:30:00,"Atlit Salt-Pans",32.695,34.932,"Yosef Kiat",NA,NA,NA,"+09",NA,NA,NA,NA,"+","0","9",NA,"W",21,6,NA,NA,NA,NA,NA,NA,NA,NA,NA,NA,NA,NA,NA,NA,NA,NA,2023,7,TRUE,FALSE,TRUE,"Summer chick",0.46218487394958,113.681313846222
"Common Tern","W+10",NA,NA,"DD","33878","STEHIR",NA,3,269,125,2023-07-30,1899-12-31 20:30:00,"Atlit Salt-Pans",32.695,34.932,"Yosef Kiat",NA,NA,NA,"+10",NA,NA,NA,NA,"+","1","0",NA,"W",21,6,NA,NA,NA,NA,NA,NA,NA,NA,NA,NA,NA,NA,NA,NA,NA,NA,2023,7,TRUE,FALSE,TRUE,"Summer chick",0.464684014869888,110.29335629365
"Common Tern","W+11",NA,NA,"DD","33879","STEHIR",NA,3,192,97,2023-07-30,1899-12-31 20:30:00,"Atlit Salt-Pans",32.695,34.932,"Yosef Kiat",NA,NA,NA,"+11",NA,NA,NA,NA,"+","1","1",NA,"W",21,6,NA,NA,NA,NA,NA,NA,NA,NA,NA,NA,NA,NA,NA,NA,NA,NA,2023,7,TRUE,FALSE,TRUE,"Summer chick",0.505208333333333,132.281964455462
"Common Tern","W+15",NA,NA,"DD","33883","STEHIR",NA,3,263,98,2023-07-30,1899-12-31 21:15:00,"Atlit Salt-Pans",32.695,34.932,"Yosef Kiat",NA,NA,NA,"+15",NA,NA,NA,NA,"+","1","5",NA,"W",21,6,NA,NA,NA,NA,NA,NA,NA,NA,NA,NA,NA,NA,NA,NA,NA,NA,2023,7,TRUE,FALSE,TRUE,"Summer chick",0.372623574144487,89.0254462725834
"Common Tern","W+16",NA,NA,"DD","33884","STEHIR",NA,3,226,115,2023-07-30,1899-12-31 21:15:00,"Atlit Salt-Pans",32.695,34.932,"Yosef Kiat",NA,NA,NA,"+16",NA,NA,NA,NA,"+","1","6",NA,"W",21,6,NA,NA,NA,NA,NA,NA,NA,NA,NA,NA,NA,NA,NA,NA,NA,NA,2023,7,TRUE,FALSE,TRUE,"Summer chick",0.508849557522124,127.058685182802
"Common Tern","W+17",NA,NA,"DD","33885","STEHIR",NA,3,255,122,2023-07-30,1899-12-31 21:15:00,"Atlit Salt-Pans",32.695,34.932,"Yosef Kiat",NA,NA,NA,"+17",NA,NA,NA,NA,"+","1","7",NA,"W",21,6,NA,NA,NA,NA,NA,NA,NA,NA,NA,NA,NA,NA,NA,NA,NA,NA,2023,7,TRUE,FALSE,TRUE,"Summer chick",0.47843137254902,115.337188254449
"Common Tern","W+18",NA,NA,"DD","33886","STEHIR",NA,3,253,115,2023-07-30,1899-12-31 21:15:00,"Atlit Salt-Pans",32.695,34.932,"Yosef Kiat",NA,NA,NA,"+18",NA,NA,NA,NA,"+","1","8",NA,"W",21,6,NA,NA,NA,NA,NA,NA,NA,NA,NA,NA,NA,NA,NA,NA,NA,NA,2023,7,TRUE,FALSE,TRUE,"Summer chick",0.454545454545455,109.830420369795
"Common Tern","W+19",NA,NA,"DD","33887","STEHIR",NA,3,258,131,2023-07-30,1899-12-31 21:15:00,"Atlit Salt-Pans",32.695,34.932,"Yosef Kiat",NA,NA,NA,"+19",NA,NA,NA,NA,"+","1","9",NA,"W",21,6,NA,NA,NA,NA,NA,NA,NA,NA,NA,NA,NA,NA,NA,NA,NA,NA,2023,7,TRUE,FALSE,TRUE,"Summer chick",0.507751937984496,121.989491244429
"Common Tern","W+20",NA,NA,"DD","33888","STEHIR",NA,3,263,124,2023-07-30,1899-12-31 21:15:00,"Atlit Salt-Pans",32.695,34.932,"Yosef Kiat",NA,NA,NA,"+20",NA,NA,NA,NA,"+","2","0",NA,"W",21,6,NA,NA,NA,NA,NA,NA,NA,NA,NA,NA,NA,NA,NA,NA,NA,NA,2023,7,TRUE,FALSE,TRUE,"Summer chick",0.47148288973384,112.644442222452
"Common Tern","W+21",NA,NA,"DD","33889","STEHIR",NA,3,265,127,2023-07-30,1899-12-31 21:15:00,"Atlit Salt-Pans",32.695,34.932,"Yosef Kiat",NA,NA,NA,"+21",NA,NA,NA,NA,"+","2","1",NA,"W",21,6,NA,NA,NA,NA,NA,NA,NA,NA,NA,NA,NA,NA,NA,NA,NA,NA,2023,7,TRUE,FALSE,TRUE,"Summer chick",0.479245283018868,114.246729157186
"Common Tern","W+22",NA,NA,"DD","33890","STEHIR",NA,3,269,133,2023-07-30,1899-12-31 21:15:00,"Atlit Salt-Pans",32.695,34.932,"Yosef Kiat",NA,NA,NA,"+22",NA,NA,NA,NA,"+","2","2",NA,"W",21,6,NA,NA,NA,NA,NA,NA,NA,NA,NA,NA,NA,NA,NA,NA,NA,NA,2023,7,TRUE,FALSE,TRUE,"Summer chick",0.494423791821561,117.352131096444
"Common Tern","W+24",NA,NA,"DD","33892","STEHIR",NA,3,261,110,2023-07-30,1899-12-31 21:15:00,"Atlit Salt-Pans",32.695,34.932,"Yosef Kiat",NA,NA,NA,"+24",NA,NA,NA,NA,"+","2","4",NA,"W",21,6,NA,NA,NA,NA,NA,NA,NA,NA,NA,NA,NA,NA,NA,NA,NA,NA,2023,7,TRUE,FALSE,TRUE,"Summer chick",0.421455938697318,100.916278436893
"Common Tern","W+26",NA,NA,"DD","33894","STEHIR",NA,3,263,110,2023-07-30,1899-12-31 21:15:00,"Atlit Salt-Pans",32.695,34.932,"Yosef Kiat",NA,NA,NA,"+26",NA,NA,NA,NA,"+","2","6",NA,"W",21,6,NA,NA,NA,NA,NA,NA,NA,NA,NA,NA,NA,NA,NA,NA,NA,NA,2023,7,TRUE,FALSE,TRUE,"Summer chick",0.418250950570342,99.9265213263691
"Common Tern","W+33",NA,NA,"DD","33901","STEHIR",NA,3,248,106,2023-07-30,1899-12-31 21:15:00,"Atlit Salt-Pans",32.695,34.932,"Yosef Kiat",NA,NA,NA,"+33",NA,NA,NA,NA,"+","3","3",NA,"W",21,6,NA,NA,NA,NA,NA,NA,NA,NA,NA,NA,NA,NA,NA,NA,NA,NA,2023,7,TRUE,FALSE,TRUE,"Summer chick",0.42741935483871,103.877957507573
"Common Tern","W+34",NA,NA,"DD","33902","STEHIR",NA,3,272,131,2023-07-30,1899-12-31 21:15:00,"Atlit Salt-Pans",32.695,34.932,"Yosef Kiat",NA,NA,NA,"+34",NA,NA,NA,NA,"+","3","4",NA,"W",21,6,NA,NA,NA,NA,NA,NA,NA,NA,NA,NA,NA,NA,NA,NA,NA,NA,2023,7,TRUE,FALSE,TRUE,"Summer chick",0.481617647058824,113.944056007236
"Common Tern","W+35",NA,NA,"DD","33903","STEHIR",NA,3,215,82,2023-07-30,1899-12-31 22:30:00,"Atlit Salt-Pans",32.695,34.932,"Yosef Kiat",NA,NA,NA,"+35",NA,NA,NA,NA,"+","3","5",NA,"W",21,6,NA,NA,NA,NA,NA,NA,NA,NA,NA,NA,NA,NA,NA,NA,NA,NA,2023,7,TRUE,FALSE,TRUE,"Summer chick",0.381395348837209,96.6272138106568
"Common Tern","W+38",NA,NA,"DD","33906","STEHIR",NA,3,257,133,2023-07-30,1899-12-31 22:30:00,"Atlit Salt-Pans",32.695,34.932,"Yosef Kiat",NA,NA,NA,"+38",NA,NA,NA,NA,"+","3","8",NA,"W",21,6,NA,NA,NA,NA,NA,NA,NA,NA,NA,NA,NA,NA,NA,NA,NA,NA,2023,7,TRUE,FALSE,TRUE,"Summer chick",0.517509727626459,124.474499402855
"Common Tern","W+40",NA,NA,"DD","33908","STEHIR",NA,3,263,120,2023-07-30,1899-12-31 22:30:00,"Atlit Salt-Pans",32.695,34.932,"Yosef Kiat",NA,NA,NA,"+40",NA,NA,NA,NA,"+","4","0",NA,"W",21,6,NA,NA,NA,NA,NA,NA,NA,NA,NA,NA,NA,NA,NA,NA,NA,NA,2023,7,TRUE,FALSE,TRUE,"Summer chick",0.456273764258555,109.010750537857
"Common Tern","W+41",NA,NA,"DD","33909","STEHIR",NA,3,265,129,2023-07-30,1899-12-31 22:30:00,"Atlit Salt-Pans",32.695,34.932,"Yosef Kiat",NA,NA,NA,"+41",NA,NA,NA,NA,"+","4","1",NA,"W",21,6,NA,NA,NA,NA,NA,NA,NA,NA,NA,NA,NA,NA,NA,NA,NA,NA,2023,7,TRUE,FALSE,TRUE,"Summer chick",0.486792452830189,116.045890246275
"Common Tern","W+42",NA,NA,"DD","33910","STEHIR",NA,3,236,95,2023-07-30,1899-12-31 22:30:00,"Atlit Salt-Pans",32.695,34.932,"Yosef Kiat",NA,NA,NA,"+42",NA,NA,NA,NA,"+","4","2",NA,"W",21,6,NA,NA,NA,NA,NA,NA,NA,NA,NA,NA,NA,NA,NA,NA,NA,NA,2023,7,TRUE,FALSE,TRUE,"Summer chick",0.402542372881356,99.2549081858879
"Common Tern","W+43",NA,NA,"DD","33911","STEHIR",NA,3,254,118,2023-07-30,1899-12-31 22:30:00,"Atlit Salt-Pans",32.695,34.932,"Yosef Kiat",NA,NA,NA,"+43",NA,NA,NA,NA,"+","4","3",NA,"W",21,6,NA,NA,NA,NA,NA,NA,NA,NA,NA,NA,NA,NA,NA,NA,NA,NA,2023,7,TRUE,FALSE,TRUE,"Summer chick",0.464566929133858,112.123030843647
"Common Tern","W+44",NA,NA,"DD","33912","STEHIR",NA,3,262,107,2023-07-30,1899-12-31 22:30:00,"Atlit Salt-Pans",32.695,34.932,"Yosef Kiat",NA,NA,NA,"+44",NA,NA,NA,NA,"+","4","4",NA,"W",21,6,NA,NA,NA,NA,NA,NA,NA,NA,NA,NA,NA,NA,NA,NA,NA,NA,2023,7,TRUE,FALSE,TRUE,"Summer chick",0.408396946564886,97.6805296317673
"Common Tern","W+46",NA,NA,"DD","33914","STEHIR",NA,3,264,115,2023-07-30,1899-12-31 22:30:00,"Atlit Salt-Pans",32.695,34.932,"Yosef Kiat",NA,NA,NA,"+46",NA,NA,NA,NA,"+","4","6",NA,"W",21,6,NA,NA,NA,NA,NA,NA,NA,NA,NA,NA,NA,NA,NA,NA,NA,NA,2023,7,TRUE,FALSE,TRUE,"Summer chick",0.435606060606061,103.957993025807
"Common Tern","W+48",NA,NA,"DD","33916","STEHIR",NA,3,268,131,2023-07-30,1899-12-31 22:30:00,"Atlit Salt-Pans",32.695,34.932,"Yosef Kiat",NA,NA,NA,"+48",NA,NA,NA,NA,"+","4","8",NA,"W",21,6,NA,NA,NA,NA,NA,NA,NA,NA,NA,NA,NA,NA,NA,NA,NA,NA,2023,7,TRUE,FALSE,TRUE,"Summer chick",0.488805970149254,116.144605866075
"Common Tern","W+49",NA,NA,"DD","33917","STEHIR",NA,3,245,98,2023-07-30,1899-12-31 22:30:00,"Atlit Salt-Pans",32.695,34.932,"Yosef Kiat",NA,NA,NA,"+49",NA,NA,NA,NA,"+","4","9",NA,"W",21,6,NA,NA,NA,NA,NA,NA,NA,NA,NA,NA,NA,NA,NA,NA,NA,NA,2023,7,TRUE,FALSE,TRUE,"Summer chick",0.4,97.5591671902384
"Common Tern","W+50",NA,NA,"DD","33918","STEHIR",NA,3,257,108,2023-07-30,1899-12-31 22:30:00,"Atlit Salt-Pans",32.695,34.932,"Yosef Kiat",NA,NA,NA,"+50",NA,NA,NA,NA,"+","5","0",NA,"W",21,6,NA,NA,NA,NA,NA,NA,NA,NA,NA,NA,NA,NA,NA,NA,NA,NA,2023,7,TRUE,FALSE,TRUE,"Summer chick",0.420233463035019,101.077037109085
"Common Tern","W+51",NA,NA,"DD","33919","STEHIR",NA,3,262,112,2023-07-30,1899-12-31 22:30:00,"Atlit Salt-Pans",32.695,34.932,"Yosef Kiat",NA,NA,NA,"+51",NA,NA,NA,NA,"+","5","1",NA,"W",21,6,NA,NA,NA,NA,NA,NA,NA,NA,NA,NA,NA,NA,NA,NA,NA,NA,2023,7,TRUE,FALSE,TRUE,"Summer chick",0.427480916030534,102.245040362224
"Common Tern","W+54",NA,NA,"DD","33922","STEHIR",NA,3,268,117,2023-07-30,1899-12-31 23:30:00,"Atlit Salt-Pans",32.695,34.932,"Yosef Kiat",NA,NA,NA,"+54",NA,NA,NA,NA,"+","5","4",NA,"W",21,6,NA,NA,NA,NA,NA,NA,NA,NA,NA,NA,NA,NA,NA,NA,NA,NA,2023,7,TRUE,FALSE,TRUE,"Summer chick",0.436567164179104,103.732205239166
"Common Tern","W+55",NA,NA,"DD","33923","STEHIR",NA,3,258,120,2023-07-30,1899-12-31 23:30:00,"Atlit Salt-Pans",32.695,34.932,"Yosef Kiat",NA,NA,NA,"+55",NA,NA,NA,NA,"+","5","5",NA,"W",21,6,NA,NA,NA,NA,NA,NA,NA,NA,NA,NA,NA,NA,NA,NA,NA,NA,2023,7,TRUE,FALSE,TRUE,"Summer chick",0.465116279069767,111.746098849859
"Common Tern","W+58",NA,NA,"DD","33926","STEHIR",NA,3,260,121,2023-07-30,1899-12-31 23:30:00,"Atlit Salt-Pans",32.695,34.932,"Yosef Kiat",NA,NA,NA,"+58",NA,NA,NA,NA,"+","5","8",NA,"W",21,6,NA,NA,NA,NA,NA,NA,NA,NA,NA,NA,NA,NA,NA,NA,NA,NA,2023,7,TRUE,FALSE,TRUE,"Summer chick",0.465384615384615,111.559473561435
"Common Tern","W+59",NA,NA,"DD","33927","STEHIR",NA,3,259,112,2023-07-30,1899-12-31 23:30:00,"Atlit Salt-Pans",32.695,34.932,"Yosef Kiat",NA,NA,NA,"+59",NA,NA,NA,NA,"+","5","9",NA,"W",21,6,NA,NA,NA,NA,NA,NA,NA,NA,NA,NA,NA,NA,NA,NA,NA,NA,2023,7,TRUE,FALSE,TRUE,"Summer chick",0.432432432432432,103.77672194067
"Common Tern","W+60",NA,NA,"DD","33928","STEHIR",NA,3,263,141,2023-07-30,1899-12-31 23:30:00,"Atlit Salt-Pans",32.695,34.932,"Yosef Kiat",NA,NA,NA,"+60",NA,NA,NA,NA,"+","6","0",NA,"W",21,6,NA,NA,NA,NA,NA,NA,NA,NA,NA,NA,NA,NA,NA,NA,NA,NA,2023,7,TRUE,FALSE,TRUE,"Summer chick",0.536121673003802,128.087631881982
"Common Tern","W+63",NA,NA,"DD","33931","STEHIR",NA,3,267,134,2023-07-30,1899-12-31 23:30:00,"Atlit Salt-Pans",32.695,34.932,"Yosef Kiat",NA,NA,NA,"+63",NA,NA,NA,NA,"+","6","3",NA,"W",21,6,NA,NA,NA,NA,NA,NA,NA,NA,NA,NA,NA,NA,NA,NA,NA,NA,2023,7,TRUE,FALSE,TRUE,"Summer chick",0.50187265917603,119.379227307779
"Common Tern","W+64",NA,NA,"DD","33932","STEHIR",NA,3,262,125,2023-07-30,1899-12-31 23:30:00,"Atlit Salt-Pans",32.695,34.932,"Yosef Kiat",NA,NA,NA,"+64",NA,NA,NA,NA,"+","6","4",NA,"W",21,6,NA,NA,NA,NA,NA,NA,NA,NA,NA,NA,NA,NA,NA,NA,NA,NA,2023,7,TRUE,FALSE,TRUE,"Summer chick",0.477099236641221,114.11276826141
"Common Tern","W+65",NA,NA,"DD","33933","STEHIR",NA,3,252,105,2023-07-30,1899-12-31 23:30:00,"Atlit Salt-Pans",32.695,34.932,"Yosef Kiat",NA,NA,NA,"+65",NA,NA,NA,NA,"+","6","5",NA,"W",21,6,NA,NA,NA,NA,NA,NA,NA,NA,NA,NA,NA,NA,NA,NA,NA,NA,2023,7,TRUE,FALSE,TRUE,"Summer chick",0.416666666666667,100.794039081405
"Common Tern","W+71",NA,NA,"DD","33939","STEHIR",NA,3,257,138,2023-07-31,1899-12-31 00:30:00,"Atlit Salt-Pans",32.695,34.932,"Yosef Kiat",NA,NA,NA,"+71",NA,NA,NA,NA,"+","7","1",NA,"W",21,6,NA,NA,NA,NA,NA,NA,NA,NA,NA,NA,NA,NA,NA,NA,NA,NA,2023,7,TRUE,FALSE,TRUE,"Summer chick",0.536964980544747,129.153991861609
"Common Tern","W+UB",NA,"R","DD","33740","STEHIR",NA,3,267,116,2023-08-07,1899-12-31 20:30:00,"Atlit Salt-Pans",32.695,34.932,"Yosef Kiat",NA,NA,NA,"+UB",NA,NA,NA,NA,"+","U","B",NA,"W",7,8,NA,NA,NA,NA,NA,NA,NA,NA,NA,NA,NA,NA,NA,NA,NA,NA,2023,8,FALSE,TRUE,TRUE,"Summer chick",0.434456928838951,103.343211699271
"Common Tern","W+76",NA,NA,"DD","33944","STEHIR",NA,3,210,85,2023-08-07,1899-12-31 20:30:00,"Atlit Salt-Pans",32.695,34.932,"Yosef Kiat",NA,NA,NA,"+76",NA,NA,NA,NA,"+","7","6",NA,"W",7,8,NA,NA,NA,NA,NA,NA,NA,NA,NA,NA,NA,NA,NA,NA,NA,NA,2023,8,TRUE,FALSE,TRUE,"Summer chick",0.404761904761905,103.252114844722
"Common Tern","W+77",NA,NA,"DD","33945","STEHIR",NA,3,266,122,2023-08-07,1899-12-31 20:30:00,"Atlit Salt-Pans",32.695,34.932,"Yosef Kiat",NA,NA,NA,"+77",NA,NA,NA,NA,"+","7","7",NA,"W",7,8,NA,NA,NA,NA,NA,NA,NA,NA,NA,NA,NA,NA,NA,NA,NA,NA,2023,8,TRUE,FALSE,TRUE,"Summer chick",0.458646616541353,109.216405210977
"Common Tern","W+79",NA,NA,"DD","33947","STEHIR",NA,3,218,106,2023-08-07,1899-12-31 20:30:00,"Atlit Salt-Pans",32.695,34.932,"Yosef Kiat",NA,NA,NA,"+79",NA,NA,NA,NA,"+","7","9",NA,"W",7,8,NA,NA,NA,NA,NA,NA,NA,NA,NA,NA,NA,NA,NA,NA,NA,NA,2023,8,TRUE,FALSE,TRUE,"Summer chick",0.486238532110092,122.693432083201
"Common Tern","W+81",NA,NA,"DD","33949","STEHIR",NA,3,211,103,2023-08-07,1899-12-31 20:30:00,"Atlit Salt-Pans",32.695,34.932,"Yosef Kiat",NA,NA,NA,"+81",NA,NA,NA,NA,"+","8","1",NA,"W",7,8,NA,NA,NA,NA,NA,NA,NA,NA,NA,NA,NA,NA,NA,NA,NA,NA,2023,8,TRUE,FALSE,TRUE,"Summer chick",0.488151658767773,124.35218338874
"Common Tern","W+82",NA,NA,"DD","33950","STEHIR",NA,3,264,121,2023-08-07,1899-12-31 20:30:00,"Atlit Salt-Pans",32.695,34.932,"Yosef Kiat",NA,NA,NA,"+82",NA,NA,NA,NA,"+","8","2",NA,"W",7,8,NA,NA,NA,NA,NA,NA,NA,NA,NA,NA,NA,NA,NA,NA,NA,NA,2023,8,TRUE,FALSE,TRUE,"Summer chick",0.458333333333333,109.38188831411
"Common Tern","W+83",NA,NA,"DD","33951","STEHIR",NA,3,265,114,2023-08-07,1899-12-31 20:30:00,"Atlit Salt-Pans",32.695,34.932,"Yosef Kiat",NA,NA,NA,"+83",NA,NA,NA,NA,"+","8","3",NA,"W",7,8,NA,NA,NA,NA,NA,NA,NA,NA,NA,NA,NA,NA,NA,NA,NA,NA,2023,8,TRUE,FALSE,TRUE,"Summer chick",0.430188679245283,102.552182078104
"Common Tern","W+89",NA,NA,"DD","33957","STEHIR",NA,3,254,120,2023-08-07,1899-12-31 20:30:00,"Atlit Salt-Pans",32.695,34.932,"Yosef Kiat",NA,NA,NA,"+89",NA,NA,NA,NA,"+","8","9",NA,"W",7,8,NA,NA,NA,NA,NA,NA,NA,NA,NA,NA,NA,NA,NA,NA,NA,NA,2023,8,TRUE,FALSE,TRUE,"Summer chick",0.47244094488189,114.023421196929
"Common Tern","W+90",NA,NA,"DD","33958","STEHIR",NA,3,259,127,2023-08-07,1899-12-31 20:30:00,"Atlit Salt-Pans",32.695,34.932,"Yosef Kiat",NA,NA,NA,"+90",NA,NA,NA,NA,"+","9","0",NA,"W",7,8,NA,NA,NA,NA,NA,NA,NA,NA,NA,NA,NA,NA,NA,NA,NA,NA,2023,8,TRUE,FALSE,TRUE,"Summer chick",0.49034749034749,117.675390057724
"Common Tern","W+92",NA,NA,"DD","33960","STEHIR",NA,3,240,117,2023-08-07,1899-12-31 20:30:00,"Atlit Salt-Pans",32.695,34.932,"Yosef Kiat",NA,NA,NA,"+92",NA,NA,NA,NA,"+","9","2",NA,"W",7,8,NA,NA,NA,NA,NA,NA,NA,NA,NA,NA,NA,NA,NA,NA,NA,NA,2023,8,TRUE,FALSE,TRUE,"Summer chick",0.4875,119.61616429137
"Common Tern","W+95",NA,NA,"DD","33963","STEHIR",NA,3,257,129,2023-08-07,1899-12-31 20:30:00,"Atlit Salt-Pans",32.695,34.932,"Yosef Kiat",NA,NA,NA,"+95",NA,NA,NA,NA,"+","9","5",NA,"W",7,8,NA,NA,NA,NA,NA,NA,NA,NA,NA,NA,NA,NA,NA,NA,NA,NA,2023,8,TRUE,FALSE,TRUE,"Summer chick",0.501945525291829,120.730905435852
"Common Tern","W+ZX",NA,"R","DD","33865","STEHIR",NA,3,251,108,2023-08-07,1899-12-31 21:30:00,"Atlit Salt-Pans",32.695,34.932,"Yosef Kiat",NA,NA,NA,"+ZX",NA,NA,NA,NA,"+","Z","X",NA,"W",7,8,NA,NA,NA,NA,NA,NA,NA,NA,NA,NA,NA,NA,NA,NA,NA,NA,2023,8,FALSE,TRUE,TRUE,"Summer chick",0.430278884462151,104.207476624262
"Common Tern","W+99",NA,NA,"DD","33967","STEHIR",NA,3,253,97,2023-08-07,1899-12-31 21:30:00,"Atlit Salt-Pans",32.695,34.932,"Yosef Kiat",NA,NA,NA,"+99",NA,NA,NA,NA,"+","9","9",NA,"W",7,8,NA,NA,NA,NA,NA,NA,NA,NA,NA,NA,NA,NA,NA,NA,NA,NA,2023,8,TRUE,FALSE,TRUE,"Summer chick",0.383399209486166,92.6395719640878
"Common Tern","W+A1",NA,NA,"DD","33969","STEHIR",NA,3,250,120,2023-08-07,1899-12-31 21:30:00,"Atlit Salt-Pans",32.695,34.932,"Yosef Kiat",NA,NA,NA,"+A1",NA,NA,NA,NA,"+","A","1",NA,"W",7,8,NA,NA,NA,NA,NA,NA,NA,NA,NA,NA,NA,NA,NA,NA,NA,NA,2023,8,TRUE,FALSE,TRUE,"Summer chick",0.48,116.384419571368
"Common Tern","W+A2",NA,NA,"DD","33970","STEHIR",NA,3,262,96,2023-08-07,1899-12-31 21:30:00,"Atlit Salt-Pans",32.695,34.932,"Yosef Kiat",NA,NA,NA,"+A2",NA,NA,NA,NA,"+","A","2",NA,"W",7,8,NA,NA,NA,NA,NA,NA,NA,NA,NA,NA,NA,NA,NA,NA,NA,NA,2023,8,TRUE,FALSE,TRUE,"Summer chick",0.366412213740458,87.6386060247632
"Common Tern","W+11",NA,"R","DD","33879","STEHIR",NA,3,222,108,2023-08-07,1899-12-31 22:15:00,"Atlit Salt-Pans",32.695,34.932,"Yosef Kiat",NA,NA,NA,"+11",NA,NA,NA,NA,"+","1","1",NA,"W",7,8,NA,NA,NA,NA,NA,NA,NA,NA,NA,NA,NA,NA,NA,NA,NA,NA,2023,8,FALSE,TRUE,TRUE,"Summer chick",0.486486486486487,122.107883174238
"Common Tern","W+A6",NA,NA,"DD","33974","STEHIR",NA,3,251,116,2023-08-07,1899-12-31 22:15:00,"Atlit Salt-Pans",32.695,34.932,"Yosef Kiat",NA,NA,NA,"+A6",NA,NA,NA,NA,"+","A","6",NA,"W",7,8,NA,NA,NA,NA,NA,NA,NA,NA,NA,NA,NA,NA,NA,NA,NA,NA,2023,8,TRUE,FALSE,TRUE,"Summer chick",0.462151394422311,111.9265489668
"Common Tern","W+A7",NA,NA,"DD","33975","STEHIR",NA,3,262,116,2023-08-07,1899-12-31 22:15:00,"Atlit Salt-Pans",32.695,34.932,"Yosef Kiat",NA,NA,NA,"+A7",NA,NA,NA,NA,"+","A","7",NA,"W",7,8,NA,NA,NA,NA,NA,NA,NA,NA,NA,NA,NA,NA,NA,NA,NA,NA,2023,8,TRUE,FALSE,TRUE,"Summer chick",0.442748091603053,105.896648946589
"Common Tern","W+A8",NA,NA,"DD","33976","STEHIR",NA,3,256,129,2023-08-07,1899-12-31 22:15:00,"Atlit Salt-Pans",32.695,34.932,"Yosef Kiat",NA,NA,NA,"+A8",NA,NA,NA,NA,"+","A","8",NA,"W",7,8,NA,NA,NA,NA,NA,NA,NA,NA,NA,NA,NA,NA,NA,NA,NA,NA,2023,8,TRUE,FALSE,TRUE,"Summer chick",0.50390625,121.340161997082
"Common Tern","W+A9",NA,NA,"DD","33977","STEHIR",NA,3,203,98,2023-08-07,1899-12-31 22:15:00,"Atlit Salt-Pans",32.695,34.932,"Yosef Kiat",NA,NA,NA,"+A9",NA,NA,NA,NA,"+","A","9",NA,"W",7,8,NA,NA,NA,NA,NA,NA,NA,NA,NA,NA,NA,NA,NA,NA,NA,NA,2023,8,TRUE,FALSE,TRUE,"Summer chick",0.482758620689655,124.37009530112
"Common Tern","W+B2",NA,NA,"DD","33980","STEHIR",NA,3,251,116,2023-08-07,1899-12-31 22:15:00,"Atlit Salt-Pans",32.695,34.932,"Yosef Kiat",NA,NA,NA,"+B2",NA,NA,NA,NA,"+","B","2",NA,"W",7,8,NA,NA,NA,NA,NA,NA,NA,NA,NA,NA,NA,NA,NA,NA,NA,NA,2023,8,TRUE,FALSE,TRUE,"Summer chick",0.462151394422311,111.9265489668
"Common Tern","W+C0",NA,NA,"DD","33988","STEHIR",NA,3,244,111,2023-08-07,1899-12-31 23:30:00,"Atlit Salt-Pans",32.695,34.932,"Yosef Kiat",NA,NA,NA,"+C0",NA,NA,NA,NA,"+","C","0",NA,"W",7,8,NA,NA,NA,NA,NA,NA,NA,NA,NA,NA,NA,NA,NA,NA,NA,NA,2023,8,TRUE,FALSE,TRUE,"Summer chick",0.454918032786885,111.08576094379
"Common Tern","W+C3",NA,NA,"DD","33992","STEHIR",NA,3,237,102,2023-08-07,1899-12-31 23:30:00,"Atlit Salt-Pans",32.695,34.932,"Yosef Kiat",NA,NA,NA,"+C3",NA,NA,NA,NA,"+","C","3",NA,"W",7,8,NA,NA,NA,NA,NA,NA,NA,NA,NA,NA,NA,NA,NA,NA,NA,NA,2023,8,TRUE,FALSE,TRUE,"Summer chick",0.430379746835443,105.988213783086
"Common Tern","W+C6",NA,NA,"DD","33995","STEHIR",NA,3,258,122,2023-08-08,1899-12-31 00:30:00,"Atlit Salt-Pans",32.695,34.932,"Yosef Kiat",NA,NA,NA,"+C6",NA,NA,NA,NA,"+","C","6",NA,"W",8,8,NA,NA,NA,NA,NA,NA,NA,NA,NA,NA,NA,NA,NA,NA,NA,NA,2023,8,TRUE,FALSE,TRUE,"Summer chick",0.472868217054264,113.60853383069
"Common Tern","W+E1",NA,NA,"DD","33999","STEHIR",NA,3,219,104,2023-08-08,1899-12-31 01:00:00,"Atlit Salt-Pans",32.695,34.932,"Yosef Kiat",NA,NA,NA,"+E1",NA,NA,NA,NA,"+","E","1",NA,"W",8,8,NA,NA,NA,NA,NA,NA,NA,NA,NA,NA,NA,NA,NA,NA,NA,NA,2023,8,TRUE,FALSE,TRUE,"Summer chick",0.474885844748858,119.669225872448
"Common Tern","W+E2",NA,NA,"DD","34000","STEHIR",NA,3,205,103,2023-08-15,1899-12-31 20:00:00,"Atlit Salt-Pans",32.695,34.932,"Yosef Kiat",NA,NA,NA,"+E2",NA,NA,NA,NA,"+","E","2",NA,"W",15,8,NA,NA,NA,NA,NA,NA,NA,NA,NA,NA,NA,NA,NA,NA,NA,NA,2023,8,TRUE,FALSE,TRUE,"Summer chick",0.502439024390244,129.071289372214
"Common Tern","W+E3",NA,NA,"DD","35001","STEHIR",NA,3,259,122,2023-08-15,1899-12-31 20:00:00,"Atlit Salt-Pans",32.695,34.932,"Yosef Kiat",NA,NA,NA,"+E3",NA,NA,NA,NA,"+","E","3",NA,"W",15,8,NA,NA,NA,NA,NA,NA,NA,NA,NA,NA,NA,NA,NA,NA,NA,NA,2023,8,TRUE,FALSE,TRUE,"Summer chick",0.471042471042471,113.042500685372
"Common Tern","W+E4",NA,NA,"DD","35002","STEHIR",NA,3,237,106,2023-08-15,1899-12-31 20:00:00,"Atlit Salt-Pans",32.695,34.932,"Yosef Kiat",NA,NA,NA,"+E4",NA,NA,NA,NA,"+","E","4",NA,"W",15,8,NA,NA,NA,NA,NA,NA,NA,NA,NA,NA,NA,NA,NA,NA,NA,NA,2023,8,TRUE,FALSE,TRUE,"Summer chick",0.447257383966245,110.144614323599
"Common Tern","W+E5",NA,NA,"DD","35003","STEHIR",NA,3,258,130,2023-08-15,1899-12-31 20:00:00,"Atlit Salt-Pans",32.695,34.932,"Yosef Kiat",NA,NA,NA,"+E5",NA,NA,NA,NA,"+","E","5",NA,"W",15,8,NA,NA,NA,NA,NA,NA,NA,NA,NA,NA,NA,NA,NA,NA,NA,NA,2023,8,TRUE,FALSE,TRUE,"Summer chick",0.503875968992248,121.058273754013
"Common Tern","W+E6",NA,NA,"DD","35004","STEHIR",NA,3,240,113,2023-08-15,1899-12-31 20:00:00,"Atlit Salt-Pans",32.695,34.932,"Yosef Kiat",NA,NA,NA,"+E6",NA,NA,NA,NA,"+","E","6",NA,"W",15,8,NA,NA,NA,NA,NA,NA,NA,NA,NA,NA,NA,NA,NA,NA,NA,NA,2023,8,TRUE,FALSE,TRUE,"Summer chick",0.470833333333333,115.526722777135
"Common Tern","W+E7",NA,NA,"DD","35005","STEHIR",NA,3,201,105,2023-08-15,1899-12-31 20:00:00,"Atlit Salt-Pans",32.695,34.932,"Yosef Kiat",NA,NA,NA,"+E7",NA,NA,NA,NA,"+","E","7",NA,"W",15,8,NA,NA,NA,NA,NA,NA,NA,NA,NA,NA,NA,NA,NA,NA,NA,NA,2023,8,TRUE,FALSE,TRUE,"Summer chick",0.522388059701492,134.968086070069
"Common Tern","W+E8",NA,NA,"DD","35006","STEHIR",NA,3,263,131,2023-08-15,1899-12-31 20:00:00,"Atlit Salt-Pans",32.695,34.932,"Yosef Kiat",NA,NA,NA,"+E8",NA,NA,NA,NA,"+","E","8",NA,"W",15,8,NA,NA,NA,NA,NA,NA,NA,NA,NA,NA,NA,NA,NA,NA,NA,NA,2023,8,TRUE,FALSE,TRUE,"Summer chick",0.498098859315589,119.003402670494
"Common Tern","W+E9",NA,NA,"DD","35007","STEHIR",NA,3,264,115,2023-08-15,1899-12-31 20:00:00,"Atlit Salt-Pans",32.695,34.932,"Yosef Kiat",NA,NA,NA,"+E9",NA,NA,NA,NA,"+","E","9",NA,"W",15,8,NA,NA,NA,NA,NA,NA,NA,NA,NA,NA,NA,NA,NA,NA,NA,NA,2023,8,TRUE,FALSE,TRUE,"Summer chick",0.435606060606061,103.957993025807
"Common Tern","W+F2",NA,NA,"DD","35010","STEHIR",NA,3,233,83,2023-08-15,1899-12-31 20:00:00,"Atlit Salt-Pans",32.695,34.932,"Yosef Kiat",NA,NA,NA,"+F2",NA,NA,NA,NA,"+","F","2",NA,"W",15,8,NA,NA,NA,NA,NA,NA,NA,NA,NA,NA,NA,NA,NA,NA,NA,NA,2023,8,TRUE,FALSE,TRUE,"Summer chick",0.356223175965665,88.1617469370242
"Common Tern","W+F4",NA,NA,"DD","35012","STEHIR",NA,3,257,121,2023-08-15,1899-12-31 20:00:00,"Atlit Salt-Pans",32.695,34.932,"Yosef Kiat",NA,NA,NA,"+F4",NA,NA,NA,NA,"+","F","4",NA,"W",15,8,NA,NA,NA,NA,NA,NA,NA,NA,NA,NA,NA,NA,NA,NA,NA,NA,2023,8,TRUE,FALSE,TRUE,"Summer chick",0.470817120622568,113.243717501845
"Common Tern","W+F5",NA,NA,"DD","35013","STEHIR",NA,3,237,101,2023-08-15,1899-12-31 20:00:00,"Atlit Salt-Pans",32.695,34.932,"Yosef Kiat",NA,NA,NA,"+F5",NA,NA,NA,NA,"+","F","5",NA,"W",15,8,NA,NA,NA,NA,NA,NA,NA,NA,NA,NA,NA,NA,NA,NA,NA,NA,2023,8,TRUE,FALSE,TRUE,"Summer chick",0.426160337552743,104.949113647958
"Common Tern","W+F7",NA,NA,"DD","35015","STEHIR",NA,3,198,97,2023-08-15,1899-12-31 20:00:00,"Atlit Salt-Pans",32.695,34.932,"Yosef Kiat",NA,NA,NA,"+F7",NA,NA,NA,NA,"+","F","7",NA,"W",15,8,NA,NA,NA,NA,NA,NA,NA,NA,NA,NA,NA,NA,NA,NA,NA,NA,2023,8,TRUE,FALSE,TRUE,"Summer chick",0.48989898989899,127.129348654784
"Common Tern","W+F8",NA,NA,"DD","35016","STEHIR",NA,3,270,134,2023-08-15,1899-12-31 21:00:00,"Atlit Salt-Pans",32.695,34.932,"Yosef Kiat",NA,NA,NA,"+F8",NA,NA,NA,NA,"+","F","8",NA,"W",15,8,NA,NA,NA,NA,NA,NA,NA,NA,NA,NA,NA,NA,NA,NA,NA,NA,2023,8,TRUE,FALSE,TRUE,"Summer chick",0.496296296296296,117.669383533191
"Common Tern","W+F9",NA,NA,"DD","35017","STEHIR",NA,3,270,113,2023-08-15,1899-12-31 21:00:00,"Atlit Salt-Pans",32.695,34.932,"Yosef Kiat",NA,NA,NA,"+F9",NA,NA,NA,NA,"+","F","9",NA,"W",15,8,NA,NA,NA,NA,NA,NA,NA,NA,NA,NA,NA,NA,NA,NA,NA,NA,2023,8,TRUE,FALSE,TRUE,"Summer chick",0.418518518518519,99.2286592481383
"Common Tern","W+G0",NA,NA,"DD","35018","STEHIR",NA,3,248,121,2023-08-15,1899-12-31 21:00:00,"Atlit Salt-Pans",32.695,34.932,"Yosef Kiat",NA,NA,NA,"+G0",NA,NA,NA,NA,"+","G","0",NA,"W",15,8,NA,NA,NA,NA,NA,NA,NA,NA,NA,NA,NA,NA,NA,NA,NA,NA,2023,8,TRUE,FALSE,TRUE,"Summer chick",0.487903225806452,118.577668475626
"Common Tern","W+G1",NA,NA,"DD","35019","STEHIR",NA,3,257,125,2023-08-15,1899-12-31 21:00:00,"Atlit Salt-Pans",32.695,34.932,"Yosef Kiat",NA,NA,NA,"+G1",NA,NA,NA,NA,"+","G","1",NA,"W",15,8,NA,NA,NA,NA,NA,NA,NA,NA,NA,NA,NA,NA,NA,NA,NA,NA,2023,8,TRUE,FALSE,TRUE,"Summer chick",0.486381322957198,116.987311468848
"Common Tern","W+G3",NA,NA,"DD","35021","STEHIR",NA,3,255,107,2023-08-15,1899-12-31 21:00:00,"Atlit Salt-Pans",32.695,34.932,"Yosef Kiat",NA,NA,NA,"+G3",NA,NA,NA,NA,"+","G","3",NA,"W",15,8,NA,NA,NA,NA,NA,NA,NA,NA,NA,NA,NA,NA,NA,NA,NA,NA,2023,8,TRUE,FALSE,TRUE,"Summer chick",0.419607843137255,101.156386419886
"Common Tern","W+G5",NA,NA,"DD","35023","STEHIR",NA,3,249,98,2023-08-15,1899-12-31 21:00:00,"Atlit Salt-Pans",32.695,34.932,"Yosef Kiat",NA,NA,NA,"+G5",NA,NA,NA,NA,"+","G","5",NA,"W",15,8,NA,NA,NA,NA,NA,NA,NA,NA,NA,NA,NA,NA,NA,NA,NA,NA,2023,8,TRUE,FALSE,TRUE,"Summer chick",0.393574297188755,95.5404145581569
"Common Tern","W+G6",NA,NA,"DD","35024","STEHIR",NA,3,256,117,2023-08-15,1899-12-31 21:00:00,"Atlit Salt-Pans",32.695,34.932,"Yosef Kiat",NA,NA,NA,"+G6",NA,NA,NA,NA,"+","G","6",NA,"W",15,8,NA,NA,NA,NA,NA,NA,NA,NA,NA,NA,NA,NA,NA,NA,NA,NA,2023,8,TRUE,FALSE,TRUE,"Summer chick",0.45703125,110.052705067121
"Common Tern","W+G7",NA,NA,"DD","35025","STEHIR",NA,3,260,122,2023-08-15,1899-12-31 21:00:00,"Atlit Salt-Pans",32.695,34.932,"Yosef Kiat",NA,NA,NA,"+G7",NA,NA,NA,NA,"+","G","7",NA,"W",15,8,NA,NA,NA,NA,NA,NA,NA,NA,NA,NA,NA,NA,NA,NA,NA,NA,2023,8,TRUE,FALSE,TRUE,"Summer chick",0.469230769230769,112.481452681778
"Common Tern","W+G8",NA,NA,"DD","35026","STEHIR",NA,3,265,128,2023-08-15,1899-12-31 21:30:00,"Atlit Salt-Pans",32.695,34.932,"Yosef Kiat",NA,NA,NA,"+G8",NA,NA,NA,NA,"+","G","8",NA,"W",15,8,NA,NA,NA,NA,NA,NA,NA,NA,NA,NA,NA,NA,NA,NA,NA,NA,2023,8,TRUE,FALSE,TRUE,"Summer chick",0.483018867924528,115.14630970173
"Common Tern","W+H0",NA,NA,"DD","35028","STEHIR",NA,3,266,124,2023-08-15,1899-12-31 21:30:00,"Atlit Salt-Pans",32.695,34.932,"Yosef Kiat",NA,NA,NA,"+H0",NA,NA,NA,NA,"+","H","0",NA,"W",15,8,NA,NA,NA,NA,NA,NA,NA,NA,NA,NA,NA,NA,NA,NA,NA,NA,2023,8,TRUE,FALSE,TRUE,"Summer chick",0.466165413533835,111.006838083288
"Common Tern","W+H1",NA,NA,"DD","35029","STEHIR",NA,3,265,112,2023-08-15,1899-12-31 21:30:00,"Atlit Salt-Pans",32.695,34.932,"Yosef Kiat",NA,NA,NA,"+H1",NA,NA,NA,NA,"+","H","1",NA,"W",15,8,NA,NA,NA,NA,NA,NA,NA,NA,NA,NA,NA,NA,NA,NA,NA,NA,2023,8,TRUE,FALSE,TRUE,"Summer chick",0.422641509433962,100.753020989014
"Common Tern","W+H2",NA,NA,"DD","35030","STEHIR",NA,3,257,137,2023-08-15,1899-12-31 21:30:00,"Atlit Salt-Pans",32.695,34.932,"Yosef Kiat",NA,NA,NA,"+H2",NA,NA,NA,NA,"+","H","2",NA,"W",15,8,NA,NA,NA,NA,NA,NA,NA,NA,NA,NA,NA,NA,NA,NA,NA,NA,2023,8,TRUE,FALSE,TRUE,"Summer chick",0.533073929961089,128.218093369858
"Common Tern","W+H4",NA,NA,"DD","35032","STEHIR",NA,3,257,142,2023-08-15,1899-12-31 22:15:00,"Atlit Salt-Pans",32.695,34.932,"Yosef Kiat",NA,NA,NA,"+H4",NA,NA,NA,NA,"+","H","4",NA,"W",15,8,NA,NA,NA,NA,NA,NA,NA,NA,NA,NA,NA,NA,NA,NA,NA,NA,2023,8,TRUE,FALSE,TRUE,"Summer chick",0.552529182879377,132.897585828612
"Common Tern","W+H7",NA,NA,"DD","35035","STEHIR",NA,3,267,126,2023-08-15,1899-12-31 22:15:00,"Atlit Salt-Pans",32.695,34.932,"Yosef Kiat",NA,NA,NA,"+H7",NA,NA,NA,NA,"+","H","7",NA,"W",15,8,NA,NA,NA,NA,NA,NA,NA,NA,NA,NA,NA,NA,NA,NA,NA,NA,2023,8,TRUE,FALSE,TRUE,"Summer chick",0.471910112359551,112.252109259554
"Common Tern","W+H9",NA,NA,"DD","35037","STEHIR",NA,3,255,119,2023-08-15,1899-12-31 22:15:00,"Atlit Salt-Pans",32.695,34.932,"Yosef Kiat",NA,NA,NA,"+H9",NA,NA,NA,NA,"+","H","9",NA,"W",15,8,NA,NA,NA,NA,NA,NA,NA,NA,NA,NA,NA,NA,NA,NA,NA,NA,2023,8,TRUE,FALSE,TRUE,"Summer chick",0.466666666666667,112.501027887536
"Common Tern","W+J1",NA,NA,"DD","35039","STEHIR",NA,3,270,133,2023-08-15,1899-12-31 22:15:00,"Atlit Salt-Pans",32.695,34.932,"Yosef Kiat",NA,NA,NA,"+J1",NA,NA,NA,NA,"+","J","1",NA,"W",15,8,NA,NA,NA,NA,NA,NA,NA,NA,NA,NA,NA,NA,NA,NA,NA,NA,2023,8,TRUE,FALSE,TRUE,"Summer chick",0.492592592592593,116.791253805331
"Common Tern","W+J3",NA,NA,"DD","35041","STEHIR",NA,3,258,109,2023-08-15,1899-12-31 23:00:00,"Atlit Salt-Pans",32.695,34.932,"Yosef Kiat",NA,NA,NA,"+J3",NA,NA,NA,NA,"+","J","3",NA,"W",15,8,NA,NA,NA,NA,NA,NA,NA,NA,NA,NA,NA,NA,NA,NA,NA,NA,2023,8,TRUE,FALSE,TRUE,"Summer chick",0.422480620155039,101.502706455288
"Common Tern","W+J4",NA,NA,"DD","35042","STEHIR",NA,3,248,117,2023-08-15,1899-12-31 23:00:00,"Atlit Salt-Pans",32.695,34.932,"Yosef Kiat",NA,NA,NA,"+J4",NA,NA,NA,NA,"+","J","4",NA,"W",15,8,NA,NA,NA,NA,NA,NA,NA,NA,NA,NA,NA,NA,NA,NA,NA,NA,2023,8,TRUE,FALSE,TRUE,"Summer chick",0.471774193548387,114.657745550812
"Common Tern","W+J5",NA,NA,"DD","35043","STEHIR",NA,3,234,93,2023-08-15,1899-12-31 23:00:00,"Atlit Salt-Pans",32.695,34.932,"Yosef Kiat",NA,NA,NA,"+J5",NA,NA,NA,NA,"+","J","5",NA,"W",15,8,NA,NA,NA,NA,NA,NA,NA,NA,NA,NA,NA,NA,NA,NA,NA,NA,2023,8,TRUE,FALSE,TRUE,"Summer chick",0.397435897435897,98.2389236664561
"Common Tern","W+J6",NA,NA,"DD","35044","STEHIR",NA,3,260,125,2023-08-15,1899-12-31 23:00:00,"Atlit Salt-Pans",32.695,34.932,"Yosef Kiat",NA,NA,NA,"+J6",NA,NA,NA,NA,"+","J","6",NA,"W",15,8,NA,NA,NA,NA,NA,NA,NA,NA,NA,NA,NA,NA,NA,NA,NA,NA,2023,8,TRUE,FALSE,TRUE,"Summer chick",0.480769230769231,115.247390042805
"Common Tern","W+J8",NA,NA,"DD","35046","STEHIR",NA,3,233,113,2023-08-15,1899-12-31 23:00:00,"Atlit Salt-Pans",32.695,34.932,"Yosef Kiat",NA,NA,NA,"+J8",NA,NA,NA,NA,"+","J","8",NA,"W",15,8,NA,NA,NA,NA,NA,NA,NA,NA,NA,NA,NA,NA,NA,NA,NA,NA,2023,8,TRUE,FALSE,TRUE,"Summer chick",0.484978540772532,120.027438601009
"Common Tern","W+K0",NA,NA,"DD","35048","STEHIR",NA,3,268,112,2023-08-16,1899-12-31,"Atlit Salt-Pans",32.695,34.932,"Yosef Kiat",NA,NA,NA,"+K0",NA,NA,NA,NA,"+","K","0",NA,"W",16,8,NA,NA,NA,NA,NA,NA,NA,NA,NA,NA,NA,NA,NA,NA,NA,NA,2023,8,TRUE,FALSE,TRUE,"Summer chick",0.417910447761194,99.2992050152702
"Common Tern","W+K1",NA,NA,"DD","35049","STEHIR",NA,3,227,99,2023-08-16,1899-12-31,"Atlit Salt-Pans",32.695,34.932,"Yosef Kiat",NA,NA,NA,"+K1",NA,NA,NA,NA,"+","K","1",NA,"W",16,8,NA,NA,NA,NA,NA,NA,NA,NA,NA,NA,NA,NA,NA,NA,NA,NA,2023,8,TRUE,FALSE,TRUE,"Summer chick",0.436123348017621,108.759210462587
"Common Tern","W+K3",NA,NA,"DD","35051","STEHIR",NA,3,262,129,2023-08-16,1899-12-31,"Atlit Salt-Pans",32.695,34.932,"Yosef Kiat",NA,NA,NA,"+K3",NA,NA,NA,NA,"+","K","3",NA,"W",16,8,NA,NA,NA,NA,NA,NA,NA,NA,NA,NA,NA,NA,NA,NA,NA,NA,2023,8,TRUE,FALSE,TRUE,"Summer chick",0.49236641221374,117.764376845776
"Common Tern","W+K4",NA,NA,"DD","35052","STEHIR",NA,3,248,112,2023-08-16,1899-12-31 01:00:00,"Atlit Salt-Pans",32.695,34.932,"Yosef Kiat",NA,NA,NA,"+K4",NA,NA,NA,NA,"+","K","4",NA,"W",16,8,NA,NA,NA,NA,NA,NA,NA,NA,NA,NA,NA,NA,NA,NA,NA,NA,2023,8,TRUE,FALSE,TRUE,"Summer chick",0.451612903225806,109.757841894794
"Common Tern","W+K5",NA,NA,"DD","35053","STEHIR",NA,3,251,99,2023-08-16,1899-12-31 01:00:00,"Atlit Salt-Pans",32.695,34.932,"Yosef Kiat",NA,NA,NA,"+K5",NA,NA,NA,NA,"+","K","5",NA,"W",16,8,NA,NA,NA,NA,NA,NA,NA,NA,NA,NA,NA,NA,NA,NA,NA,NA,2023,8,TRUE,FALSE,TRUE,"Summer chick",0.394422310756972,95.5235202389073
"Common Tern","W+K6",NA,NA,"DD","35054","STEHIR",NA,3,250,112,2023-08-16,1899-12-31 01:00:00,"Atlit Salt-Pans",32.695,34.932,"Yosef Kiat",NA,NA,NA,"+K6",NA,NA,NA,NA,"+","K","6",NA,"W",16,8,NA,NA,NA,NA,NA,NA,NA,NA,NA,NA,NA,NA,NA,NA,NA,NA,2023,8,TRUE,FALSE,TRUE,"Summer chick",0.448,108.62545826661
"Common Tern","W+K7",NA,NA,"DD","35055","STEHIR",NA,3,263,132,2023-08-16,1899-12-31 01:00:00,"Atlit Salt-Pans",32.695,34.932,"Yosef Kiat",NA,NA,NA,"+K7",NA,NA,NA,NA,"+","K","7",NA,"W",16,8,NA,NA,NA,NA,NA,NA,NA,NA,NA,NA,NA,NA,NA,NA,NA,NA,2023,8,TRUE,FALSE,TRUE,"Summer chick",0.501901140684411,119.911825591643
"Common Tern","W+K8",NA,NA,"DD","35056","STEHIR",NA,3,261,140,2023-08-16,1899-12-31 01:00:00,"Atlit Salt-Pans",32.695,34.932,"Yosef Kiat",NA,NA,NA,"+K8",NA,NA,NA,NA,"+","K","8",NA,"W",16,8,NA,NA,NA,NA,NA,NA,NA,NA,NA,NA,NA,NA,NA,NA,NA,NA,2023,8,TRUE,FALSE,TRUE,"Summer chick",0.53639846743295,128.438899828773
"Common Tern","W+L0",NA,NA,"DD","35058","STEHIR",NA,3,209,92,2023-08-16,1899-12-31 01:00:00,"Atlit Salt-Pans",32.695,34.932,"Yosef Kiat",NA,NA,NA,"+L0",NA,NA,NA,NA,"+","L","0",NA,"W",16,8,NA,NA,NA,NA,NA,NA,NA,NA,NA,NA,NA,NA,NA,NA,NA,NA,2023,8,TRUE,FALSE,TRUE,"Summer chick",0.440191387559809,112.446103918004
"Common Tern","W+L1",NA,NA,"DD","35059","STEHIR",NA,3,222,98,2023-08-16,1899-12-31 01:00:00,"Atlit Salt-Pans",32.695,34.932,"Yosef Kiat",NA,NA,NA,"+L1",NA,NA,NA,NA,"+","L","1",NA,"W",16,8,NA,NA,NA,NA,NA,NA,NA,NA,NA,NA,NA,NA,NA,NA,NA,NA,2023,8,TRUE,FALSE,TRUE,"Summer chick",0.441441441441441,110.801597695142
"Common Tern","W+L3",NA,NA,"DD","35061","STEHIR",NA,3,240,108,2023-08-16,1899-12-31 01:00:00,"Atlit Salt-Pans",32.695,34.932,"Yosef Kiat",NA,NA,NA,"+L3",NA,NA,NA,NA,"+","L","3",NA,"W",16,8,NA,NA,NA,NA,NA,NA,NA,NA,NA,NA,NA,NA,NA,NA,NA,NA,2023,8,TRUE,FALSE,TRUE,"Summer chick",0.45,110.414920884341
"Common Tern","W+L4",NA,NA,"DD","35062","STEHIR",NA,3,236,92,2023-08-16,1899-12-31 01:00:00,"Atlit Salt-Pans",32.695,34.932,"Yosef Kiat",NA,NA,NA,"+L4",NA,NA,NA,NA,"+","L","4",NA,"W",16,8,NA,NA,NA,NA,NA,NA,NA,NA,NA,NA,NA,NA,NA,NA,NA,NA,2023,8,TRUE,FALSE,TRUE,"Summer chick",0.389830508474576,96.1205426642282
"Common Tern","W+L5",NA,NA,"DD","35063","STEHIR",NA,3,235,102,2023-08-16,1899-12-31 01:00:00,"Atlit Salt-Pans",32.695,34.932,"Yosef Kiat",NA,NA,NA,"+L5",NA,NA,NA,NA,"+","L","5",NA,"W",16,8,NA,NA,NA,NA,NA,NA,NA,NA,NA,NA,NA,NA,NA,NA,NA,NA,2023,8,TRUE,FALSE,TRUE,"Summer chick",0.434042553191489,107.154302015074
"Common Tern","W+L6",NA,NA,"DD","35064","STEHIR",NA,3,255,115,2023-08-16,1899-12-31 01:00:00,"Atlit Salt-Pans",32.695,34.932,"Yosef Kiat",NA,NA,NA,"+L6",NA,NA,NA,NA,"+","L","6",NA,"W",16,8,NA,NA,NA,NA,NA,NA,NA,NA,NA,NA,NA,NA,NA,NA,NA,NA,2023,8,TRUE,FALSE,TRUE,"Summer chick",0.450980392156863,108.719480731653
"Common Tern","W+L7",NA,NA,"DD","35065","STEHIR",NA,3,223,95,2023-08-16,1899-12-31 01:00:00,"Atlit Salt-Pans",32.695,34.932,"Yosef Kiat",NA,NA,NA,"+L7",NA,NA,NA,NA,"+","L","7",NA,"W",16,8,NA,NA,NA,NA,NA,NA,NA,NA,NA,NA,NA,NA,NA,NA,NA,NA,2023,8,TRUE,FALSE,TRUE,"Summer chick",0.426008968609865,106.788228192978
"Common Tern","W+L8",NA,NA,"DD","35066","STEHIR",NA,3,231,92,2023-08-16,1899-12-31 01:00:00,"Atlit Salt-Pans",32.695,34.932,"Yosef Kiat",NA,NA,NA,"+L8",NA,NA,NA,NA,"+","L","8",NA,"W",16,8,NA,NA,NA,NA,NA,NA,NA,NA,NA,NA,NA,NA,NA,NA,NA,NA,2023,8,TRUE,FALSE,TRUE,"Summer chick",0.398268398268398,98.81523175117
"Common Tern","W+R5",NA,NA,"DD","35103","STEHIR",NA,3,237,108,2023-08-23,1899-12-31 21:00:00,"Atlit Salt-Pans",32.695,34.932,"Yosef Kiat",NA,NA,NA,"+R5",NA,NA,NA,NA,"+","R","5",NA,"W",23,8,NA,NA,NA,NA,NA,NA,NA,NA,NA,NA,NA,NA,NA,NA,NA,NA,2023,8,TRUE,FALSE,TRUE,"Summer chick",0.455696202531646,112.222814593856
"Common Tern","W+R6",NA,NA,"DD","35104","STEHIR",NA,3,234,109,2023-08-23,1899-12-31 21:00:00,"Atlit Salt-Pans",32.695,34.932,"Yosef Kiat",NA,NA,NA,"+R6",NA,NA,NA,NA,"+","R","6",NA,"W",23,8,NA,NA,NA,NA,NA,NA,NA,NA,NA,NA,NA,NA,NA,NA,NA,NA,2023,8,TRUE,FALSE,TRUE,"Summer chick",0.465811965811966,115.140243867137
"Common Tern","W+S0",NA,NA,"DD","35108","STEHIR",NA,3,232,126,2023-08-23,1899-12-31 21:00:00,"Atlit Salt-Pans",32.695,34.932,"Yosef Kiat",NA,NA,NA,"+S0",NA,NA,NA,NA,"+","S","0",NA,"W",23,8,NA,NA,NA,NA,NA,NA,NA,NA,NA,NA,NA,NA,NA,NA,NA,NA,2023,8,TRUE,FALSE,TRUE,"Summer chick",0.543103448275862,134.581206257078
"Common Tern","W+S1",NA,NA,"DD","35109","STEHIR",NA,3,235,100,2023-08-23,1899-12-31 21:00:00,"Atlit Salt-Pans",32.695,34.932,"Yosef Kiat",NA,NA,NA,"+S1",NA,NA,NA,NA,"+","S","1",NA,"W",23,8,NA,NA,NA,NA,NA,NA,NA,NA,NA,NA,NA,NA,NA,NA,NA,NA,2023,8,TRUE,FALSE,TRUE,"Summer chick",0.425531914893617,105.05323726968
"Common Tern","W+S2",NA,NA,"DD","35110","STEHIR",NA,3,238,110,2023-08-23,1899-12-31 22:00:00,"Atlit Salt-Pans",32.695,34.932,"Yosef Kiat",NA,NA,NA,"+S2",NA,NA,NA,NA,"+","S","2",NA,"W",23,8,NA,NA,NA,NA,NA,NA,NA,NA,NA,NA,NA,NA,NA,NA,NA,NA,2023,8,TRUE,FALSE,TRUE,"Summer chick",0.46218487394958,113.681313846222
"Common Tern","W+S3",NA,NA,"DD","35111","STEHIR",NA,3,258,110,2023-08-23,1899-12-31 22:00:00,"Atlit Salt-Pans",32.695,34.932,"Yosef Kiat",NA,NA,NA,"+S3",NA,NA,NA,NA,"+","S","3",NA,"W",23,8,NA,NA,NA,NA,NA,NA,NA,NA,NA,NA,NA,NA,NA,NA,NA,NA,2023,8,TRUE,FALSE,TRUE,"Summer chick",0.426356589147287,102.433923945704
"Common Tern","W+S5",NA,NA,"DD","35113","STEHIR",NA,3,232,117,2023-08-23,1899-12-31 22:00:00,"Atlit Salt-Pans",32.695,34.932,"Yosef Kiat",NA,NA,NA,"+S5",NA,NA,NA,NA,"+","S","5",NA,"W",23,8,NA,NA,NA,NA,NA,NA,NA,NA,NA,NA,NA,NA,NA,NA,NA,NA,2023,8,TRUE,FALSE,TRUE,"Summer chick",0.504310344827586,124.968262953001
"Common Tern","WF+L",NA,NA,"DD","36456","STEHIR",NA,3,244,120,2024-07-15,1899-12-31 21:30:00,"Atlit Salt-Pans",32.695,34.932,"Yosef Kiat",NA,NA,NA,"F+L",NA,NA,NA,NA,"F","+","L",NA,"W",15,7,NA,NA,NA,NA,NA,NA,NA,NA,NA,NA,NA,NA,NA,NA,NA,NA,2024,7,TRUE,FALSE,TRUE,"Summer chick",0.491803278688525,120.092714533827
"Common Tern","WF+N",NA,NA,"DD","36458","STEHIR",NA,3,247,108,2024-07-15,1899-12-31 21:30:00,"Atlit Salt-Pans",32.695,34.932,"Yosef Kiat",NA,NA,NA,"F+N",NA,NA,NA,NA,"F","+","N",NA,"W",15,7,NA,NA,NA,NA,NA,NA,NA,NA,NA,NA,NA,NA,NA,NA,NA,NA,2024,7,TRUE,FALSE,TRUE,"Summer chick",0.437246963562753,106.391492145894
"Common Tern","WH+R",NA,NA,"DD","36504","STEHIR",NA,3,232,99,2024-07-16,1899-12-31 01:00:00,"Atlit Salt-Pans",32.695,34.932,"Yosef Kiat",NA,NA,NA,"H+R",NA,NA,NA,NA,"H","+","R",NA,"W",16,7,NA,NA,NA,NA,NA,NA,NA,NA,NA,NA,NA,NA,NA,NA,NA,NA,2024,7,TRUE,FALSE,TRUE,"Summer chick",0.426724137931034,105.742376344847
"Common Tern","WL+W",NA,NA,"DD","36612","STEHIR",NA,3,201,111,2024-08-08,1899-12-31 20:00:00,"Atlit Salt-Pans",32.695,34.932,"Yosef Kiat",NA,NA,NA,"L+W",NA,NA,NA,NA,"L","+","W",NA,"W",8,8,NA,NA,NA,NA,NA,NA,NA,NA,NA,NA,NA,NA,NA,NA,NA,NA,2024,8,TRUE,FALSE,TRUE,"Summer chick",0.552238805970149,142.680548131216
"Common Tern","WL+X",NA,NA,"DD","36613","STEHIR",NA,3,213,101,2024-08-08,1899-12-31 20:30:00,"Atlit Salt-Pans",32.695,34.932,"Yosef Kiat",NA,NA,NA,"L+X",NA,NA,NA,NA,"L","+","X",NA,"W",8,8,NA,NA,NA,NA,NA,NA,NA,NA,NA,NA,NA,NA,NA,NA,NA,NA,2024,8,TRUE,FALSE,TRUE,"Summer chick",0.474178403755869,120.461301544158
"Common Tern","WL+Y",NA,NA,"DD","36614","STEHIR",NA,3,255,117,2024-08-08,1899-12-31 20:30:00,"Atlit Salt-Pans",32.695,34.932,"Yosef Kiat",NA,NA,NA,"L+Y",NA,NA,NA,NA,"L","+","Y",NA,"W",8,8,NA,NA,NA,NA,NA,NA,NA,NA,NA,NA,NA,NA,NA,NA,NA,NA,2024,8,TRUE,FALSE,TRUE,"Summer chick",0.458823529411765,110.610254309595
"Common Tern","WL+Z",NA,NA,"DD","36615","STEHIR",NA,3,201,102,2024-08-08,1899-12-31 20:30:00,"Atlit Salt-Pans",32.695,34.932,"Yosef Kiat",NA,NA,NA,"L+Z",NA,NA,NA,NA,"L","+","Z",NA,"W",8,8,NA,NA,NA,NA,NA,NA,NA,NA,NA,NA,NA,NA,NA,NA,NA,NA,2024,8,TRUE,FALSE,TRUE,"Summer chick",0.507462686567164,131.111855039495
"Common Tern","WM+A",NA,NA,"DD","36616","STEHIR",NA,3,226,101,2024-08-08,1899-12-31 20:30:00,"Atlit Salt-Pans",32.695,34.932,"Yosef Kiat",NA,NA,NA,"M+A",NA,NA,NA,NA,"M","+","A",NA,"W",8,8,NA,NA,NA,NA,NA,NA,NA,NA,NA,NA,NA,NA,NA,NA,NA,NA,2024,8,TRUE,FALSE,TRUE,"Summer chick",0.446902654867257,111.590671334461
"Common Tern","WM+B",NA,NA,"DD","36617","STEHIR",NA,3,193,97,2024-08-08,1899-12-31 20:30:00,"Atlit Salt-Pans",32.695,34.932,"Yosef Kiat",NA,NA,NA,"M+B",NA,NA,NA,NA,"M","+","B",NA,"W",8,8,NA,NA,NA,NA,NA,NA,NA,NA,NA,NA,NA,NA,NA,NA,NA,NA,2024,8,TRUE,FALSE,TRUE,"Summer chick",0.50259067357513,131.397683461306
"Common Tern","WM+C",NA,NA,"DD","36618","STEHIR",NA,3,190,107,2024-08-08,1899-12-31 20:30:00,"Atlit Salt-Pans",32.695,34.932,"Yosef Kiat",NA,NA,NA,"M+C",NA,NA,NA,NA,"M","+","C",NA,"W",8,8,NA,NA,NA,NA,NA,NA,NA,NA,NA,NA,NA,NA,NA,NA,NA,NA,2024,8,TRUE,FALSE,TRUE,"Summer chick",0.563157894736842,147.905500919927
"Common Tern","WM+E",NA,NA,"DD","36619","STEHIR",NA,3,196,94,2024-08-08,1899-12-31 20:30:00,"Atlit Salt-Pans",32.695,34.932,"Yosef Kiat",NA,NA,NA,"M+E",NA,NA,NA,NA,"M","+","E",NA,"W",8,8,NA,NA,NA,NA,NA,NA,NA,NA,NA,NA,NA,NA,NA,NA,NA,NA,2024,8,TRUE,FALSE,TRUE,"Summer chick",0.479591836734694,124.823039495351
"Common Tern","WM+G",NA,NA,"DD","36621","STEHIR",NA,3,195,97,2024-08-08,1899-12-31 20:30:00,"Atlit Salt-Pans",32.695,34.932,"Yosef Kiat",NA,NA,NA,"M+G",NA,NA,NA,NA,"M","+","G",NA,"W",8,8,NA,NA,NA,NA,NA,NA,NA,NA,NA,NA,NA,NA,NA,NA,NA,NA,2024,8,TRUE,FALSE,TRUE,"Summer chick",0.497435897435897,129.660252064842
"Common Tern","WM+J",NA,NA,"DD","36623","STEHIR",NA,3,204,98,2024-08-08,1899-12-31 20:30:00,"Atlit Salt-Pans",32.695,34.932,"Yosef Kiat",NA,NA,NA,"M+J",NA,NA,NA,NA,"M","+","J",NA,"W",8,8,NA,NA,NA,NA,NA,NA,NA,NA,NA,NA,NA,NA,NA,NA,NA,NA,2024,8,TRUE,FALSE,TRUE,"Summer chick",0.480392156862745,123.583501567731
"Common Tern","BG9S",NA,"R","DD","36533","STEHIR",NA,3,254,143,2024-08-08,1899-12-31 21:00:00,"Atlit Salt-Pans",32.695,34.932,"Yosef Kiat",NA,NA,NA,"G9S",NA,NA,NA,NA,"G","9","S",NA,"B",8,8,NA,NA,NA,NA,NA,NA,NA,NA,NA,NA,NA,NA,NA,NA,NA,NA,2024,8,FALSE,TRUE,TRUE,"Summer chick",0.562992125984252,135.877910259674
"Common Tern","WM+K",NA,NA,"DD","36624","STEHIR",NA,3,234,115,2024-08-08,1899-12-31 21:00:00,"Atlit Salt-Pans",32.695,34.932,"Yosef Kiat",NA,NA,NA,"M+K",NA,NA,NA,NA,"M","+","K",NA,"W",8,8,NA,NA,NA,NA,NA,NA,NA,NA,NA,NA,NA,NA,NA,NA,NA,NA,2024,8,TRUE,FALSE,TRUE,"Summer chick",0.491452991452991,121.478238942392
"Common Tern","WM+L",NA,NA,"DD","36625","STEHIR",NA,3,203,107,2024-08-08,1899-12-31 21:00:00,"Atlit Salt-Pans",32.695,34.932,"Yosef Kiat",NA,NA,NA,"M+L",NA,NA,NA,NA,"M","+","L",NA,"W",8,8,NA,NA,NA,NA,NA,NA,NA,NA,NA,NA,NA,NA,NA,NA,NA,NA,2024,8,TRUE,FALSE,TRUE,"Summer chick",0.527093596059113,135.791838747142
"Common Tern","WM+M",NA,NA,"DD","36626","STEHIR",NA,3,194,111,2024-08-08,1899-12-31 21:00:00,"Atlit Salt-Pans",32.695,34.932,"Yosef Kiat",NA,NA,NA,"M+M",NA,NA,NA,NA,"M","+","M",NA,"W",8,8,NA,NA,NA,NA,NA,NA,NA,NA,NA,NA,NA,NA,NA,NA,NA,NA,2024,8,TRUE,FALSE,TRUE,"Summer chick",0.572164948453608,149.362330078208
"Common Tern","WM+N",NA,NA,"DD","36627","STEHIR",NA,3,268,121,2024-08-08,1899-12-31 21:00:00,"Atlit Salt-Pans",32.695,34.932,"Yosef Kiat",NA,NA,NA,"M+N",NA,NA,NA,NA,"M","+","N",NA,"W",8,8,NA,NA,NA,NA,NA,NA,NA,NA,NA,NA,NA,NA,NA,NA,NA,NA,2024,8,TRUE,FALSE,TRUE,"Summer chick",0.451492537313433,107.278605418283
"Common Tern","WM+P",NA,NA,"DD","36628","STEHIR",NA,3,218,101,2024-08-08,1899-12-31 21:00:00,"Atlit Salt-Pans",32.695,34.932,"Yosef Kiat",NA,NA,NA,"M+P",NA,NA,NA,NA,"M","+","P",NA,"W",8,8,NA,NA,NA,NA,NA,NA,NA,NA,NA,NA,NA,NA,NA,NA,NA,NA,2024,8,TRUE,FALSE,TRUE,"Summer chick",0.463302752293578,116.906006041541
"Common Tern","WM+T",NA,NA,"DD","36631","STEHIR",NA,3,202,104,2024-08-08,1899-12-31 21:00:00,"Atlit Salt-Pans",32.695,34.932,"Yosef Kiat",NA,NA,NA,"M+T",NA,NA,NA,NA,"M","+","T",NA,"W",8,8,NA,NA,NA,NA,NA,NA,NA,NA,NA,NA,NA,NA,NA,NA,NA,NA,2024,8,TRUE,FALSE,TRUE,"Summer chick",0.514851485148515,132.828818290688
"Common Tern","WM+U",NA,NA,"DD","36632","STEHIR",NA,3,254,124,2024-08-08,1899-12-31 21:00:00,"Atlit Salt-Pans",32.695,34.932,"Yosef Kiat",NA,NA,NA,"M+U",NA,NA,NA,NA,"M","+","U",NA,"W",8,8,NA,NA,NA,NA,NA,NA,NA,NA,NA,NA,NA,NA,NA,NA,NA,NA,2024,8,TRUE,FALSE,TRUE,"Summer chick",0.488188976377953,117.824201903493
"Common Tern","WM+X",NA,NA,"DD","36635","STEHIR",NA,3,257,127,2024-08-08,1899-12-31 21:00:00,"Atlit Salt-Pans",32.695,34.932,"Yosef Kiat",NA,NA,NA,"M+X",NA,NA,NA,NA,"M","+","X",NA,"W",8,8,NA,NA,NA,NA,NA,NA,NA,NA,NA,NA,NA,NA,NA,NA,NA,NA,2024,8,TRUE,FALSE,TRUE,"Summer chick",0.494163424124514,118.85910845235
"Common Tern","WM+Y",NA,NA,"DD","36636","STEHIR",NA,3,263,152,2024-08-08,1899-12-31 21:00:00,"Atlit Salt-Pans",32.695,34.932,"Yosef Kiat",NA,NA,NA,"M+Y",NA,NA,NA,NA,"M","+","Y",NA,"W",8,8,NA,NA,NA,NA,NA,NA,NA,NA,NA,NA,NA,NA,NA,NA,NA,NA,2024,8,TRUE,FALSE,TRUE,"Summer chick",0.577946768060836,138.080284014619
"Common Tern","WM+Z",NA,NA,"DD","36637","STEHIR",NA,3,208,102,2024-08-08,1899-12-31 21:00:00,"Atlit Salt-Pans",32.695,34.932,"Yosef Kiat",NA,NA,NA,"M+Z",NA,NA,NA,NA,"M","+","Z",NA,"W",8,8,NA,NA,NA,NA,NA,NA,NA,NA,NA,NA,NA,NA,NA,NA,NA,NA,2024,8,TRUE,FALSE,TRUE,"Summer chick",0.490384615384615,125.442918353299
"Common Tern","WN+B",NA,NA,"DD","36639","STEHIR",NA,3,258,144,2024-08-08,1899-12-31 23:00:00,"Atlit Salt-Pans",32.695,34.932,"Yosef Kiat",NA,NA,NA,"N+B",NA,NA,NA,NA,"N","+","B",NA,"W",8,8,NA,NA,NA,NA,NA,NA,NA,NA,NA,NA,NA,NA,NA,NA,NA,NA,2024,8,TRUE,FALSE,TRUE,"Summer chick",0.558139534883721,134.09531861983
"Common Tern","WN+C",NA,NA,"DD","36640","STEHIR",NA,3,267,126,2024-08-08,1899-12-31 23:00:00,"Atlit Salt-Pans",32.695,34.932,"Yosef Kiat",NA,NA,NA,"N+C",NA,NA,NA,NA,"N","+","C",NA,"W",8,8,NA,NA,NA,NA,NA,NA,NA,NA,NA,NA,NA,NA,NA,NA,NA,NA,2024,8,TRUE,FALSE,TRUE,"Summer chick",0.471910112359551,112.252109259554
"Common Tern","WN+E",NA,NA,"DD","36641","STEHIR",NA,3,261,109,2024-08-08,1899-12-31 23:00:00,"Atlit Salt-Pans",32.695,34.932,"Yosef Kiat",NA,NA,NA,"N+E",NA,NA,NA,NA,"N","+","E",NA,"W",8,8,NA,NA,NA,NA,NA,NA,NA,NA,NA,NA,NA,NA,NA,NA,NA,NA,2024,8,TRUE,FALSE,TRUE,"Summer chick",0.417624521072797,99.9988577238308
"Common Tern","WN+F",NA,NA,"DD","36642","STEHIR",NA,3,204,107,2024-08-08,1899-12-31 23:00:00,"Atlit Salt-Pans",32.695,34.932,"Yosef Kiat",NA,NA,NA,"N+F",NA,NA,NA,NA,"N","+","F",NA,"W",8,8,NA,NA,NA,NA,NA,NA,NA,NA,NA,NA,NA,NA,NA,NA,NA,NA,2024,8,TRUE,FALSE,TRUE,"Summer chick",0.524509803921569,134.933006813747
"Common Tern","WN+G",NA,NA,"DD","36643","STEHIR",NA,3,263,122,2024-08-08,1899-12-31 23:00:00,"Atlit Salt-Pans",32.695,34.932,"Yosef Kiat",NA,NA,NA,"N+G",NA,NA,NA,NA,"N","+","G",NA,"W",8,8,NA,NA,NA,NA,NA,NA,NA,NA,NA,NA,NA,NA,NA,NA,NA,NA,2024,8,TRUE,FALSE,TRUE,"Summer chick",0.463878326996198,110.827596380155
"Common Tern","WN+H",NA,NA,"DD","36644","STEHIR",NA,3,238,86,2024-08-09,1899-12-31,"Atlit Salt-Pans",32.695,34.932,"Yosef Kiat",NA,NA,NA,"N+H",NA,NA,NA,NA,"N","+","H",NA,"W",9,8,NA,NA,NA,NA,NA,NA,NA,NA,NA,NA,NA,NA,NA,NA,NA,NA,2024,8,TRUE,FALSE,TRUE,"Summer chick",0.361344537815126,88.8781180979557
"Common Tern","WN+K",NA,NA,"DD","36646","STEHIR",NA,3,241,101,2024-08-09,1899-12-31 01:00:00,"Atlit Salt-Pans",32.695,34.932,"Yosef Kiat",NA,NA,NA,"N+K",NA,NA,NA,NA,"N","+","K",NA,"W",9,8,NA,NA,NA,NA,NA,NA,NA,NA,NA,NA,NA,NA,NA,NA,NA,NA,2024,8,TRUE,FALSE,TRUE,"Summer chick",0.419087136929461,102.705531147249
"Common Tern","WN+L",NA,NA,"DD","36647","STEHIR",NA,3,236,107,2024-08-09,1899-12-31 01:00:00,"Atlit Salt-Pans",32.695,34.932,"Yosef Kiat",NA,NA,NA,"N+L",NA,NA,NA,NA,"N","+","L",NA,"W",9,8,NA,NA,NA,NA,NA,NA,NA,NA,NA,NA,NA,NA,NA,NA,NA,NA,2024,8,TRUE,FALSE,TRUE,"Summer chick",0.453389830508475,111.792370272526
"Common Tern","WN+M",NA,NA,"DD","36648","STEHIR",NA,3,264,126,2024-08-09,1899-12-31 01:00:00,"Atlit Salt-Pans",32.695,34.932,"Yosef Kiat",NA,NA,NA,"N+M",NA,NA,NA,NA,"N","+","M",NA,"W",9,8,NA,NA,NA,NA,NA,NA,NA,NA,NA,NA,NA,NA,NA,NA,NA,NA,2024,8,TRUE,FALSE,TRUE,"Summer chick",0.477272727272727,113.901801054362
"Common Tern","N2+6",NA,NA,"DD","37914","STEHIR",NA,3,256,111,2025-08-04,1899-12-31 21:30:00,"Atlit Salt-Pans",32.695,34.932,"Yosef Kiat",NA,NA,NA,"2+6",NA,NA,NA,NA,"2","+","6",NA,"N",4,8,NA,NA,NA,NA,NA,NA,NA,NA,NA,NA,NA,NA,NA,NA,NA,NA,2025,8,TRUE,FALSE,TRUE,"Summer chick",0.43359375,104.40897660214
"Common Tern","N2+7",NA,NA,"DD","37915","STEHIR",NA,3,256,109,2025-08-04,1899-12-31 21:30:00,"Atlit Salt-Pans",32.695,34.932,"Yosef Kiat",NA,NA,NA,"2+7",NA,NA,NA,NA,"2","+","7",NA,"N",4,8,NA,NA,NA,NA,NA,NA,NA,NA,NA,NA,NA,NA,NA,NA,NA,NA,2025,8,TRUE,FALSE,TRUE,"Summer chick",0.42578125,102.52773378048
"Common Tern","N2+8",NA,NA,"DD","37916","STEHIR",NA,3,254,109,2025-08-04,1899-12-31 21:30:00,"Atlit Salt-Pans",32.695,34.932,"Yosef Kiat",NA,NA,NA,"2+8",NA,NA,NA,NA,"2","+","8",NA,"N",4,8,NA,NA,NA,NA,NA,NA,NA,NA,NA,NA,NA,NA,NA,NA,NA,NA,2025,8,TRUE,FALSE,TRUE,"Summer chick",0.429133858267717,103.571274253877
"Common Tern","N2+9",NA,NA,"DD","37917","STEHIR",NA,3,261,125,2025-08-04,1899-12-31 21:30:00,"Atlit Salt-Pans",32.695,34.932,"Yosef Kiat",NA,NA,NA,"2+9",NA,NA,NA,NA,"2","+","9",NA,"N",4,8,NA,NA,NA,NA,NA,NA,NA,NA,NA,NA,NA,NA,NA,NA,NA,NA,2025,8,TRUE,FALSE,TRUE,"Summer chick",0.478927203065134,114.677589132833
"Common Tern","N3+2",NA,NA,"DD","37920","STEHIR",NA,3,259,125,2025-08-04,1899-12-31 22:30:00,"Atlit Salt-Pans",32.695,34.932,"Yosef Kiat",NA,NA,NA,"3+2",NA,NA,NA,NA,"3","+","2",NA,"N",4,8,NA,NA,NA,NA,NA,NA,NA,NA,NA,NA,NA,NA,NA,NA,NA,NA,2025,8,TRUE,FALSE,TRUE,"Summer chick",0.482625482625483,115.822234308783
"Common Tern","N3+3",NA,NA,"DD","37921","STEHIR",NA,3,260,113,2025-08-04,1899-12-31 22:30:00,"Atlit Salt-Pans",32.695,34.932,"Yosef Kiat",NA,NA,NA,"3+3",NA,NA,NA,NA,"3","+","3",NA,"N",4,8,NA,NA,NA,NA,NA,NA,NA,NA,NA,NA,NA,NA,NA,NA,NA,NA,2025,8,TRUE,FALSE,TRUE,"Summer chick",0.434615384615385,104.183640598696
"Common Tern","N3+4",NA,NA,"DD","37922","STEHIR",NA,3,251,113,2025-08-04,1899-12-31 22:30:00,"Atlit Salt-Pans",32.695,34.932,"Yosef Kiat",NA,NA,NA,"3+4",NA,NA,NA,NA,"3","+","4",NA,"N",4,8,NA,NA,NA,NA,NA,NA,NA,NA,NA,NA,NA,NA,NA,NA,NA,NA,2025,8,TRUE,FALSE,TRUE,"Summer chick",0.450199203187251,109.031896838349
"Common Tern","N3+5",NA,NA,"DD","37923","STEHIR",NA,3,249,126,2025-08-04,1899-12-31 22:30:00,"Atlit Salt-Pans",32.695,34.932,"Yosef Kiat",NA,NA,NA,"3+5",NA,NA,NA,NA,"3","+","5",NA,"N",4,8,NA,NA,NA,NA,NA,NA,NA,NA,NA,NA,NA,NA,NA,NA,NA,NA,2025,8,TRUE,FALSE,TRUE,"Summer chick",0.506024096385542,122.837675860487
"Common Tern","N3+6",NA,NA,"DD","37924","STEHIR",NA,3,255,114,2025-08-04,1899-12-31 22:30:00,"Atlit Salt-Pans",32.695,34.932,"Yosef Kiat",NA,NA,NA,"3+6",NA,NA,NA,NA,"3","+","6",NA,"N",4,8,NA,NA,NA,NA,NA,NA,NA,NA,NA,NA,NA,NA,NA,NA,NA,NA,2025,8,TRUE,FALSE,TRUE,"Summer chick",0.447058823529412,107.774093942682
"Common Tern","N3+8",NA,NA,"DD","37926","STEHIR",NA,3,255,111,2025-08-04,1899-12-31 23:30:00,"Atlit Salt-Pans",32.695,34.932,"Yosef Kiat",NA,NA,NA,"3+8",NA,NA,NA,NA,"3","+","8",NA,"N",4,8,NA,NA,NA,NA,NA,NA,NA,NA,NA,NA,NA,NA,NA,NA,NA,NA,2025,8,TRUE,FALSE,TRUE,"Summer chick",0.435294117647059,104.937933575769
"Common Tern","N4+0",NA,NA,"DD","37928","STEHIR",NA,3,257,131,2025-08-04,1899-12-31 23:30:00,"Atlit Salt-Pans",32.695,34.932,"Yosef Kiat",NA,NA,NA,"4+0",NA,NA,NA,NA,"4","+","0",NA,"N",4,8,NA,NA,NA,NA,NA,NA,NA,NA,NA,NA,NA,NA,NA,NA,NA,NA,2025,8,TRUE,FALSE,TRUE,"Summer chick",0.509727626459144,122.602702419353
"Common Tern","N5+4",NA,NA,"DD","37942","STEHIR",NA,3,251,152,2025-08-14,1899-12-31 21:00:00,"Atlit Salt-Pans",32.695,34.932,"Yosef Kiat",NA,NA,NA,"5+4",NA,NA,NA,NA,"5","+","4",NA,"N",14,8,NA,NA,NA,NA,NA,NA,NA,NA,NA,NA,NA,NA,NA,NA,NA,NA,2025,8,TRUE,FALSE,TRUE,"Summer chick",0.605577689243028,146.662374508221
"Common Tern","N5+7",NA,NA,"DD","37945","STEHIR",NA,3,254,108,2025-08-14,1899-12-31 21:00:00,"Atlit Salt-Pans",32.695,34.932,"Yosef Kiat",NA,NA,NA,"5+7",NA,NA,NA,NA,"5","+","7",NA,"N",14,8,NA,NA,NA,NA,NA,NA,NA,NA,NA,NA,NA,NA,NA,NA,NA,NA,2025,8,TRUE,FALSE,TRUE,"Summer chick",0.425196850393701,102.621079077236
"Common Tern","N6+2",NA,NA,"DD","37950","STEHIR",NA,3,245,100,2025-08-14,1899-12-31 21:45:00,"Atlit Salt-Pans",32.695,34.932,"Yosef Kiat",NA,NA,NA,"6+2",NA,NA,NA,NA,"6","+","2",NA,"N",14,8,NA,NA,NA,NA,NA,NA,NA,NA,NA,NA,NA,NA,NA,NA,NA,NA,2025,8,TRUE,FALSE,TRUE,"Summer chick",0.408163265306122,99.5501706022841
"Common Tern","N6+3",NA,NA,"DD","37951","STEHIR",NA,3,258,111,2025-08-14,1899-12-31 23:00:00,"Atlit Salt-Pans",32.695,34.932,"Yosef Kiat",NA,NA,NA,"6+3",NA,NA,NA,NA,"6","+","3",NA,"N",14,8,NA,NA,NA,NA,NA,NA,NA,NA,NA,NA,NA,NA,NA,NA,NA,NA,2025,8,TRUE,FALSE,TRUE,"Summer chick",0.430232558139535,103.365141436119
"Common Tern","NEU+",NA,NA,"DD","39982","STEHIR",NA,3,238,112,2026-06-25,1899-12-31 20:30:00,"Atlit Salt-Pans",32.695,34.932,"Yosef Kiat",NA,NA,NA,"EU+",NA,NA,NA,NA,"E","U","+",NA,"N",25,6,NA,NA,NA,NA,NA,NA,NA,NA,NA,NA,NA,NA,NA,NA,NA,NA,2026,6,TRUE,FALSE,TRUE,"Summer chick",0.470588235294118,115.748246825245
"Common Tern","NFL+",NA,NA,"DD","39997","STEHIR",NA,3,225,123,2026-06-25,1899-12-31 21:30:00,"Atlit Salt-Pans",32.695,34.932,"Yosef Kiat",NA,NA,NA,"FL+",NA,NA,NA,NA,"F","L","+",NA,"N",25,6,NA,NA,NA,NA,NA,NA,NA,NA,NA,NA,NA,NA,NA,NA,NA,NA,2026,6,TRUE,FALSE,TRUE,"Summer chick",0.546666666666667,136.677891857778
"Common Tern","NFM+",NA,NA,"DD","39998","STEHIR",NA,3,239,109,2026-06-25,1899-12-31 21:30:00,"Atlit Salt-Pans",32.695,34.932,"Yosef Kiat",NA,NA,NA,"FM+",NA,NA,NA,NA,"F","M","+",NA,"N",25,6,NA,NA,NA,NA,NA,NA,NA,NA,NA,NA,NA,NA,NA,NA,NA,NA,2026,6,TRUE,FALSE,TRUE,"Summer chick",0.456066945606695,112.03966307682
"Common Tern","NGW+",NA,NA,"8S","1028","STEHIR",NA,3,222,91,2026-06-25,1899-12-31 23:00:00,"Atlit Salt-Pans",32.695,34.932,"Yosef Kiat",NA,NA,NA,"GW+",NA,NA,NA,NA,"G","W","+",NA,"N",25,6,NA,NA,NA,NA,NA,NA,NA,NA,NA,NA,NA,NA,NA,NA,NA,NA,2026,6,TRUE,FALSE,TRUE,"Summer chick",0.40990990990991,102.887197859774
"Common Tern","NGX+",NA,NA,"8S","1029","STEHIR",NA,3,240,108,2026-06-25,1899-12-31 23:00:00,"Atlit Salt-Pans",32.695,34.932,"Yosef Kiat",NA,NA,NA,"GX+",NA,NA,NA,NA,"G","X","+",NA,"N",25,6,NA,NA,NA,NA,NA,NA,NA,NA,NA,NA,NA,NA,NA,NA,NA,NA,2026,6,TRUE,FALSE,TRUE,"Summer chick",0.45,110.414920884341
"Common Tern","NLW+",NA,NA,"8S","1113","STEHIR",NA,3,231,108,2026-07-02,1899-12-31 23:30:00,"Atlit Salt-Pans",32.695,34.932,"Yosef Kiat",NA,NA,NA,"LW+",NA,NA,NA,NA,"L","W","+",NA,"N",2,7,NA,NA,NA,NA,NA,NA,NA,NA,NA,NA,NA,NA,NA,NA,NA,NA,2026,7,TRUE,FALSE,TRUE,"Summer chick",0.467532467532468,116.000489447026
"Common Tern","NLY+",NA,NA,"8S","1115","STEHIR",NA,3,213,92,2026-07-02,1899-12-31 23:30:00,"Atlit Salt-Pans",32.695,34.932,"Yosef Kiat",NA,NA,NA,"LY+",NA,NA,NA,NA,"L","Y","+",NA,"N",2,7,NA,NA,NA,NA,NA,NA,NA,NA,NA,NA,NA,NA,NA,NA,NA,NA,2026,7,TRUE,FALSE,TRUE,"Summer chick",0.431924882629108,109.727126159035
"Common Tern","NMC+",NA,NA,"8S","1119","STEHIR",NA,3,207,100,2026-07-03,1899-12-31 01:00:00,"Atlit Salt-Pans",32.695,34.932,"Yosef Kiat",NA,NA,NA,"MC+",NA,NA,NA,NA,"M","C","+",NA,"N",3,7,NA,NA,NA,NA,NA,NA,NA,NA,NA,NA,NA,NA,NA,NA,NA,NA,2026,7,TRUE,FALSE,TRUE,"Summer chick",0.483091787439614,123.750889856685
"Common Tern","NME+",NA,NA,"8S","1120","STEHIR",NA,3,252,109,2026-07-03,1899-12-31 01:00:00,"Atlit Salt-Pans",32.695,34.932,"Yosef Kiat",NA,NA,NA,"ME+",NA,NA,NA,NA,"M","E","+",NA,"N",3,7,NA,NA,NA,NA,NA,NA,NA,NA,NA,NA,NA,NA,NA,NA,NA,NA,2026,7,TRUE,FALSE,TRUE,"Summer chick",0.432539682539683,104.633811998792
"Common Tern","NMH+",NA,NA,"8S","1123","STEHIR",NA,3,251,115,2026-07-03,1899-12-31 01:00:00,"Atlit Salt-Pans",32.695,34.932,"Yosef Kiat",NA,NA,NA,"MH+",NA,NA,NA,NA,"M","H","+",NA,"N",3,7,NA,NA,NA,NA,NA,NA,NA,NA,NA,NA,NA,NA,NA,NA,NA,NA,2026,7,TRUE,FALSE,TRUE,"Summer chick",0.458167330677291,110.961664923983
"Common Tern","NNA+",NA,NA,"8S","1137","STEHIR",NA,3,248,112,2026-07-09,1899-12-31 20:30:00,"Atlit Salt-Pans",32.695,34.932,"Yosef Kiat",NA,NA,NA,"NA+",NA,NA,NA,NA,"N","A","+",NA,"N",9,7,NA,NA,NA,NA,NA,NA,NA,NA,NA,NA,NA,NA,NA,NA,NA,NA,2026,7,TRUE,FALSE,TRUE,"Summer chick",0.451612903225806,109.757841894794
"Common Tern","NNB+",NA,NA,"8S","1138","STEHIR",NA,3,214,109,2026-07-09,1899-12-31 20:30:00,"Atlit Salt-Pans",32.695,34.932,"Yosef Kiat",NA,NA,NA,"NB+",NA,NA,NA,NA,"N","B","+",NA,"N",9,7,NA,NA,NA,NA,NA,NA,NA,NA,NA,NA,NA,NA,NA,NA,NA,NA,2026,7,TRUE,FALSE,TRUE,"Summer chick",0.509345794392523,129.218967583577
"Common Tern","NMN+",NA,"R","8S","1125","STEHIR",NA,3,251,118,2026-07-09,1899-12-31 21:00:00,"Atlit Salt-Pans",32.695,34.932,"Yosef Kiat",NA,NA,NA,"MN+",NA,NA,NA,NA,"M","N","+",NA,"N",9,7,NA,NA,NA,NA,NA,NA,NA,NA,NA,NA,NA,NA,NA,NA,NA,NA,2026,7,FALSE,TRUE,TRUE,"Summer chick",0.470119521912351,113.856317052435
"Common Tern","NNY+",NA,NA,"8S","1157","STEHIR",NA,3,257,112,2026-07-09,1899-12-31 21:00:00,"Atlit Salt-Pans",32.695,34.932,"Yosef Kiat",NA,NA,NA,"NY+",NA,NA,NA,NA,"N","Y","+",NA,"N",9,7,NA,NA,NA,NA,NA,NA,NA,NA,NA,NA,NA,NA,NA,NA,NA,NA,2026,7,TRUE,FALSE,TRUE,"Summer chick",0.43579766536965,104.820631076088
"Common Tern","NPB+",NA,NA,"8S","1160","STEHIR",NA,3,267,124,2026-07-09,1899-12-31 21:00:00,"Atlit Salt-Pans",32.695,34.932,"Yosef Kiat",NA,NA,NA,"PB+",NA,NA,NA,NA,"P","B","+",NA,"N",9,7,NA,NA,NA,NA,NA,NA,NA,NA,NA,NA,NA,NA,NA,NA,NA,NA,2026,7,TRUE,FALSE,TRUE,"Summer chick",0.464419475655431,110.470329747497
"Common Tern","NPG+",NA,NA,"8S","1164","STEHIR",NA,3,245,113,2026-07-09,1899-12-31 22:00:00,"Atlit Salt-Pans",32.695,34.932,"Yosef Kiat",NA,NA,NA,"PG+",NA,NA,NA,NA,"P","G","+",NA,"N",9,7,NA,NA,NA,NA,NA,NA,NA,NA,NA,NA,NA,NA,NA,NA,NA,NA,2026,7,TRUE,FALSE,TRUE,"Summer chick",0.461224489795918,112.491692780581
"Common Tern","NPR+",NA,NA,"8S","1172","STEHIR",NA,3,252,120,2026-07-09,1899-12-31 23:00:00,"Atlit Salt-Pans",32.695,34.932,"Yosef Kiat",NA,NA,NA,"PR+",NA,NA,NA,NA,"P","R","+",NA,"N",9,7,NA,NA,NA,NA,NA,NA,NA,NA,NA,NA,NA,NA,NA,NA,NA,NA,2026,7,TRUE,FALSE,TRUE,"Summer chick",0.476190476190476,115.193187521606
"Common Tern","NPS+",NA,NA,"8S","1173","STEHIR",NA,3,268,122,2026-07-09,1899-12-31 23:00:00,"Atlit Salt-Pans",32.695,34.932,"Yosef Kiat",NA,NA,NA,"PS+",NA,NA,NA,NA,"P","S","+",NA,"N",9,7,NA,NA,NA,NA,NA,NA,NA,NA,NA,NA,NA,NA,NA,NA,NA,NA,2026,7,TRUE,FALSE,TRUE,"Summer chick",0.455223880597015,108.165205463062
"Common Tern","NUG+",NA,NA,"8S","1250","STEHIR",NA,3,264,124,2026-07-16,1899-12-31 23:45:00,"Atlit Salt-Pans",32.695,34.932,"Yosef Kiat",NA,NA,NA,"UG+",NA,NA,NA,NA,"U","G","+",NA,"N",16,7,NA,NA,NA,NA,NA,NA,NA,NA,NA,NA,NA,NA,NA,NA,NA,NA,2026,7,TRUE,FALSE,TRUE,"Summer chick",0.46969696969697,112.093835958261
"Common Tern","NUL+",NA,NA,"8S","1254","STEHIR",NA,3,228,96,2026-07-16,1899-12-31 23:45:00,"Atlit Salt-Pans",32.695,34.932,"Yosef Kiat",NA,NA,NA,"UL+",NA,NA,NA,NA,"U","L","+",NA,"N",16,7,NA,NA,NA,NA,NA,NA,NA,NA,NA,NA,NA,NA,NA,NA,NA,NA,2026,7,TRUE,FALSE,TRUE,"Summer chick",0.421052631578947,104.866627584849
"Common Tern","NUN+",NA,NA,"8S","1256","STEHIR",NA,3,252,107,2026-07-16,1899-12-31 23:45:00,"Atlit Salt-Pans",32.695,34.932,"Yosef Kiat",NA,NA,NA,"UN+",NA,NA,NA,NA,"U","N","+",NA,"N",16,7,NA,NA,NA,NA,NA,NA,NA,NA,NA,NA,NA,NA,NA,NA,NA,NA,2026,7,TRUE,FALSE,TRUE,"Summer chick",0.424603174603175,102.713925540099
"Common Tern","NVH+",NA,NA,"8S","1272","STEHIR",NA,3,252,114,2026-07-30,1899-12-31 22:00:00,"Atlit Salt-Pans",32.695,34.932,"Yosef Kiat",NA,NA,NA,"VH+",NA,NA,NA,NA,"V","H","+",NA,"N",30,7,NA,NA,NA,NA,NA,NA,NA,NA,NA,NA,NA,NA,NA,NA,NA,NA,2026,7,TRUE,FALSE,TRUE,"Summer chick",0.452380952380952,109.433528145526
"Common Tern","NVJ+",NA,NA,"8S","1273","STEHIR",NA,3,262,105,2026-07-30,1899-12-31 22:00:00,"Atlit Salt-Pans",32.695,34.932,"Yosef Kiat",NA,NA,NA,"VJ+",NA,NA,NA,NA,"V","J","+",NA,"N",30,7,NA,NA,NA,NA,NA,NA,NA,NA,NA,NA,NA,NA,NA,NA,NA,NA,2026,7,TRUE,FALSE,TRUE,"Summer chick",0.400763358778626,95.8547253395848
"Common Tern","NVM+",NA,NA,"8S","1276","STEHIR",NA,3,260,106,2026-07-30,1899-12-31 22:00:00,"Atlit Salt-Pans",32.695,34.932,"Yosef Kiat",NA,NA,NA,"VM+",NA,NA,NA,NA,"V","M","+",NA,"N",30,7,NA,NA,NA,NA,NA,NA,NA,NA,NA,NA,NA,NA,NA,NA,NA,NA,2026,7,TRUE,FALSE,TRUE,"Summer chick",0.407692307692308,97.7297867562987
"Common Tern","NVN+",NA,NA,"8S","1277","STEHIR",NA,3,221,84,2026-07-30,1899-12-31 22:00:00,"Atlit Salt-Pans",32.695,34.932,"Yosef Kiat",NA,NA,NA,"VN+",NA,NA,NA,NA,"V","N","+",NA,"N",30,7,NA,NA,NA,NA,NA,NA,NA,NA,NA,NA,NA,NA,NA,NA,NA,NA,2026,7,TRUE,FALSE,TRUE,"Summer chick",0.380090497737557,95.528021335059
"Common Tern","WIIAB",NA,NA,"8S","1307","STEHIR",NA,3,257,116,2026-08-06,1899-12-31 21:00:00,"Atlit Salt-Pans",32.695,34.932,"Yosef Kiat",NA,NA,NA,"IIAB",NA,NA,NA,NA,"I","I","A","B","W",6,8,NA,NA,NA,NA,NA,NA,NA,NA,NA,NA,NA,NA,NA,NA,NA,NA,2026,8,TRUE,FALSE,TRUE,"Summer chick",0.45136186770428,108.564225043091
"Common Tern","WIIAC",NA,NA,"8S","1308","STEHIR",NA,3,234,117,2026-08-06,1899-12-31 21:00:00,"Atlit Salt-Pans",32.695,34.932,"Yosef Kiat",NA,NA,NA,"IIAC",NA,NA,NA,NA,"I","I","A","C","W",6,8,NA,NA,NA,NA,NA,NA,NA,NA,NA,NA,NA,NA,NA,NA,NA,NA,2026,8,TRUE,FALSE,TRUE,"Summer chick",0.5,123.590903967477
"Common Tern","WIIBW",NA,NA,"8S","1345","STEHIR",NA,3,245,113,2026-08-13,1899-12-31 20:30:00,"Atlit Salt-Pans",32.695,34.932,"Yosef Kiat",NA,NA,NA,"IIBW",NA,NA,NA,NA,"I","I","B","W","W",13,8,NA,NA,NA,NA,NA,NA,NA,NA,NA,NA,NA,NA,NA,NA,NA,NA,2026,8,TRUE,FALSE,TRUE,"Summer chick",0.461224489795918,112.491692780581
"Common Tern","WIIBY",NA,NA,"8S","1347","STEHIR",NA,3,241,112,2026-08-13,1899-12-31 21:30:00,"Atlit Salt-Pans",32.695,34.932,"Yosef Kiat",NA,NA,NA,"IIBY",NA,NA,NA,NA,"I","I","B","Y","W",13,8,NA,NA,NA,NA,NA,NA,NA,NA,NA,NA,NA,NA,NA,NA,NA,NA,2026,8,TRUE,FALSE,TRUE,"Summer chick",0.464730290456432,113.891282064276
"Common Tern","WIICA",NA,NA,"8S","1349","STEHIR",NA,3,255,90,2026-08-13,1899-12-31 21:30:00,"Atlit Salt-Pans",32.695,34.932,"Yosef Kiat",NA,NA,NA,"IICA",NA,NA,NA,NA,"I","I","C","A","W",13,8,NA,NA,NA,NA,NA,NA,NA,NA,NA,NA,NA,NA,NA,NA,NA,NA,2026,8,TRUE,FALSE,TRUE,"Summer chick",0.352941176470588,85.0848110073805
"Common Tern","WIICE",NA,NA,"8S","1352","STEHIR",NA,3,237,105,2026-08-13,1899-12-31 23:00:00,"Atlit Salt-Pans",32.695,34.932,"Yosef Kiat",NA,NA,NA,"IICE",NA,NA,NA,NA,"I","I","C","E","W",13,8,NA,NA,NA,NA,NA,NA,NA,NA,NA,NA,NA,NA,NA,NA,NA,NA,2026,8,TRUE,FALSE,TRUE,"Summer chick",0.443037974683544,109.105514188471
"Common Tern","WIIFF",NA,NA,"8S","1396","STEHIR",NA,3,259,107,2026-08-20,1899-12-31 20:00:00,"Atlit Salt-Pans",32.695,34.932,"Yosef Kiat",NA,NA,NA,"IIFF",NA,NA,NA,NA,"I","I","F","F","W",20,8,NA,NA,NA,NA,NA,NA,NA,NA,NA,NA,NA,NA,NA,NA,NA,NA,2026,8,TRUE,FALSE,TRUE,"Summer chick",0.413127413127413,99.1438325683183
"Common Tern","WIIFG",NA,NA,"85","1397","STEHIR",NA,3,255,114,2026-08-20,1899-12-31 21:00:00,"Atlit Salt-Pans",32.695,34.932,"Yosef Kiat",NA,NA,NA,"IIFG",NA,NA,NA,NA,"I","I","F","G","W",20,8,NA,NA,NA,NA,NA,NA,NA,NA,NA,NA,NA,NA,NA,NA,NA,NA,2026,8,TRUE,FALSE,TRUE,"Summer chick",0.447058823529412,107.774093942682
"Common Tern","WIIFH",NA,NA,"8S","1398","STEHIR",NA,3,249,121,2026-08-20,1899-12-31 21:00:00,"Atlit Salt-Pans",32.695,34.932,"Yosef Kiat",NA,NA,NA,"IIFH",NA,NA,NA,NA,"I","I","F","H","W",20,8,NA,NA,NA,NA,NA,NA,NA,NA,NA,NA,NA,NA,NA,NA,NA,NA,2026,8,TRUE,FALSE,TRUE,"Summer chick",0.485943775100402,117.963164913643
"Common Tern","WIIFJ",NA,NA,"8S","1399","STEHIR",NA,3,263,114,2026-08-20,1899-12-31 21:00:00,"Atlit Salt-Pans",32.695,34.932,"Yosef Kiat",NA,NA,NA,"IIFJ",NA,NA,NA,NA,"I","I","F","J","W",20,8,NA,NA,NA,NA,NA,NA,NA,NA,NA,NA,NA,NA,NA,NA,NA,NA,2026,8,TRUE,FALSE,TRUE,"Summer chick",0.433460076045627,103.560213010964
"Common Tern","WIIFL",NA,NA,"8S","1401","STEHIR",NA,3,258,116,2026-08-20,1899-12-31 21:00:00,"Atlit Salt-Pans",32.695,34.932,"Yosef Kiat",NA,NA,NA,"IIFL",NA,NA,NA,NA,"I","I","F","L","W",20,8,NA,NA,NA,NA,NA,NA,NA,NA,NA,NA,NA,NA,NA,NA,NA,NA,2026,8,TRUE,FALSE,TRUE,"Summer chick",0.449612403100775,108.021228888197
"Common Tern","WIIFM",NA,NA,"8S","1402","STEHIR",NA,3,262,113,2026-08-20,1899-12-31 21:00:00,"Atlit Salt-Pans",32.695,34.932,"Yosef Kiat",NA,NA,NA,"IIFM",NA,NA,NA,NA,"I","I","F","M","W",20,8,NA,NA,NA,NA,NA,NA,NA,NA,NA,NA,NA,NA,NA,NA,NA,NA,2026,8,TRUE,FALSE,TRUE,"Summer chick",0.431297709923664,103.157942508315
"Common Tern","WIIFN",NA,NA,"8S","1403","STEHIR",NA,3,257,108,2026-08-20,1899-12-31 23:00:00,"Atlit Salt-Pans",32.695,34.932,"Yosef Kiat",NA,NA,NA,"IIFN",NA,NA,NA,NA,"I","I","F","N","W",20,8,NA,NA,NA,NA,NA,NA,NA,NA,NA,NA,NA,NA,NA,NA,NA,NA,2026,8,TRUE,FALSE,TRUE,"Summer chick",0.420233463035019,101.077037109085
"Common Tern","WIIFW",NA,NA,"8S","1410","STEHIR",NA,3,255,127,2026-08-20,1899-12-31 23:45:00,"Atlit Salt-Pans",32.695,34.932,"Yosef Kiat",NA,NA,NA,"IIFW",NA,NA,NA,NA,"I","I","F","W","W",20,8,NA,NA,NA,NA,NA,NA,NA,NA,NA,NA,NA,NA,NA,NA,NA,NA,2026,8,TRUE,FALSE,TRUE,"Summer chick",0.498039215686275,120.064122199304
"Common Tern","WIIFX",NA,NA,"8S","1411","STEHIR",NA,3,246,107,2026-08-21,1899-12-31 00:30:00,"Atlit Salt-Pans",32.695,34.932,"Yosef Kiat",NA,NA,NA,"IIFX",NA,NA,NA,NA,"I","I","F","X","W",21,8,NA,NA,NA,NA,NA,NA,NA,NA,NA,NA,NA,NA,NA,NA,NA,NA,2026,8,TRUE,FALSE,TRUE,"Summer chick",0.434959349593496,105.959944272851
"Little Tern","W[AU]",NA,NA,"AB","40146","STEALB",NA,3,162,43.8,2010-07-01,1899-12-31,"Atlit Salt-Pans",32.695,34.932,"Yosef Kiat",NA,NA,NA,"[AU]",NA,58,NA,NA,"[","A","U","]","W",1,7,NA,NA,NA,NA,NA,NA,NA,NA,NA,NA,NA,NA,NA,NA,NA,NA,2010,7,TRUE,FALSE,TRUE,"Summer chick",0.27037037037037,43.2835200818455
"Little Tern","W[HN]",NA,NA,"B","42003","STEALB",NA,3,169,41.5,2010-07-21,1899-12-31 23:00:00,"Atlit Salt-Pans",32.695,34.932,"Yosef Kiat",NA,NA,NA,"[HN]",NA,58,NA,NA,"[","H","N","]","W",21,7,NA,NA,NA,NA,NA,NA,NA,NA,NA,NA,NA,NA,NA,NA,NA,NA,2010,7,TRUE,FALSE,TRUE,"Summer chick",0.245562130177515,39.4500705857673
"Little Tern","W[JA]",NA,NA,"B","42009","STEALB",NA,3,172,47.7,2010-07-21,1899-12-31 23:00:00,"Atlit Salt-Pans",32.695,34.932,"Yosef Kiat",NA,NA,NA,"[JA]",NA,57,NA,NA,"[","J","A","]","W",21,7,NA,NA,NA,NA,NA,NA,NA,NA,NA,NA,NA,NA,NA,NA,NA,NA,2010,7,TRUE,FALSE,TRUE,"Summer chick",0.277325581395349,44.6179676684247
"Little Tern","W[FK]",NA,NA,"B","42024","STEALB",NA,3,148,41.4,2010-07-22,1899-12-31 01:30:00,"Atlit Salt-Pans",32.695,34.932,"Yosef Kiat",NA,NA,NA,"[FK]",NA,55,NA,NA,"[","F","K","]","W",22,7,NA,NA,NA,NA,NA,NA,NA,NA,NA,NA,NA,NA,NA,NA,NA,NA,2010,7,TRUE,FALSE,TRUE,"Summer chick",0.27972972972973,44.4475894869715
"Little Tern","WBL2","+",NA,"B","42026","STEALB",NA,3,132,39.9,2010-07-22,1899-12-31 02:15:00,"Atlit Salt-Pans",32.695,34.932,"Yosef Kiat",NA,NA,NA,"BL2",NA,NA,NA,NA,"B","L","2",NA,"W",22,7,NA,NA,NA,NA,NA,"JL",NA,NA,NA,NA,NA,NA,NA,NA,NA,NA,2010,7,TRUE,FALSE,TRUE,"Summer chick",0.302272727272727,47.5761942387072
"Little Tern","W[HR]",NA,NA,"B","42028","STEALB",NA,3,158,40,2010-07-22,1899-12-31 03:00:00,"Atlit Salt-Pans",32.695,34.932,"Yosef Kiat",NA,NA,NA,"[HR]",NA,58,NA,NA,"[","H","R","]","W",22,7,NA,NA,NA,NA,NA,NA,NA,NA,NA,NA,NA,NA,NA,NA,NA,NA,2010,7,TRUE,FALSE,TRUE,"Summer chick",0.253164556962025,40.4451375706855
"Little Tern","W[JC]",NA,NA,"B","42031","STEALB",NA,3,169,43,2010-07-22,1899-12-31 03:45:00,"Atlit Salt-Pans",32.695,34.932,"Yosef Kiat",NA,NA,NA,"[JC]",NA,56,NA,NA,"[","J","C","]","W",22,7,NA,NA,NA,NA,NA,NA,NA,NA,NA,NA,NA,NA,NA,NA,NA,NA,2010,7,TRUE,FALSE,TRUE,"Summer chick",0.254437869822485,40.8759767515179
"Little Tern","W[JR]",NA,NA,"B","42041","STEALB",NA,3,173,44.5,2010-08-09,1899-12-31,"Atlit Salt-Pans",32.695,34.932,"Yosef Kiat",NA,NA,NA,"[JR]",NA,60,NA,NA,"[","J","R","]","W",9,8,NA,NA,NA,NA,NA,NA,NA,NA,NA,NA,NA,NA,NA,NA,NA,NA,2010,8,TRUE,FALSE,TRUE,"Summer chick",0.257225433526012,41.4040153082233
"Little Tern","W[FP]",NA,NA,"B","42045","STEALB",NA,3,172,45.6,2010-08-09,1899-12-31 00:45:00,"Atlit Salt-Pans",32.695,34.932,"Yosef Kiat",NA,NA,NA,"[FP]",NA,53,NA,NA,"[","F","P","]","W",9,8,NA,NA,NA,NA,NA,NA,NA,NA,NA,NA,NA,NA,NA,NA,NA,NA,2010,8,TRUE,FALSE,TRUE,"Summer chick",0.265116279069767,42.6536546264186
"Little Tern","W[CS]",NA,NA,"B","42047","STEALB",NA,3,175,40.1,2010-08-09,1899-12-31 00:45:00,"Atlit Salt-Pans",32.695,34.932,"Yosef Kiat",NA,NA,NA,"[CS]",NA,53,NA,NA,"[","C","S","]","W",9,8,NA,NA,NA,NA,NA,NA,NA,NA,NA,NA,NA,NA,NA,NA,NA,NA,2010,8,TRUE,FALSE,TRUE,"Summer chick",0.229142857142857,36.9188940143088
"Little Tern","W[RR]",NA,NA,"B","42056","STEALB",NA,3,175,46.8,2010-08-09,1899-12-31 02:30:00,"Atlit Salt-Pans",32.695,34.932,"Yosef Kiat",NA,NA,NA,"[RR]",NA,56,NA,NA,"[","R","R","]","W",9,8,NA,NA,NA,NA,NA,NA,NA,NA,NA,NA,NA,NA,NA,NA,NA,NA,2010,8,TRUE,FALSE,TRUE,"Summer chick",0.267428571428571,43.0873875279215
"Little Tern","W[FB]",NA,NA,"B","42057","STEALB",NA,3,170,44.7,2010-08-09,1899-12-31 02:30:00,"Atlit Salt-Pans",32.695,34.932,"Yosef Kiat",NA,NA,NA,"[FB]",NA,59,NA,NA,"[","F","B","]","W",9,8,NA,NA,NA,NA,NA,NA,NA,NA,NA,NA,NA,NA,NA,NA,NA,NA,2010,8,TRUE,FALSE,TRUE,"Summer chick",0.262941176470588,42.2627145401103
"Little Tern","W[UB]",NA,NA,"B","42058","STEALB",NA,3,172,44.3,2010-08-09,1899-12-31 02:30:00,"Atlit Salt-Pans",32.695,34.932,"Yosef Kiat",NA,NA,NA,"[UB]",NA,55,NA,NA,"[","U","B","]","W",9,8,NA,NA,NA,NA,NA,NA,NA,NA,NA,NA,NA,NA,NA,NA,NA,NA,2010,8,TRUE,FALSE,TRUE,"Summer chick",0.257558139534884,41.4376513147005
"Little Tern","W[AC]",NA,NA,"B","42059","STEALB",NA,3,166,45,2010-08-09,1899-12-31 02:30:00,"Atlit Salt-Pans",32.695,34.932,"Yosef Kiat",NA,NA,NA,"[AC]",NA,56,NA,NA,"[","A","C","]","W",9,8,NA,NA,NA,NA,NA,NA,NA,NA,NA,NA,NA,NA,NA,NA,NA,NA,2010,8,TRUE,FALSE,TRUE,"Summer chick",0.271084337349398,43.485654628264
"Little Tern","W[HV]",NA,NA,"B","42061","STEALB",NA,3,170,43.5,2010-08-09,1899-12-31 03:00:00,"Atlit Salt-Pans",32.695,34.932,"Yosef Kiat",NA,NA,NA,"[HV]",NA,53,NA,NA,"[","H","V","]","W",9,8,NA,NA,NA,NA,NA,NA,NA,NA,NA,NA,NA,NA,NA,NA,NA,NA,2010,8,TRUE,FALSE,TRUE,"Summer chick",0.255882352941176,41.128145022255
"Little Tern","W[UT]",NA,NA,"B","42065","STEALB",NA,3,169,52.6,2010-08-09,1899-12-31 03:00:00,"Atlit Salt-Pans",32.695,34.932,"Yosef Kiat",NA,NA,NA,"[UT]",NA,54,NA,NA,"[","U","T","]","W",9,8,NA,NA,NA,NA,NA,NA,NA,NA,NA,NA,NA,NA,NA,NA,NA,NA,2010,8,TRUE,FALSE,TRUE,"Summer chick",0.311242603550296,50.0017762123219
"Little Tern","W[PL]",NA,NA,"B","42068","STEALB",NA,3,168,41.3,2010-08-10,1899-12-31 02:30:00,"Atlit Salt-Pans",32.695,34.932,"Yosef Kiat",NA,NA,NA,"[PL]",NA,56,NA,NA,"[","P","L","]","W",10,8,NA,NA,NA,NA,NA,NA,NA,NA,NA,NA,NA,NA,NA,NA,NA,NA,2010,8,TRUE,FALSE,TRUE,"Summer chick",0.245833333333333,39.4742155061811
"Little Tern","W[RF]",NA,NA,"B","42070","STEALB",NA,3,170,46.9,2010-08-10,1899-12-31 02:30:00,"Atlit Salt-Pans",32.695,34.932,"Yosef Kiat",NA,NA,NA,"[RF]",NA,61,NA,NA,"[","R","F","]","W",10,8,NA,NA,NA,NA,NA,NA,NA,NA,NA,NA,NA,NA,NA,NA,NA,NA,2010,8,TRUE,FALSE,TRUE,"Summer chick",0.275882352941176,44.3427586561784
"Little Tern","W[PR]",NA,NA,"B","42073","STEALB",NA,3,169,45.3,2010-08-16,1899-12-31,"Atlit Salt-Pans",32.695,34.932,"Yosef Kiat",NA,NA,NA,"[PR]",NA,56,NA,NA,"[","P","R","]","W",16,8,NA,NA,NA,NA,NA,NA,NA,NA,NA,NA,NA,NA,NA,NA,NA,NA,2010,8,TRUE,FALSE,TRUE,"Summer chick",0.268047337278106,43.0623662056688
"Little Tern","WAB7",NA,NA,"B","41510","STEALB",NA,3,152,43.3,2011-07-04,1899-12-31 00:30:00,"Atlit Salt-Pans",32.695,34.932,"Yosef Kiat",NA,NA,NA,"AB7",NA,58,NA,NA,"A","B","7",NA,"W",4,7,NA,NA,NA,NA,NA,NA,NA,NA,NA,NA,NA,NA,NA,NA,NA,NA,2011,7,TRUE,FALSE,TRUE,"Summer chick",0.284868421052632,45.3642746695287
"Little Tern","WAB8",NA,NA,"B","41511","STEALB",NA,3,159,44.4,2011-07-13,1899-12-31 20:30:00,"Atlit Salt-Pans",32.695,34.932,"Yosef Kiat",NA,NA,NA,"AB8",NA,56,NA,NA,"A","B","8",NA,"W",13,7,NA,NA,NA,NA,NA,NA,NA,NA,NA,NA,NA,NA,NA,NA,NA,NA,2011,7,TRUE,FALSE,TRUE,"Summer chick",0.279245283018868,44.6350877513561
"Little Tern","WAB0",NA,NA,"B","41513","STEALB",NA,3,166,45.2,2011-07-13,1899-12-31 22:30:00,"Atlit Salt-Pans",32.695,34.932,"Yosef Kiat",NA,NA,NA,"AB0",NA,58,NA,NA,"A","B","0",NA,"W",13,7,NA,NA,NA,NA,NA,NA,NA,NA,NA,NA,NA,NA,NA,NA,NA,NA,2011,7,TRUE,FALSE,TRUE,"Summer chick",0.272289156626506,43.6789242043896
"Little Tern","WAC1",NA,NA,"B","41514","STEALB",NA,3,157,42.1,2011-07-13,1899-12-31 22:30:00,"Atlit Salt-Pans",32.695,34.932,"Yosef Kiat",NA,NA,NA,"AC1",NA,55,NA,NA,"A","C","1",NA,"W",13,7,NA,NA,NA,NA,NA,NA,NA,NA,NA,NA,NA,NA,NA,NA,NA,NA,2011,7,TRUE,FALSE,TRUE,"Summer chick",0.268152866242038,42.8171029722559
"Little Tern","WAC2",NA,NA,"B","41515","STEALB",NA,3,150,42.3,2011-07-13,1899-12-31 22:30:00,"Atlit Salt-Pans",32.695,34.932,"Yosef Kiat",NA,NA,NA,"AC2",NA,52,NA,NA,"A","C","2",NA,"W",13,7,NA,NA,NA,NA,NA,NA,NA,NA,NA,NA,NA,NA,NA,NA,NA,NA,2011,7,TRUE,FALSE,TRUE,"Summer chick",0.282,44.8582093836066
"Little Tern","WAC3",NA,NA,"B","41516","STEALB",NA,3,151,45.2,2011-07-13,1899-12-31 22:30:00,"Atlit Salt-Pans",32.695,34.932,"Yosef Kiat",NA,NA,NA,"AC3",NA,57,NA,NA,"A","C","3",NA,"W",13,7,NA,NA,NA,NA,NA,NA,NA,NA,NA,NA,NA,NA,NA,NA,NA,NA,2011,7,TRUE,FALSE,TRUE,"Summer chick",0.299337748344371,47.6423879426631
"Little Tern","WAC4",NA,NA,"B","41517","STEALB",NA,3,150,43.7,2011-07-13,1899-12-31 22:30:00,"Atlit Salt-Pans",32.695,34.932,"Yosef Kiat",NA,NA,NA,"AC4",NA,50,NA,NA,"A","C","4",NA,"W",13,7,NA,NA,NA,NA,NA,NA,NA,NA,NA,NA,NA,NA,NA,NA,NA,NA,2011,7,TRUE,FALSE,TRUE,"Summer chick",0.291333333333333,46.3428782520947
"Little Tern","WAC5",NA,NA,"B","41518","STEALB",NA,3,160,39.1,2011-07-13,1899-12-31 23:30:00,"Atlit Salt-Pans",32.695,34.932,"Yosef Kiat",NA,NA,NA,"AC5",NA,58,NA,NA,"A","C","5",NA,"W",13,7,NA,NA,NA,NA,NA,NA,NA,NA,NA,NA,NA,NA,NA,NA,NA,NA,2011,7,TRUE,FALSE,TRUE,"Summer chick",0.244375,39.0816627157827
"Little Tern","WAC7",NA,NA,"B","41520","STEALB",NA,3,148,43.1,2011-07-13,1899-12-31 23:30:00,"Atlit Salt-Pans",32.695,34.932,"Yosef Kiat",NA,NA,NA,"AC7",NA,55,NA,NA,"A","C","7",NA,"W",13,7,NA,NA,NA,NA,NA,NA,NA,NA,NA,NA,NA,NA,NA,NA,NA,NA,2011,7,TRUE,FALSE,TRUE,"Summer chick",0.291216216216216,46.2727320504462
"Little Tern","WAC9",NA,NA,"B","41522","STEALB",NA,3,139,42,2011-07-14,1899-12-31 02:30:00,"Atlit Salt-Pans",32.695,34.932,"Yosef Kiat",NA,NA,NA,"AC9",NA,48,NA,NA,"A","C","9",NA,"W",14,7,NA,NA,NA,NA,NA,NA,NA,NA,NA,NA,NA,NA,NA,NA,NA,NA,2011,7,TRUE,FALSE,TRUE,"Summer chick",0.302158273381295,47.7623242886611
"Little Tern","WAC0",NA,NA,"B","41523","STEALB",NA,3,139,43.3,2011-07-20,1899-12-31 22:00:00,"Atlit Salt-Pans",32.695,34.932,"Yosef Kiat",NA,NA,NA,"AC0",NA,51,NA,NA,"A","C","0",NA,"W",20,7,NA,NA,NA,NA,NA,NA,NA,NA,NA,NA,NA,NA,NA,NA,NA,NA,2011,7,TRUE,FALSE,TRUE,"Summer chick",0.311510791366906,49.2406819452149
"Little Tern","WAD2",NA,NA,"B","41525","STEALB",NA,3,158,45.5,2011-07-21,1899-12-31 01:00:00,"Atlit Salt-Pans",32.695,34.932,"Yosef Kiat",NA,NA,NA,"AD2",NA,55,NA,NA,"A","D","2",NA,"W",21,7,NA,NA,NA,NA,NA,NA,NA,NA,NA,NA,NA,NA,NA,NA,NA,NA,2011,7,TRUE,FALSE,TRUE,"Summer chick",0.287974683544304,46.0063439866548
"Little Tern","WAD4",NA,NA,"B","41527","STEALB",NA,3,166,41.8,2011-07-26,1899-12-31 21:00:00,"Atlit Salt-Pans",32.695,34.932,"Yosef Kiat",NA,NA,NA,"AD4",NA,58,NA,NA,"A","D","4",NA,"W",26,7,NA,NA,NA,NA,NA,NA,NA,NA,NA,NA,NA,NA,NA,NA,NA,NA,2011,7,TRUE,FALSE,TRUE,"Summer chick",0.251807228915663,40.3933414102541
"Little Tern","WAD5",NA,NA,"B","41528","STEALB",NA,3,162,44.6,2011-07-26,1899-12-31 22:30:00,"Atlit Salt-Pans",32.695,34.932,"Yosef Kiat",NA,NA,NA,"AD5",NA,54,NA,NA,"A","D","5",NA,"W",26,7,NA,NA,NA,NA,NA,NA,NA,NA,NA,NA,NA,NA,NA,NA,NA,NA,2011,7,TRUE,FALSE,TRUE,"Summer chick",0.275308641975309,44.0740866586829
"Little Tern","WAE4",NA,NA,"B","41537","STEALB",NA,3,166,41,2011-07-26,1899-12-31 23:30:00,"Atlit Salt-Pans",32.695,34.932,"Yosef Kiat",NA,NA,NA,"AE4",NA,57,NA,NA,"A","E","4",NA,"W",26,7,NA,NA,NA,NA,NA,NA,NA,NA,NA,NA,NA,NA,NA,NA,NA,NA,2011,7,TRUE,FALSE,TRUE,"Summer chick",0.246987951807229,39.6202631057516
"Little Tern","WAE5",NA,NA,"B","41538","STEALB",NA,3,172,45.6,2011-07-26,1899-12-31 23:30:00,"Atlit Salt-Pans",32.695,34.932,"Yosef Kiat",NA,NA,NA,"AE5",NA,57,NA,NA,"A","E","5",NA,"W",26,7,NA,NA,NA,NA,NA,NA,NA,NA,NA,NA,NA,NA,NA,NA,NA,NA,2011,7,TRUE,FALSE,TRUE,"Summer chick",0.265116279069767,42.6536546264186
"Little Tern","WAE6",NA,NA,"B","41539","STEALB",NA,3,177,41.5,2011-07-27,1899-12-31 01:00:00,"Atlit Salt-Pans",32.695,34.932,"Yosef Kiat",NA,NA,NA,"AE6",NA,57,NA,NA,"A","E","6",NA,"W",27,7,NA,NA,NA,NA,NA,NA,NA,NA,NA,NA,NA,NA,NA,NA,NA,NA,2011,7,TRUE,FALSE,TRUE,"Summer chick",0.234463276836158,37.8117077067916
"Little Tern","WAE7",NA,NA,"B","41540","STEALB","F",3,168,37.8,2011-07-27,1899-12-31 02:00:00,"Atlit Salt-Pans",32.695,34.932,"Yosef Kiat",NA,NA,NA,"AE7",NA,59,NA,NA,"A","E","7",NA,"W",27,7,NA,NA,NA,NA,NA,NA,NA,NA,NA,NA,NA,NA,NA,NA,NA,NA,2011,7,TRUE,FALSE,TRUE,"Summer chick",0.225,36.1289430056573
"Little Tern","WAE8",NA,NA,"B","41545","STEALB",NA,3,169,48.5,2011-07-31,1899-12-31 20:30:00,"Atlit Salt-Pans",32.695,34.932,"Yosef Kiat",NA,NA,NA,"AE8",NA,53,NA,NA,"A","E","8",NA,"W",31,7,NA,NA,NA,NA,NA,NA,NA,NA,NA,NA,NA,NA,NA,NA,NA,NA,2011,7,TRUE,FALSE,TRUE,"Summer chick",0.28698224852071,46.1042993592702
"Little Tern","WAC0",NA,"R","B","41523","STEALB",NA,3,168,47,2011-07-31,1899-12-31 22:00:00,"Atlit Salt-Pans",32.695,34.932,"Yosef Kiat",NA,NA,NA,"AC0",NA,60,NA,NA,"A","C","0",NA,"W",31,7,NA,NA,NA,NA,NA,NA,NA,NA,NA,NA,NA,NA,NA,NA,NA,NA,2011,7,FALSE,TRUE,TRUE,"Summer chick",0.279761904761905,44.9222307213199
"Little Tern","WAE0",NA,NA,"B","41547","STEALB",NA,3,127,40.7,2011-08-10,1899-12-31 22:45:00,"Atlit Salt-Pans",32.695,34.932,"Yosef Kiat",NA,NA,NA,"AE0",NA,45,NA,NA,"A","E","0",NA,"W",10,8,NA,NA,NA,NA,NA,NA,NA,NA,NA,NA,NA,NA,NA,NA,NA,NA,2011,8,TRUE,FALSE,TRUE,"Summer chick",0.320472440944882,50.2795359897842
"Little Tern","WAF1",NA,NA,"B","41548","STEALB",NA,3,167,40.5,2011-08-10,1899-12-31 23:30:00,"Atlit Salt-Pans",32.695,34.932,"Yosef Kiat",NA,NA,NA,"AF1",NA,51,NA,NA,"A","F","1",NA,"W",10,8,NA,NA,NA,NA,NA,NA,NA,NA,NA,NA,NA,NA,NA,NA,NA,NA,2011,8,TRUE,FALSE,TRUE,"Summer chick",0.24251497005988,38.9221085665542
"Little Tern","WAF3",NA,NA,"B","41550","STEALB",NA,3,143,42,2011-08-10,1899-12-31 23:30:00,"Atlit Salt-Pans",32.695,34.932,"Yosef Kiat",NA,NA,NA,"AF3",NA,52,NA,NA,"A","F","3",NA,"W",10,8,NA,NA,NA,NA,NA,NA,NA,NA,NA,NA,NA,NA,NA,NA,NA,NA,2011,8,TRUE,FALSE,TRUE,"Summer chick",0.293706293706294,46.5356281852025
"Little Tern","WAF4",NA,NA,"B","41551","STEALB",NA,3,173,44.4,2011-08-10,1899-12-31 23:30:00,"Atlit Salt-Pans",32.695,34.932,"Yosef Kiat",NA,NA,NA,"AF4",NA,54,NA,NA,"A","F","4",NA,"W",10,8,NA,NA,NA,NA,NA,NA,NA,NA,NA,NA,NA,NA,NA,NA,NA,NA,2011,8,TRUE,FALSE,TRUE,"Summer chick",0.256647398843931,41.3109725771936
"Little Tern","WAF6",NA,NA,"B","41553","STEALB",NA,3,144,35.7,2011-08-11,1899-12-31,"Atlit Salt-Pans",32.695,34.932,"Yosef Kiat",NA,NA,NA,"AF6",NA,50,NA,NA,"A","F","6",NA,"W",11,8,NA,NA,NA,NA,NA,NA,NA,NA,NA,NA,NA,NA,NA,NA,NA,NA,2011,8,TRUE,FALSE,TRUE,"Summer chick",0.247916666666667,39.3032920903699
"Little Tern","WAF7",NA,NA,"B","41554","STEALB",NA,3,171,41.9,2011-08-11,1899-12-31,"Atlit Salt-Pans",32.695,34.932,"Yosef Kiat",NA,NA,NA,"AF7",NA,57,NA,NA,"A","F","7",NA,"W",11,8,NA,NA,NA,NA,NA,NA,NA,NA,NA,NA,NA,NA,NA,NA,NA,NA,2011,8,TRUE,FALSE,TRUE,"Summer chick",0.245029239766082,39.402869258393
"Little Tern","WAF8",NA,NA,"B","41555","STEALB",NA,3,167,43.3,2011-08-11,1899-12-31 01:00:00,"Atlit Salt-Pans",32.695,34.932,"Yosef Kiat",NA,NA,NA,"AF8",NA,55,NA,NA,"A","F","8",NA,"W",11,8,NA,NA,NA,NA,NA,NA,NA,NA,NA,NA,NA,NA,NA,NA,NA,NA,2011,8,TRUE,FALSE,TRUE,"Summer chick",0.259281437125748,41.6130197760938
"Little Tern","WAC2",NA,"R","B","41515","STEALB",NA,3,165,41.9,2011-08-11,1899-12-31 02:00:00,"Atlit Salt-Pans",32.695,34.932,"Yosef Kiat",NA,NA,NA,"AC2",NA,58,NA,NA,"A","C","2",NA,"W",11,8,NA,NA,NA,NA,NA,NA,NA,NA,NA,NA,NA,NA,NA,NA,NA,NA,2011,8,FALSE,TRUE,TRUE,"Summer chick",0.253939393939394,40.7149717435705
"Little Tern","WAF9",NA,NA,"B","41556","STEALB",NA,3,169,42.6,2011-08-11,1899-12-31 04:00:00,"Atlit Salt-Pans",32.695,34.932,"Yosef Kiat",NA,NA,NA,"AF9",NA,59,NA,NA,"A","F","9",NA,"W",11,8,NA,NA,NA,NA,NA,NA,NA,NA,NA,NA,NA,NA,NA,NA,NA,NA,2011,8,TRUE,FALSE,TRUE,"Summer chick",0.25207100591716,40.4957351073177
"Little Tern","WAF0",NA,NA,"B","41557","STEALB",NA,3,168,38.1,2011-08-11,1899-12-31 04:30:00,"Atlit Salt-Pans",32.695,34.932,"Yosef Kiat",NA,NA,NA,"AF0",NA,57,NA,NA,"A","F","0",NA,"W",11,8,NA,NA,NA,NA,NA,NA,NA,NA,NA,NA,NA,NA,NA,NA,NA,NA,2011,8,TRUE,FALSE,TRUE,"Summer chick",0.226785714285714,36.4156806485593
"Little Tern","WAG1",NA,NA,"B","41560","STEALB",NA,3,167,41.3,2011-08-15,1899-12-31 20:15:00,"Atlit Salt-Pans",32.695,34.932,"Yosef Kiat",NA,NA,NA,"AG1",NA,61,NA,NA,"A","G","1",NA,"W",15,8,NA,NA,NA,NA,NA,NA,NA,NA,NA,NA,NA,NA,NA,NA,NA,NA,2011,8,TRUE,FALSE,TRUE,"Summer chick",0.247305389221557,39.6909403407084
"Little Tern","WAG2",NA,NA,"B","41561","STEALB",NA,3,167,40.6,2011-08-15,1899-12-31 20:15:00,"Atlit Salt-Pans",32.695,34.932,"Yosef Kiat",NA,NA,NA,"AG2",NA,53,NA,NA,"A","G","2",NA,"W",15,8,NA,NA,NA,NA,NA,NA,NA,NA,NA,NA,NA,NA,NA,NA,NA,NA,2011,8,TRUE,FALSE,TRUE,"Summer chick",0.24311377245509,39.0182125383235
"Little Tern","WAG3",NA,NA,"B","41562","STEALB",NA,3,164,43.1,2011-08-15,1899-12-31 20:15:00,"Atlit Salt-Pans",32.695,34.932,"Yosef Kiat",NA,NA,NA,"AG3",NA,52,NA,NA,"A","G","3",NA,"W",15,8,NA,NA,NA,NA,NA,NA,NA,NA,NA,NA,NA,NA,NA,NA,NA,NA,2011,8,TRUE,FALSE,TRUE,"Summer chick",0.26280487804878,42.1151770856382
"Little Tern","WAG5",NA,NA,"B","41564","STEALB","F",3,164,43.1,2011-08-15,1899-12-31 23:00:00,"Atlit Salt-Pans",32.695,34.932,"Yosef Kiat",NA,NA,NA,"AG5",NA,51,NA,NA,"A","G","5",NA,"W",15,8,NA,NA,NA,NA,NA,NA,NA,NA,NA,NA,NA,NA,NA,NA,NA,NA,2011,8,TRUE,FALSE,TRUE,"Summer chick",0.26280487804878,42.1151770856382
"Little Tern","WAG6",NA,NA,"B","41565","STEALB",NA,3,159,42.3,2011-08-15,1899-12-31 23:00:00,"Atlit Salt-Pans",32.695,34.932,"Yosef Kiat",NA,NA,NA,"AG6",NA,60,NA,NA,"A","G","6",NA,"W",15,8,NA,NA,NA,NA,NA,NA,NA,NA,NA,NA,NA,NA,NA,NA,NA,NA,2011,8,TRUE,FALSE,TRUE,"Summer chick",0.266037735849057,42.5239687360893
"Little Tern","WAF0",NA,"R","B","41557","STEALB",NA,3,169,43.7,2011-08-22,1899-12-31 23:00:00,"Atlit Salt-Pans",32.695,34.932,"Yosef Kiat",NA,NA,NA,"AF0",NA,56,NA,NA,"A","F","0",NA,"W",22,8,NA,NA,NA,NA,NA,NA,NA,NA,NA,NA,NA,NA,NA,NA,NA,NA,2011,8,FALSE,TRUE,TRUE,"Summer chick",0.258579881656805,41.5413996288682
"Little Tern","WAG8",NA,NA,"B","41567","STEALB",NA,3,172,43.5,2011-08-22,1899-12-31 23:00:00,"Atlit Salt-Pans",32.695,34.932,"Yosef Kiat",NA,NA,NA,"AG8",NA,57,NA,NA,"A","G","8",NA,"W",22,8,NA,NA,NA,NA,NA,NA,NA,NA,NA,NA,NA,NA,NA,NA,NA,NA,2011,8,TRUE,FALSE,TRUE,"Summer chick",0.252906976744186,40.6893415844125
"Little Tern","WAK0",NA,NA,"B","41675","STEALB",NA,3,139,44.8,2012-06-24,1899-12-31 20:30:00,"Atlit Salt-Pans",32.695,34.932,"Yosef Kiat",NA,NA,NA,"AK0",NA,51,NA,NA,"A","K","0",NA,"W",24,6,NA,NA,NA,NA,NA,NA,NA,NA,NA,NA,NA,NA,NA,NA,NA,NA,2012,6,TRUE,FALSE,TRUE,"Summer chick",0.322302158273381,50.9464792412385
"Little Tern","WAH0",NA,NA,"B","41676","STEALB",NA,3,137,40.4,2012-06-24,1899-12-31 20:30:00,"Atlit Salt-Pans",32.695,34.932,"Yosef Kiat",NA,NA,NA,"AH0",NA,48,NA,NA,"A","H","0",NA,"W",24,6,NA,NA,NA,NA,NA,NA,NA,NA,NA,NA,NA,NA,NA,NA,NA,NA,2012,6,TRUE,FALSE,TRUE,"Summer chick",0.294890510948905,46.5575375634401
"Little Tern","WAJ2",NA,NA,"B","41678","STEALB",NA,3,125,36.7,2012-06-24,1899-12-31 23:00:00,"Atlit Salt-Pans",32.695,34.932,"Yosef Kiat",NA,NA,NA,"AJ2",NA,43,NA,NA,"A","J","2",NA,"W",24,6,NA,NA,NA,NA,NA,NA,NA,NA,NA,NA,NA,NA,NA,NA,NA,NA,2012,6,TRUE,FALSE,TRUE,"Summer chick",0.2936,46.0028959833074
"Little Tern","WAJ3",NA,NA,"B","41679","STEALB",NA,3,146,41.7,2012-06-24,1899-12-31 23:00:00,"Atlit Salt-Pans",32.695,34.932,"Yosef Kiat",NA,NA,NA,"AJ3",NA,54,NA,NA,"A","J","3",NA,"W",24,6,NA,NA,NA,NA,NA,NA,NA,NA,NA,NA,NA,NA,NA,NA,NA,NA,2012,6,TRUE,FALSE,TRUE,"Summer chick",0.285616438356164,45.3318009775661
"Little Tern","WAJ6",NA,NA,"B","41682","STEALB",NA,3,140,46,2012-06-24,1899-12-31 23:00:00,"Atlit Salt-Pans",32.695,34.932,"Yosef Kiat",NA,NA,NA,"AJ6",NA,50,NA,NA,"A","J","6",NA,"W",24,6,NA,NA,NA,NA,NA,NA,NA,NA,NA,NA,NA,NA,NA,NA,NA,NA,2012,6,TRUE,FALSE,TRUE,"Summer chick",0.328571428571429,51.9683381966945
"Little Tern","WAJ9",NA,NA,"B","41685","STEALB",NA,3,147,45.7,2012-06-24,1899-12-31 23:00:00,"Atlit Salt-Pans",32.695,34.932,"Yosef Kiat",NA,NA,NA,"AJ9",NA,58,NA,NA,"A","J","9",NA,"W",24,6,NA,NA,NA,NA,NA,NA,NA,NA,NA,NA,NA,NA,NA,NA,NA,NA,2012,6,TRUE,FALSE,TRUE,"Summer chick",0.310884353741497,49.3701423092584
"Little Tern","WAK1",NA,NA,"B","41687","STEALB",NA,3,127,39.4,2012-06-25,1899-12-31 00:30:00,"Atlit Salt-Pans",32.695,34.932,"Yosef Kiat",NA,NA,NA,"AK1",NA,45,NA,NA,"A","K","1",NA,"W",25,6,NA,NA,NA,NA,NA,NA,NA,NA,NA,NA,NA,NA,NA,NA,NA,NA,2012,6,TRUE,FALSE,TRUE,"Summer chick",0.310236220472441,48.6735557247543
"Little Tern","WAK2",NA,NA,"B","41688","STEALB",NA,3,132,43.8,2012-06-25,1899-12-31 00:30:00,"Atlit Salt-Pans",32.695,34.932,"Yosef Kiat",NA,NA,NA,"AK2",NA,43,NA,NA,"A","K","2",NA,"W",25,6,NA,NA,NA,NA,NA,NA,NA,NA,NA,NA,NA,NA,NA,NA,NA,NA,2012,6,TRUE,FALSE,TRUE,"Summer chick",0.331818181818182,52.2264989387312
"Little Tern","WAK5",NA,NA,"B","41691","STEALB",NA,3,146,51.4,2012-07-01,1899-12-31 20:30:00,"Atlit Salt-Pans",32.695,34.932,"Yosef Kiat",NA,NA,NA,"AK5",NA,48,NA,NA,"A","K","5",NA,"W",1,7,NA,NA,NA,NA,NA,NA,NA,NA,NA,NA,NA,NA,NA,NA,NA,NA,2012,7,TRUE,FALSE,TRUE,"Summer chick",0.352054794520548,55.8766083992062
"Little Tern","WAK6",NA,NA,"B","41692","STEALB",NA,3,145,46,2012-07-01,1899-12-31 20:30:00,"Atlit Salt-Pans",32.695,34.932,"Yosef Kiat",NA,NA,NA,"AK6",NA,53,NA,NA,"A","K","6",NA,"W",1,7,NA,NA,NA,NA,NA,NA,NA,NA,NA,NA,NA,NA,NA,NA,NA,NA,2012,7,TRUE,FALSE,TRUE,"Summer chick",0.317241379310345,50.3224961330121
"Little Tern","WAK7",NA,NA,"B","41693","STEALB",NA,3,142,45.9,2012-07-01,1899-12-31 20:30:00,"Atlit Salt-Pans",32.695,34.932,"Yosef Kiat",NA,NA,NA,"AK7",NA,54,NA,NA,"A","K","7",NA,"W",1,7,NA,NA,NA,NA,NA,NA,NA,NA,NA,NA,NA,NA,NA,NA,NA,NA,2012,7,TRUE,FALSE,TRUE,"Summer chick",0.323239436619718,51.1851560300094
"Little Tern","WAJ0",NA,"R","B","41686","STEALB",NA,3,135,45,2012-07-01,1899-12-31 20:30:00,"Atlit Salt-Pans",32.695,34.932,"Yosef Kiat",NA,NA,NA,"AJ0",NA,NA,NA,NA,"A","J","0",NA,"W",1,7,NA,NA,NA,NA,NA,NA,NA,NA,NA,NA,NA,NA,NA,NA,NA,NA,2012,7,FALSE,TRUE,TRUE,"Summer chick",0.333333333333333,52.5628031637936
"Little Tern","NL0A","+",NA,"B","41694","STEALB",NA,3,137,32.8,2012-07-01,1899-12-31 20:30:00,"Atlit Salt-Pans",32.695,34.932,"Yosef Kiat",NA,NA,NA,"L0A",NA,48,NA,NA,"L","0","A",NA,"N",1,7,NA,NA,NA,NA,NA,"AK8",NA,NA,NA,NA,NA,NA,NA,NA,NA,NA,2012,7,TRUE,FALSE,TRUE,"Summer chick",0.239416058394161,37.7991889128919
"Little Tern","WAK9",NA,NA,"B","41695","STEALB",NA,3,153,49.6,2012-07-01,1899-12-31 20:30:00,"Atlit Salt-Pans",32.695,34.932,"Yosef Kiat",NA,NA,NA,"AK9",NA,56,NA,NA,"A","K","9",NA,"W",1,7,NA,NA,NA,NA,NA,NA,NA,NA,NA,NA,NA,NA,NA,NA,NA,NA,2012,7,TRUE,FALSE,TRUE,"Summer chick",0.324183006535948,51.6530510545806
"Little Tern","WAL0",NA,NA,"B","41696","STEALB",NA,3,163,44.7,2012-07-01,1899-12-31 21:00:00,"Atlit Salt-Pans",32.695,34.932,"Yosef Kiat",NA,NA,NA,"AL0",NA,57,NA,NA,"A","L","0",NA,"W",1,7,NA,NA,NA,NA,NA,NA,NA,NA,NA,NA,NA,NA,NA,NA,NA,NA,2012,7,TRUE,FALSE,TRUE,"Summer chick",0.274233128834356,43.9243091231799
"Little Tern","NTIB","+",NA,"B","41697","STEALB","M",3,131,33.7,2012-07-01,1899-12-31 21:00:00,"Atlit Salt-Pans",32.695,34.932,"Yosef Kiat",NA,NA,NA,"TIB",NA,47,NA,NA,"T","I","B",NA,"N",1,7,NA,NA,NA,NA,NA,"AL1",NA,NA,NA,NA,NA,NA,NA,NA,NA,NA,2012,7,TRUE,FALSE,TRUE,"Summer chick",0.257251908396947,40.4646295097915
"Little Tern","WAL2",NA,NA,"B","41698","STEALB",NA,3,144,41.4,2012-07-01,1899-12-31 21:00:00,"Atlit Salt-Pans",32.695,34.932,"Yosef Kiat",NA,NA,NA,"AL2",NA,51,NA,NA,"A","L","2",NA,"W",1,7,NA,NA,NA,NA,NA,NA,NA,NA,NA,NA,NA,NA,NA,NA,NA,NA,2012,7,TRUE,FALSE,TRUE,"Summer chick",0.2875,45.5786076342105
"Little Tern","WAL3",NA,NA,"B","41699","STEALB",NA,3,125,44.7,2012-07-01,1899-12-31 21:00:00,"Atlit Salt-Pans",32.695,34.932,"Yosef Kiat",NA,NA,NA,"AL3",NA,45,NA,NA,"A","L","3",NA,"W",1,7,NA,NA,NA,NA,NA,NA,NA,NA,NA,NA,NA,NA,NA,NA,NA,NA,2012,7,TRUE,FALSE,TRUE,"Summer chick",0.3576,56.0307752167259
"Little Tern","WAL4",NA,NA,"B","41700","STEALB",NA,3,152,42.8,2012-07-01,1899-12-31 21:00:00,"Atlit Salt-Pans",32.695,34.932,"Yosef Kiat",NA,NA,NA,"AL4",NA,54,NA,NA,"A","L","4",NA,"W",1,7,NA,NA,NA,NA,NA,NA,NA,NA,NA,NA,NA,NA,NA,NA,NA,NA,2012,7,TRUE,FALSE,TRUE,"Summer chick",0.281578947368421,44.8404377795803
"Little Tern","WAL5",NA,NA,"B","41701","STEALB",NA,3,154,46.3,2012-07-01,1899-12-31 22:00:00,"Atlit Salt-Pans",32.695,34.932,"Yosef Kiat",NA,NA,NA,"AL5",NA,57,NA,NA,"A","L","5",NA,"W",1,7,NA,NA,NA,NA,NA,NA,NA,NA,NA,NA,NA,NA,NA,NA,NA,NA,2012,7,TRUE,FALSE,TRUE,"Summer chick",0.300649350649351,47.9292394114129
"Little Tern","WAL8",NA,NA,"B","41705","STEALB",NA,3,155,41.9,2012-07-01,1899-12-31 22:00:00,"Atlit Salt-Pans",32.695,34.932,"Yosef Kiat",NA,NA,NA,"AL8",NA,53,NA,NA,"A","L","8",NA,"W",1,7,NA,NA,NA,NA,NA,NA,NA,NA,NA,NA,NA,NA,NA,NA,NA,NA,2012,7,TRUE,FALSE,TRUE,"Summer chick",0.270322580645161,43.1177020274083
"Little Tern","WAL9",NA,NA,"B","41706","STEALB",NA,3,160,42.2,2012-07-01,1899-12-31 22:00:00,"Atlit Salt-Pans",32.695,34.932,"Yosef Kiat",NA,NA,NA,"AL9",NA,58,NA,NA,"A","L","9",NA,"W",1,7,NA,NA,NA,NA,NA,NA,NA,NA,NA,NA,NA,NA,NA,NA,NA,NA,2012,7,TRUE,FALSE,TRUE,"Summer chick",0.26375,42.1802088646043
"Little Tern","WAM0",NA,NA,"B","41707","STEALB",NA,3,140,38.5,2012-07-01,1899-12-31 23:00:00,"Atlit Salt-Pans",32.695,34.932,"Yosef Kiat",NA,NA,NA,"AM0",NA,52,NA,NA,"A","M","0",NA,"W",1,7,NA,NA,NA,NA,NA,NA,NA,NA,NA,NA,NA,NA,NA,NA,NA,NA,2012,7,TRUE,FALSE,TRUE,"Summer chick",0.275,43.4952395776682
"Little Tern","WAM1",NA,NA,"B","41708","STEALB",NA,3,142,41.1,2012-07-01,1899-12-31 23:00:00,"Atlit Salt-Pans",32.695,34.932,"Yosef Kiat",NA,NA,NA,"AM1",NA,52,NA,NA,"A","M","1",NA,"W",1,7,NA,NA,NA,NA,NA,NA,NA,NA,NA,NA,NA,NA,NA,NA,NA,NA,2012,7,TRUE,FALSE,TRUE,"Summer chick",0.28943661971831,45.8324599745836
"Little Tern","WAM2",NA,NA,"B","41709","STEALB",NA,3,154,46.2,2012-07-01,1899-12-31 23:00:00,"Atlit Salt-Pans",32.695,34.932,"Yosef Kiat",NA,NA,NA,"AM2",NA,52,NA,NA,"A","M","2",NA,"W",1,7,NA,NA,NA,NA,NA,NA,NA,NA,NA,NA,NA,NA,NA,NA,NA,NA,2012,7,TRUE,FALSE,TRUE,"Summer chick",0.3,47.8257205357943
"Little Tern","WAM3",NA,NA,"B","41710","STEALB",NA,3,133,41.9,2012-07-01,1899-12-31 23:00:00,"Atlit Salt-Pans",32.695,34.932,"Yosef Kiat",NA,NA,NA,"AM3",NA,50,NA,NA,"A","M","3",NA,"W",1,7,NA,NA,NA,NA,NA,NA,NA,NA,NA,NA,NA,NA,NA,NA,NA,NA,2012,7,TRUE,FALSE,TRUE,"Summer chick",0.315037593984962,49.61635095317
"Little Tern","WAM4",NA,NA,"B","41711","STEALB",NA,3,167,44.5,2012-07-01,1899-12-31 23:00:00,"Atlit Salt-Pans",32.695,34.932,"Yosef Kiat",NA,NA,NA,"AM4",NA,58,NA,NA,"A","M","4",NA,"W",1,7,NA,NA,NA,NA,NA,NA,NA,NA,NA,NA,NA,NA,NA,NA,NA,NA,2012,7,TRUE,FALSE,TRUE,"Summer chick",0.266467065868263,42.766267437325
"Little Tern","WAM5",NA,NA,"B","41712","STEALB",NA,3,149,45,2012-07-01,1899-12-31 23:00:00,"Atlit Salt-Pans",32.695,34.932,"Yosef Kiat",NA,NA,NA,"AM5",NA,55,NA,NA,"A","M","5",NA,"W",1,7,NA,NA,NA,NA,NA,NA,NA,NA,NA,NA,NA,NA,NA,NA,NA,NA,2012,7,TRUE,FALSE,TRUE,"Summer chick",0.302013422818792,48.0151469674261
"Little Tern","WAM6",NA,NA,"B","41713","STEALB",NA,3,149,38.7,2012-07-01,1899-12-31 23:00:00,"Atlit Salt-Pans",32.695,34.932,"Yosef Kiat",NA,NA,NA,"AM6",NA,50,NA,NA,"A","M","6",NA,"W",1,7,NA,NA,NA,NA,NA,NA,NA,NA,NA,NA,NA,NA,NA,NA,NA,NA,2012,7,TRUE,FALSE,TRUE,"Summer chick",0.259731543624161,41.2930263919864
"Little Tern","WAM7",NA,NA,"B","41714","STEALB",NA,3,143,42.9,2012-07-01,1899-12-31 23:00:00,"Atlit Salt-Pans",32.695,34.932,"Yosef Kiat",NA,NA,NA,"AM7",NA,51,NA,NA,"A","M","7",NA,"W",1,7,NA,NA,NA,NA,NA,NA,NA,NA,NA,NA,NA,NA,NA,NA,NA,NA,2012,7,TRUE,FALSE,TRUE,"Summer chick",0.3,47.5328202177426
"Little Tern","WAM8",NA,NA,"B","41715","STEALB",NA,3,128,44.7,2012-07-02,1899-12-31,"Atlit Salt-Pans",32.695,34.932,"Yosef Kiat",NA,NA,NA,"AM8",NA,45,NA,NA,"A","M","8",NA,"W",2,7,NA,NA,NA,NA,NA,NA,NA,NA,NA,NA,NA,NA,NA,NA,NA,NA,2012,7,TRUE,FALSE,TRUE,"Summer chick",0.34921875,54.825233021842
"Little Tern","WAM9",NA,NA,"B","41716","STEALB",NA,3,158,46.1,2012-07-02,1899-12-31,"Atlit Salt-Pans",32.695,34.932,"Yosef Kiat",NA,NA,NA,"AM9",NA,62,NA,NA,"A","M","9",NA,"W",2,7,NA,NA,NA,NA,NA,NA,NA,NA,NA,NA,NA,NA,NA,NA,NA,NA,2012,7,TRUE,FALSE,TRUE,"Summer chick",0.291772151898734,46.6130210502151
"Little Tern","WAN0",NA,NA,"B","41717","STEALB",NA,3,160,49.5,2012-07-02,1899-12-31,"Atlit Salt-Pans",32.695,34.932,"Yosef Kiat",NA,NA,NA,"AN0",NA,61,NA,NA,"A","N","0",NA,"W",2,7,NA,NA,NA,NA,NA,NA,NA,NA,NA,NA,NA,NA,NA,NA,NA,NA,2012,7,TRUE,FALSE,TRUE,"Summer chick",0.309375,49.4767852795714
"Little Tern","WAN1",NA,NA,"B","41718","STEALB",NA,3,155,45.7,2012-07-02,1899-12-31,"Atlit Salt-Pans",32.695,34.932,"Yosef Kiat",NA,NA,NA,"AN1",NA,55,NA,NA,"A","N","1",NA,"W",2,7,NA,NA,NA,NA,NA,NA,NA,NA,NA,NA,NA,NA,NA,NA,NA,NA,2012,7,TRUE,FALSE,TRUE,"Summer chick",0.294838709677419,47.0281380108009
"Little Tern","WAN2",NA,NA,"B","41719","STEALB",NA,3,132,43.6,2012-07-02,1899-12-31,"Atlit Salt-Pans",32.695,34.932,"Yosef Kiat",NA,NA,NA,"AN2",NA,42,NA,NA,"A","N","2",NA,"W",2,7,NA,NA,NA,NA,NA,NA,NA,NA,NA,NA,NA,NA,NA,NA,NA,NA,2012,7,TRUE,FALSE,TRUE,"Summer chick",0.33030303030303,51.9880217746274
"Little Tern","WAN4",NA,NA,"B","41721","STEALB",NA,3,157,46,2012-07-02,1899-12-31,"Atlit Salt-Pans",32.695,34.932,"Yosef Kiat",NA,NA,NA,"AN4",NA,57,NA,NA,"A","N","4",NA,"W",2,7,NA,NA,NA,NA,NA,NA,NA,NA,NA,NA,NA,NA,NA,NA,NA,NA,2012,7,TRUE,FALSE,TRUE,"Summer chick",0.292993630573248,46.7835329388069
"Little Tern","WAN7",NA,NA,"B","41724","STEALB",NA,3,138,42.4,2012-07-02,1899-12-31,"Atlit Salt-Pans",32.695,34.932,"Yosef Kiat",NA,NA,NA,"AN7",NA,54,NA,NA,"A","N","7",NA,"W",2,7,NA,NA,NA,NA,NA,NA,NA,NA,NA,NA,NA,NA,NA,NA,NA,NA,2012,7,TRUE,FALSE,TRUE,"Summer chick",0.307246376811594,48.5375441987171
"Little Tern","WAN9",NA,NA,"B","41726","STEALB",NA,3,139,39.9,2012-07-02,1899-12-31 00:30:00,"Atlit Salt-Pans",32.695,34.932,"Yosef Kiat",NA,NA,NA,"AN9",NA,50,NA,NA,"A","N","9",NA,"W",2,7,NA,NA,NA,NA,NA,NA,NA,NA,NA,NA,NA,NA,NA,NA,NA,NA,2012,7,TRUE,FALSE,TRUE,"Summer chick",0.28705035971223,45.3742080742281
"Little Tern","WA00",NA,NA,"B","41727","STEALB",NA,3,138,46.2,2012-07-02,1899-12-31 00:30:00,"Atlit Salt-Pans",32.695,34.932,"Yosef Kiat",NA,NA,NA,"A00",NA,50,NA,NA,"A","0","0",NA,"W",2,7,NA,NA,NA,NA,NA,NA,NA,NA,NA,NA,NA,NA,NA,NA,NA,NA,2012,7,TRUE,FALSE,TRUE,"Summer chick",0.334782608695652,52.887607122187
"Little Tern","WA01",NA,NA,"B","41728","STEALB",NA,3,148,46.4,2012-07-02,1899-12-31 00:30:00,"Atlit Salt-Pans",32.695,34.932,"Yosef Kiat",NA,NA,NA,"A01",NA,50,NA,NA,"A","0","1",NA,"W",2,7,NA,NA,NA,NA,NA,NA,NA,NA,NA,NA,NA,NA,NA,NA,NA,NA,2012,7,TRUE,FALSE,TRUE,"Summer chick",0.313513513513514,49.8156558501323
"Little Tern","WH1H","+",NA,"B","41729","STEALB",NA,3,154,43.8,2012-07-11,1899-12-31 21:30:00,"Atlit Salt-Pans",32.695,34.932,"Yosef Kiat",NA,NA,NA,"H1H",NA,56,NA,NA,"H","1","H",NA,"W",11,7,NA,NA,NA,NA,NA,"A02",NA,NA,NA,NA,NA,NA,NA,NA,NA,NA,2012,7,TRUE,FALSE,TRUE,"Summer chick",0.284415584415584,45.3412675209478
"Little Tern","WA03",NA,NA,"B","41730","STEALB",NA,3,145,51.1,2012-07-11,1899-12-31 21:30:00,"Atlit Salt-Pans",32.695,34.932,"Yosef Kiat",NA,NA,NA,"A03",NA,55,NA,NA,"A","0","3",NA,"W",11,7,NA,NA,NA,NA,NA,NA,NA,NA,NA,NA,NA,NA,NA,NA,NA,NA,2012,7,TRUE,FALSE,TRUE,"Summer chick",0.352413793103448,55.901729399933
"Little Tern","WA04",NA,NA,"B","41731","STEALB",NA,3,163,40.6,2012-07-11,1899-12-31 21:30:00,"Atlit Salt-Pans",32.695,34.932,"Yosef Kiat",NA,NA,NA,"A04",NA,53,NA,NA,"A","0","4",NA,"W",11,7,NA,NA,NA,NA,NA,NA,NA,NA,NA,NA,NA,NA,NA,NA,NA,NA,2012,7,TRUE,FALSE,TRUE,"Summer chick",0.249079754601227,39.8954575033804
"Little Tern","WA05",NA,NA,"B","41732","STEALB",NA,3,165,41.8,2012-07-11,1899-12-31 21:30:00,"Atlit Salt-Pans",32.695,34.932,"Yosef Kiat",NA,NA,NA,"A05",NA,55,NA,NA,"A","0","5",NA,"W",11,7,NA,NA,NA,NA,NA,NA,NA,NA,NA,NA,NA,NA,NA,NA,NA,NA,2012,7,TRUE,FALSE,TRUE,"Summer chick",0.253333333333333,40.6177999732995
"Little Tern","WA06",NA,NA,"B","41733","STEALB",NA,3,168,43.3,2012-07-11,1899-12-31 21:30:00,"Atlit Salt-Pans",32.695,34.932,"Yosef Kiat",NA,NA,NA,"A06",NA,55,NA,NA,"A","0","6",NA,"W",11,7,NA,NA,NA,NA,NA,NA,NA,NA,NA,NA,NA,NA,NA,NA,NA,NA,2012,7,TRUE,FALSE,TRUE,"Summer chick",0.257738095238095,41.3857997921947
"Little Tern","WA07",NA,NA,"B","41734","STEALB",NA,3,157,45.4,2012-07-11,1899-12-31 21:30:00,"Atlit Salt-Pans",32.695,34.932,"Yosef Kiat",NA,NA,NA,"A07",NA,54,NA,NA,"A","0","7",NA,"W",11,7,NA,NA,NA,NA,NA,NA,NA,NA,NA,NA,NA,NA,NA,NA,NA,NA,2012,7,TRUE,FALSE,TRUE,"Summer chick",0.289171974522293,46.1733129439529
"Little Tern","WA08",NA,NA,"B","41735","STEALB",NA,3,160,45.3,2012-07-11,1899-12-31 22:30:00,"Atlit Salt-Pans",32.695,34.932,"Yosef Kiat",NA,NA,NA,"A08",NA,61,NA,NA,"A","0","8",NA,"W",11,7,NA,NA,NA,NA,NA,NA,NA,NA,NA,NA,NA,NA,NA,NA,NA,NA,2012,7,TRUE,FALSE,TRUE,"Summer chick",0.283125,45.278755013426
"Little Tern","WA09",NA,NA,"B","41736","STEALB","F",3,173,41.9,2012-07-11,1899-12-31 22:30:00,"Atlit Salt-Pans",32.695,34.932,"Yosef Kiat",NA,NA,NA,"A09",NA,58,NA,NA,"A","0","9",NA,"W",11,7,NA,NA,NA,NA,NA,NA,NA,NA,NA,NA,NA,NA,NA,NA,NA,NA,2012,7,TRUE,FALSE,TRUE,"Summer chick",0.242196531791908,38.9849043014507
"Little Tern","WAP0",NA,NA,"B","41737","STEALB",NA,3,142,42.6,2012-07-11,1899-12-31 22:30:00,"Atlit Salt-Pans",32.695,34.932,"Yosef Kiat",NA,NA,NA,"AP0",NA,51,NA,NA,"A","P","0",NA,"W",11,7,NA,NA,NA,NA,NA,NA,NA,NA,NA,NA,NA,NA,NA,NA,NA,NA,2012,7,TRUE,FALSE,TRUE,"Summer chick",0.3,47.5051774919042
"Little Tern","WAP2",NA,NA,"B","41739","STEALB",NA,3,174,41.6,2012-07-11,1899-12-31 23:30:00,"Atlit Salt-Pans",32.695,34.932,"Yosef Kiat",NA,NA,NA,"AP2",NA,58,NA,NA,"A","P","2",NA,"W",11,7,NA,NA,NA,NA,NA,NA,NA,NA,NA,NA,NA,NA,NA,NA,NA,NA,2012,7,TRUE,FALSE,TRUE,"Summer chick",0.239080459770115,38.5017200957348
"Little Tern","WAP3",NA,NA,"B","41740","STEALB",NA,3,166,44.5,2012-07-11,1899-12-31 23:30:00,"Atlit Salt-Pans",32.695,34.932,"Yosef Kiat",NA,NA,NA,"AP3",NA,53,NA,NA,"A","P","3",NA,"W",11,7,NA,NA,NA,NA,NA,NA,NA,NA,NA,NA,NA,NA,NA,NA,NA,NA,2012,7,TRUE,FALSE,TRUE,"Summer chick",0.268072289156627,43.0024806879499
"Little Tern","WAP4",NA,NA,"B","41741","STEALB",NA,3,156,44.4,2012-07-11,1899-12-31 23:30:00,"Atlit Salt-Pans",32.695,34.932,"Yosef Kiat",NA,NA,NA,"AP4",NA,58,NA,NA,"A","P","4",NA,"W",11,7,NA,NA,NA,NA,NA,NA,NA,NA,NA,NA,NA,NA,NA,NA,NA,NA,2012,7,TRUE,FALSE,TRUE,"Summer chick",0.284615384615385,45.4216776097227
"Little Tern","WAP5",NA,NA,"B","41742","STEALB",NA,3,172,46.2,2012-07-11,1899-12-31 23:30:00,"Atlit Salt-Pans",32.695,34.932,"Yosef Kiat",NA,NA,NA,"AP5",NA,61,NA,NA,"A","P","5",NA,"W",11,7,NA,NA,NA,NA,NA,NA,NA,NA,NA,NA,NA,NA,NA,NA,NA,NA,2012,7,TRUE,FALSE,TRUE,"Summer chick",0.268604651162791,43.2148869241346
"Little Tern","WAP6",NA,NA,"B","41743","STEALB",NA,3,164,42.8,2012-07-11,1899-12-31 23:30:00,"Atlit Salt-Pans",32.695,34.932,"Yosef Kiat",NA,NA,NA,"AP6",NA,57,NA,NA,"A","P","6",NA,"W",11,7,NA,NA,NA,NA,NA,NA,NA,NA,NA,NA,NA,NA,NA,NA,NA,NA,2012,7,TRUE,FALSE,TRUE,"Summer chick",0.260975609756098,41.8220320015154
"Little Tern","WAP7",NA,NA,"B","41744","STEALB",NA,3,161,43.4,2012-07-11,1899-12-31 23:30:00,"Atlit Salt-Pans",32.695,34.932,"Yosef Kiat",NA,NA,NA,"AP7",NA,55,NA,NA,"A","P","7",NA,"W",11,7,NA,NA,NA,NA,NA,NA,NA,NA,NA,NA,NA,NA,NA,NA,NA,NA,2012,7,TRUE,FALSE,TRUE,"Summer chick",0.269565217391304,43.1324785749635
"Little Tern","WAP8",NA,NA,"B","41745","STEALB",NA,3,158,40.7,2012-07-11,1899-12-31 23:30:00,"Atlit Salt-Pans",32.695,34.932,"Yosef Kiat",NA,NA,NA,"AP8",NA,61,NA,NA,"A","P","8",NA,"W",11,7,NA,NA,NA,NA,NA,NA,NA,NA,NA,NA,NA,NA,NA,NA,NA,NA,2012,7,TRUE,FALSE,TRUE,"Summer chick",0.257594936708861,41.1529274781725
"Little Tern","WAP9",NA,NA,"B","41746","STEALB",NA,3,159,40.6,2012-07-11,1899-12-31 23:30:00,"Atlit Salt-Pans",32.695,34.932,"Yosef Kiat",NA,NA,NA,"AP9",NA,55,NA,NA,"A","P","9",NA,"W",11,7,NA,NA,NA,NA,NA,NA,NA,NA,NA,NA,NA,NA,NA,NA,NA,NA,2012,7,TRUE,FALSE,TRUE,"Summer chick",0.255345911949686,40.8149676284923
"Little Tern","WAJ3",NA,"R","B","41679","STEALB",NA,3,174,42.3,2012-07-11,1899-12-31 23:30:00,"Atlit Salt-Pans",32.695,34.932,"Yosef Kiat",NA,NA,NA,"AJ3",NA,61,NA,NA,"A","J","3",NA,"W",11,7,NA,NA,NA,NA,NA,NA,NA,NA,NA,NA,NA,NA,NA,NA,NA,NA,2012,7,FALSE,TRUE,TRUE,"Summer chick",0.243103448275862,39.149585578115
"Little Tern","WAS0",NA,NA,"B","41747","STEALB",NA,3,172,43.2,2012-07-12,1899-12-31 00:30:00,"Atlit Salt-Pans",32.695,34.932,"Yosef Kiat",NA,NA,NA,"AS0",NA,57,NA,NA,"A","S","0",NA,"W",12,7,NA,NA,NA,NA,NA,NA,NA,NA,NA,NA,NA,NA,NA,NA,NA,NA,2012,7,TRUE,FALSE,TRUE,"Summer chick",0.251162790697674,40.4087254355545
"Little Tern","WAS2",NA,NA,"B","41749","STEALB",NA,3,170,42.6,2012-07-12,1899-12-31 00:30:00,"Atlit Salt-Pans",32.695,34.932,"Yosef Kiat",NA,NA,NA,"AS2",NA,57,NA,NA,"A","S","2",NA,"W",12,7,NA,NA,NA,NA,NA,NA,NA,NA,NA,NA,NA,NA,NA,NA,NA,NA,2012,7,TRUE,FALSE,TRUE,"Summer chick",0.250588235294118,40.2772178838635
"Little Tern","WAL2",NA,"R","B","41698","STEALB",NA,3,169,45.6,2012-07-12,1899-12-31 00:30:00,"Atlit Salt-Pans",32.695,34.932,"Yosef Kiat",NA,NA,NA,"AL2",NA,59,NA,NA,"A","L","2",NA,"W",12,7,NA,NA,NA,NA,NA,NA,NA,NA,NA,NA,NA,NA,NA,NA,NA,NA,2012,7,FALSE,TRUE,TRUE,"Summer chick",0.269822485207101,43.347547438819
"Little Tern","WAM8",NA,"R","B","41715","STEALB",NA,3,159,43.1,2012-07-12,1899-12-31 02:00:00,"Atlit Salt-Pans",32.695,34.932,"Yosef Kiat",NA,NA,NA,"AM8",NA,52,NA,NA,"A","M","8",NA,"W",12,7,NA,NA,NA,NA,NA,NA,NA,NA,NA,NA,NA,NA,NA,NA,NA,NA,2012,7,FALSE,TRUE,TRUE,"Summer chick",0.271069182389937,43.328204551429
"Little Tern","WAS4",NA,NA,"B","41751","STEALB",NA,3,166,42,2012-07-12,1899-12-31 02:00:00,"Atlit Salt-Pans",32.695,34.932,"Yosef Kiat",NA,NA,NA,"AS4",NA,58,NA,NA,"A","S","4",NA,"W",12,7,NA,NA,NA,NA,NA,NA,NA,NA,NA,NA,NA,NA,NA,NA,NA,NA,2012,7,TRUE,FALSE,TRUE,"Summer chick",0.253012048192771,40.5866109863797
"Little Tern","WAS8",NA,NA,"B","41755","STEALB",NA,3,147,44.6,2012-07-18,1899-12-31 23:00:00,"Atlit Salt-Pans",32.695,34.932,"Yosef Kiat",NA,NA,NA,"AS8",NA,55,NA,NA,"A","S","8",NA,"W",18,7,NA,NA,NA,NA,NA,NA,NA,NA,NA,NA,NA,NA,NA,NA,NA,NA,2012,7,TRUE,FALSE,TRUE,"Summer chick",0.303401360544218,48.181801903565
"Little Tern","WAT1",NA,NA,"B","41758","STEALB",NA,3,174,44.5,2012-07-18,1899-12-31 23:00:00,"Atlit Salt-Pans",32.695,34.932,"Yosef Kiat",NA,NA,NA,"AT1",NA,64,NA,NA,"A","T","1",NA,"W",18,7,NA,NA,NA,NA,NA,NA,NA,NA,NA,NA,NA,NA,NA,NA,NA,NA,2012,7,TRUE,FALSE,TRUE,"Summer chick",0.255747126436782,41.185734237024
"Little Tern","WAT2",NA,NA,"B","41759","STEALB",NA,3,168,43,2012-07-18,1899-12-31 23:00:00,"Atlit Salt-Pans",32.695,34.932,"Yosef Kiat",NA,NA,NA,"AT2",NA,57,NA,NA,"A","T","2",NA,"W",18,7,NA,NA,NA,NA,NA,NA,NA,NA,NA,NA,NA,NA,NA,NA,NA,NA,2012,7,TRUE,FALSE,TRUE,"Summer chick",0.255952380952381,41.0990621492927
"Little Tern","WAT5",NA,NA,"B","41762","STEALB",NA,3,166,43.7,2012-07-19,1899-12-31,"Atlit Salt-Pans",32.695,34.932,"Yosef Kiat",NA,NA,NA,"AT5",NA,59,NA,NA,"A","T","5",NA,"W",19,7,NA,NA,NA,NA,NA,NA,NA,NA,NA,NA,NA,NA,NA,NA,NA,NA,2012,7,TRUE,FALSE,TRUE,"Summer chick",0.263253012048193,42.2294023834474
"Little Tern","WAT6",NA,NA,"B","41763","STEALB",NA,3,172,42.8,2012-07-19,1899-12-31,"Atlit Salt-Pans",32.695,34.932,"Yosef Kiat",NA,NA,NA,"AT6",NA,57,NA,NA,"A","T","6",NA,"W",19,7,NA,NA,NA,NA,NA,NA,NA,NA,NA,NA,NA,NA,NA,NA,NA,NA,2012,7,TRUE,FALSE,TRUE,"Summer chick",0.248837209302326,40.0345705704104
"Little Tern","WAK5",NA,"R","B","41691","STEALB",NA,3,171,47.6,2012-07-19,1899-12-31,"Atlit Salt-Pans",32.695,34.932,"Yosef Kiat",NA,NA,NA,"AK5",NA,57,NA,NA,"A","K","5",NA,"W",19,7,NA,NA,NA,NA,NA,NA,NA,NA,NA,NA,NA,NA,NA,NA,NA,NA,2012,7,FALSE,TRUE,TRUE,"Summer chick",0.278362573099415,44.7631641217066
"Little Tern","WAT8",NA,NA,"B","41765","STEALB",NA,3,165,41.3,2012-07-19,1899-12-31 01:00:00,"Atlit Salt-Pans",32.695,34.932,"Yosef Kiat",NA,NA,NA,"AT8",NA,59,NA,NA,"A","T","8",NA,"W",19,7,NA,NA,NA,NA,NA,NA,NA,NA,NA,NA,NA,NA,NA,NA,NA,NA,2012,7,TRUE,FALSE,TRUE,"Summer chick",0.25030303030303,40.1319411219442
"Little Tern","WAT9",NA,NA,"B","41766","STEALB",NA,3,174,46.9,2012-07-19,1899-12-31 01:00:00,"Atlit Salt-Pans",32.695,34.932,"Yosef Kiat",NA,NA,NA,"AT9",NA,59,NA,NA,"A","T","9",NA,"W",19,7,NA,NA,NA,NA,NA,NA,NA,NA,NA,NA,NA,NA,NA,NA,NA,NA,2012,7,TRUE,FALSE,TRUE,"Summer chick",0.269540229885057,43.4069873194702
"Little Tern","WA03",NA,"R","B","41730","STEALB",NA,3,165,43.7,2012-07-19,1899-12-31 01:00:00,"Atlit Salt-Pans",32.695,34.932,"Yosef Kiat",NA,NA,NA,"A03",NA,62,NA,NA,"A","0","3",NA,"W",19,7,NA,NA,NA,NA,NA,NA,NA,NA,NA,NA,NA,NA,NA,NA,NA,NA,2012,7,FALSE,TRUE,TRUE,"Summer chick",0.264848484848485,42.4640636084495
"Little Tern","WAV0",NA,NA,"B","41767","STEALB",NA,3,174,45.6,2012-07-19,1899-12-31 01:00:00,"Atlit Salt-Pans",32.695,34.932,"Yosef Kiat",NA,NA,NA,"AV0",NA,60,NA,NA,"A","V","0",NA,"W",19,7,NA,NA,NA,NA,NA,NA,NA,NA,NA,NA,NA,NA,NA,NA,NA,NA,2012,7,TRUE,FALSE,TRUE,"Summer chick",0.262068965517241,42.2038085664785
"Little Tern","WAV1",NA,NA,"B","41768","STEALB",NA,3,172,45.3,2012-07-19,1899-12-31 01:00:00,"Atlit Salt-Pans",32.695,34.932,"Yosef Kiat",NA,NA,NA,"AV1",NA,56,NA,NA,"A","V","1",NA,"W",19,7,NA,NA,NA,NA,NA,NA,NA,NA,NA,NA,NA,NA,NA,NA,NA,NA,2012,7,TRUE,FALSE,TRUE,"Summer chick",0.263372093023256,42.3730384775606
"Little Tern","WAV2",NA,NA,"B","41769","STEALB",NA,3,160,34,2012-07-19,1899-12-31 01:00:00,"Atlit Salt-Pans",32.695,34.932,"Yosef Kiat",NA,NA,NA,"AV2",NA,57,NA,NA,"A","V","2",NA,"W",19,7,NA,NA,NA,NA,NA,NA,NA,NA,NA,NA,NA,NA,NA,NA,NA,NA,2012,7,TRUE,FALSE,TRUE,"Summer chick",0.2125,33.9840545354632
"Little Tern","WAV3",NA,NA,"B","41770","STEALB",NA,3,159,43,2012-07-19,1899-12-31 01:00:00,"Atlit Salt-Pans",32.695,34.932,"Yosef Kiat",NA,NA,NA,"AV3",NA,59,NA,NA,"A","V","3",NA,"W",19,7,NA,NA,NA,NA,NA,NA,NA,NA,NA,NA,NA,NA,NA,NA,NA,NA,2012,7,TRUE,FALSE,TRUE,"Summer chick",0.270440251572327,43.2276750745115
"Little Tern","WAV4",NA,NA,"B","41771","STEALB",NA,3,162,39.4,2012-07-19,1899-12-31 01:00:00,"Atlit Salt-Pans",32.695,34.932,"Yosef Kiat",NA,NA,NA,"AV4",NA,54,NA,NA,"A","V","4",NA,"W",19,7,NA,NA,NA,NA,NA,NA,NA,NA,NA,NA,NA,NA,NA,NA,NA,NA,2012,7,TRUE,FALSE,TRUE,"Summer chick",0.24320987654321,38.93540390924
"Little Tern","WAV5",NA,NA,"B","41772","STEALB","M",3,149,41.7,2012-07-19,1899-12-31 01:00:00,"Atlit Salt-Pans",32.695,34.932,"Yosef Kiat",NA,NA,NA,"AV5",NA,55,NA,NA,"A","V","5",NA,"W",19,7,NA,NA,NA,NA,NA,NA,NA,NA,NA,NA,NA,NA,NA,NA,NA,NA,2012,7,TRUE,FALSE,TRUE,"Summer chick",0.279865771812081,44.4940361898148
"Little Tern","WAK6",NA,"R","B","41692","STEALB",NA,3,172,43.1,2012-07-19,1899-12-31 01:00:00,"Atlit Salt-Pans",32.695,34.932,"Yosef Kiat",NA,NA,NA,"AK6",NA,59,NA,NA,"A","K","6",NA,"W",19,7,NA,NA,NA,NA,NA,NA,NA,NA,NA,NA,NA,NA,NA,NA,NA,NA,2012,7,FALSE,TRUE,TRUE,"Summer chick",0.250581395348837,40.3151867192684
"Little Tern","NTIB","+","R","B","41697","STEALB","M",3,160,34.1,2012-07-19,1899-12-31 01:00:00,"Atlit Salt-Pans",32.695,34.932,"Yosef Kiat",NA,NA,NA,"TIB",NA,55,NA,NA,"T","I","B",NA,"N",19,7,NA,NA,NA,NA,NA,"AL1",NA,NA,NA,NA,NA,NA,NA,NA,NA,NA,2012,7,FALSE,TRUE,TRUE,"Summer chick",0.213125,34.0840076370381
"Little Tern","WAV6",NA,NA,"B","41773","STEALB",NA,3,160,46.4,2012-07-19,1899-12-31 01:00:00,"Atlit Salt-Pans",32.695,34.932,"Yosef Kiat",NA,NA,NA,"AV6",NA,55,NA,NA,"A","V","6",NA,"W",19,7,NA,NA,NA,NA,NA,NA,NA,NA,NA,NA,NA,NA,NA,NA,NA,NA,2012,7,TRUE,FALSE,TRUE,"Summer chick",0.29,46.3782391307498
"Little Tern","WAV7",NA,NA,"B","41774","STEALB",NA,3,172,47,2012-07-19,1899-12-31 01:00:00,"Atlit Salt-Pans",32.695,34.932,"Yosef Kiat",NA,NA,NA,"AV7",NA,56,NA,NA,"A","V","7",NA,"W",19,7,NA,NA,NA,NA,NA,NA,NA,NA,NA,NA,NA,NA,NA,NA,NA,NA,2012,7,TRUE,FALSE,TRUE,"Summer chick",0.273255813953488,43.9631966544227
"Little Tern","WH00","+",NA,"B","41775","STEALB",NA,3,156,42.7,2012-07-19,1899-12-31 01:00:00,"Atlit Salt-Pans",32.695,34.932,"Yosef Kiat",NA,NA,NA,"H00",NA,60,NA,NA,"H","0","0",NA,"W",19,7,NA,NA,NA,NA,NA,"AV8",NA,NA,NA,NA,NA,NA,NA,NA,NA,NA,2012,7,TRUE,FALSE,TRUE,"Summer chick",0.273717948717949,43.682559322864
"Little Tern","WAV9",NA,NA,"B","41776","STEALB",NA,3,166,40,2012-07-19,1899-12-31 01:00:00,"Atlit Salt-Pans",32.695,34.932,"Yosef Kiat",NA,NA,NA,"AV9",NA,51,NA,NA,"A","V","9",NA,"W",19,7,NA,NA,NA,NA,NA,NA,NA,NA,NA,NA,NA,NA,NA,NA,NA,NA,2012,7,TRUE,FALSE,TRUE,"Summer chick",0.240963855421687,38.6539152251235
"Little Tern","WAN9",NA,"R","B","41726","STEALB",NA,3,169,41.5,2012-07-19,1899-12-31 02:00:00,"Atlit Salt-Pans",32.695,34.932,"Yosef Kiat",NA,NA,NA,"AN9",NA,57,NA,NA,"A","N","9",NA,"W",19,7,NA,NA,NA,NA,NA,NA,NA,NA,NA,NA,NA,NA,NA,NA,NA,NA,2012,7,FALSE,TRUE,TRUE,"Summer chick",0.245562130177515,39.4500705857673
"Little Tern","WAZ0",NA,NA,"B","41777","STEALB",NA,3,171,41.8,2012-07-19,1899-12-31 02:00:00,"Atlit Salt-Pans",32.695,34.932,"Yosef Kiat",NA,NA,NA,"AZ0",NA,56,NA,NA,"A","Z","0",NA,"W",19,7,NA,NA,NA,NA,NA,NA,NA,NA,NA,NA,NA,NA,NA,NA,NA,NA,2012,7,TRUE,FALSE,TRUE,"Summer chick",0.244444444444444,39.3088289976331
"Little Tern","WN77","+",NA,"B","41779","STEALB",NA,3,170,47.4,2012-07-22,1899-12-31 21:00:00,"Atlit Salt-Pans",32.695,34.932,"Yosef Kiat",NA,NA,NA,"N77",NA,60,NA,NA,"N","7","7",NA,"W",22,7,NA,NA,NA,NA,NA,"AZ2",NA,NA,NA,NA,NA,NA,NA,NA,NA,NA,2012,7,TRUE,FALSE,TRUE,"Summer chick",0.278823529411765,44.8154959552848
"Little Tern","WAZ3",NA,NA,"B","41780","STEALB","F",3,165,37.8,2012-07-22,1899-12-31 21:00:00,"Atlit Salt-Pans",32.695,34.932,"Yosef Kiat",NA,NA,NA,"AZ3",NA,55,NA,NA,"A","Z","3",NA,"W",22,7,NA,NA,NA,NA,NA,NA,NA,NA,NA,NA,NA,NA,NA,NA,NA,NA,2012,7,TRUE,FALSE,TRUE,"Summer chick",0.229090909090909,36.7309291624574
"Little Tern","WAZ5",NA,NA,"B","41782","STEALB",NA,3,140,45.5,2012-07-22,1899-12-31 21:30:00,"Atlit Salt-Pans",32.695,34.932,"Yosef Kiat",NA,NA,NA,"AZ5",NA,51,NA,NA,"A","Z","5",NA,"W",22,7,NA,NA,NA,NA,NA,NA,NA,NA,NA,NA,NA,NA,NA,NA,NA,NA,2012,7,TRUE,FALSE,TRUE,"Summer chick",0.325,51.403464955426
"Little Tern","WAZ6",NA,NA,"B","41783","STEALB",NA,3,169,43.3,2012-07-22,1899-12-31 21:30:00,"Atlit Salt-Pans",32.695,34.932,"Yosef Kiat",NA,NA,NA,"AZ6",NA,56,NA,NA,"A","Z","6",NA,"W",22,7,NA,NA,NA,NA,NA,NA,NA,NA,NA,NA,NA,NA,NA,NA,NA,NA,2012,7,TRUE,FALSE,TRUE,"Summer chick",0.256213017751479,41.161157984668
"Little Tern","WAZ7",NA,NA,"B","41784","STEALB",NA,3,166,42.6,2012-07-22,1899-12-31 21:30:00,"Atlit Salt-Pans",32.695,34.932,"Yosef Kiat",NA,NA,NA,"AZ7",NA,57,NA,NA,"A","Z","7",NA,"W",22,7,NA,NA,NA,NA,NA,NA,NA,NA,NA,NA,NA,NA,NA,NA,NA,NA,2012,7,TRUE,FALSE,TRUE,"Summer chick",0.256626506024096,41.1664197147565
"Little Tern","WAZ8",NA,NA,"B","41785","STEALB",NA,3,170,38.8,2012-07-22,1899-12-31 21:30:00,"Atlit Salt-Pans",32.695,34.932,"Yosef Kiat",NA,NA,NA,"AZ8",NA,58,NA,NA,"A","Z","8",NA,"W",22,7,NA,NA,NA,NA,NA,NA,NA,NA,NA,NA,NA,NA,NA,NA,NA,NA,2012,7,TRUE,FALSE,TRUE,"Summer chick",0.228235294117647,36.684414410655
"Little Tern","WAL4",NA,"R","B","41700","STEALB",NA,3,164,40.2,2012-07-22,1899-12-31 22:30:00,"Atlit Salt-Pans",32.695,34.932,"Yosef Kiat",NA,NA,NA,"AL4",NA,55,NA,NA,"A","L","4",NA,"W",22,7,NA,NA,NA,NA,NA,NA,NA,NA,NA,NA,NA,NA,NA,NA,NA,NA,2012,7,FALSE,TRUE,TRUE,"Summer chick",0.245121951219512,39.2814412724514
"Little Tern","WAN2",NA,"R","B","41719","STEALB",NA,3,171,41.2,2012-07-22,1899-12-31 22:30:00,"Atlit Salt-Pans",32.695,34.932,"Yosef Kiat",NA,NA,NA,"AN2",NA,56,NA,NA,"A","N","2",NA,"W",22,7,NA,NA,NA,NA,NA,NA,NA,NA,NA,NA,NA,NA,NA,NA,NA,NA,2012,7,FALSE,TRUE,TRUE,"Summer chick",0.24093567251462,38.7445874330738
"Little Tern","WA01",NA,"R","B","41728","STEALB",NA,3,165,46.2,2012-07-22,1899-12-31 22:30:00,"Atlit Salt-Pans",32.695,34.932,"Yosef Kiat",NA,NA,NA,"A01",NA,55,NA,NA,"A","0","1",NA,"W",22,7,NA,NA,NA,NA,NA,NA,NA,NA,NA,NA,NA,NA,NA,NA,NA,NA,2012,7,FALSE,TRUE,TRUE,"Summer chick",0.28,44.8933578652258
"Little Tern","WBA1",NA,NA,"B","41788","STEALB",NA,3,168,38.5,2012-07-22,1899-12-31 22:30:00,"Atlit Salt-Pans",32.695,34.932,"Yosef Kiat",NA,NA,NA,"BA1",NA,56,NA,NA,"B","A","1",NA,"W",22,7,NA,NA,NA,NA,NA,NA,NA,NA,NA,NA,NA,NA,NA,NA,NA,NA,2012,7,TRUE,FALSE,TRUE,"Summer chick",0.229166666666667,36.7979975057621
"Little Tern","WBA2",NA,NA,"B","41789","STEALB",NA,3,173,46.7,2012-07-22,1899-12-31 22:30:00,"Atlit Salt-Pans",32.695,34.932,"Yosef Kiat",NA,NA,NA,"BA2",NA,58,NA,NA,"B","A","2",NA,"W",22,7,NA,NA,NA,NA,NA,NA,NA,NA,NA,NA,NA,NA,NA,NA,NA,NA,2012,7,TRUE,FALSE,TRUE,"Summer chick",0.269942196531792,43.450955390877
"Little Tern","WBA3",NA,NA,"B","41790","STEALB",NA,3,174,46.3,2012-07-22,1899-12-31 22:30:00,"Atlit Salt-Pans",32.695,34.932,"Yosef Kiat",NA,NA,NA,"BA3",NA,59,NA,NA,"B","A","3",NA,"W",22,7,NA,NA,NA,NA,NA,NA,NA,NA,NA,NA,NA,NA,NA,NA,NA,NA,2012,7,TRUE,FALSE,TRUE,"Summer chick",0.266091954022988,42.8516740488587
"Little Tern","WBA4",NA,NA,"B","41791","STEALB",NA,3,159,41.7,2012-07-22,1899-12-31 22:30:00,"Atlit Salt-Pans",32.695,34.932,"Yosef Kiat",NA,NA,NA,"BA4",NA,51,NA,NA,"B","A","4",NA,"W",22,7,NA,NA,NA,NA,NA,NA,NA,NA,NA,NA,NA,NA,NA,NA,NA,NA,2012,7,TRUE,FALSE,TRUE,"Summer chick",0.262264150943396,41.9207918745845
"Little Tern","WBA5",NA,NA,"B","41792","STEALB",NA,3,171,47.2,2012-07-22,1899-12-31 22:30:00,"Atlit Salt-Pans",32.695,34.932,"Yosef Kiat",NA,NA,NA,"BA5",NA,58,NA,NA,"B","A","5",NA,"W",22,7,NA,NA,NA,NA,NA,NA,NA,NA,NA,NA,NA,NA,NA,NA,NA,NA,2012,7,TRUE,FALSE,TRUE,"Summer chick",0.276023391812866,44.3870030786671
"Little Tern","WBA7",NA,NA,"B","41794","STEALB",NA,3,170,46.6,2012-07-23,1899-12-31 01:00:00,"Atlit Salt-Pans",32.695,34.932,"Yosef Kiat",NA,NA,NA,"BA7",NA,60,NA,NA,"B","A","7",NA,"W",23,7,NA,NA,NA,NA,NA,NA,NA,NA,NA,NA,NA,NA,NA,NA,NA,NA,2012,7,TRUE,FALSE,TRUE,"Summer chick",0.274117647058824,44.0591162767146
"Little Tern","WBA8",NA,NA,"B","41795","STEALB",NA,3,164,42.8,2012-07-31,1899-12-31 21:00:00,"Atlit Salt-Pans",32.695,34.932,"Yosef Kiat",NA,NA,NA,"BA8",NA,56,NA,NA,"B","A","8",NA,"W",31,7,NA,NA,NA,NA,NA,NA,NA,NA,NA,NA,NA,NA,NA,NA,NA,NA,2012,7,TRUE,FALSE,TRUE,"Summer chick",0.260975609756098,41.8220320015154
"Little Tern","WBA9",NA,NA,"B","41796","STEALB",NA,3,160,43.6,2012-07-31,1899-12-31 21:00:00,"Atlit Salt-Pans",32.695,34.932,"Yosef Kiat",NA,NA,NA,"BA9",NA,55,NA,NA,"B","A","9",NA,"W",31,7,NA,NA,NA,NA,NA,NA,NA,NA,NA,NA,NA,NA,NA,NA,NA,NA,2012,7,TRUE,FALSE,TRUE,"Summer chick",0.2725,43.5795522866528
"Little Tern","WBB0",NA,NA,"B","41797","STEALB",NA,3,145,42.2,2012-07-31,1899-12-31 21:00:00,"Atlit Salt-Pans",32.695,34.932,"Yosef Kiat",NA,NA,NA,"BB0",NA,55,NA,NA,"B","B","0",NA,"W",31,7,NA,NA,NA,NA,NA,NA,NA,NA,NA,NA,NA,NA,NA,NA,NA,NA,2012,7,TRUE,FALSE,TRUE,"Summer chick",0.291034482758621,46.1654203655024
"Little Tern","WAZ5",NA,"R","B","41782","STEALB",NA,3,164,44.8,2012-07-31,1899-12-31 21:00:00,"Atlit Salt-Pans",32.695,34.932,"Yosef Kiat",NA,NA,NA,"AZ5",NA,55,NA,NA,"A","Z","5",NA,"W",31,7,NA,NA,NA,NA,NA,NA,NA,NA,NA,NA,NA,NA,NA,NA,NA,NA,2012,7,FALSE,TRUE,TRUE,"Summer chick",0.273170731707317,43.7763325623339
"Little Tern","WBB1",NA,NA,"B","41798","STEALB","M",3,152,39.1,2012-07-31,1899-12-31 21:00:00,"Atlit Salt-Pans",32.695,34.932,"Yosef Kiat",NA,NA,NA,"BB1",NA,56,NA,NA,"B","B","1",NA,"W",31,7,NA,NA,NA,NA,NA,NA,NA,NA,NA,NA,NA,NA,NA,NA,NA,NA,2012,7,TRUE,FALSE,TRUE,"Summer chick",0.257236842105263,40.9640447939624
"Little Tern","WBB2",NA,NA,"B","41799","STEALB",NA,3,163,41,2012-07-31,1899-12-31 21:00:00,"Atlit Salt-Pans",32.695,34.932,"Yosef Kiat",NA,NA,NA,"BB2",NA,55,NA,NA,"B","B","2",NA,"W",31,7,NA,NA,NA,NA,NA,NA,NA,NA,NA,NA,NA,NA,NA,NA,NA,NA,2012,7,TRUE,FALSE,TRUE,"Summer chick",0.251533742331288,40.288516197995
"Little Tern","WBE5",NA,NA,"B","41871","STEALB",NA,3,140,40,2013-06-30,1899-12-31 21:30:00,"Atlit Salt-Pans",32.695,34.932,"Yosef Kiat",NA,NA,NA,"BE5",NA,47,NA,NA,"B","E","5",NA,"W",30,6,NA,NA,NA,NA,NA,NA,NA,NA,NA,NA,NA,NA,NA,NA,NA,NA,2013,6,TRUE,FALSE,TRUE,"Summer chick",0.285714285714286,45.1898593014734
"Little Tern",NA,NA,NA,"B","41873","STEALB",NA,3,131,40,2013-06-30,1899-12-31 21:30:00,"Atlit Salt-Pans",32.695,34.932,"Yosef Kiat",NA,NA,NA,NA,NA,46,NA,NA,NA,NA,NA,NA,NA,30,6,NA,NA,NA,NA,NA,NA,NA,NA,NA,NA,NA,NA,NA,NA,NA,NA,2013,6,TRUE,FALSE,TRUE,"Summer chick",0.305343511450382,48.0292338395151
"Little Tern","WBG0",NA,NA,"B","41877","STEALB",NA,3,141,47,2013-06-30,1899-12-31 21:30:00,"Atlit Salt-Pans",32.695,34.932,"Yosef Kiat",NA,NA,NA,"BG0",NA,47,NA,NA,"B","G","0",NA,"W",30,6,NA,NA,NA,NA,NA,NA,NA,NA,NA,NA,NA,NA,NA,NA,NA,NA,2013,6,TRUE,FALSE,TRUE,"Summer chick",0.333333333333333,52.7526173954684
"Little Tern","NL01","+",NA,"B","41882","STEALB","F",3,158,40,2013-06-30,1899-12-31 22:30:00,"Atlit Salt-Pans",32.695,34.932,"Yosef Kiat",NA,NA,NA,"L01",NA,64,NA,NA,"L","0","1",NA,"N",30,6,NA,NA,NA,NA,NA,"BG5",NA,NA,NA,NA,NA,NA,NA,NA,NA,NA,2013,6,TRUE,FALSE,TRUE,"Summer chick",0.253164556962025,40.4451375706855
"Little Tern","WBG6",NA,NA,"B","41883","STEALB",NA,3,158,42,2013-06-30,1899-12-31 23:30:00,"Atlit Salt-Pans",32.695,34.932,"Yosef Kiat",NA,NA,NA,"BG6",NA,63,NA,NA,"B","G","6",NA,"W",30,6,NA,NA,NA,NA,NA,NA,NA,NA,NA,NA,NA,NA,NA,NA,NA,NA,2013,6,TRUE,FALSE,TRUE,"Summer chick",0.265822784810127,42.4673944492198
"Little Tern","WBH2",NA,NA,"B","41889","STEALB",NA,3,134,42,2013-07-01,1899-12-31 00:30:00,"Atlit Salt-Pans",32.695,34.932,"Yosef Kiat",NA,NA,NA,"BH2",NA,47,NA,NA,"B","H","2",NA,"W",1,7,NA,NA,NA,NA,NA,NA,NA,NA,NA,NA,NA,NA,NA,NA,NA,NA,2013,7,TRUE,FALSE,TRUE,"Summer chick",0.313432835820896,49.3942732919354
"Little Tern","WBH6",NA,NA,"B","41893","STEALB",NA,3,154,39,2013-07-01,1899-12-31 01:30:00,"Atlit Salt-Pans",32.695,34.932,"Yosef Kiat",NA,NA,NA,"BH6",NA,56,NA,NA,"B","H","6",NA,"W",1,7,NA,NA,NA,NA,NA,NA,NA,NA,NA,NA,NA,NA,NA,NA,NA,NA,2013,7,TRUE,FALSE,TRUE,"Summer chick",0.253246753246753,40.3723614912549
"Little Tern","WCG3",NA,NA,"AB","70738","STEALB","M",3,172,44,2014-07-21,1899-12-31 20:30:00,"Atlit Salt-Pans",32.695,34.932,"Yosef Kiat",NA,"Sexing by blood testing",NA,"CG3",NA,56,NA,NA,"C","G","3",NA,"W",21,7,NA,NA,NA,NA,NA,NA,NA,NA,NA,NA,NA,NA,NA,NA,NA,NA,2014,7,TRUE,FALSE,TRUE,"Summer chick",0.255813953488372,41.1570351658425
"Little Tern","WCG4",NA,NA,"AB","70739","STEALB","M",3,165,40,2014-07-21,1899-12-31 20:30:00,"Atlit Salt-Pans",32.695,34.932,"Yosef Kiat",NA,"Sexing by blood testing",NA,"CG4",NA,55,NA,NA,"C","G","4",NA,"W",21,7,NA,NA,NA,NA,NA,NA,NA,NA,NA,NA,NA,NA,NA,NA,NA,NA,2014,7,TRUE,FALSE,TRUE,"Summer chick",0.242424242424242,38.8687081084206
"Little Tern","WBV9",NA,"R","AB","70615","STEALB","F",3,169,45,2014-07-21,1899-12-31 23:30:00,"Atlit Salt-Pans",32.695,34.932,"Yosef Kiat",NA,"Sexing by blood testing",NA,"BV9",NA,55,NA,NA,"B","V","9",NA,"W",21,7,NA,NA,NA,NA,NA,NA,NA,NA,NA,NA,NA,NA,NA,NA,NA,NA,2014,7,FALSE,TRUE,TRUE,"Summer chick",0.266272189349112,42.7771849725187
"Little Tern","WCH2",NA,NA,"AB","70747","STEALB","M",3,158,48,2014-07-28,1899-12-31 20:30:00,"Atlit Salt-Pans",32.695,34.932,"Yosef Kiat",NA,"Sexing by blood testing",NA,"CH2",NA,55,NA,NA,"C","H","2",NA,"W",28,7,NA,NA,NA,NA,NA,NA,NA,NA,NA,NA,NA,NA,NA,NA,NA,NA,2014,7,TRUE,FALSE,TRUE,"Summer chick",0.30379746835443,48.5341650848226
"Little Tern","WCH3",NA,NA,"AB","70748","STEALB","F",3,163,41,2014-07-28,1899-12-31 21:30:00,"Atlit Salt-Pans",32.695,34.932,"Yosef Kiat",NA,"Sexing by blood testing",NA,"CH3",NA,53,NA,NA,"C","H","3",NA,"W",28,7,NA,NA,NA,NA,NA,NA,NA,NA,NA,NA,NA,NA,NA,NA,NA,NA,2014,7,TRUE,FALSE,TRUE,"Summer chick",0.251533742331288,40.288516197995
"Little Tern","WCH4",NA,NA,"AB","70749","STEALB","M",3,171,49,2014-07-28,1899-12-31 21:30:00,"Atlit Salt-Pans",32.695,34.932,"Yosef Kiat",NA,"Sexing by blood testing",NA,"CH4",NA,57,NA,NA,"C","H","4",NA,"W",28,7,NA,NA,NA,NA,NA,NA,NA,NA,NA,NA,NA,NA,NA,NA,NA,NA,2014,7,TRUE,FALSE,TRUE,"Summer chick",0.286549707602339,46.079727772345
"Little Tern","WCH5",NA,NA,"AB","70750","STEALB",NA,3,168,43,2014-08-06,1899-12-31 22:30:00,"Atlit Salt-Pans",32.695,34.932,"Yosef Kiat",NA,NA,NA,"CH5",NA,55,NA,NA,"C","H","5",NA,"W",6,8,NA,NA,NA,NA,NA,NA,NA,NA,NA,NA,NA,NA,NA,NA,NA,NA,2014,8,TRUE,FALSE,TRUE,"Summer chick",0.255952380952381,41.0990621492927
"Little Tern","WCH6",NA,NA,"AB","70751","STEALB","M",3,152,45,2014-08-06,1899-12-31 23:30:00,"Atlit Salt-Pans",32.695,34.932,"Yosef Kiat",NA,"Sexing by blood testing",NA,"CH6",NA,57,NA,NA,"C","H","6",NA,"W",6,8,NA,NA,NA,NA,NA,NA,NA,NA,NA,NA,NA,NA,NA,NA,NA,NA,2014,8,TRUE,FALSE,TRUE,"Summer chick",0.296052631578947,47.1453200953531
"Little Tern","WE42",NA,NA,"AB","70913","STEALB",NA,3,148,40,2015-07-05,1899-12-31 03:00:00,"Atlit Salt-Pans",32.695,34.932,"Yosef Kiat",NA,NA,NA,"E42",NA,NA,NA,NA,"E","4","2",NA,"W",5,7,NA,NA,NA,NA,NA,NA,NA,NA,NA,NA,NA,NA,NA,NA,NA,NA,2015,7,TRUE,FALSE,TRUE,"Summer chick",0.27027027027027,42.9445309052865
"Little Tern","WE02",NA,"R","AB","70827","STEALB","M",3,170,48,2015-07-13,1899-12-31 21:30:00,"Atlit Salt-Pans",32.695,34.932,"Yosef Kiat",NA,"Sexing by blood testing",NA,"E02",NA,NA,NA,NA,"E","0","2",NA,"W",13,7,NA,NA,NA,NA,NA,NA,NA,NA,NA,NA,NA,NA,NA,NA,NA,NA,2015,7,FALSE,TRUE,TRUE,"Summer chick",0.282352941176471,45.3827807142124
"Little Tern","WE12",NA,"R","AB","70849","STEALB",NA,3,167,44,2015-07-13,1899-12-31 23:30:00,"Atlit Salt-Pans",32.695,34.932,"Yosef Kiat",NA,NA,NA,"E12",NA,NA,NA,NA,"E","1","2",NA,"W",13,7,NA,NA,NA,NA,NA,NA,NA,NA,NA,NA,NA,NA,NA,NA,NA,NA,2015,7,FALSE,TRUE,TRUE,"Summer chick",0.263473053892216,42.2857475784786
"Little Tern","WE48",NA,NA,"AB","70926","STEALB",NA,3,171,49,2015-07-13,1899-12-31 23:30:00,"Atlit Salt-Pans",32.695,34.932,"Yosef Kiat",NA,NA,NA,"E48",NA,NA,NA,NA,"E","4","8",NA,"W",13,7,NA,NA,NA,NA,NA,NA,NA,NA,NA,NA,NA,NA,NA,NA,NA,NA,2015,7,TRUE,FALSE,TRUE,"Summer chick",0.286549707602339,46.079727772345
"Little Tern","WE49",NA,NA,"AB","70928","STEALB",NA,3,154,36,2015-07-14,1899-12-31,"Atlit Salt-Pans",32.695,34.932,"Yosef Kiat",NA,NA,NA,"E49",NA,NA,NA,NA,"E","4","9",NA,"W",14,7,NA,NA,NA,NA,NA,NA,NA,NA,NA,NA,NA,NA,NA,NA,NA,NA,2015,7,TRUE,FALSE,TRUE,"Summer chick",0.233766233766234,37.2667952226968
"Little Tern","WE63",NA,NA,"AB","70952","STEALB","M",3,159,40,2015-07-27,1899-12-31 21:30:00,"Atlit Salt-Pans",32.695,34.932,"Yosef Kiat",NA,"Sexing by blood testing",NA,"E63",NA,NA,NA,NA,"E","6","3",NA,"W",27,7,NA,NA,NA,NA,NA,NA,NA,NA,NA,NA,NA,NA,NA,NA,NA,NA,2015,7,TRUE,FALSE,TRUE,"Summer chick",0.251572327044025,40.2117907669875
"Little Tern","WE59",NA,"R","AB","70947","STEALB",NA,3,165,46,2015-07-27,1899-12-31 23:30:00,"Atlit Salt-Pans",32.695,34.932,"Yosef Kiat",NA,NA,NA,"E59",NA,NA,NA,NA,"E","5","9",NA,"W",27,7,NA,NA,NA,NA,NA,NA,NA,NA,NA,NA,NA,NA,NA,NA,NA,NA,2015,7,FALSE,TRUE,TRUE,"Summer chick",0.278787878787879,44.6990143246836
"Little Tern","WE64",NA,NA,"AB","70956","STEALB","F",3,165,49,2015-07-27,1899-12-31 23:30:00,"Atlit Salt-Pans",32.695,34.932,"Yosef Kiat",NA,"Sexing by blood testing",NA,"E64",NA,NA,NA,NA,"E","6","4",NA,"W",27,7,NA,NA,NA,NA,NA,NA,NA,NA,NA,NA,NA,NA,NA,NA,NA,NA,2015,7,TRUE,FALSE,TRUE,"Summer chick",0.296969696969697,47.6141674328152
"Little Tern","WE69",NA,NA,"AB","70963","STEALB","M",3,173,42,2015-08-06,1899-12-31 01:00:00,"Atlit Salt-Pans",32.695,34.932,"Yosef Kiat",NA,"Sexing by blood testing",NA,"E69",NA,NA,NA,NA,"E","6","9",NA,"W",6,8,NA,NA,NA,NA,NA,NA,NA,NA,NA,NA,NA,NA,NA,NA,NA,NA,2015,8,TRUE,FALSE,TRUE,"Summer chick",0.242774566473988,39.0779470324804
"Little Tern","WE70",NA,NA,"AB","70964","STEALB","M",3,173,49,2015-08-11,1899-12-31 20:45:00,"Atlit Salt-Pans",32.695,34.932,"Yosef Kiat",NA,"Sexing by blood testing",NA,"E70",NA,NA,NA,NA,"E","7","0",NA,"W",11,8,NA,NA,NA,NA,NA,NA,NA,NA,NA,NA,NA,NA,NA,NA,NA,NA,2015,8,TRUE,FALSE,TRUE,"Summer chick",0.283236994219653,45.5909382045605
"Little Tern","WE35",NA,"R","AB","70902","STEALB","F",3,171,43,2015-08-11,1899-12-31 23:00:00,"Atlit Salt-Pans",32.695,34.932,"Yosef Kiat",NA,"Sexing by blood testing",NA,"E35",NA,NA,NA,NA,"E","3","5",NA,"W",11,8,NA,NA,NA,NA,NA,NA,NA,NA,NA,NA,NA,NA,NA,NA,NA,NA,2015,8,FALSE,TRUE,TRUE,"Summer chick",0.251461988304094,40.4373121267518
"Little Tern","WE80",NA,NA,"AB","70976","STEALB","F",3,161,42,2015-08-31,1899-12-31 20:30:00,"Atlit Salt-Pans",32.695,34.932,"Yosef Kiat",NA,"Sexing by blood testing",NA,"E80",NA,NA,NA,NA,"E","8","0",NA,"W",31,8,NA,NA,NA,NA,NA,NA,NA,NA,NA,NA,NA,NA,NA,NA,NA,NA,2015,8,TRUE,FALSE,TRUE,"Summer chick",0.260869565217391,41.7411082983518
"Little Tern","NL6E",NA,NA,"AB","70458","STEALB",NA,3,168,40,2016-07-21,1899-12-31 20:30:00,"Atlit Salt-Pans",32.695,34.932,"Yosef Kiat",NA,NA,NA,"L6E",NA,NA,NA,NA,"L","6","E",NA,"N",21,7,NA,NA,NA,NA,NA,NA,NA,NA,NA,NA,NA,NA,NA,NA,NA,NA,2016,7,TRUE,FALSE,TRUE,"Summer chick",0.238095238095238,38.2316857202723
"Little Tern","NL6H",NA,NA,"AB","70459","STEALB",NA,3,172,45,2016-07-21,1899-12-31 20:30:00,"Atlit Salt-Pans",32.695,34.932,"Yosef Kiat",NA,NA,NA,"L6H",NA,NA,NA,NA,"L","6","H",NA,"N",21,7,NA,NA,NA,NA,NA,NA,NA,NA,NA,NA,NA,NA,NA,NA,NA,NA,2016,7,TRUE,FALSE,TRUE,"Summer chick",0.261627906976744,42.0924223287026
"Little Tern","NL28",NA,"R","AB","70376","STEALB",NA,3,168,50,2016-07-31,1899-12-31 21:00:00,"Atlit Salt-Pans",32.695,34.932,"Yosef Kiat",NA,NA,NA,"L28",NA,NA,NA,NA,"L","2","8",NA,"N",31,7,NA,NA,NA,NA,NA,NA,NA,NA,NA,NA,NA,NA,NA,NA,NA,NA,2016,7,FALSE,TRUE,TRUE,"Summer chick",0.297619047619048,47.7896071503403
"Little Tern","NL6B",NA,"R","AB","70456","STEALB",NA,3,163,42,2016-08-10,1899-12-31 20:30:00,"Atlit Salt-Pans",32.695,34.932,"Yosef Kiat",NA,NA,NA,"L6B",NA,NA,NA,NA,"L","6","B",NA,"N",10,8,NA,NA,NA,NA,NA,NA,NA,NA,NA,NA,NA,NA,NA,NA,NA,NA,2016,8,FALSE,TRUE,TRUE,"Summer chick",0.257668711656442,41.2711629345314
"Little Tern","NL60",NA,NA,"AB","70470","STEALB",NA,3,160,47,2016-08-10,1899-12-31 20:30:00,"Atlit Salt-Pans",32.695,34.932,"Yosef Kiat",NA,NA,NA,"L60",NA,NA,NA,NA,"L","6","0",NA,"N",10,8,NA,NA,NA,NA,NA,NA,NA,NA,NA,NA,NA,NA,NA,NA,NA,NA,2016,8,TRUE,FALSE,TRUE,"Summer chick",0.29375,46.9779577401991
"Little Tern","NL63",NA,NA,"AB","70473","STEALB",NA,3,163,45,2016-08-10,1899-12-31 20:30:00,"Atlit Salt-Pans",32.695,34.932,"Yosef Kiat",NA,NA,NA,"L63",NA,NA,NA,NA,"L","6","3",NA,"N",10,8,NA,NA,NA,NA,NA,NA,NA,NA,NA,NA,NA,NA,NA,NA,NA,NA,2016,8,TRUE,FALSE,TRUE,"Summer chick",0.276073619631902,44.2191031441408
"Little Tern","NPIV",NA,"R","AB","99223","STEALB",NA,3,174,47,2018-08-07,1899-12-31 22:00:00,"Atlit Salt-Pans",32.695,34.932,"Yosef Kiat",NA,NA,NA,"PIV",NA,NA,NA,NA,"P","I","V",NA,"N",7,8,NA,NA,NA,NA,NA,NA,NA,NA,NA,NA,NA,NA,NA,NA,NA,NA,2018,8,FALSE,TRUE,TRUE,"Summer chick",0.270114942528736,43.4995395312388
"Little Tern","NZIJ",NA,NA,"AB","99292","STEALB",NA,3,175,46,2018-08-07,1899-12-31 22:00:00,"Atlit Salt-Pans",32.695,34.932,"Yosef Kiat",NA,NA,NA,"ZIJ",NA,NA,NA,NA,"Z","I","J",NA,"N",7,8,NA,NA,NA,NA,NA,NA,NA,NA,NA,NA,NA,NA,NA,NA,NA,NA,2018,8,TRUE,FALSE,TRUE,"Summer chick",0.262857142857143,42.3508509889826
"Little Tern","NZIK",NA,NA,"AB","99293","STEALB",NA,3,166,48,2018-08-07,1899-12-31 22:45:00,"Atlit Salt-Pans",32.695,34.932,"Yosef Kiat",NA,NA,NA,"ZIK",NA,NA,NA,NA,"Z","I","K",NA,"N",7,8,NA,NA,NA,NA,NA,NA,NA,NA,NA,NA,NA,NA,NA,NA,NA,NA,2018,8,TRUE,FALSE,TRUE,"Summer chick",0.289156626506024,46.3846982701482
"Little Tern","NZIL",NA,NA,"AB","99294","STEALB",NA,3,169,43,2018-08-07,1899-12-31 22:45:00,"Atlit Salt-Pans",32.695,34.932,"Yosef Kiat",NA,NA,NA,"ZIL",NA,NA,NA,NA,"Z","I","L",NA,"N",7,8,NA,NA,NA,NA,NA,NA,NA,NA,NA,NA,NA,NA,NA,NA,NA,NA,2018,8,TRUE,FALSE,TRUE,"Summer chick",0.254437869822485,40.8759767515179
"Little Tern","NZIP",NA,NA,"AB","99296","STEALB",NA,3,170,40,2018-08-08,1899-12-31 02:00:00,"Atlit Salt-Pans",32.695,34.932,"Yosef Kiat",NA,NA,NA,"ZIP",NA,NA,NA,NA,"Z","I","P",NA,"N",8,8,NA,NA,NA,NA,NA,NA,NA,NA,NA,NA,NA,NA,NA,NA,NA,NA,2018,8,TRUE,FALSE,TRUE,"Summer chick",0.235294117647059,37.8189839285103
"Little Tern","NZIS",NA,NA,"AB","99297","STEALB",NA,3,171,46,2018-08-19,1899-12-31 20:30:00,"Atlit Salt-Pans",32.695,34.932,"Yosef Kiat",NA,NA,NA,"ZIS",NA,56,NA,NA,"Z","I","S",NA,"N",19,8,NA,NA,NA,NA,NA,NA,NA,NA,NA,NA,NA,NA,NA,NA,NA,NA,2018,8,TRUE,FALSE,TRUE,"Summer chick",0.269005847953216,43.2585199495484
"Little Tern","NZIT",NA,NA,"AB","99298","STEALB",NA,3,147,46,2018-08-19,1899-12-31 21:30:00,"Atlit Salt-Pans",32.695,34.932,"Yosef Kiat",NA,NA,NA,"ZIT",NA,NA,NA,NA,"Z","I","T",NA,"N",19,8,NA,NA,NA,NA,NA,NA,NA,NA,NA,NA,NA,NA,NA,NA,NA,NA,2018,8,TRUE,FALSE,TRUE,"Summer chick",0.312925170068027,49.6942351471747
"Little Tern","NZIV",NA,NA,"AB","99299","STEALB",NA,3,163,42,2018-08-28,1899-12-31 21:00:00,"Atlit Salt-Pans",32.695,34.932,"Yosef Kiat",NA,NA,NA,"ZIV",NA,50,NA,NA,"Z","I","V",NA,"N",28,8,NA,NA,NA,NA,NA,NA,NA,NA,NA,NA,NA,NA,NA,NA,NA,NA,2018,8,TRUE,FALSE,TRUE,"Summer chick",0.257668711656442,41.2711629345314
"Little Tern","WN73",NA,NA,"AB","99721","STEALB",NA,3,173,46,2021-08-18,1899-12-31 00:30:00,"Atlit Salt-Pans",32.695,34.932,"Yosef Kiat",NA,NA,NA,"N73",NA,NA,NA,NA,"N","7","3",NA,"W",18,8,NA,NA,NA,NA,NA,NA,NA,NA,NA,NA,NA,NA,NA,NA,NA,NA,2021,8,TRUE,FALSE,TRUE,"Summer chick",0.265895953757225,42.799656273669
"Little Tern","WN74",NA,NA,"AB","99722","STEALB",NA,3,164,41,2021-08-18,1899-12-31 01:30:00,"Atlit Salt-Pans",32.695,34.932,"Yosef Kiat",NA,NA,NA,"N74",NA,NA,NA,NA,"N","7","4",NA,"W",18,8,NA,NA,NA,NA,NA,NA,NA,NA,NA,NA,NA,NA,NA,NA,NA,NA,2021,8,TRUE,FALSE,TRUE,"Summer chick",0.25,40.0631614967788
"Little Tern","WN75",NA,NA,"AB","99723","STEALB",NA,3,158,44,2021-08-18,1899-12-31 01:30:00,"Atlit Salt-Pans",32.695,34.932,"Yosef Kiat",NA,NA,NA,"N75",NA,NA,NA,NA,"N","7","5",NA,"W",18,8,NA,NA,NA,NA,NA,NA,NA,NA,NA,NA,NA,NA,NA,NA,NA,NA,2021,8,TRUE,FALSE,TRUE,"Summer chick",0.278481012658228,44.4896513277541
"Little Tern","WE8J",NA,"R","AB","99806","STEALB",NA,3,184,40,2022-07-01,1899-12-31 01:30:00,"Atlit Salt-Pans",32.695,34.932,"Yosef Kiat",NA,NA,NA,"E8J",NA,NA,NA,NA,"E","8","J",NA,"W",1,7,NA,NA,NA,NA,NA,NA,NA,NA,NA,NA,NA,NA,NA,NA,NA,NA,2022,7,FALSE,TRUE,TRUE,"Summer chick",0.217391304347826,35.1714241674501
"Little Tern","WEE4",NA,NA,"AB","99930","STEALB",NA,3,174,48,2022-08-09,1899-12-31 20:30:00,"Atlit Salt-Pans",32.695,34.932,"Yosef Kiat",NA,NA,NA,"EE4",NA,NA,NA,NA,"E","E","4",NA,"W",9,8,NA,NA,NA,NA,NA,NA,NA,NA,NA,NA,NA,NA,NA,NA,NA,NA,2022,8,TRUE,FALSE,TRUE,"Summer chick",0.275862068965517,44.4250616489248
"Little Tern","WEE5",NA,NA,"AB","99931","STEALB",NA,3,168,41,2022-08-09,1899-12-31 20:30:00,"Atlit Salt-Pans",32.695,34.932,"Yosef Kiat",NA,NA,NA,"EE5",NA,NA,NA,NA,"E","E","5",NA,"W",9,8,NA,NA,NA,NA,NA,NA,NA,NA,NA,NA,NA,NA,NA,NA,NA,NA,2022,8,TRUE,FALSE,TRUE,"Summer chick",0.244047619047619,39.1874778632791
"Little Tern","WE9X",NA,"R","AB","99887","STEALB",NA,3,165,45,2022-08-09,1899-12-31 20:30:00,"Atlit Salt-Pans",32.695,34.932,"Yosef Kiat",NA,NA,NA,"E9X",NA,NA,NA,NA,"E","9","X",NA,"W",9,8,NA,NA,NA,NA,NA,NA,NA,NA,NA,NA,NA,NA,NA,NA,NA,NA,2022,8,FALSE,TRUE,TRUE,"Summer chick",0.272727272727273,43.7272966219731
"Little Tern","WEE6",NA,NA,"AB","99932","STEALB",NA,3,164,47,2022-08-09,1899-12-31 20:30:00,"Atlit Salt-Pans",32.695,34.932,"Yosef Kiat",NA,NA,NA,"EE6",NA,NA,NA,NA,"E","E","6",NA,"W",9,8,NA,NA,NA,NA,NA,NA,NA,NA,NA,NA,NA,NA,NA,NA,NA,NA,2022,8,TRUE,FALSE,TRUE,"Summer chick",0.286585365853659,45.9260631792342
"Little Tern","WE1X",NA,"R","AB","99879","STEALB",NA,3,170,46,2022-08-10,1899-12-31,"Atlit Salt-Pans",32.695,34.932,"Yosef Kiat",NA,NA,NA,"E1X",NA,NA,NA,NA,"E","1","X",NA,"W",10,8,NA,NA,NA,NA,NA,NA,NA,NA,NA,NA,NA,NA,NA,NA,NA,NA,2022,8,FALSE,TRUE,TRUE,"Summer chick",0.270588235294118,43.4918315177869
"Little Tern","WEH6",NA,NA,"AB","99942","STEALB",NA,3,177,42,2022-08-10,1899-12-31,"Atlit Salt-Pans",32.695,34.932,"Yosef Kiat",NA,NA,NA,"EH6",NA,NA,NA,NA,"E","H","6",NA,"W",10,8,NA,NA,NA,NA,NA,NA,NA,NA,NA,NA,NA,NA,NA,NA,NA,NA,2022,8,TRUE,FALSE,TRUE,"Summer chick",0.23728813559322,38.267270450247
"Little Tern","WE1V",NA,"R","AB","99869","STEALB",NA,3,172,44,2022-08-10,1899-12-31 01:30:00,"Atlit Salt-Pans",32.695,34.932,"Yosef Kiat",NA,NA,NA,"E1V",NA,NA,NA,NA,"E","1","V",NA,"W",10,8,NA,NA,NA,NA,NA,NA,NA,NA,NA,NA,NA,NA,NA,NA,NA,NA,2022,8,FALSE,TRUE,TRUE,"Summer chick",0.255813953488372,41.1570351658425
"Little Tern","WEH7",NA,"R","AB","99943","STEALB",NA,3,170,50,2022-08-25,1899-12-31 19:45:00,"Atlit Salt-Pans",32.695,34.932,"Yosef Kiat",NA,NA,NA,"EH7",NA,NA,NA,NA,"E","H","7",NA,"W",25,8,NA,NA,NA,NA,NA,NA,NA,NA,NA,NA,NA,NA,NA,NA,NA,NA,2022,8,FALSE,TRUE,TRUE,"Summer chick",0.294117647058824,47.2737299106379
"Little Tern","WEJ3",NA,NA,"AB","99949","STEALB",NA,3,159,45,2022-08-25,1899-12-31 20:00:00,"Atlit Salt-Pans",32.695,34.932,"Yosef Kiat",NA,NA,NA,"EJ3",NA,NA,NA,NA,"E","J","3",NA,"W",25,8,NA,NA,NA,NA,NA,NA,NA,NA,NA,NA,NA,NA,NA,NA,NA,NA,2022,8,TRUE,FALSE,TRUE,"Summer chick",0.283018867924528,45.2382646128609
"Little Tern","WEJ4",NA,NA,"AB","99950","STEALB",NA,3,167,41,2022-08-25,1899-12-31 20:00:00,"Atlit Salt-Pans",32.695,34.932,"Yosef Kiat",NA,NA,NA,"EJ4",NA,NA,NA,NA,"E","J","4",NA,"W",25,8,NA,NA,NA,NA,NA,NA,NA,NA,NA,NA,NA,NA,NA,NA,NA,NA,2022,8,TRUE,FALSE,TRUE,"Summer chick",0.245508982035928,39.4026284254006
"Little Tern","WH4B",NA,NA,"B","100122","STEALB",NA,3,172,48,2024-08-08,1899-12-31 20:30:00,"Atlit Salt-Pans",32.695,34.932,"Yosef Kiat",NA,NA,NA,"H4B",NA,NA,NA,NA,"H","4","B",NA,"W",8,8,NA,NA,NA,NA,NA,NA,NA,NA,NA,NA,NA,NA,NA,NA,NA,NA,2024,8,TRUE,FALSE,TRUE,"Summer chick",0.27906976744186,44.8985838172827
"Little Tern","WAKK",NA,NA,"B","100244","STEALB",NA,3,154,41,2025-08-14,1899-12-31 21:45:00,"Atlit Salt-Pans",32.695,34.932,"Yosef Kiat",NA,NA,NA,"AKK",NA,NA,NA,NA,"A","K","K",NA,"W",14,8,NA,NA,NA,NA,NA,NA,NA,NA,NA,NA,NA,NA,NA,NA,NA,NA,2025,8,TRUE,FALSE,TRUE,"Summer chick",0.266233766233766,42.442739003627
