"species_label","window","year","date","day_of_season","Weight","Wing","mass_ratio","smi"
"Common Tern","Jun-Jul",2010,2010-06-29,28,151,279,0.541218637992832,132.89719039668
"Common Tern","Jun-Jul",2010,2010-06-29,28,105,267,0.393258426966292,105.664810817307
"Common Tern","Jun-Jul",2010,2010-06-29,28,100,255,0.392156862745098,115.776441301498
"Common Tern","Jun-Jul",2010,2010-06-29,28,102,257,0.396887159533074,115.312780557419
"Common Tern","Jun-Jul",2010,2010-06-29,28,102,265,0.384905660377359,105.025640935555
"Common Tern","Jun-Jul",2010,2010-06-29,28,98,267,0.367041198501873,98.6204900961529
"Common Tern","Jun-Jul",2010,2010-07-01,30,105,259,0.405405405405405,115.932133106421
"Common Tern","Jun-Jul",2010,2010-07-01,30,120,273,0.43956043956044,112.849956063585
"Common Tern","Jun-Jul",2010,2010-07-01,30,110,271,0.40590405904059,105.790664248815
"Common Tern","Jun-Jul",2010,2010-07-01,30,112,274,0.408759124087591,104.159197775511
"Common Tern","Jun-Jul",2010,2010-07-01,30,112,262,0.427480916030534,119.39498270823
"Common Tern","Jun-Jul",2010,2010-07-01,30,104,264,0.393939393939394,108.326262613575
"Common Tern","Jun-Jul",2010,2010-07-01,30,109,261,0.417624521072797,117.559363396382
"Common Tern","Jun-Jul",2010,2010-07-01,30,116,280,0.414285714285714,100.985776360544
"Common Tern","Jun-Jul",2010,2010-07-01,30,101,275,0.367272727272727,92.8919472588892
"Common Tern","Jun-Jul",2010,2010-07-01,30,116,279,0.415770609318996,102.093205867648
"Common Tern","Jun-Jul",2010,2010-07-01,30,102,272,0.375,97.0015397680709
"Common Tern","Jun-Jul",2010,2010-07-01,30,96,264,0.363636363636364,99.9934731817616
"Common Tern","Jun-Jul",2010,2010-07-01,30,115,269,0.427509293680297,113.125136946908
"Common Tern","Jun-Jul",2010,2010-07-01,30,107,261,0.409961685823755,115.402310856999
"Common Tern","Jun-Jul",2010,2010-07-01,30,120,268,0.447761194029851,119.391445124081
"Common Tern","Jun-Jul",2010,2010-07-01,30,108,259,0.416988416988417,119.244479766604
"Common Tern","Jun-Jul",2010,2010-07-01,30,108,266,0.406015037593985,109.934125206541
"Common Tern","Jun-Jul",2010,2010-07-01,30,110,272,0.404411764705882,104.609503671449
"Common Tern","Jun-Jul",2010,2010-07-01,30,106,262,0.404580152671756,112.998822920289
"Common Tern","Jun-Jul",2010,2010-07-01,30,104,262,0.396946564885496,110.866769657642
"Common Tern","Jun-Jul",2010,2010-07-01,30,110,267,0.411985018726592,110.696468475274
"Common Tern","Jun-Jul",2010,2010-07-13,42,120,265,0.452830188679245,123.559577571241
"Common Tern","Jun-Jul",2010,2010-07-13,42,102,260,0.392307692307692,111.304572855147
"Common Tern","Jun-Jul",2010,2010-07-13,42,131,267,0.49063670411985,131.829430638735
"Common Tern","Jun-Jul",2010,2010-07-13,42,136,269,0.505576208178439,133.782770650257
"Common Tern","Jun-Jul",2010,2010-07-13,42,128,268,0.477611940298507,127.350874799019
"Common Tern","Jun-Jul",2010,2010-07-13,42,110,256,0.4296875,125.84365374322
"Common Tern","Jun-Jul",2010,2010-07-13,42,114,261,0.436781609195402,122.95199474484
"Common Tern","Jun-Jul",2010,2010-07-13,42,112,261,0.42911877394636,120.794942205457
"Common Tern","Jun-Jul",2010,2010-07-13,42,125,265,0.471698113207547,128.707893303376
"Common Tern","Jun-Jul",2010,2010-07-13,42,130,276,0.471014492753623,118.248227895657
"Common Tern","Jun-Jul",2010,2010-07-13,42,110,272,0.404411764705882,104.609503671449
"Common Tern","Jun-Jul",2010,2010-07-13,42,112,260,0.430769230769231,122.216785880161
"Common Tern","Jun-Jul",2010,2010-07-14,43,100,259,0.386100386100386,110.411555339448
"Common Tern","Jun-Jul",2010,2010-07-14,43,116,258,0.449612403100775,129.596700576747
"Common Tern","Jun-Jul",2010,2010-07-14,43,130,274,0.474452554744526,120.899068846575
"Common Tern","Jun-Jul",2010,2010-07-14,43,116,275,0.421818181818182,106.687781010209
"Common Tern","Jun-Jul",2010,2010-07-14,43,110,266,0.413533834586466,111.969942339996
"Common Tern","Jun-Jul",2010,2010-07-14,43,110,275,0.4,101.169447509681
"Common Tern","Jun-Jul",2010,2010-07-14,43,109,273,0.399267399267399,102.505376757757
"Common Tern","Jun-Jul",2010,2010-07-14,43,108,267,0.404494382022472,108.683805412087
"Common Tern","Jun-Jul",2010,2010-07-14,43,120,262,0.458015267175573,127.923195758818
"Common Tern","Jun-Jul",2010,2010-07-14,43,108,268,0.402985074626866,107.452300611672
"Common Tern","Jun-Jul",2010,2010-07-14,43,108,273,0.395604395604396,101.564960457227
"Common Tern","Jun-Jul",2010,2010-07-14,43,108,270,0.4,105.044336804919
"Common Tern","Jun-Jul",2010,2010-07-14,43,106,263,0.403041825095057,111.694177042843
"Common Tern","Jun-Jul",2010,2010-07-14,43,111,274,0.405109489051095,103.22920493823
"Common Tern","Jun-Jul",2010,2010-07-22,51,114,277,0.411552346570397,102.557662776604
"Common Tern","Jun-Jul",2010,2010-07-22,51,100,273,0.366300366300366,94.0416300529877
"Common Tern","Jun-Jul",2010,2010-07-22,51,95,262,0.362595419847328,101.272529975731
"Common Tern","Jun-Jul",2010,2010-07-27,56,104.5,260,0.401923076923077,114.0326261114
"Common Tern","Jun-Jul",2010,2010-07-27,56,112.4,272,0.413235294117647,106.891892842462
"Common Tern","Jun-Jul",2010,2010-07-27,56,111.5,261,0.4272030651341,120.255679070611
"Common Tern","Jun-Jul",2010,2010-07-27,56,117.1,282,0.415248226950355,99.7553939381289
"Common Tern","Jun-Jul",2010,2010-07-27,56,106.5,267,0.398876404494382,107.174308114697
"Common Tern","Jun-Jul",2010,2010-07-27,56,122,257,0.474708171206226,137.923129686325
"Common Tern","Jun-Jul",2011,2011-06-06,5,118.1,268,0.440671641791045,117.501080576283
"Common Tern","Jun-Jul",2011,2011-06-06,5,115,279,0.412186379928315,101.213092023962
"Common Tern","Jun-Jul",2011,2011-06-06,5,126,268,0.470149253731343,125.361017380285
"Common Tern","Jun-Jul",2011,2011-06-06,5,117.4,268,0.438059701492537,116.804630479725
"Common Tern","Jun-Jul",2011,2011-06-06,5,124,273,0.454212454212454,116.611621265705
"Common Tern","Jun-Jul",2011,2011-06-06,5,118.7,271,0.438007380073801,114.157744057585
"Common Tern","Jun-Jul",2011,2011-06-06,5,135.5,275,0.492727272727273,124.622364886926
"Common Tern","Jun-Jul",2011,2011-06-06,5,104.5,277,0.377256317689531,94.0111908785541
"Common Tern","Jun-Jul",2011,2011-06-06,5,116,265,0.437735849056604,119.440924985533
"Common Tern","Jun-Jul",2011,2011-06-06,5,106.5,272,0.391544117647059,101.281019463721
"Common Tern","Jun-Jul",2011,2011-06-06,5,122.8,278,0.441726618705036,109.267462997277
"Common Tern","Jun-Jul",2011,2011-06-06,5,111,276,0.402173913043478,100.96579458783
"Common Tern","Jun-Jul",2011,2011-06-07,6,109,257,0.424124513618677,123.226402752536
"Common Tern","Jun-Jul",2011,2011-06-07,6,116,267,0.434456928838951,116.734457664834
"Common Tern","Jun-Jul",2011,2011-06-07,6,116.5,272,0.428308823529412,110.790974342944
"Common Tern","Jun-Jul",2011,2011-06-07,6,120.2,273,0.44029304029304,113.038039323691
"Common Tern","Jun-Jul",2011,2011-06-07,6,121.7,272,0.447426470588235,115.73615088014
"Common Tern","Jun-Jul",2011,2011-06-07,6,119.2,264,0.451515151515152,124.158562534021
"Common Tern","Jun-Jul",2011,2011-06-07,6,123.6,271,0.456088560885609,118.870237283214
"Common Tern","Jun-Jul",2011,2011-06-07,6,111.5,277,0.402527075812274,100.308591224486
"Common Tern","Jun-Jul",2011,2011-06-07,6,124.9,265,0.471320754716981,128.604926988733
"Common Tern","Jun-Jul",2011,2011-06-07,6,110.5,278,0.397482014388489,98.3229206938037
"Common Tern","Jun-Jul",2011,2011-06-20,19,128.4,266,0.482706766917293,130.699459967777
"Common Tern","Jun-Jul",2011,2011-06-20,19,120.5,271,0.444649446494465,115.88886401802
"Common Tern","Jun-Jul",2011,2011-06-20,19,105.1,275,0.382181818181818,96.66280848425
"Common Tern","Jun-Jul",2011,2011-06-20,19,98.8,263,0.375665399239544,104.107402753141
"Common Tern","Jun-Jul",2011,2011-06-20,19,109.7,275,0.398909090909091,100.893530834655
"Common Tern","Jun-Jul",2011,2011-06-21,20,104.8,274,0.382481751824818,97.4632493470852
"Common Tern","Jun-Jul",2011,2011-06-21,20,109,263,0.414448669201521,114.855332996886
"Common Tern","Jun-Jul",2011,2011-07-03,32,98.7,277,0.356317689530686,88.7933448776391
"Common Tern","Jun-Jul",2011,2011-07-03,32,96.1,272,0.353308823529412,91.3906663893296
"Common Tern","Jun-Jul",2011,2011-07-03,32,109.6,261,0.41992337164751,118.206479158197
"Common Tern","Jun-Jul",2011,2011-07-03,32,124.5,268,0.46455223880597,123.868624316234
"Common Tern","Jun-Jul",2011,2011-07-03,32,112.5,273,0.412087912087912,105.796833809611
"Common Tern","Jun-Jul",2011,2011-07-03,32,108,264,0.409090909090909,112.492657329482
"Common Tern","Jun-Jul",2011,2011-07-03,32,120.8,269,0.44907063197026,118.830578636404
"Common Tern","Jun-Jul",2011,2011-07-03,32,102.5,265,0.386792452830189,105.540472508768
"Common Tern","Jun-Jul",2011,2011-07-03,32,111,270,0.411111111111111,107.9622350495
"Common Tern","Jun-Jul",2011,2011-07-03,32,121,256,0.47265625,138.428019117542
"Common Tern","Jun-Jul",2011,2011-07-03,32,108.5,267,0.406367041198502,109.186971177884
"Common Tern","Jun-Jul",2011,2011-07-03,32,116.6,269,0.433457249070632,114.699051895735
"Common Tern","Jun-Jul",2011,2011-07-03,32,109.5,271,0.404059040590406,105.309797593139
"Common Tern","Jun-Jul",2011,2011-07-03,32,115.1,266,0.432706766917293,117.161276030304
"Common Tern","Jun-Jul",2011,2011-07-03,32,107,259,0.413127413127413,118.140364213209
"Common Tern","Jun-Jul",2011,2011-07-03,32,116.5,273,0.426739926739927,109.558499011731
"Common Tern","Jun-Jul",2011,2011-07-04,33,113.4,271,0.418450184501845,109.060557507415
"Common Tern","Jun-Jul",2011,2011-07-04,33,122.5,285,0.429824561403509,101.042959876257
"Common Tern","Jun-Jul",2011,2011-07-04,33,112,270,0.414814814814815,108.934867797694
"Common Tern","Jun-Jul",2011,2011-07-13,42,100.4,269,0.373234200743494,98.7631630388659
"Common Tern","Jun-Jul",2011,2011-07-13,42,127.3,267,0.476779026217228,128.106003971839
"Common Tern","Jun-Jul",2011,2011-07-13,42,109,262,0.416030534351145,116.19690281426
"Common Tern","Jun-Jul",2011,2011-07-13,42,108.2,269,0.402230483271375,106.435998414395
"Common Tern","Jun-Jul",2011,2011-07-13,42,112.7,258,0.436821705426357,125.909897887925
"Common Tern","Jun-Jul",2011,2011-07-13,42,114,278,0.410071942446043,101.437221349264
"Common Tern","Jun-Jul",2011,2011-07-13,42,116.4,265,0.439245283018868,119.852790244104
"Common Tern","Jun-Jul",2011,2011-07-13,42,118.1,268,0.440671641791045,117.501080576283
"Common Tern","Jun-Jul",2011,2011-07-13,42,117.7,267,0.440823970037453,118.445221268543
"Common Tern","Jun-Jul",2011,2011-07-13,42,89.7,257,0.349027237354086,101.407415843142
"Common Tern","Jun-Jul",2011,2011-07-13,42,105,263,0.399239543726236,110.640458391496
"Common Tern","Jun-Jul",2011,2011-07-13,42,117.9,264,0.446590909090909,122.804484251351
"Common Tern","Jun-Jul",2011,2011-07-13,42,104.2,275,0.378909090909091,95.8350584591708
"Common Tern","Jun-Jul",2011,2011-07-13,42,111.8,273,0.40952380952381,105.13854239924
"Common Tern","Jun-Jul",2011,2011-07-13,42,106,276,0.384057971014493,96.4177858226123
"Common Tern","Jun-Jul",2011,2011-07-13,42,116,267,0.434456928838951,116.734457664834
"Common Tern","Jun-Jul",2011,2011-07-13,42,125.8,265,0.474716981132075,129.531623820517
"Common Tern","Jun-Jul",2011,2011-07-13,42,118.4,268,0.441791044776119,117.799559189093
"Common Tern","Jun-Jul",2011,2011-07-13,42,119.2,258,0.462015503875969,133.171781971967
"Common Tern","Jun-Jul",2011,2011-07-13,42,113.4,264,0.429545454545455,118.117290195956
"Common Tern","Jun-Jul",2011,2011-07-13,42,110.8,253,0.437944664031621,131.396658602021
"Common Tern","Jun-Jul",2011,2011-07-13,42,126.7,261,0.48544061302682,136.649278369923
"Common Tern","Jun-Jul",2011,2011-07-13,42,129,275,0.469090909090909,118.644170261353
"Common Tern","Jun-Jul",2011,2011-07-13,42,111.3,265,0.42,114.601508197326
"Common Tern","Jun-Jul",2011,2011-07-13,42,102.3,265,0.386037735849057,105.334539879483
"Common Tern","Jun-Jul",2011,2011-07-13,42,108.7,275,0.395272727272727,99.9738085845669
"Common Tern","Jun-Jul",2011,2011-07-13,42,101.8,261,0.390038314176245,109.793974254603
"Common Tern","Jun-Jul",2011,2011-07-13,42,112,279,0.401433691756272,98.572750492902
"Common Tern","Jun-Jul",2011,2011-07-13,42,125.8,260,0.483846153846154,137.275639854681
"Common Tern","Jun-Jul",2011,2011-07-13,42,122.7,276,0.444565217391304,111.608135098439
"Common Tern","Jun-Jul",2011,2011-07-13,42,117.9,281,0.419572953736655,101.530442278487
"Common Tern","Jun-Jul",2011,2011-07-13,42,107.8,278,0.387769784172662,95.9204601881632
"Common Tern","Jun-Jul",2011,2011-07-13,42,112.9,270,0.418148148148148,109.810237271068
"Common Tern","Jun-Jul",2011,2011-07-14,43,111.2,265,0.419622641509434,114.498541882683
"Common Tern","Jun-Jul",2011,2011-07-14,43,121.4,268,0.452985074626866,120.784345317195
"Common Tern","Jun-Jul",2011,2011-07-14,43,108.3,282,0.384042553191489,92.258831456015
"Common Tern","Jun-Jul",2011,2011-07-14,43,124.5,276,0.451086956521739,113.245418253917
"Common Tern","Jun-Jul",2011,2011-07-14,43,113.4,275,0.412363636363636,104.296503159981
"Common Tern","Jun-Jul",2011,2011-07-20,49,116.2,270,0.43037037037037,113.019925340107
"Common Tern","Jun-Jul",2011,2011-07-20,49,108.7,276,0.393840579710145,98.8737105558298
"Common Tern","Jun-Jul",2011,2011-07-20,49,133.7,274,0.487956204379562,124.340042344516
"Common Tern","Jun-Jul",2011,2011-07-20,49,108.7,264,0.411742424242424,113.221776404765
"Common Tern","Jun-Jul",2011,2011-07-20,49,125.6,270,0.465185185185185,122.162673173128
"Common Tern","Jun-Jul",2011,2011-07-20,49,113.3,282,0.40177304964539,96.5182419572161
"Common Tern","Jun-Jul",2011,2011-07-20,49,116.1,267,0.434831460674157,116.835090817993
"Common Tern","Jun-Jul",2011,2011-07-20,49,106.8,270,0.395555555555556,103.877177507086
"Common Tern","Jun-Jul",2011,2011-07-20,49,96.5,265,0.364150943396226,99.3624936302061
"Common Tern","Jun-Jul",2011,2011-07-20,49,138.9,263,0.528136882129278,146.361520672179
"Common Tern","Jun-Jul",2011,2011-07-20,49,113.1,279,0.405376344086021,99.5408757209573
"Common Tern","Jun-Jul",2011,2011-07-20,49,120.5,278,0.433453237410072,107.220922566546
"Common Tern","Jun-Jul",2011,2011-07-20,49,115.7,271,0.426937269372694,111.272544123526
"Common Tern","Jun-Jul",2011,2011-07-21,50,125.6,268,0.46865671641791,124.963045896538
"Common Tern","Jun-Jul",2011,2011-07-21,50,110.5,266,0.415413533834586,112.478896623359
"Common Tern","Jun-Jul",2011,2011-07-21,50,102,263,0.387832699619772,107.479302437453
"Common Tern","Jun-Jul",2011,2011-07-21,50,115.8,261,0.44367816091954,124.893342030285
"Common Tern","Jun-Jul",2011,2011-07-21,50,101.6,268,0.37910447761194,101.084756871721
"Common Tern","Jun-Jul",2011,2011-07-21,50,107.5,264,0.40719696969697,111.971857989993
"Common Tern","Jun-Jul",2011,2011-07-26,55,125.9,263,0.478707224334601,132.66317820466
"Common Tern","Jun-Jul",2011,2011-07-26,55,121.5,270,0.45,118.174878905534
"Common Tern","Jun-Jul",2011,2011-07-26,55,120.5,267,0.451310861423221,121.262949557004
"Common Tern","Jun-Jul",2011,2011-07-26,55,125.2,282,0.443971631205674,106.655638950075
"Common Tern","Jun-Jul",2011,2011-07-26,55,122.6,261,0.469731800766284,132.227320664188
"Common Tern","Jun-Jul",2011,2011-07-26,55,113.1,252,0.448809523809524,135.753267445368
"Common Tern","Jun-Jul",2011,2011-07-26,55,106.5,263,0.404942965779468,112.221036368517
"Common Tern","Jun-Jul",2011,2011-07-26,55,107.2,262,0.409160305343511,114.278054877877
"Common Tern","Jun-Jul",2011,2011-07-26,55,120.8,265,0.455849056603774,124.383308088382
"Common Tern","Jun-Jul",2011,2011-07-27,56,134,285,0.470175438596491,110.528625497294
"Common Tern","Jun-Jul",2011,2011-07-27,56,141.6,272,0.520588235294118,134.660961089793
"Common Tern","Jun-Jul",2011,2011-07-27,56,130.9,293,0.446757679180887,99.2338572571959
"Common Tern","Jun-Jul",2011,2011-07-27,56,115.5,264,0.4375,120.304647421807
"Common Tern","Jun-Jul",2011,2011-07-27,56,115.7,250,0.4628,142.28856695818
"Common Tern","Jun-Jul",2011,2011-07-31,60,117.1,257,0.455642023346303,132.383594149743
"Common Tern","Jun-Jul",2011,2011-07-31,60,115.1,260,0.442692307692308,125.599571917915
"Common Tern","Jun-Jul",2012,2012-06-24,23,108.5,272,0.398897058823529,103.183010439566
"Common Tern","Jun-Jul",2012,2012-06-24,23,111.6,267,0.417977528089888,112.306598925823
"Common Tern","Jun-Jul",2012,2012-06-24,23,100.9,273,0.36959706959707,94.8880047234646
"Common Tern","Jun-Jul",2012,2012-06-24,23,118.7,274,0.433211678832117,110.390149785296
"Common Tern","Jun-Jul",2012,2012-06-24,23,119.8,265,0.452075471698113,123.353644941955
"Common Tern","Jun-Jul",2012,2012-06-24,23,104.2,275,0.378909090909091,95.8350584591708
"Common Tern","Jun-Jul",2012,2012-06-24,23,107,269,0.397769516728625,105.255562202775
"Common Tern","Jun-Jul",2012,2012-06-24,23,125,268,0.466417910447761,124.366088670917
"Common Tern","Jun-Jul",2012,2012-06-24,23,110.7,253,0.437549407114625,131.278069559961
"Common Tern","Jun-Jul",2012,2012-06-24,23,106.6,273,0.39047619047619,100.248377636485
"Common Tern","Jun-Jul",2012,2012-06-24,23,113.8,272,0.418382352941176,108.223286525554
"Common Tern","Jun-Jul",2012,2012-06-24,23,117.2,274,0.427737226277372,108.995160529374
"Common Tern","Jun-Jul",2012,2012-06-24,23,123.4,264,0.467424242424242,128.533276985723
"Common Tern","Jun-Jul",2012,2012-06-24,23,123.2,280,0.44,107.253859031198
"Common Tern","Jun-Jul",2012,2012-06-24,23,112.6,278,0.405035971223022,100.19150108708
"Common Tern","Jun-Jul",2012,2012-06-24,23,130.1,269,0.48364312267658,127.978959276459
"Common Tern","Jun-Jul",2012,2012-06-24,23,112.2,272,0.4125,106.701693744878
"Common Tern","Jun-Jul",2012,2012-06-24,23,100.2,268,0.373880597014925,99.6918566786072
"Common Tern","Jun-Jul",2012,2012-06-24,23,119.1,274,0.434671532846715,110.762146920209
"Common Tern","Jun-Jul",2012,2012-06-24,23,112.4,269,0.417843866171004,110.567525155065
"Common Tern","Jun-Jul",2012,2012-06-24,23,119.2,271,0.439852398523985,114.638610713261
"Common Tern","Jun-Jul",2012,2012-06-24,23,96.7,267,0.362172284644195,97.3122591050814
"Common Tern","Jun-Jul",2012,2012-06-24,23,114.3,259,0.441312741312741,126.200407752989
"Common Tern","Jun-Jul",2012,2012-06-24,23,108.7,263,0.413307984790875,114.539217401482
"Common Tern","Jun-Jul",2012,2012-06-24,23,121.4,269,0.451301115241636,119.420796742214
"Common Tern","Jun-Jul",2012,2012-06-24,23,128.5,271,0.474169741697417,123.582730508843
"Common Tern","Jun-Jul",2012,2012-06-24,23,120.8,281,0.429893238434164,104.027798365065
"Common Tern","Jun-Jul",2012,2012-06-25,24,105,259,0.405405405405405,115.932133106421
"Common Tern","Jun-Jul",2012,2012-07-01,30,113.9,261,0.43639846743295,122.844142117871
"Common Tern","Jun-Jul",2012,2012-07-01,30,130.4,277,0.470758122743682,117.311572158502
"Common Tern","Jun-Jul",2012,2012-07-01,30,121.3,265,0.457735849056604,124.898139661596
"Common Tern","Jun-Jul",2012,2012-07-01,30,117.1,270,0.433703703703704,113.895294813481
"Common Tern","Jun-Jul",2012,2012-07-01,30,102.2,255,0.40078431372549,118.323523010131
"Common Tern","Jun-Jul",2012,2012-07-01,30,114.5,275,0.416363636363636,105.308197635077
"Common Tern","Jun-Jul",2012,2012-07-01,30,121,267,0.453183520599251,121.766115322801
"Common Tern","Jun-Jul",2012,2012-07-01,30,123.6,252,0.49047619047619,148.356355934991
"Common Tern","Jun-Jul",2012,2012-07-01,30,113.2,265,0.427169811320755,116.557868175537
"Common Tern","Jun-Jul",2012,2012-07-01,30,117.7,270,0.435925925925926,114.478874462398
"Common Tern","Jun-Jul",2012,2012-07-01,30,105.8,277,0.381949458483755,95.1807080856557
"Common Tern","Jun-Jul",2012,2012-07-02,31,115.8,266,0.435338345864662,117.873812027014
"Common Tern","Jun-Jul",2012,2012-07-02,31,119,270,0.440740740740741,115.743297035049
"Common Tern","Jun-Jul",2012,2012-07-11,40,130.7,276,0.473550724637681,118.884949122787
"Common Tern","Jun-Jul",2012,2012-07-11,40,120.2,257,0.467704280155642,135.888198264724
"Common Tern","Jun-Jul",2012,2012-07-11,40,115.6,265,0.43622641509434,119.029059726962
"Common Tern","Jun-Jul",2012,2012-07-12,41,111.3,269,0.413754646840149,109.485458627747
"Common Tern","Jun-Jul",2012,2012-07-12,41,121,273,0.443223443223443,113.790372364115
"Common Tern","Jun-Jul",2012,2012-07-12,41,97.8,262,0.373282442748092,104.257404543437
"Common Tern","Jun-Jul",2012,2012-07-12,41,97.9,260,0.376538461538462,106.830565514891
"Common Tern","Jun-Jul",2012,2012-07-12,41,104.1,269,0.386988847583643,102.402841358027
"Common Tern","Jun-Jul",2012,2012-07-12,41,103.3,275,0.375636363636364,95.0073084340916
"Common Tern","Jun-Jul",2012,2012-07-18,47,116,263,0.44106463878327,122.231363556319
"Common Tern","Jun-Jul",2012,2012-07-18,47,112.5,279,0.403225806451613,99.0128074147453
"Common Tern","Jun-Jul",2012,2012-07-18,47,120.6,277,0.435379061371841,108.495211674197
"Common Tern","Jun-Jul",2012,2012-07-18,47,116.5,272,0.428308823529412,110.790974342944
"Common Tern","Jun-Jul",2012,2012-07-18,47,122.5,275,0.445454545454545,112.665975635781
"Common Tern","Jun-Jul",2012,2012-07-18,47,126.4,269,0.469888475836431,124.339280957297
"Common Tern","Jun-Jul",2012,2012-07-18,47,119.6,256,0.4671875,136.826372615355
"Common Tern","Jun-Jul",2012,2012-07-18,47,114.2,271,0.42140221402214,109.829944156497
"Common Tern","Jun-Jul",2012,2012-07-19,48,106.4,261,0.407662835249042,114.755195095184
"Common Tern","Jun-Jul",2012,2012-07-19,48,109.3,267,0.40936329588015,109.992036403158
"Common Tern","Jun-Jul",2012,2012-07-19,48,112.4,277,0.405776173285199,101.118256983249
"Common Tern","Jun-Jul",2012,2012-07-19,48,96.5,264,0.365530303030303,100.51427252125
"Common Tern","Jun-Jul",2012,2012-07-22,51,119,262,0.454198473282443,126.857169127495
"Common Tern","Jun-Jul",2012,2012-07-22,51,101,267,0.378277153558052,101.639484690933
"Common Tern","Jun-Jul",2012,2012-07-22,51,131.4,262,0.501526717557252,140.075899355906
"Common Tern","Jun-Jul",2012,2012-07-31,60,122,263,0.463878326996198,128.553675464405
"Common Tern","Jun-Jul",2012,2012-07-31,60,132,257,0.513618677042802,149.228304250778
"Common Tern","Jun-Jul",2012,2012-07-31,60,139.2,266,0.523308270676692,141.692872488431
"Common Tern","Jun-Jul",2012,2012-07-31,60,125.1,273,0.458241758241758,117.646079196288
"Common Tern","Jun-Jul",2012,2012-07-31,60,122.6,271,0.45239852398524,117.908503971861
"Common Tern","Jun-Jul",2012,2012-07-31,60,104,259,0.401544401544402,114.828017553026
"Common Tern","Jun-Jul",2012,2012-07-31,60,110.3,264,0.41780303030303,114.888334291128
"Common Tern","Jun-Jul",2012,2012-07-31,60,94,258,0.364341085271318,105.018015984605
"Common Tern","Jun-Jul",2012,2012-07-31,60,110.1,258,0.426744186046512,123.005144254309
"Common Tern","Jun-Jul",2012,2012-07-31,60,122.8,267,0.459925093632959,123.577512079669
"Common Tern","Jun-Jul",2012,2012-07-31,60,115.5,254,0.454724409448819,135.333122594281
"Common Tern","Jun-Jul",2012,2012-07-31,60,100.6,261,0.38544061302682,108.499742730973
"Common Tern","Jun-Jul",2012,2012-07-31,60,111.2,265,0.419622641509434,114.498541882683
"Common Tern","Jun-Jul",2012,2012-07-31,60,108,271,0.398523985239852,103.867197626109
"Common Tern","Jun-Jul",2013,2013-06-30,29,95,268,0.354477611940299,94.5182273898971
"Common Tern","Jun-Jul",2013,2013-06-30,29,102,276,0.369565217391304,92.7793788104383
"Common Tern","Jun-Jul",2013,2013-06-30,29,117,272,0.430147058823529,111.266472086905
"Common Tern","Jun-Jul",2013,2013-06-30,29,119,273,0.435897435897436,111.909539763055
"Common Tern","Jun-Jul",2013,2013-06-30,29,118,269,0.438661710037175,116.076227475958
"Common Tern","Jun-Jul",2013,2013-06-30,29,116,276,0.420289855072464,105.513803353047
"Common Tern","Jun-Jul",2013,2013-06-30,29,111,270,0.411111111111111,107.9622350495
"Common Tern","Jun-Jul",2013,2013-06-30,29,121,275,0.44,111.286392260649
"Common Tern","Jun-Jul",2013,2013-06-30,29,115,288,0.399305555555556,91.8766155031672
"Common Tern","Jun-Jul",2013,2013-06-30,29,102,288,0.354166666666667,81.4905633158527
"Common Tern","Jun-Jul",2013,2013-06-30,29,112,267,0.419475655430712,112.70913153846
"Common Tern","Jun-Jul",2013,2013-06-30,29,132,274,0.481751824817518,122.759054521138
"Common Tern","Jun-Jul",2013,2013-07-01,30,112,268,0.417910447761194,111.432015449142
"Common Tern","Jun-Jul",2013,2013-07-01,30,125,272,0.459558823529412,118.874435990283
"Common Tern","Jun-Jul",2013,2013-07-10,39,101,268,0.376865671641791,100.487799646101
"Common Tern","Jun-Jul",2013,2013-07-10,39,114,258,0.441860465116279,127.362274704734
"Common Tern","Jun-Jul",2013,2013-07-10,39,97,256,0.37890625,110.971221937203
"Common Tern","Jun-Jul",2013,2013-07-10,39,118,267,0.441947565543071,118.747120728021
"Common Tern","Jun-Jul",2013,2013-07-10,39,119,267,0.445692883895131,119.753452259614
"Common Tern","Jun-Jul",2013,2013-07-10,39,106,271,0.391143911439114,101.943731003404
"Common Tern","Jun-Jul",2013,2013-07-10,39,103,260,0.396153846153846,112.395794157648
"Common Tern","Jun-Jul",2013,2013-07-10,39,123,272,0.452205882352941,116.972445014438
"Common Tern","Jun-Jul",2013,2013-07-10,39,113,270,0.418518518518519,109.907500545887
"Common Tern","Jun-Jul",2013,2013-07-10,39,119,266,0.447368421052632,121.131119440541
"Common Tern","Jun-Jul",2013,2013-07-11,40,115,268,0.42910447761194,114.416801577244
"Common Tern","Jun-Jul",2013,2013-07-11,40,116,272,0.426470588235294,110.315476598983
"Common Tern","Jun-Jul",2013,2013-07-11,40,123,277,0.444043321299639,110.654320364231
"Common Tern","Jun-Jul",2013,2013-07-11,40,114,267,0.426966292134831,114.721794601647
"Common Tern","Jun-Jul",2013,2013-07-11,40,111,260,0.426923076923077,121.125564577659
"Common Tern","Jun-Jul",2013,2013-07-17,46,109,270,0.403703703703704,106.016969553112
"Common Tern","Jun-Jul",2013,2013-07-17,46,129,271,0.476014760147601,124.063597164519
"Common Tern","Jun-Jul",2013,2013-07-18,47,110,264,0.416666666666667,114.575854687435
"Common Tern","Jun-Jul",2013,2013-07-18,47,118,272,0.433823529411765,112.217467574827
"Common Tern","Jun-Jul",2013,2013-07-18,47,106,277,0.382671480144404,95.3606338098252
"Common Tern","Jun-Jul",2013,2013-07-18,47,108,265,0.407547169811321,111.203619814117
"Common Tern","Jun-Jul",2013,2013-07-23,52,127,284,0.447183098591549,105.883205278645
"Common Tern","Jun-Jul",2013,2013-07-23,52,104,252,0.412698412698413,124.830590754361
"Common Tern","Jun-Jul",2013,2013-07-30,59,112,270,0.414814814814815,108.934867797694
"Common Tern","Jun-Jul",2014,2014-06-29,28,117,268,0.436567164179104,116.406658995978
"Common Tern","Jun-Jul",2014,2014-06-29,28,120,263,0.456273764258555,126.446238161709
"Common Tern","Jun-Jul",2014,2014-06-29,28,113,278,0.406474820143885,100.547421161989
"Common Tern","Jun-Jul",2014,2014-06-29,28,107,254,0.421259842519685,125.37354214362
"Common Tern","Jun-Jul",2014,2014-06-29,28,110,270,0.407407407407407,106.989602301306
"Common Tern","Jun-Jul",2014,2014-06-29,28,124,261,0.475095785440613,133.737257441756
"Common Tern","Jun-Jul",2014,2014-06-29,28,126,277,0.454873646209386,113.353206226773
"Common Tern","Jun-Jul",2014,2014-06-29,28,117,267,0.438202247191011,117.740789196427
"Common Tern","Jun-Jul",2014,2014-06-29,28,110,275,0.4,101.169447509681
"Common Tern","Jun-Jul",2014,2014-06-29,28,119,281,0.423487544483986,102.477715276844
"Common Tern","Jun-Jul",2014,2014-06-29,28,128,276,0.463768115942029,116.42902438957
"Common Tern","Jun-Jul",2014,2014-06-29,28,116,264,0.439393939393939,120.825446761295
"Common Tern","Jun-Jul",2014,2014-06-29,28,115,265,0.433962264150943,118.411261839106
"Common Tern","Jun-Jul",2014,2014-06-30,29,132,263,0.501901140684411,139.09086197788
"Common Tern","Jun-Jul",2014,2014-06-30,29,123,260,0.473076923076923,134.220220207677
"Common Tern","Jun-Jul",2014,2014-06-30,29,144,267,0.539325842696629,144.911740549449
"Common Tern","Jun-Jul",2014,2014-06-30,29,115,276,0.416666666666667,104.604201600004
"Common Tern","Jun-Jul",2014,2014-06-30,29,104,282,0.368794326241135,88.5957384249821
"Common Tern","Jun-Jul",2014,2014-06-30,29,105,272,0.386029411764706,99.8545262318377
"Common Tern","Jun-Jul",2014,2014-06-30,29,110,267,0.411985018726592,110.696468475274
"Common Tern","Jun-Jul",2014,2014-06-30,29,119,271,0.439114391143911,114.446264050991
"Common Tern","Jun-Jul",2014,2014-06-30,29,115,266,0.432330827067669,117.059485173632
"Common Tern","Jun-Jul",2014,2014-06-30,29,109,251,0.434262948207171,132.427493008236
"Common Tern","Jun-Jul",2014,2014-06-30,29,104,263,0.395437262357414,109.586739740148
"Common Tern","Jun-Jul",2014,2014-06-30,29,107,264,0.40530303030303,111.451058650505
"Common Tern","Jun-Jul",2014,2014-06-30,29,104,271,0.383763837638376,100.020264380698
"Common Tern","Jun-Jul",2014,2014-06-30,29,114,282,0.404255319148936,97.1145594273842
"Common Tern","Jun-Jul",2014,2014-07-06,35,119,280,0.425,103.597477473316
"Common Tern","Jun-Jul",2014,2014-07-09,38,123,253,0.486166007905138,145.86452173329
"Common Tern","Jun-Jul",2014,2014-07-09,38,118,282,0.418439716312057,100.522087828345
"Common Tern","Jun-Jul",2014,2014-07-09,38,125,270,0.462962962962963,121.579093524212
"Common Tern","Jun-Jul",2014,2014-07-10,39,112,275,0.407272727272727,103.008892009857
"Common Tern","Jun-Jul",2014,2014-07-10,39,103,265,0.388679245283019,106.055304081982
"Common Tern","Jun-Jul",2014,2014-07-10,39,113,263,0.429657794676806,119.070207602276
"Common Tern","Jun-Jul",2014,2014-07-10,39,114,263,0.433460076045627,120.123926253624
"Common Tern","Jun-Jul",2014,2014-07-10,39,110,261,0.421455938697318,118.637889666074
"Common Tern","Jun-Jul",2014,2014-07-10,39,117,283,0.413427561837456,98.6004784775422
"Common Tern","Jun-Jul",2014,2014-07-10,39,110,271,0.40590405904059,105.790664248815
"Common Tern","Jun-Jul",2014,2014-07-15,44,131,272,0.481617647058824,124.580408917817
"Common Tern","Jun-Jul",2014,2014-07-15,44,99,267,0.370786516853933,99.6268216277463
"Common Tern","Jun-Jul",2014,2014-07-15,44,119,267,0.445692883895131,119.753452259614
"Common Tern","Jun-Jul",2014,2014-07-15,44,121,247,0.489878542510121,154.384876924948
"Common Tern","Jun-Jul",2014,2014-07-15,44,123,285,0.431578947368421,101.45538012065
"Common Tern","Jun-Jul",2014,2014-07-21,50,130,260,0.5,141.858769325187
"Common Tern","Jun-Jul",2014,2014-07-21,50,128,267,0.47940074906367,128.810436043955
"Common Tern","Jun-Jul",2014,2014-07-21,50,132,270,0.488888888888889,128.387522761567
"Common Tern","Jun-Jul",2014,2014-07-28,57,101,270,0.374074074074074,98.2359075675629
"Common Tern","Jun-Jul",2014,2014-07-28,57,122,274,0.445255474452555,113.459126148324
"Common Tern","Jun-Jul",2014,2014-07-28,57,110,266,0.413533834586466,111.969942339996
"Common Tern","Jun-Jul",2014,2014-07-28,57,138,265,0.520754716981132,142.093514206927
"Common Tern","Jun-Jul",2014,2014-07-28,57,114,267,0.426966292134831,114.721794601647
"Common Tern","Jun-Jul",2014,2014-07-28,57,140,274,0.510948905109489,130.198997219389
"Common Tern","Jun-Jul",2014,2014-07-28,57,126,275,0.458181818181818,115.885003511089
"Common Tern","Jun-Jul",2015,2015-06-26,25,138,273,0.505494505494505,129.777449473123
"Common Tern","Jun-Jul",2015,2015-06-26,25,107,275,0.389090909090909,98.4102807594172
"Common Tern","Jun-Jul",2015,2015-06-29,28,115,274,0.41970802919708,106.949176287355
"Common Tern","Jun-Jul",2015,2015-06-29,28,107,268,0.399253731343284,106.457371902305
"Common Tern","Jun-Jul",2015,2015-06-30,29,115,272,0.422794117647059,109.36448111106
"Common Tern","Jun-Jul",2015,2015-06-30,29,105,269,0.390334572490706,103.288168516742
"Common Tern","Jun-Jul",2015,2015-06-30,29,105,252,0.416666666666667,126.03088489623
"Common Tern","Jun-Jul",2015,2015-06-30,29,107,268,0.399253731343284,106.457371902305
"Common Tern","Jun-Jul",2015,2015-07-05,34,114,264,0.431818181818182,118.742249403342
"Common Tern","Jun-Jul",2015,2015-07-05,34,104,268,0.388059701492537,103.472585774203
"Common Tern","Jun-Jul",2015,2015-07-05,34,111,277,0.40072202166065,99.8587769140622
"Common Tern","Jun-Jul",2015,2015-07-13,42,136,282,0.482269503546099,115.855965632669
"Common Tern","Jun-Jul",2015,2015-07-13,42,114,273,0.417582417582418,107.207458260406
"Common Tern","Jun-Jul",2015,2015-07-13,42,115,263,0.437262357414449,121.177644904971
"Common Tern","Jun-Jul",2015,2015-07-13,42,112,262,0.427480916030534,119.39498270823
"Common Tern","Jun-Jul",2015,2015-07-13,42,142,273,0.52014652014652,133.539114675243
"Common Tern","Jun-Jul",2015,2015-07-13,42,110,265,0.415094339622642,113.262946106971
"Common Tern","Jun-Jul",2015,2015-07-13,42,101,264,0.382575757575758,105.201466576645
"Common Tern","Jun-Jul",2015,2015-07-13,42,113,267,0.423220973782772,113.715463070054
"Common Tern","Jun-Jul",2015,2015-07-13,42,115,263,0.437262357414449,121.177644904971
"Common Tern","Jun-Jul",2015,2015-07-13,42,113,263,0.429657794676806,119.070207602276
"Common Tern","Jun-Jul",2015,2015-07-13,42,114,257,0.443579766536965,128.878990034763
"Common Tern","Jun-Jul",2015,2015-07-13,42,135,272,0.496323529411765,128.384390869506
"Common Tern","Jun-Jul",2015,2015-07-13,42,118,273,0.432234432234432,110.969123462526
"Common Tern","Jun-Jul",2015,2015-07-13,42,125,280,0.446428571428571,108.820879698862
"Common Tern","Jun-Jul",2015,2015-07-13,42,114,274,0.416058394160584,106.019183450074
"Common Tern","Jun-Jul",2015,2015-07-13,42,123,267,0.460674157303371,123.778778385988
"Common Tern","Jun-Jul",2015,2015-07-13,42,120,277,0.433212996389892,107.955434501689
"Common Tern","Jun-Jul",2015,2015-07-13,42,124,288,0.430555555555556,99.0669593251542
"Common Tern","Jun-Jul",2015,2015-07-13,42,117,259,0.451737451737452,129.181519747154
"Common Tern","Jun-Jul",2015,2015-07-13,42,116,263,0.44106463878327,122.231363556319
"Common Tern","Jun-Jul",2015,2015-07-13,42,132,276,0.478260869565217,120.067431401744
"Common Tern","Jun-Jul",2015,2015-07-13,42,112,269,0.41635687732342,110.174046417858
"Common Tern","Jun-Jul",2015,2015-07-14,43,112,257,0.43579766536965,126.617955121872
"Common Tern","Jun-Jul",2015,2015-07-14,43,121,267,0.453183520599251,121.766115322801
"Common Tern","Jun-Jul",2015,2015-07-14,43,115,277,0.415162454873646,103.457291397452
"Common Tern","Jun-Jul",2015,2015-07-27,56,110,260,0.423076923076923,120.034343275158
"Common Tern","Jun-Jul",2015,2015-07-27,56,120,258,0.465116279069767,134.065552320772
"Common Tern","Jun-Jul",2015,2015-07-27,56,130,273,0.476190476190476,122.254119068884
"Common Tern","Jun-Jul",2015,2015-07-27,56,121,272,0.444852941176471,115.070454038594
"Common Tern","Jun-Jul",2015,2015-07-27,56,124,261,0.475095785440613,133.737257441756
"Common Tern","Jun-Jul",2015,2015-07-27,56,114,264,0.431818181818182,118.742249403342
"Common Tern","Jun-Jul",2015,2015-07-27,56,117,255,0.458823529411765,135.458436322753
"Common Tern","Jun-Jul",2015,2015-07-27,56,117,273,0.428571428571429,110.028707161996
"Common Tern","Jun-Jul",2015,2015-07-27,56,114,256,0.4453125,130.41978660661
"Common Tern","Jun-Jul",2015,2015-07-27,56,121,256,0.47265625,138.428019117542
"Common Tern","Jun-Jul",2015,2015-07-27,56,122,271,0.450184501845018,117.331463985049
"Common Tern","Jun-Jul",2015,2015-07-27,56,122,274,0.445255474452555,113.459126148324
"Common Tern","Jun-Jul",2015,2015-07-27,56,116,270,0.42962962962963,112.825398790468
"Common Tern","Jun-Jul",2015,2015-07-27,56,114,262,0.435114503816794,121.527035970877
"Common Tern","Jun-Jul",2015,2015-07-27,56,117,272,0.430147058823529,111.266472086905
"Common Tern","Jun-Jul",2016,2016-06-20,19,113,272,0.415441176470588,107.462490135216
"Common Tern","Jun-Jul",2016,2016-06-20,19,119,258,0.461240310077519,132.948339384766
"Common Tern","Jun-Jul",2016,2016-06-20,19,113,255,0.443137254901961,130.827378670693
"Common Tern","Jun-Jul",2016,2016-06-20,19,115,277,0.415162454873646,103.457291397452
"Common Tern","Jun-Jul",2016,2016-06-20,19,114,269,0.423791821561338,112.141440103892
"Common Tern","Jun-Jul",2016,2016-06-20,19,108,266,0.406015037593985,109.934125206541
"Common Tern","Jun-Jul",2016,2016-06-20,19,106,264,0.401515151515151,110.409459971528
"Common Tern","Jun-Jul",2016,2016-06-20,19,122,274,0.445255474452555,113.459126148324
"Common Tern","Jun-Jul",2016,2016-06-20,19,121,278,0.435251798561151,107.665822660183
"Common Tern","Jun-Jul",2016,2016-06-20,19,100,277,0.36101083032491,89.9628620847407
"Common Tern","Jun-Jul",2016,2016-06-20,19,113,260,0.434615384615385,123.308007182662
"Common Tern","Jun-Jul",2016,2016-06-20,19,121,283,0.42756183745583,101.971435006689
"Common Tern","Jun-Jul",2016,2016-06-20,19,113,262,0.431297709923664,120.461009339554
"Common Tern","Jun-Jul",2016,2016-06-20,19,113,262,0.431297709923664,120.461009339554
"Common Tern","Jun-Jul",2016,2016-06-20,19,118,258,0.457364341085271,131.83112644876
"Common Tern","Jun-Jul",2016,2016-06-20,19,105,255,0.411764705882353,121.565263366573
"Common Tern","Jun-Jul",2016,2016-06-20,19,103,259,0.397683397683398,113.723901999632
"Common Tern","Jun-Jul",2016,2016-06-20,19,103,258,0.39922480620155,115.072932408663
"Common Tern","Jun-Jul",2016,2016-06-20,19,103,267,0.385767790262172,103.65214775412
"Common Tern","Jun-Jul",2016,2016-06-20,19,120,262,0.458015267175573,127.923195758818
"Common Tern","Jun-Jul",2016,2016-06-20,19,111,264,0.420454545454545,115.617453366412
"Common Tern","Jun-Jul",2016,2016-06-20,19,133,272,0.488970588235294,126.482399893661
"Common Tern","Jun-Jul",2016,2016-06-20,19,106,260,0.407692307692308,115.669458065152
"Common Tern","Jun-Jul",2016,2016-06-20,19,104,275,0.378181818181818,95.6511140091532
"Common Tern","Jun-Jul",2016,2016-06-20,19,117,273,0.428571428571429,110.028707161996
"Common Tern","Jun-Jul",2016,2016-06-20,19,104,272,0.382352941176471,98.9035307439155
"Common Tern","Jun-Jul",2016,2016-06-20,19,114,259,0.44015444015444,125.869173086971
"Common Tern","Jun-Jul",2016,2016-06-20,19,104,256,0.40625,118.979454448135
"Common Tern","Jun-Jul",2016,2016-06-20,19,108,262,0.412213740458015,115.130876182936
"Common Tern","Jun-Jul",2016,2016-06-20,19,121,273,0.443223443223443,113.790372364115
"Common Tern","Jun-Jul",2016,2016-06-20,19,124,282,0.439716312056738,105.633380429786
"Common Tern","Jun-Jul",2016,2016-06-20,19,103,265,0.388679245283019,106.055304081982
"Common Tern","Jun-Jul",2016,2016-06-20,19,108,256,0.421875,123.555587311525
"Common Tern","Jun-Jul",2016,2016-06-20,19,117,265,0.441509433962264,120.47058813196
"Common Tern","Jun-Jul",2016,2016-06-20,19,105,271,0.387453874538745,100.981997692051
"Common Tern","Jun-Jul",2016,2016-06-21,20,111,267,0.415730337078652,111.702800006867
"Common Tern","Jun-Jul",2016,2016-06-21,20,112,285,0.392982456140351,92.3821347440067
"Common Tern","Jun-Jul",2016,2016-06-21,20,95,260,0.365384615384615,103.666023737636
"Common Tern","Jun-Jul",2016,2016-06-21,20,113,269,0.420074349442379,111.157743260875
"Common Tern","Jun-Jul",2016,2016-06-21,20,104,273,0.380952380952381,97.8032952551072
"Common Tern","Jun-Jul",2016,2016-06-21,20,116,271,0.428044280442804,111.561064116932
"Common Tern","Jun-Jul",2016,2016-06-21,20,100,261,0.383141762452107,107.852626969158
"Common Tern","Jun-Jul",2016,2016-06-21,20,114,262,0.435114503816794,121.527035970877
"Common Tern","Jun-Jul",2016,2016-06-21,20,113,278,0.406474820143885,100.547421161989
"Common Tern","Jun-Jul",2016,2016-06-26,25,111,265,0.418867924528302,114.292609253398
"Common Tern","Jun-Jul",2016,2016-06-26,25,116,262,0.442748091603053,123.659089233524
"Common Tern","Jun-Jul",2016,2016-06-26,25,117,270,0.433333333333333,113.798031538662
"Common Tern","Jun-Jul",2016,2016-06-26,25,116,269,0.431226765799257,114.108833789925
"Common Tern","Jun-Jul",2016,2016-06-26,25,114,258,0.441860465116279,127.362274704734
"Common Tern","Jun-Jul",2016,2016-06-26,25,111,262,0.423664122137405,118.328956076907
"Common Tern","Jun-Jul",2016,2016-06-26,25,122,273,0.446886446886447,114.730788664645
"Common Tern","Jun-Jul",2016,2016-06-26,25,116,260,0.446153846153846,126.581671090167
"Common Tern","Jun-Jul",2016,2016-06-26,25,123,267,0.460674157303371,123.778778385988
"Common Tern","Jun-Jul",2016,2016-06-26,25,104,264,0.393939393939394,108.326262613575
"Common Tern","Jun-Jul",2016,2016-06-26,25,118,272,0.433823529411765,112.217467574827
"Common Tern","Jun-Jul",2016,2016-06-26,25,109,267,0.408239700374532,109.69013694368
"Common Tern","Jun-Jul",2016,2016-06-26,25,121,269,0.449814126394052,119.027318005008
"Common Tern","Jun-Jul",2016,2016-06-26,25,106,264,0.401515151515151,110.409459971528
"Common Tern","Jun-Jul",2016,2016-06-26,25,116,273,0.424908424908425,109.088290861466
"Common Tern","Jun-Jul",2016,2016-06-26,25,103,266,0.387218045112782,104.844582372905
"Common Tern","Jun-Jul",2016,2016-06-26,25,115,256,0.44921875,131.563819822457
"Common Tern","Jun-Jul",2016,2016-06-27,26,105,267,0.393258426966292,105.664810817307
"Common Tern","Jun-Jul",2016,2016-06-27,26,123,273,0.450549450549451,115.671204965175
"Common Tern","Jun-Jul",2016,2016-07-04,33,109,264,0.412878787878788,113.534256008458
"Common Tern","Jun-Jul",2016,2016-07-04,33,134,273,0.490842490842491,126.015784271004
"Common Tern","Jun-Jul",2016,2016-07-04,33,116,262,0.442748091603053,123.659089233524
"Common Tern","Jun-Jul",2016,2016-07-04,33,117,277,0.422382671480144,105.256548639147
"Common Tern","Jun-Jul",2016,2016-07-04,33,119,278,0.428057553956835,105.886222285635
"Common Tern","Jun-Jul",2016,2016-07-04,33,116,265,0.437735849056604,119.440924985533
"Common Tern","Jun-Jul",2016,2016-07-04,33,111,266,0.417293233082707,112.987850906723
"Common Tern","Jun-Jul",2016,2016-07-04,33,126,263,0.479087452471483,132.768550069795
"Common Tern","Jun-Jul",2016,2016-07-04,33,115,255,0.450980392156863,133.142907496723
"Common Tern","Jun-Jul",2016,2016-07-04,33,125,276,0.452898550724638,113.700219130439
"Common Tern","Jun-Jul",2016,2016-07-04,33,111,274,0.405109489051095,103.22920493823
"Common Tern","Jun-Jul",2016,2016-07-04,33,102,268,0.380597014925373,101.482728355468
"Common Tern","Jun-Jul",2016,2016-07-04,33,130,274,0.474452554744526,120.899068846575
"Common Tern","Jun-Jul",2016,2016-07-04,33,113,268,0.421641791044776,112.426944158509
"Common Tern","Jun-Jul",2016,2016-07-04,33,119,280,0.425,103.597477473316
"Common Tern","Jun-Jul",2016,2016-07-04,33,121,271,0.446494464944649,116.369730673697
"Common Tern","Jun-Jul",2016,2016-07-04,33,106,272,0.389705882352941,100.80552171976
"Common Tern","Jun-Jul",2016,2016-07-04,33,123,273,0.450549450549451,115.671204965175
"Common Tern","Jun-Jul",2016,2016-07-04,33,122,265,0.460377358490566,125.618903864095
"Common Tern","Jun-Jul",2016,2016-07-04,33,115,279,0.412186379928315,101.213092023962
"Common Tern","Jun-Jul",2016,2016-07-04,33,118,273,0.432234432234432,110.969123462526
"Common Tern","Jun-Jul",2016,2016-07-04,33,117,274,0.427007299270073,108.809161961918
"Common Tern","Jun-Jul",2016,2016-07-04,33,118,276,0.427536231884058,107.333006859134
"Common Tern","Jun-Jul",2016,2016-07-04,33,122,273,0.446886446886447,114.730788664645
"Common Tern","Jun-Jul",2016,2016-07-04,33,120,276,0.434782608695652,109.152210365221
"Common Tern","Jun-Jul",2016,2016-07-04,33,115,268,0.42910447761194,114.416801577244
"Common Tern","Jun-Jul",2016,2016-07-04,33,111,276,0.402173913043478,100.96579458783
"Common Tern","Jun-Jul",2016,2016-07-21,50,126,262,0.480916030534351,134.319355546759
"Common Tern","Jun-Jul",2016,2016-07-21,50,122,264,0.462121212121212,127.075038835155
"Common Tern","Jun-Jul",2016,2016-07-21,50,93,255,0.364705882352941,107.672090410394
"Common Tern","Jun-Jul",2016,2016-07-21,50,114,261,0.436781609195402,122.95199474484
"Common Tern","Jun-Jul",2016,2016-07-21,50,117,265,0.441509433962264,120.47058813196
"Common Tern","Jun-Jul",2016,2016-07-21,50,122,268,0.455223880597015,121.381302542815
"Common Tern","Jun-Jul",2016,2016-07-21,50,109,260,0.419230769230769,118.943121972657
"Common Tern","Jun-Jul",2016,2016-07-21,50,125,279,0.448028673835125,110.014230460828
"Common Tern","Jun-Jul",2016,2016-07-21,50,114,268,0.425373134328358,113.421872867876
"Common Tern","Jun-Jul",2016,2016-07-21,50,108,264,0.409090909090909,112.492657329482
"Common Tern","Jun-Jul",2016,2016-07-21,50,105,258,0.406976744186047,117.307358280676
"Common Tern","Jun-Jul",2016,2016-07-21,50,112,257,0.43579766536965,126.617955121872
"Common Tern","Jun-Jul",2016,2016-07-22,51,109,270,0.403703703703704,106.016969553112
"Common Tern","Jun-Jul",2016,2016-07-31,60,122,271,0.450184501845018,117.331463985049
"Common Tern","Jun-Jul",2016,2016-07-31,60,110,250,0.44,135.278672129643
"Common Tern","Jun-Jul",2016,2016-07-31,60,127,265,0.479245283018868,130.76721959623
"Common Tern","Jun-Jul",2016,2016-07-31,60,110,266,0.413533834586466,111.969942339996
"Common Tern","Jun-Jul",2016,2016-07-31,60,105,266,0.394736842105263,106.880399506359
"Common Tern","Jun-Jul",2016,2016-07-31,60,120,266,0.451127819548872,122.149028007268
"Common Tern","Jun-Jul",2016,2016-07-31,60,123,260,0.473076923076923,134.220220207677
"Common Tern","Jun-Jul",2016,2016-07-31,60,108,268,0.402985074626866,107.452300611672
"Common Tern","Jun-Jul",2016,2016-07-31,60,137,281,0.487544483985765,117.978546159056
"Common Tern","Jun-Jul",2016,2016-07-31,60,111,259,0.428571428571429,122.556826426787
"Common Tern","Jun-Jul",2016,2016-07-31,60,121,261,0.46360153256705,130.501678632681
"Common Tern","Jun-Jul",2016,2016-07-31,60,120,260,0.461538461538462,130.946556300172
"Common Tern","Jun-Jul",2016,2016-07-31,60,123,275,0.447272727272727,113.125836760825
"Common Tern","Jun-Jul",2016,2016-07-31,60,107,251,0.426294820717131,129.997630751204
"Common Tern","Jun-Jul",2017,2017-06-27,26,109,270,0.403703703703704,106.016969553112
"Common Tern","Jun-Jul",2017,2017-06-27,26,108,258,0.418604651162791,120.658997088695
"Common Tern","Jun-Jul",2017,2017-06-27,26,116,266,0.43609022556391,118.077393740359
"Common Tern","Jun-Jul",2017,2017-06-27,26,107,252,0.424603174603175,128.431473179968
"Common Tern","Jun-Jul",2017,2017-06-27,26,114,271,0.420664206642066,109.637597494227
"Common Tern","Jun-Jul",2017,2017-06-27,26,116,248,0.467741935483871,146.193588741907
"Common Tern","Jun-Jul",2017,2017-06-27,26,136,269,0.505576208178439,133.782770650257
"Common Tern","Jun-Jul",2017,2017-06-27,26,129,277,0.465703971119134,116.052092089316
"Common Tern","Jun-Jul",2017,2017-06-27,26,112,276,0.405797101449275,101.875396340873
"Common Tern","Jun-Jul",2017,2017-06-27,26,116,266,0.43609022556391,118.077393740359
"Common Tern","Jun-Jul",2017,2017-06-27,26,117,267,0.438202247191011,117.740789196427
"Common Tern","Jun-Jul",2017,2017-06-27,26,115,267,0.430711610486891,115.728126133241
"Common Tern","Jun-Jul",2017,2017-06-27,26,125,266,0.469924812030075,127.238570840904
"Common Tern","Jun-Jul",2017,2017-06-27,26,114,268,0.425373134328358,113.421872867876
"Common Tern","Jun-Jul",2017,2017-06-27,26,110,275,0.4,101.169447509681
"Common Tern","Jun-Jul",2017,2017-06-27,26,103,257,0.400778210116732,116.443298013865
"Common Tern","Jun-Jul",2017,2017-06-27,26,100,268,0.373134328358209,99.4928709367338
"Common Tern","Jun-Jul",2017,2017-06-27,26,114,271,0.420664206642066,109.637597494227
"Common Tern","Jun-Jul",2017,2017-06-27,26,103,266,0.387218045112782,104.844582372905
"Common Tern","Jun-Jul",2017,2017-06-27,26,115,268,0.42910447761194,114.416801577244
"Common Tern","Jun-Jul",2017,2017-06-27,26,104,266,0.390977443609023,105.862490939632
"Common Tern","Jun-Jul",2017,2017-06-27,26,105,264,0.397727272727273,109.367861292552
"Common Tern","Jun-Jul",2017,2017-06-27,26,110,250,0.44,135.278672129643
"Common Tern","Jun-Jul",2017,2017-06-27,26,110,266,0.413533834586466,111.969942339996
"Common Tern","Jun-Jul",2017,2017-06-27,26,105,267,0.393258426966292,105.664810817307
"Common Tern","Jun-Jul",2017,2017-06-27,26,120,263,0.456273764258555,126.446238161709
"Common Tern","Jun-Jul",2017,2017-06-27,26,126,272,0.463235294117647,119.825431478205
"Common Tern","Jun-Jul",2017,2017-06-27,26,112,273,0.41025641025641,105.326625659346
"Common Tern","Jun-Jul",2017,2017-06-27,26,117,262,0.446564885496183,124.725115864848
"Common Tern","Jun-Jul",2017,2017-06-27,26,110,265,0.415094339622642,113.262946106971
"Common Tern","Jun-Jul",2017,2017-06-28,27,114,273,0.417582417582418,107.207458260406
"Common Tern","Jun-Jul",2017,2017-06-28,27,107,263,0.406844106463878,112.747895694191
"Common Tern","Jun-Jul",2017,2017-06-28,27,117,273,0.428571428571429,110.028707161996
"Common Tern","Jun-Jul",2017,2017-06-28,27,131,265,0.494339622641509,134.885872181938
"Common Tern","Jun-Jul",2017,2017-07-05,34,112,267,0.419475655430712,112.70913153846
"Common Tern","Jun-Jul",2017,2017-07-05,34,124,273,0.454212454212454,116.611621265705
"Common Tern","Jun-Jul",2017,2017-07-05,34,122,274,0.445255474452555,113.459126148324
"Common Tern","Jun-Jul",2017,2017-07-05,34,103,267,0.385767790262172,103.65214775412
"Common Tern","Jun-Jul",2017,2017-07-05,34,104,258,0.403100775193798,116.190145344669
"Common Tern","Jun-Jul",2017,2017-07-05,34,116,254,0.456692913385827,135.918980267849
"Common Tern","Jun-Jul",2017,2017-07-05,34,120,265,0.452830188679245,123.559577571241
"Common Tern","Jun-Jul",2017,2017-07-05,34,123,274,0.448905109489051,114.389118985606
"Common Tern","Jun-Jul",2017,2017-07-05,34,126,270,0.466666666666667,122.551726272405
"Common Tern","Jun-Jul",2017,2017-07-05,34,108,266,0.406015037593985,109.934125206541
"Common Tern","Jun-Jul",2017,2017-07-05,34,104,266,0.390977443609023,105.862490939632
"Common Tern","Jun-Jul",2017,2017-07-05,34,106,273,0.388278388278388,99.684127856167
"Common Tern","Jun-Jul",2017,2017-07-05,34,114,272,0.419117647058824,108.413485623138
"Common Tern","Jun-Jul",2017,2017-07-05,34,125,267,0.468164794007491,125.791441449175
"Common Tern","Jun-Jul",2017,2017-07-05,34,110,268,0.41044776119403,109.442158030407
"Common Tern","Jun-Jul",2017,2017-07-05,34,132,274,0.481751824817518,122.759054521138
"Common Tern","Jun-Jul",2017,2017-07-05,34,118,275,0.429090909090909,108.527225510385
"Common Tern","Jun-Jul",2017,2017-07-05,34,97,260,0.373076923076923,105.848466342639
"Common Tern","Jun-Jul",2017,2017-07-05,34,119,274,0.434306569343066,110.66914763648
"Common Tern","Jun-Jul",2017,2017-07-05,34,118,273,0.432234432234432,110.969123462526
"Common Tern","Jun-Jul",2017,2017-07-05,34,110,263,0.418250950570342,115.909051648234
"Common Tern","Jun-Jul",2017,2017-07-05,34,110,260,0.423076923076923,120.034343275158
"Common Tern","Jun-Jul",2017,2017-07-05,34,113,253,0.446640316205534,134.005617527332
"Common Tern","Jun-Jul",2017,2017-07-05,34,124,261,0.475095785440613,133.737257441756
"Common Tern","Jun-Jul",2017,2017-07-05,34,106,258,0.410852713178295,118.424571216682
"Common Tern","Jun-Jul",2017,2017-07-05,34,105,254,0.413385826771654,123.030111449346
"Common Tern","Jun-Jul",2017,2017-07-05,34,124,275,0.450909090909091,114.045559010913
"Common Tern","Jun-Jul",2017,2017-07-05,34,108,271,0.398523985239852,103.867197626109
"Common Tern","Jun-Jul",2017,2017-07-05,34,107,264,0.40530303030303,111.451058650505
"Common Tern","Jun-Jul",2017,2017-07-05,34,123,260,0.473076923076923,134.220220207677
"Common Tern","Jun-Jul",2017,2017-07-05,34,116,279,0.415770609318996,102.093205867648
"Common Tern","Jun-Jul",2017,2017-07-05,34,129,263,0.490494296577947,135.929706023838
"Common Tern","Jun-Jul",2017,2017-07-05,34,118,270,0.437037037037037,114.770664286856
"Common Tern","Jun-Jul",2017,2017-07-05,34,114,263,0.433460076045627,120.123926253624
"Common Tern","Jun-Jul",2017,2017-07-05,34,109,263,0.414448669201521,114.855332996886
"Common Tern","Jun-Jul",2017,2017-07-05,34,121,267,0.453183520599251,121.766115322801
"Common Tern","Jun-Jul",2017,2017-07-05,34,116,274,0.423357664233577,107.879169124636
"Common Tern","Jun-Jul",2017,2017-07-05,34,119,273,0.435897435897436,111.909539763055
"Common Tern","Jun-Jul",2017,2017-07-05,34,118,265,0.445283018867925,121.500251278387
"Common Tern","Jun-Jul",2017,2017-07-05,34,140,270,0.518518518518518,136.168584747117
"Common Tern","Jun-Jul",2017,2017-07-05,34,119,270,0.440740740740741,115.743297035049
"Common Tern","Jun-Jul",2017,2017-07-05,34,106,265,0.4,109.144293521263
"Common Tern","Jun-Jul",2017,2017-07-05,34,111,256,0.43359375,126.987686959067
"Common Tern","Jun-Jul",2017,2017-07-05,34,116,265,0.437735849056604,119.440924985533
"Common Tern","Jun-Jul",2017,2017-07-05,34,103,263,0.391634980988593,108.533021088801
"Common Tern","Jun-Jul",2017,2017-07-05,34,98,270,0.362962962962963,95.3180093229818
"Common Tern","Jun-Jul",2017,2017-07-05,34,128,259,0.494208494208494,141.326790834494
"Common Tern","Jun-Jul",2017,2017-07-06,35,102,257,0.396887159533074,115.312780557419
"Common Tern","Jun-Jul",2017,2017-07-06,35,104,273,0.380952380952381,97.8032952551072
"Common Tern","Jun-Jul",2017,2017-07-06,35,103,265,0.388679245283019,106.055304081982
"Common Tern","Jun-Jul",2017,2017-07-06,35,103,260,0.396153846153846,112.395794157648
"Common Tern","Jun-Jul",2017,2017-07-06,35,113,270,0.418518518518519,109.907500545887
"Common Tern","Jun-Jul",2017,2017-07-06,35,113,265,0.426415094339623,116.351935546252
"Common Tern","Jun-Jul",2017,2017-07-06,35,114,261,0.436781609195402,122.95199474484
"Common Tern","Jun-Jul",2017,2017-07-06,35,106,269,0.394052044609665,104.271865359759
"Common Tern","Jun-Jul",2017,2017-07-06,35,112,256,0.4375,128.131720174915
"Common Tern","Jun-Jul",2017,2017-07-06,35,115,273,0.421245421245421,108.147874560936
"Common Tern","Jun-Jul",2017,2017-07-06,35,104,272,0.382352941176471,98.9035307439155
"Common Tern","Jun-Jul",2017,2017-07-06,35,104,259,0.401544401544402,114.828017553026
"Common Tern","Jun-Jul",2017,2017-07-06,35,114,266,0.428571428571429,116.041576606905
"Common Tern","Jun-Jul",2017,2017-07-06,35,131,267,0.49063670411985,131.829430638735
"Common Tern","Jun-Jul",2017,2017-07-06,35,110,273,0.402930402930403,103.445793058287
"Common Tern","Jun-Jul",2017,2017-07-06,35,114,266,0.428571428571429,116.041576606905
"Common Tern","Jun-Jul",2017,2017-07-06,35,97,272,0.356617647058824,92.2465623284596
"Common Tern","Jun-Jul",2017,2017-07-06,35,115,272,0.422794117647059,109.36448111106
"Common Tern","Jun-Jul",2017,2017-07-13,42,104,262,0.396946564885496,110.866769657642
"Common Tern","Jun-Jul",2017,2017-07-13,42,109,264,0.412878787878788,113.534256008458
"Common Tern","Jun-Jul",2017,2017-07-13,42,112,281,0.398576512455516,96.4496143782061
"Common Tern","Jun-Jul",2017,2017-07-13,42,115,258,0.445736434108527,128.47948764074
"Common Tern","Jun-Jul",2017,2017-07-13,42,125,267,0.468164794007491,125.791441449175
"Common Tern","Jun-Jul",2017,2017-07-13,42,111,260,0.426923076923077,121.125564577659
"Common Tern","Jun-Jul",2017,2017-07-13,42,116,267,0.434456928838951,116.734457664834
"Common Tern","Jun-Jul",2017,2017-07-13,42,108,257,0.420233463035019,122.095885296091
"Common Tern","Jun-Jul",2017,2017-07-13,42,115,276,0.416666666666667,104.604201600004
"Common Tern","Jun-Jul",2017,2017-07-13,42,112,270,0.414814814814815,108.934867797694
"Common Tern","Jun-Jul",2017,2017-07-13,42,117,274,0.427007299270073,108.809161961918
"Common Tern","Jun-Jul",2017,2017-07-13,42,116,276,0.420289855072464,105.513803353047
"Common Tern","Jun-Jul",2017,2017-07-14,43,113,270,0.418518518518519,109.907500545887
"Common Tern","Jun-Jul",2017,2017-07-27,56,136,272,0.5,129.335386357428
"Common Tern","Jun-Jul",2017,2017-07-27,56,119,265,0.449056603773585,122.529914424814
"Common Tern","Jun-Jul",2017,2017-07-27,56,122,270,0.451851851851852,118.66119527963
"Common Tern","Jun-Jul",2017,2017-07-27,56,104,253,0.411067193675889,123.332603741969
"Common Tern","Jun-Jul",2017,2017-07-28,57,116,264,0.439393939393939,120.825446761295
"Common Tern","Jun-Jul",2017,2017-07-28,57,108,271,0.398523985239852,103.867197626109
"Common Tern","Jun-Jul",2017,2017-07-28,57,106,272,0.389705882352941,100.80552171976
"Common Tern","Jun-Jul",2018,2018-06-24,23,120,264,0.454545454545455,124.991841477202
"Common Tern","Jun-Jul",2018,2018-06-24,23,119,270,0.440740740740741,115.743297035049
"Common Tern","Jun-Jul",2018,2018-06-24,23,116,269,0.431226765799257,114.108833789925
"Common Tern","Jun-Jul",2018,2018-06-24,23,98,275,0.356363636363636,90.1327805086251
"Common Tern","Jun-Jul",2018,2018-06-24,23,110,273,0.402930402930403,103.445793058287
"Common Tern","Jun-Jul",2018,2018-06-24,23,108,268,0.402985074626866,107.452300611672
"Common Tern","Jun-Jul",2018,2018-06-24,23,111,273,0.406593406593407,104.386209358816
"Common Tern","Jun-Jul",2018,2018-06-24,23,110,270,0.407407407407407,106.989602301306
"Common Tern","Jun-Jul",2018,2018-06-24,23,122,282,0.432624113475177,103.929616229306
"Common Tern","Jun-Jul",2018,2018-06-24,23,100,273,0.366300366300366,94.0416300529877
"Common Tern","Jun-Jul",2018,2018-06-24,23,137,271,0.505535055350554,131.757463655342
"Common Tern","Jun-Jul",2018,2018-06-24,23,105,271,0.387453874538745,100.981997692051
"Common Tern","Jun-Jul",2018,2018-06-24,23,120,268,0.447761194029851,119.391445124081
"Common Tern","Jun-Jul",2018,2018-06-24,23,126,270,0.466666666666667,122.551726272405
"Common Tern","Jun-Jul",2018,2018-06-24,23,126,267,0.471910112359551,126.797772980768
"Common Tern","Jun-Jul",2018,2018-06-24,23,106,275,0.385454545454545,97.4905585093292
"Common Tern","Jun-Jul",2018,2018-07-03,32,104,262,0.396946564885496,110.866769657642
"Common Tern","Jun-Jul",2018,2018-07-03,32,108,266,0.406015037593985,109.934125206541
"Common Tern","Jun-Jul",2018,2018-07-04,33,104,266,0.390977443609023,105.862490939632
"Common Tern","Jun-Jul",2018,2018-07-04,33,100,270,0.37037037037037,97.2632748193692
"Common Tern","Jun-Jul",2018,2018-07-04,33,104,271,0.383763837638376,100.020264380698
"Common Tern","Jun-Jul",2018,2018-07-10,39,113,257,0.439688715953307,127.748472578318
"Common Tern","Jun-Jul",2018,2018-07-10,39,107,258,0.414728682170543,119.541784152689
"Common Tern","Jun-Jul",2018,2018-07-10,39,119,264,0.450757575757576,123.950242798225
"Common Tern","Jun-Jul",2018,2018-07-10,39,117,261,0.448275862068966,126.187573553915
"Common Tern","Jun-Jul",2018,2018-07-10,39,114,268,0.425373134328358,113.421872867876
"Common Tern","Jun-Jul",2018,2018-07-11,40,143,267,0.535580524344569,143.905409017856
"Common Tern","Jun-Jul",2018,2018-07-19,48,109,259,0.420849420849421,120.348595319998
"Common Tern","Jun-Jul",2018,2018-07-19,48,121,264,0.458333333333333,126.033440156179
"Common Tern","Jun-Jul",2018,2018-07-19,48,117,260,0.45,127.672892392668
"Common Tern","Jun-Jul",2018,2018-07-19,48,123,275,0.447272727272727,113.125836760825
"Common Tern","Jun-Jul",2018,2018-07-20,49,114,270,0.422222222222222,110.880133294081
"Common Tern","Jun-Jul",2018,2018-07-20,49,116,267,0.434456928838951,116.734457664834
"Common Tern","Jun-Jul",2018,2018-07-30,59,125,266,0.469924812030075,127.238570840904
"Common Tern","Jun-Jul",2018,2018-07-30,59,115,263,0.437262357414449,121.177644904971
"Common Tern","Jun-Jul",2018,2018-07-30,59,106,274,0.386861313868613,98.5792407518229
"Common Tern","Jun-Jul",2018,2018-07-30,59,111,255,0.435294117647059,128.511849844663
"Common Tern","Jun-Jul",2018,2018-07-30,59,129,260,0.496153846153846,140.767548022685
"Common Tern","Jun-Jul",2018,2018-07-30,59,106,268,0.395522388059701,105.462443192938
"Common Tern","Jun-Jul",2018,2018-07-30,59,137,269,0.509293680297398,134.766467493273
"Common Tern","Jun-Jul",2018,2018-07-30,59,119,272,0.4375,113.168463062749
"Common Tern","Jun-Jul",2018,2018-07-30,59,126,281,0.448398576512456,108.505816175482
"Common Tern","Jun-Jul",2018,2018-07-30,59,132,282,0.468085106382979,112.448437231708
"Common Tern","Jun-Jul",2018,2018-07-30,59,114,266,0.428571428571429,116.041576606905
"Common Tern","Jun-Jul",2018,2018-07-31,60,105,260,0.403846153846154,114.578236762651
"Common Tern","Jun-Jul",2019,2019-07-02,31,114,269,0.423791821561338,112.141440103892
"Common Tern","Jun-Jul",2019,2019-07-02,31,120,280,0.428571428571429,104.468044510907
"Common Tern","Jun-Jul",2019,2019-07-02,31,100,259,0.386100386100386,110.411555339448
"Common Tern","Jun-Jul",2019,2019-07-02,31,121,269,0.449814126394052,119.027318005008
"Common Tern","Jun-Jul",2019,2019-07-02,31,120,271,0.44280442804428,115.407997362344
"Common Tern","Jun-Jul",2019,2019-07-02,31,123,264,0.465909090909091,128.116637514132
"Common Tern","Jun-Jul",2019,2019-07-02,31,112,273,0.41025641025641,105.326625659346
"Common Tern","Jun-Jul",2019,2019-07-02,31,109,268,0.406716417910448,108.44722932104
"Common Tern","Jun-Jul",2019,2019-07-02,31,116,264,0.439393939393939,120.825446761295
"Common Tern","Jun-Jul",2019,2019-07-03,32,105,259,0.405405405405405,115.932133106421
"Common Tern","Jun-Jul",2019,2019-07-03,32,133,267,0.49812734082397,133.842093701922
"Common Tern","Jun-Jul",2019,2019-07-03,32,118,262,0.450381679389313,125.791142496171
"Common Tern","Jun-Jul",2019,2019-07-03,32,117,267,0.438202247191011,117.740789196427
"Common Tern","Jun-Jul",2019,2019-07-03,32,103,263,0.391634980988593,108.533021088801
"Common Tern","Jun-Jul",2019,2019-07-03,32,102,276,0.369565217391304,92.7793788104383
"Common Tern","Jun-Jul",2019,2019-07-03,32,108,267,0.404494382022472,108.683805412087
"Common Tern","Jun-Jul",2019,2019-07-03,32,126,269,0.468401486988848,123.945802220091
"Common Tern","Jun-Jul",2019,2019-07-03,32,101,259,0.38996138996139,111.515670892843
"Common Tern","Jun-Jul",2019,2019-07-03,32,107,265,0.40377358490566,110.17395666769
"Common Tern","Jun-Jul",2019,2019-07-03,32,106,259,0.409266409266409,117.036248659815
"Common Tern","Jun-Jul",2019,2019-07-03,32,102,266,0.383458646616541,103.826673806178
"Common Tern","Jun-Jul",2019,2019-07-03,32,113,263,0.429657794676806,119.070207602276
"Common Tern","Jun-Jul",2019,2019-07-03,32,126,268,0.470149253731343,125.361017380285
"Common Tern","Jun-Jul",2019,2019-07-03,32,112,270,0.414814814814815,108.934867797694
"Common Tern","Jun-Jul",2019,2019-07-03,32,100,258,0.387596899224806,111.721293600644
"Common Tern","Jun-Jul",2019,2019-07-08,37,110,265,0.415094339622642,113.262946106971
"Common Tern","Jun-Jul",2019,2019-07-08,37,104,270,0.385185185185185,101.153805812144
"Common Tern","Jun-Jul",2019,2019-07-08,37,127,263,0.482889733840304,133.822268721142
"Common Tern","Jun-Jul",2019,2019-07-08,37,115,265,0.433962264150943,118.411261839106
"Common Tern","Jun-Jul",2019,2019-07-08,37,109,258,0.422480620155039,121.776210024702
"Common Tern","Jun-Jul",2019,2019-07-08,37,124,270,0.459259259259259,120.606460776018
"Common Tern","Jun-Jul",2019,2019-07-08,37,129,269,0.479553903345725,126.89689274914
"Common Tern","Jun-Jul",2019,2019-07-08,37,112,264,0.424242424242424,116.659052045388
"Common Tern","Jun-Jul",2019,2019-07-08,37,112,260,0.430769230769231,122.216785880161
"Common Tern","Jun-Jul",2019,2019-07-08,37,108,269,0.401486988847584,106.239259045792
"Common Tern","Jun-Jul",2019,2019-07-08,37,107,272,0.393382352941176,101.756517207682
"Common Tern","Jun-Jul",2019,2019-07-15,44,115,267,0.430711610486891,115.728126133241
"Common Tern","Jun-Jul",2019,2019-07-15,44,104,268,0.388059701492537,103.472585774203
"Common Tern","Jun-Jul",2019,2019-07-15,44,111,260,0.426923076923077,121.125564577659
"Common Tern","Jun-Jul",2019,2019-07-15,44,119,274,0.434306569343066,110.66914763648
"Common Tern","Jun-Jul",2019,2019-07-15,44,108,262,0.412213740458015,115.130876182936
"Common Tern","Jun-Jul",2019,2019-07-15,44,104,269,0.386617100371747,102.304471673726
"Common Tern","Jun-Jul",2019,2019-07-15,44,122,261,0.467432950191571,131.580204902373
"Common Tern","Jun-Jul",2019,2019-07-15,44,106,262,0.404580152671756,112.998822920289
"Common Tern","Jun-Jul",2019,2019-07-15,44,108,271,0.398523985239852,103.867197626109
"Common Tern","Jun-Jul",2019,2019-07-15,44,108,267,0.404494382022472,108.683805412087
"Common Tern","Jun-Jul",2019,2019-07-15,44,127,269,0.472118959107807,124.929499063107
"Common Tern","Jun-Jul",2019,2019-07-15,44,107,269,0.397769516728625,105.255562202775
"Common Tern","Jun-Jul",2019,2019-07-15,44,116,273,0.424908424908425,109.088290861466
"Common Tern","Jun-Jul",2019,2019-07-15,44,121,268,0.451492537313433,120.386373833448
"Common Tern","Jun-Jul",2019,2019-07-15,44,105,265,0.39622641509434,108.114630374836
"Common Tern","Jun-Jul",2019,2019-07-15,44,112,262,0.427480916030534,119.39498270823
"Common Tern","Jun-Jul",2019,2019-07-15,44,101,264,0.382575757575758,105.201466576645
"Common Tern","Jun-Jul",2019,2019-07-15,44,101,270,0.374074074074074,98.2359075675629
"Common Tern","Jun-Jul",2019,2019-07-15,44,119,266,0.447368421052632,121.131119440541
"Common Tern","Jun-Jul",2019,2019-07-15,44,119,274,0.434306569343066,110.66914763648
"Common Tern","Jun-Jul",2019,2019-07-15,44,115,257,0.447470817120623,130.009507491208
"Common Tern","Jun-Jul",2019,2019-07-15,44,113,263,0.429657794676806,119.070207602276
"Common Tern","Jun-Jul",2019,2019-07-16,45,125,265,0.471698113207547,128.707893303376
"Common Tern","Jun-Jul",2019,2019-07-16,45,106,280,0.378571428571429,92.2801059846346
"Common Tern","Jun-Jul",2019,2019-07-16,45,130,266,0.488721804511278,132.32811367454
"Common Tern","Jun-Jul",2019,2019-07-16,45,114,267,0.426966292134831,114.721794601647
"Common Tern","Jun-Jul",2019,2019-07-16,45,126,273,0.461538461538462,118.492453866765
"Common Tern","Jun-Jul",2019,2019-07-16,45,120,268,0.447761194029851,119.391445124081
"Common Tern","Jun-Jul",2019,2019-07-21,50,104,264,0.393939393939394,108.326262613575
"Common Tern","Jun-Jul",2019,2019-07-21,50,126,276,0.456521739130435,114.609820883483
"Common Tern","Jun-Jul",2019,2019-07-21,50,101,253,0.399209486166008,119.774932480181
"Common Tern","Jun-Jul",2019,2019-07-21,50,102,263,0.387832699619772,107.479302437453
"Common Tern","Jun-Jul",2019,2019-07-21,50,115,263,0.437262357414449,121.177644904971
"Common Tern","Jun-Jul",2019,2019-07-21,50,124,285,0.435087719298246,102.280220609436
"Common Tern","Jun-Jul",2019,2019-07-21,50,103,268,0.384328358208955,102.477657064836
"Common Tern","Jun-Jul",2019,2019-07-21,50,115,262,0.438931297709924,122.593062602201
"Common Tern","Jun-Jul",2019,2019-07-21,50,115,269,0.427509293680297,113.125136946908
"Common Tern","Jun-Jul",2019,2019-07-21,50,111,274,0.405109489051095,103.22920493823
"Common Tern","Jun-Jul",2019,2019-07-21,50,107,278,0.384892086330935,95.2086200383439
"Common Tern","Jun-Jul",2019,2019-07-21,50,109,268,0.406716417910448,108.44722932104
"Common Tern","Jun-Jul",2020,2020-06-25,24,135,270,0.5,131.305421006148
"Common Tern","Jun-Jul",2020,2020-06-25,24,117,266,0.43984962406015,119.095302307086
"Common Tern","Jun-Jul",2020,2020-06-25,24,127,264,0.481060606060606,132.283032230039
"Common Tern","Jun-Jul",2020,2020-06-25,24,103,268,0.384328358208955,102.477657064836
"Common Tern","Jun-Jul",2020,2020-06-25,24,105,260,0.403846153846154,114.578236762651
"Common Tern","Jun-Jul",2020,2020-06-25,24,113,269,0.420074349442379,111.157743260875
"Common Tern","Jun-Jul",2020,2020-06-25,24,113,268,0.421641791044776,112.426944158509
"Common Tern","Jun-Jul",2020,2020-06-25,24,122,262,0.465648854961832,130.055249021465
"Common Tern","Jun-Jul",2020,2020-06-25,24,111,282,0.393617021276596,94.5589131266636
"Common Tern","Jun-Jul",2020,2020-06-25,24,108,255,0.423529411764706,125.038556605618
"Common Tern","Jun-Jul",2020,2020-06-25,24,122,253,0.482213438735178,144.678631312694
"Common Tern","Jun-Jul",2020,2020-06-25,24,111,273,0.406593406593407,104.386209358816
"Common Tern","Jun-Jul",2020,2020-06-25,24,105,274,0.383211678832117,97.6492479145415
"Common Tern","Jun-Jul",2020,2020-06-25,24,117,278,0.420863309352518,104.106621911086
"Common Tern","Jun-Jul",2020,2020-06-25,24,119,267,0.445692883895131,119.753452259614
"Common Tern","Jun-Jul",2020,2020-06-25,24,110,262,0.419847328244275,117.262929445583
"Common Tern","Jun-Jul",2020,2020-06-25,24,107,275,0.389090909090909,98.4102807594172
"Common Tern","Jun-Jul",2020,2020-06-25,24,109,270,0.403703703703704,106.016969553112
"Common Tern","Jun-Jul",2020,2020-06-25,24,106,263,0.403041825095057,111.694177042843
"Common Tern","Jun-Jul",2020,2020-06-25,24,116,252,0.46031746031746,139.234120456788
"Common Tern","Jun-Jul",2020,2020-06-25,24,103,276,0.373188405797101,93.6889805634818
"Common Tern","Jun-Jul",2020,2020-06-25,24,115,268,0.42910447761194,114.416801577244
"Common Tern","Jun-Jul",2020,2020-06-25,24,93,259,0.359073359073359,102.682746465687
"Common Tern","Jun-Jul",2020,2020-06-25,24,135,271,0.498154981549816,129.833997032637
"Common Tern","Jun-Jul",2020,2020-06-25,24,107,265,0.40377358490566,110.17395666769
"Common Tern","Jun-Jul",2020,2020-06-25,24,119,263,0.452471482889734,125.392519510362
"Common Tern","Jun-Jul",2020,2020-06-25,24,106,269,0.394052044609665,104.271865359759
"Common Tern","Jun-Jul",2020,2020-06-25,24,113,263,0.429657794676806,119.070207602276
"Common Tern","Jun-Jul",2020,2020-06-25,24,118,277,0.425992779783394,106.156177259994
"Common Tern","Jun-Jul",2020,2020-06-25,24,131,274,0.478102189781022,121.829061683857
"Common Tern","Jun-Jul",2020,2020-06-25,24,104,255,0.407843137254902,120.407498953558
"Common Tern","Jun-Jul",2020,2020-06-25,24,125,264,0.473484848484849,130.199834872085
"Common Tern","Jun-Jul",2020,2020-06-25,24,124,272,0.455882352941176,117.923440502361
"Common Tern","Jun-Jul",2020,2020-06-25,24,120,268,0.447761194029851,119.391445124081
"Common Tern","Jun-Jul",2020,2020-06-25,24,107,265,0.40377358490566,110.17395666769
"Common Tern","Jun-Jul",2020,2020-06-25,24,119,267,0.445692883895131,119.753452259614
"Common Tern","Jun-Jul",2020,2020-06-25,24,107,256,0.41796875,122.411554095678
"Common Tern","Jun-Jul",2020,2020-06-25,24,114,267,0.426966292134831,114.721794601647
"Common Tern","Jun-Jul",2020,2020-06-25,24,112,266,0.421052631578947,114.00575947345
"Common Tern","Jun-Jul",2020,2020-06-25,24,110,267,0.411985018726592,110.696468475274
"Common Tern","Jun-Jul",2020,2020-06-25,24,106,260,0.407692307692308,115.669458065152
"Common Tern","Jun-Jul",2020,2020-06-25,24,111,277,0.40072202166065,99.8587769140622
"Common Tern","Jun-Jul",2020,2020-06-25,24,126,266,0.473684210526316,128.256479407631
"Common Tern","Jun-Jul",2020,2020-06-25,24,123,266,0.462406015037594,125.20275370745
"Common Tern","Jun-Jul",2020,2020-06-25,24,121,268,0.451492537313433,120.386373833448
"Common Tern","Jun-Jul",2020,2020-06-25,24,117,260,0.45,127.672892392668
"Common Tern","Jun-Jul",2020,2020-06-25,24,131,272,0.481617647058824,124.580408917817
"Common Tern","Jun-Jul",2020,2020-06-25,24,110,272,0.404411764705882,104.609503671449
"Common Tern","Jun-Jul",2020,2020-06-25,24,109,271,0.402214022140221,104.828930937462
"Common Tern","Jun-Jul",2020,2020-06-25,24,112,273,0.41025641025641,105.326625659346
"Common Tern","Jun-Jul",2020,2020-06-25,24,120,259,0.463320463320463,132.493866407338
"Common Tern","Jun-Jul",2020,2020-06-25,24,111,268,0.414179104477612,110.437086739774
"Common Tern","Jun-Jul",2020,2020-06-25,24,117,268,0.436567164179104,116.406658995978
"Common Tern","Jun-Jul",2020,2020-06-25,24,108,259,0.416988416988417,119.244479766604
"Common Tern","Jun-Jul",2020,2020-06-25,24,121,263,0.460076045627376,127.499956813057
"Common Tern","Jun-Jul",2020,2020-06-25,24,108,268,0.402985074626866,107.452300611672
"Common Tern","Jun-Jul",2020,2020-06-25,24,117,283,0.413427561837456,98.6004784775422
"Common Tern","Jun-Jul",2020,2020-06-25,24,107,268,0.399253731343284,106.457371902305
"Common Tern","Jun-Jul",2020,2020-06-25,24,126,271,0.464944649446494,121.178397230461
"Common Tern","Jun-Jul",2020,2020-06-25,24,117,273,0.428571428571429,110.028707161996
"Common Tern","Jun-Jul",2020,2020-06-25,24,114,266,0.428571428571429,116.041576606905
"Common Tern","Jun-Jul",2020,2020-06-25,24,118,279,0.422939068100358,103.853433555022
"Common Tern","Jun-Jul",2020,2020-06-25,24,104,253,0.411067193675889,123.332603741969
"Common Tern","Jun-Jul",2020,2020-06-25,24,110,269,0.408921933085502,108.206652731825
"Common Tern","Jun-Jul",2020,2020-06-25,24,100,267,0.374531835205993,100.63315315934
"Common Tern","Jun-Jul",2020,2020-06-25,24,111,267,0.415730337078652,111.702800006867
"Common Tern","Jun-Jul",2020,2020-06-25,24,114,286,0.398601398601399,93.0331516295006
"Common Tern","Jun-Jul",2020,2020-06-25,24,104,271,0.383763837638376,100.020264380698
"Common Tern","Jun-Jul",2020,2020-06-25,24,103,268,0.384328358208955,102.477657064836
"Common Tern","Jun-Jul",2020,2020-06-25,24,120,263,0.456273764258555,126.446238161709
"Common Tern","Jun-Jul",2020,2020-06-25,24,100,267,0.374531835205993,100.63315315934
"Common Tern","Jun-Jul",2020,2020-06-25,24,122,273,0.446886446886447,114.730788664645
"Common Tern","Jun-Jul",2020,2020-06-25,24,112,264,0.424242424242424,116.659052045388
"Common Tern","Jun-Jul",2020,2020-06-25,24,109,260,0.419230769230769,118.943121972657
"Common Tern","Jun-Jul",2020,2020-06-26,25,113,272,0.415441176470588,107.462490135216
"Common Tern","Jun-Jul",2020,2020-06-30,29,100,270,0.37037037037037,97.2632748193692
"Common Tern","Jun-Jul",2020,2020-06-30,29,118,262,0.450381679389313,125.791142496171
"Common Tern","Jun-Jul",2020,2020-06-30,29,117,274,0.427007299270073,108.809161961918
"Common Tern","Jun-Jul",2020,2020-06-30,29,121,267,0.453183520599251,121.766115322801
"Common Tern","Jun-Jul",2020,2020-06-30,29,112,270,0.414814814814815,108.934867797694
"Common Tern","Jun-Jul",2020,2020-06-30,29,109,272,0.400735294117647,103.658508183527
"Common Tern","Jun-Jul",2020,2020-06-30,29,108,263,0.4106463878327,113.801614345538
"Common Tern","Jun-Jul",2020,2020-06-30,29,112,270,0.414814814814815,108.934867797694
"Common Tern","Jun-Jul",2020,2020-06-30,29,104,273,0.380952380952381,97.8032952551072
"Common Tern","Jun-Jul",2020,2020-06-30,29,110,276,0.398550724637681,100.056192834786
"Common Tern","Jun-Jul",2020,2020-06-30,29,114,269,0.423791821561338,112.141440103892
"Common Tern","Jun-Jul",2020,2020-06-30,29,128,276,0.463768115942029,116.42902438957
"Common Tern","Jun-Jul",2020,2020-06-30,29,118,267,0.441947565543071,118.747120728021
"Common Tern","Jun-Jul",2020,2020-06-30,29,122,274,0.445255474452555,113.459126148324
"Common Tern","Jun-Jul",2020,2020-06-30,29,111,268,0.414179104477612,110.437086739774
"Common Tern","Jun-Jul",2020,2020-06-30,29,109,275,0.396363636363636,100.249725259593
"Common Tern","Jun-Jul",2020,2020-06-30,29,112,276,0.405797101449275,101.875396340873
"Common Tern","Jun-Jul",2020,2020-06-30,29,114,268,0.425373134328358,113.421872867876
"Common Tern","Jun-Jul",2020,2020-06-30,29,107,265,0.40377358490566,110.17395666769
"Common Tern","Jun-Jul",2020,2020-06-30,29,107,268,0.399253731343284,106.457371902305
"Common Tern","Jun-Jul",2020,2020-06-30,29,102,262,0.389312977099237,108.734716394995
"Common Tern","Jun-Jul",2020,2020-06-30,29,105,261,0.402298850574713,113.245258317616
"Common Tern","Jun-Jul",2020,2020-06-30,29,101,267,0.378277153558052,101.639484690933
"Common Tern","Jun-Jul",2020,2020-06-30,29,120,253,0.474308300395257,142.306850471503
"Common Tern","Jun-Jul",2020,2020-06-30,29,114,272,0.419117647058824,108.413485623138
"Common Tern","Jun-Jul",2020,2020-06-30,29,109,276,0.394927536231884,99.1465910817429
"Common Tern","Jun-Jul",2020,2020-06-30,29,108,261,0.413793103448276,116.480837126691
"Common Tern","Jun-Jul",2020,2020-06-30,29,95,263,0.361216730038023,100.10327187802
"Common Tern","Jun-Jul",2020,2020-07-01,30,97,269,0.360594795539033,95.4185937726095
"Common Tern","Jun-Jul",2020,2020-07-01,30,109,259,0.420849420849421,120.348595319998
"Common Tern","Jun-Jul",2020,2020-07-01,30,111,262,0.423664122137405,118.328956076907
"Common Tern","Jun-Jul",2020,2020-07-01,30,105,258,0.406976744186047,117.307358280676
"Common Tern","Jun-Jul",2020,2020-07-01,30,110,262,0.419847328244275,117.262929445583
"Common Tern","Jun-Jul",2020,2020-07-01,30,110,265,0.415094339622642,113.262946106971
"Common Tern","Jun-Jul",2020,2020-07-01,30,103,267,0.385767790262172,103.65214775412
"Common Tern","Jun-Jul",2020,2020-07-01,30,108,271,0.398523985239852,103.867197626109
"Common Tern","Jun-Jul",2020,2020-07-01,30,102,257,0.396887159533074,115.312780557419
"Common Tern","Jun-Jul",2020,2020-07-01,30,112,268,0.417910447761194,111.432015449142
"Common Tern","Jun-Jul",2020,2020-07-06,35,122,271,0.450184501845018,117.331463985049
"Common Tern","Jun-Jul",2020,2020-07-06,35,126,273,0.461538461538462,118.492453866765
"Common Tern","Jun-Jul",2020,2020-07-06,35,111,268,0.414179104477612,110.437086739774
"Common Tern","Jun-Jul",2020,2020-07-06,35,113,278,0.406474820143885,100.547421161989
"Common Tern","Jun-Jul",2020,2020-07-06,35,120,272,0.441176470588235,114.119458550672
"Common Tern","Jun-Jul",2020,2020-07-06,35,132,265,0.49811320754717,135.915535328365
"Common Tern","Jun-Jul",2020,2020-07-06,35,118,283,0.416961130742049,99.4432176098289
"Common Tern","Jun-Jul",2020,2020-07-06,35,125,270,0.462962962962963,121.579093524212
"Common Tern","Jun-Jul",2020,2020-07-06,35,117,272,0.430147058823529,111.266472086905
"Common Tern","Jun-Jul",2020,2020-07-06,35,135,273,0.494505494505495,126.956200571533
"Common Tern","Jun-Jul",2020,2020-07-06,35,121,265,0.456603773584906,124.589240717668
"Common Tern","Jun-Jul",2020,2020-07-06,35,109,271,0.402214022140221,104.828930937462
"Common Tern","Jun-Jul",2020,2020-07-06,35,129,277,0.465703971119134,116.052092089316
"Common Tern","Jun-Jul",2020,2020-07-06,35,122,277,0.44043321299639,109.754691743384
"Common Tern","Jun-Jul",2020,2020-07-06,35,115,280,0.410714285714286,100.115209322953
"Common Tern","Jun-Jul",2020,2020-07-06,35,128,284,0.450704225352113,106.716931304461
"Common Tern","Jun-Jul",2020,2020-07-06,35,113,268,0.421641791044776,112.426944158509
"Common Tern","Jun-Jul",2020,2020-07-06,35,114,266,0.428571428571429,116.041576606905
"Common Tern","Jun-Jul",2020,2020-07-06,35,113,264,0.428030303030303,117.700650724365
"Common Tern","Jun-Jul",2020,2020-07-06,35,110,249,0.441767068273092,136.941632544458
"Common Tern","Jun-Jul",2020,2020-07-06,35,106,267,0.397003745318352,106.6711423489
"Common Tern","Jun-Jul",2020,2020-07-06,35,125,280,0.446428571428571,108.820879698862
"Common Tern","Jun-Jul",2020,2020-07-06,35,114,269,0.423791821561338,112.141440103892
"Common Tern","Jun-Jul",2020,2020-07-06,35,113,261,0.432950191570881,121.873468475149
"Common Tern","Jun-Jul",2020,2020-07-06,35,107,260,0.411538461538462,116.760679367654
"Common Tern","Jun-Jul",2020,2020-07-06,35,102,263,0.387832699619772,107.479302437453
"Common Tern","Jun-Jul",2020,2020-07-06,35,113,271,0.416974169741697,108.675864182874
"Common Tern","Jun-Jul",2020,2020-07-06,35,108,274,0.394160583941606,100.439226426386
"Common Tern","Jun-Jul",2020,2020-07-06,35,123,284,0.433098591549296,102.54830117538
"Common Tern","Jun-Jul",2020,2020-07-06,35,108,268,0.402985074626866,107.452300611672
"Common Tern","Jun-Jul",2020,2020-07-06,35,125,273,0.457875457875458,117.552037566235
"Common Tern","Jun-Jul",2020,2020-07-06,35,115,262,0.438931297709924,122.593062602201
"Common Tern","Jun-Jul",2020,2020-07-06,35,106,275,0.385454545454545,97.4905585093292
"Common Tern","Jun-Jul",2020,2020-07-06,35,105,261,0.402298850574713,113.245258317616
"Common Tern","Jun-Jul",2020,2020-07-06,35,108,274,0.394160583941606,100.439226426386
"Common Tern","Jun-Jul",2020,2020-07-06,35,135,273,0.494505494505495,126.956200571533
"Common Tern","Jun-Jul",2020,2020-07-06,35,117,264,0.443181818181818,121.867045440272
"Common Tern","Jun-Jul",2020,2020-07-06,35,106,263,0.403041825095057,111.694177042843
"Common Tern","Jun-Jul",2020,2020-07-06,35,96,260,0.369230769230769,104.757245040138
"Common Tern","Jun-Jul",2020,2020-07-06,35,118,270,0.437037037037037,114.770664286856
"Common Tern","Jun-Jul",2020,2020-07-06,35,102,255,0.4,118.091970127528
"Common Tern","Jun-Jul",2020,2020-07-06,35,106,266,0.398496240601504,107.898308073087
"Common Tern","Jun-Jul",2020,2020-07-06,35,107,269,0.397769516728625,105.255562202775
"Common Tern","Jun-Jul",2020,2020-07-06,35,103,267,0.385767790262172,103.65214775412
"Common Tern","Jun-Jul",2020,2020-07-06,35,115,269,0.427509293680297,113.125136946908
"Common Tern","Jun-Jul",2020,2020-07-07,36,101,258,0.391472868217054,112.83850653665
"Common Tern","Jun-Jul",2020,2020-07-07,36,115,262,0.438931297709924,122.593062602201
"Common Tern","Jun-Jul",2020,2020-07-07,36,133,265,0.50188679245283,136.945198474792
"Common Tern","Jun-Jul",2020,2020-07-07,36,109,260,0.419230769230769,118.943121972657
"Common Tern","Jun-Jul",2020,2020-07-07,36,115,273,0.421245421245421,108.147874560936
"Common Tern","Jun-Jul",2020,2020-07-07,36,118,255,0.462745098039216,136.616200735768
"Common Tern","Jun-Jul",2020,2020-07-07,36,119,267,0.445692883895131,119.753452259614
"Common Tern","Jun-Jul",2020,2020-07-21,50,110,270,0.407407407407407,106.989602301306
"Common Tern","Jun-Jul",2020,2020-07-21,50,108,265,0.407547169811321,111.203619814117
"Common Tern","Jun-Jul",2020,2020-07-21,50,102,255,0.4,118.091970127528
"Common Tern","Jun-Jul",2020,2020-07-21,50,103,269,0.382899628252788,101.320774830709
"Common Tern","Jun-Jul",2020,2020-07-21,50,123,273,0.450549450549451,115.671204965175
"Common Tern","Jun-Jul",2020,2020-07-21,50,108,263,0.4106463878327,113.801614345538
"Common Tern","Jun-Jul",2020,2020-07-21,50,131,269,0.486988847583643,128.864286435174
"Common Tern","Jun-Jul",2020,2020-07-21,50,134,265,0.505660377358491,137.974861621219
"Common Tern","Jun-Jul",2020,2020-07-21,50,123,268,0.458955223880597,122.376231252183
"Common Tern","Jun-Jul",2020,2020-07-21,50,115,260,0.442307692307692,125.490449787665
"Common Tern","Jun-Jul",2020,2020-07-21,50,117,256,0.45703125,133.851886254152
"Common Tern","Jun-Jul",2020,2020-07-21,50,116,260,0.446153846153846,126.581671090167
"Common Tern","Jun-Jul",2020,2020-07-21,50,104,264,0.393939393939394,108.326262613575
"Common Tern","Jun-Jul",2020,2020-07-22,51,111,275,0.403636363636364,102.089169759769
"Common Tern","Jun-Jul",2020,2020-07-22,51,110,267,0.411985018726592,110.696468475274
"Common Tern","Jun-Jul",2020,2020-07-22,51,106,254,0.417322834645669,124.201826796483
"Common Tern","Jun-Jul",2020,2020-07-22,51,122,269,0.453531598513011,120.011014848024
"Common Tern","Jun-Jul",2020,2020-07-22,51,128,273,0.468864468864469,120.373286467824
"Common Tern","Jun-Jul",2020,2020-07-22,51,104,258,0.403100775193798,116.190145344669
"Common Tern","Jun-Jul",2020,2020-07-28,57,131,262,0.5,139.649488703376
"Common Tern","Jun-Jul",2020,2020-07-28,57,124,264,0.46969696969697,129.158236193109
"Common Tern","Jun-Jul",2020,2020-07-28,57,105,267,0.393258426966292,105.664810817307
"Common Tern","Jun-Jul",2020,2020-07-28,57,114,265,0.430188679245283,117.381598692679
"Common Tern","Jun-Jul",2020,2020-07-28,57,106,263,0.403041825095057,111.694177042843
"Common Tern","Jun-Jul",2020,2020-07-28,57,131,272,0.481617647058824,124.580408917817
"Common Tern","Jun-Jul",2020,2020-07-28,57,121,272,0.444852941176471,115.070454038594
"Common Tern","Jun-Jul",2020,2020-07-28,57,129,268,0.48134328358209,128.345803508387
"Common Tern","Jun-Jul",2020,2020-07-28,57,115,266,0.432330827067669,117.059485173632
"Common Tern","Jun-Jul",2020,2020-07-28,57,129,262,0.49236641221374,137.517435440729
"Common Tern","Jun-Jul",2020,2020-07-28,57,136,279,0.487455197132616,119.695482741381
"Common Tern","Jun-Jul",2020,2020-07-28,57,136,268,0.507462686567164,135.310304473958
"Common Tern","Jun-Jul",2020,2020-07-28,57,111,263,0.422053231939163,116.962770299581
"Common Tern","Jun-Jul",2020,2020-07-28,57,127,268,0.473880597014925,126.355946089652
"Common Tern","Jun-Jul",2020,2020-07-28,57,110,263,0.418250950570342,115.909051648234
"Common Tern","Jun-Jul",2020,2020-07-28,57,120,257,0.466926070038911,135.662094773435
"Common Tern","Jun-Jul",2020,2020-07-28,57,103,265,0.388679245283019,106.055304081982
"Common Tern","Jun-Jul",2020,2020-07-28,57,125,263,0.475285171102662,131.714831418447
"Common Tern","Jun-Jul",2020,2020-07-28,57,134,265,0.505660377358491,137.974861621219
"Common Tern","Jun-Jul",2020,2020-07-28,57,126,270,0.466666666666667,122.551726272405
"Common Tern","Jun-Jul",2021,2021-06-27,26,112,265,0.422641509433962,115.322272399825
"Common Tern","Jun-Jul",2021,2021-06-27,26,114,279,0.408602150537634,100.332978180275
"Common Tern","Jun-Jul",2021,2021-06-27,26,111,257,0.431906614785992,125.487437665427
"Common Tern","Jun-Jul",2021,2021-06-27,26,118,268,0.440298507462687,117.401587705346
"Common Tern","Jun-Jul",2021,2021-06-27,26,117,266,0.43984962406015,119.095302307086
"Common Tern","Jun-Jul",2021,2021-06-27,26,114,274,0.416058394160584,106.019183450074
"Common Tern","Jun-Jul",2021,2021-06-27,26,127,275,0.461818181818182,116.804725761177
"Common Tern","Jun-Jul",2021,2021-06-27,26,134,278,0.482014388489209,119.233225094748
"Common Tern","Jun-Jul",2021,2021-06-27,26,109,267,0.408239700374532,109.69013694368
"Common Tern","Jun-Jul",2021,2021-06-27,26,111,274,0.405109489051095,103.22920493823
"Common Tern","Jun-Jul",2021,2021-06-27,26,111,268,0.414179104477612,110.437086739774
"Common Tern","Jun-Jul",2021,2021-06-27,26,105,251,0.418326693227092,127.567768494172
"Common Tern","Jun-Jul",2021,2021-06-27,26,108,263,0.4106463878327,113.801614345538
"Common Tern","Jun-Jul",2021,2021-06-27,26,104,254,0.409448818897638,121.85839610221
"Common Tern","Jun-Jul",2021,2021-06-27,26,124,270,0.459259259259259,120.606460776018
"Common Tern","Jun-Jul",2021,2021-06-27,26,120,268,0.447761194029851,119.391445124081
"Common Tern","Jun-Jul",2021,2021-06-27,26,111,272,0.408088235294118,105.560499159371
"Common Tern","Jun-Jul",2021,2021-06-27,26,116,267,0.434456928838951,116.734457664834
"Common Tern","Jun-Jul",2021,2021-06-27,26,97,258,0.375968992248062,108.369654792624
"Common Tern","Jun-Jul",2021,2021-06-27,26,116,265,0.437735849056604,119.440924985533
"Common Tern","Jun-Jul",2021,2021-06-27,26,114,268,0.425373134328358,113.421872867876
"Common Tern","Jun-Jul",2021,2021-06-27,26,113,264,0.428030303030303,117.700650724365
"Common Tern","Jun-Jul",2021,2021-06-27,26,116,266,0.43609022556391,118.077393740359
"Common Tern","Jun-Jul",2021,2021-06-27,26,117,268,0.436567164179104,116.406658995978
"Common Tern","Jun-Jul",2021,2021-06-27,26,112,268,0.417910447761194,111.432015449142
"Common Tern","Jun-Jul",2021,2021-06-27,26,117,274,0.427007299270073,108.809161961918
"Common Tern","Jun-Jul",2021,2021-06-27,26,104,264,0.393939393939394,108.326262613575
"Common Tern","Jun-Jul",2021,2021-06-27,26,116,265,0.437735849056604,119.440924985533
"Common Tern","Jun-Jul",2021,2021-06-27,26,115,273,0.421245421245421,108.147874560936
"Common Tern","Jun-Jul",2021,2021-06-27,26,107,267,0.400749063670412,107.677473880493
"Common Tern","Jun-Jul",2021,2021-06-27,26,122,261,0.467432950191571,131.580204902373
"Common Tern","Jun-Jul",2021,2021-06-27,26,116,282,0.411347517730496,98.8183236278647
"Common Tern","Jun-Jul",2021,2021-06-27,26,108,253,0.426877470355731,128.076165424352
"Common Tern","Jun-Jul",2021,2021-06-27,26,119,265,0.449056603773585,122.529914424814
"Common Tern","Jun-Jul",2021,2021-06-27,26,112,263,0.425855513307985,118.016488950929
"Common Tern","Jun-Jul",2021,2021-06-27,26,129,275,0.469090909090909,118.644170261353
"Common Tern","Jun-Jul",2021,2021-06-27,26,134,268,0.5,133.320447055223
"Common Tern","Jun-Jul",2021,2021-06-27,26,118,270,0.437037037037037,114.770664286856
"Common Tern","Jun-Jul",2021,2021-06-27,26,118,262,0.450381679389313,125.791142496171
"Common Tern","Jun-Jul",2021,2021-06-27,26,107,273,0.391941391941392,100.624544156697
"Common Tern","Jun-Jul",2021,2021-06-27,26,117,265,0.441509433962264,120.47058813196
"Common Tern","Jun-Jul",2021,2021-06-27,26,123,273,0.450549450549451,115.671204965175
"Common Tern","Jun-Jul",2021,2021-06-27,26,108,257,0.420233463035019,122.095885296091
"Common Tern","Jun-Jul",2021,2021-06-27,26,113,265,0.426415094339623,116.351935546252
"Common Tern","Jun-Jul",2021,2021-07-01,30,111,274,0.405109489051095,103.22920493823
"Common Tern","Jun-Jul",2021,2021-07-01,30,118,258,0.457364341085271,131.83112644876
"Common Tern","Jun-Jul",2021,2021-07-01,30,115,266,0.432330827067669,117.059485173632
"Common Tern","Jun-Jul",2021,2021-07-01,30,113,264,0.428030303030303,117.700650724365
"Common Tern","Jun-Jul",2021,2021-07-01,30,114,268,0.425373134328358,113.421872867876
"Common Tern","Jun-Jul",2021,2021-07-01,30,105,264,0.397727272727273,109.367861292552
"Common Tern","Jun-Jul",2021,2021-07-01,30,107,265,0.40377358490566,110.17395666769
"Common Tern","Jun-Jul",2021,2021-07-01,30,107,265,0.40377358490566,110.17395666769
"Common Tern","Jun-Jul",2021,2021-07-01,30,112,253,0.442687747035573,132.819727106736
"Common Tern","Jun-Jul",2021,2021-07-20,49,107,267,0.400749063670412,107.677473880493
"Common Tern","Jun-Jul",2021,2021-07-20,49,109,265,0.411320754716981,112.233282960544
"Common Tern","Jun-Jul",2021,2021-07-20,49,106,262,0.404580152671756,112.998822920289
"Common Tern","Jun-Jul",2021,2021-07-20,49,109,277,0.393501805054152,98.0595196723674
"Common Tern","Jun-Jul",2021,2021-07-20,49,111,270,0.411111111111111,107.9622350495
"Common Tern","Jun-Jul",2022,2022-06-23,22,111,268,0.414179104477612,110.437086739774
"Common Tern","Jun-Jul",2022,2022-06-23,22,116,272,0.426470588235294,110.315476598983
"Common Tern","Jun-Jul",2022,2022-06-23,22,120,267,0.449438202247191,120.759783791208
"Common Tern","Jun-Jul",2022,2022-06-23,22,121,267,0.453183520599251,121.766115322801
"Common Tern","Jun-Jul",2022,2022-06-23,22,104,263,0.395437262357414,109.586739740148
"Common Tern","Jun-Jul",2022,2022-06-23,22,119,260,0.457692307692308,129.855334997671
"Common Tern","Jun-Jul",2022,2022-06-23,22,111,262,0.423664122137405,118.328956076907
"Common Tern","Jun-Jul",2022,2022-06-23,22,117,275,0.425454545454545,107.607503260297
"Common Tern","Jun-Jul",2022,2022-06-23,22,122,278,0.438848920863309,108.555622847457
"Common Tern","Jun-Jul",2022,2022-06-23,22,112,275,0.407272727272727,103.008892009857
"Common Tern","Jun-Jul",2022,2022-06-23,22,122,264,0.462121212121212,127.075038835155
"Common Tern","Jun-Jul",2022,2022-06-24,23,103,270,0.381481481481481,100.18117306395
"Common Tern","Jun-Jul",2022,2022-06-24,23,112,273,0.41025641025641,105.326625659346
"Common Tern","Jun-Jul",2022,2022-06-24,23,111,277,0.40072202166065,99.8587769140622
"Common Tern","Jun-Jul",2022,2022-06-24,23,120,264,0.454545454545455,124.991841477202
"Common Tern","Jun-Jul",2022,2022-06-24,23,107,266,0.402255639097744,108.916216639814
"Common Tern","Jun-Jul",2022,2022-06-24,23,109,269,0.405204460966543,107.222955888809
"Common Tern","Jun-Jul",2022,2022-06-24,23,122,275,0.443636363636364,112.206114510737
"Common Tern","Jun-Jul",2022,2022-06-24,23,110,258,0.426356589147287,122.893422960708
"Common Tern","Jun-Jul",2022,2022-06-24,23,114,261,0.436781609195402,122.95199474484
"Common Tern","Jun-Jul",2022,2022-06-24,23,104,266,0.390977443609023,105.862490939632
"Common Tern","Jun-Jul",2022,2022-06-24,23,105,268,0.391791044776119,104.46751448357
"Common Tern","Jun-Jul",2022,2022-06-24,23,114,267,0.426966292134831,114.721794601647
"Common Tern","Jun-Jul",2022,2022-06-30,29,105,270,0.388888888888889,102.126438560338
"Common Tern","Jun-Jul",2022,2022-06-30,29,122,267,0.456928838951311,122.772446854394
"Common Tern","Jun-Jul",2022,2022-06-30,29,119,268,0.444029850746269,118.396516414713
"Common Tern","Jun-Jul",2022,2022-06-30,29,112,260,0.430769230769231,122.216785880161
"Common Tern","Jun-Jul",2022,2022-06-30,29,122,272,0.448529411764706,116.021449526516
"Common Tern","Jun-Jul",2022,2022-06-30,29,126,266,0.473684210526316,128.256479407631
"Common Tern","Jun-Jul",2022,2022-06-30,29,120,282,0.425531914893617,102.225852028826
"Common Tern","Jun-Jul",2022,2022-06-30,29,113,279,0.405017921146953,99.4528643365886
"Common Tern","Jun-Jul",2022,2022-06-30,29,114,275,0.414545454545455,104.848336510033
"Common Tern","Jun-Jul",2022,2022-06-30,29,101,267,0.378277153558052,101.639484690933
"Common Tern","Jun-Jul",2022,2022-06-30,29,104,267,0.389513108614232,104.658479285713
"Common Tern","Jun-Jul",2022,2022-06-30,29,110,263,0.418250950570342,115.909051648234
"Common Tern","Jun-Jul",2022,2022-06-30,29,102,258,0.395348837209302,113.955719472657
"Common Tern","Jun-Jul",2022,2022-06-30,29,112,263,0.425855513307985,118.016488950929
"Common Tern","Jun-Jul",2022,2022-06-30,29,107,265,0.40377358490566,110.17395666769
"Common Tern","Jun-Jul",2022,2022-07-01,30,109,266,0.409774436090226,110.952033773268
"Common Tern","Jun-Jul",2022,2022-07-01,30,104,264,0.393939393939394,108.326262613575
"Common Tern","Jun-Jul",2022,2022-07-01,30,117,283,0.413427561837456,98.6004784775422
"Common Tern","Jun-Jul",2022,2022-07-01,30,109,272,0.400735294117647,103.658508183527
"Common Tern","Jun-Jul",2022,2022-07-01,30,107,265,0.40377358490566,110.17395666769
"Common Tern","Jun-Jul",2022,2022-07-01,30,117,263,0.444866920152091,123.285082207667
"Common Tern","Jun-Jul",2022,2022-07-01,30,125,267,0.468164794007491,125.791441449175
"Common Tern","Jun-Jul",2022,2022-07-01,30,123,265,0.464150943396226,126.648567010522
"Common Tern","Jun-Jul",2022,2022-07-01,30,109,276,0.394927536231884,99.1465910817429
"Common Tern","Jun-Jul",2022,2022-07-10,39,97,254,0.381889763779528,113.656388672253
"Common Tern","Jun-Jul",2022,2022-07-11,40,111,276,0.402173913043478,100.96579458783
"Common Tern","Jun-Jul",2022,2022-07-11,40,109,266,0.409774436090226,110.952033773268
"Common Tern","Jun-Jul",2022,2022-07-11,40,117,264,0.443181818181818,121.867045440272
"Common Tern","Jun-Jul",2022,2022-07-11,40,124,266,0.466165413533835,126.220662274177
"Common Tern","Jun-Jul",2022,2022-07-11,40,106,272,0.389705882352941,100.80552171976
"Common Tern","Jun-Jul",2022,2022-07-11,40,117,265,0.441509433962264,120.47058813196
"Common Tern","Jun-Jul",2022,2022-07-11,40,118,262,0.450381679389313,125.791142496171
"Common Tern","Jun-Jul",2022,2022-07-11,40,113,279,0.405017921146953,99.4528643365886
"Common Tern","Jun-Jul",2022,2022-07-11,40,116,267,0.434456928838951,116.734457664834
"Common Tern","Jun-Jul",2022,2022-07-11,40,103,262,0.393129770992366,109.800743026319
"Common Tern","Jun-Jul",2022,2022-07-11,40,110,257,0.428015564202335,124.356920208982
"Common Tern","Jun-Jul",2022,2022-07-11,40,101,268,0.376865671641791,100.487799646101
"Common Tern","Jun-Jul",2022,2022-07-18,47,114,266,0.428571428571429,116.041576606905
"Common Tern","Jun-Jul",2022,2022-07-18,47,127,273,0.465201465201465,119.432870167294
"Common Tern","Jun-Jul",2022,2022-07-18,47,121,276,0.438405797101449,110.061812118265
"Common Tern","Jun-Jul",2022,2022-07-18,47,119,277,0.429602888086643,107.055805880841
"Common Tern","Jun-Jul",2022,2022-07-18,47,124,268,0.462686567164179,123.37115996155
"Common Tern","Jun-Jul",2022,2022-07-18,47,120,266,0.451127819548872,122.149028007268
"Common Tern","Jun-Jul",2022,2022-07-18,47,119,254,0.468503937007874,139.434126309259
"Common Tern","Jun-Jul",2022,2022-07-18,47,116,270,0.42962962962963,112.825398790468
"Common Tern","Jun-Jul",2022,2022-07-18,47,134,262,0.511450381679389,142.847568597347
"Common Tern","Jun-Jul",2022,2022-07-18,47,119,273,0.435897435897436,111.909539763055
"Common Tern","Jun-Jul",2022,2022-07-18,47,119,269,0.442379182156134,117.059924318975
"Common Tern","Jun-Jul",2022,2022-07-18,47,113,276,0.409420289855072,102.784998093917
"Common Tern","Jun-Jul",2022,2022-07-18,47,103,272,0.378676470588235,97.9525352559932
"Common Tern","Jun-Jul",2022,2022-07-19,48,119,277,0.429602888086643,107.055805880841
"Common Tern","Jun-Jul",2022,2022-07-28,57,153,274,0.558394160583942,142.288904104046
"Common Tern","Jun-Jul",2022,2022-07-29,58,112,268,0.417910447761194,111.432015449142
"Common Tern","Jun-Jul",2022,2022-07-29,58,106,264,0.401515151515151,110.409459971528
"Common Tern","Jun-Jul",2022,2022-07-29,58,107,262,0.408396946564886,114.064849551613
"Common Tern","Jun-Jul",2022,2022-07-29,58,114,266,0.428571428571429,116.041576606905
"Common Tern","Jun-Jul",2022,2022-07-29,58,112,270,0.414814814814815,108.934867797694
"Common Tern","Jun-Jul",2022,2022-07-29,58,118,267,0.441947565543071,118.747120728021
"Common Tern","Jun-Jul",2022,2022-07-29,58,121,272,0.444852941176471,115.070454038594
"Common Tern","Jun-Jul",2022,2022-07-29,58,111,274,0.405109489051095,103.22920493823
"Common Tern","Jun-Jul",2022,2022-07-29,58,127,275,0.461818181818182,116.804725761177
"Common Tern","Jun-Jul",2022,2022-07-29,58,108,264,0.409090909090909,112.492657329482
"Common Tern","Jun-Jul",2022,2022-07-29,58,106,266,0.398496240601504,107.898308073087
"Common Tern","Jun-Jul",2023,2023-06-29,28,126,281,0.448398576512456,108.505816175482
"Common Tern","Jun-Jul",2023,2023-06-29,28,127,276,0.460144927536232,115.519422636526
"Common Tern","Jun-Jul",2023,2023-06-29,28,123,270,0.455555555555556,119.633828027824
"Common Tern","Jun-Jul",2023,2023-06-29,28,102,264,0.386363636363636,106.243065255622
"Common Tern","Jun-Jul",2023,2023-07-30,59,115,270,0.425925925925926,111.852766042275
"Common Tern","Jun-Jul",2023,2023-07-30,59,114,274,0.416058394160584,106.019183450074
"Common Tern","Jun-Jul",2023,2023-07-30,59,115,275,0.418181818181818,105.768058760121
"Common Tern","Jun-Jul",2023,2023-07-30,59,110,265,0.415094339622642,113.262946106971
"Common Tern","Jun-Jul",2023,2023-07-30,59,124,265,0.467924528301887,127.678230156949
"Common Tern","Jun-Jul",2023,2023-07-30,59,110,260,0.423076923076923,120.034343275158
"Common Tern","Jun-Jul",2023,2023-07-30,59,128,267,0.47940074906367,128.810436043955
"Common Tern","Jun-Jul",2023,2023-07-30,59,126,272,0.463235294117647,119.825431478205
"Common Tern","Jun-Jul",2023,2023-07-30,59,114,258,0.441860465116279,127.362274704734
"Common Tern","Jun-Jul",2023,2023-07-30,59,107,258,0.414728682170543,119.541784152689
"Common Tern","Jun-Jul",2023,2023-07-30,59,110,268,0.41044776119403,109.442158030407
"Common Tern","Jun-Jul",2023,2023-07-30,59,114,265,0.430188679245283,117.381598692679
"Common Tern","Jun-Jul",2023,2023-07-30,59,128,257,0.498054474708171,144.706234424997
"Common Tern","Jun-Jul",2023,2023-07-30,59,112,264,0.424242424242424,116.659052045388
"Common Tern","Jun-Jul",2023,2023-07-30,59,109,264,0.412878787878788,113.534256008458
"Common Tern","Jun-Jul",2023,2023-07-30,59,115,265,0.433962264150943,118.411261839106
"Common Tern","Jun-Jul",2023,2023-07-30,59,109,260,0.419230769230769,118.943121972657
"Common Tern","Jun-Jul",2023,2023-07-30,59,114,263,0.433460076045627,120.123926253624
"Common Tern","Jun-Jul",2023,2023-07-30,59,106,252,0.420634920634921,127.231179038099
"Common Tern","Jun-Jul",2023,2023-07-30,59,109,264,0.412878787878788,113.534256008458
"Common Tern","Jun-Jul",2023,2023-07-30,59,111,266,0.417293233082707,112.987850906723
"Common Tern","Jun-Jul",2023,2023-07-30,59,118,266,0.443609022556391,120.113210873813
"Common Tern","Jun-Jul",2023,2023-07-30,59,130,265,0.490566037735849,133.856209035511
"Common Tern","Jun-Jul",2023,2023-07-30,59,118,256,0.4609375,134.99591947
"Common Tern","Jun-Jul",2023,2023-07-30,59,104,267,0.389513108614232,104.658479285713
"Common Tern","Jun-Jul",2023,2023-07-30,59,121,259,0.467181467181467,133.597981960732
"Common Tern","Jun-Jul",2023,2023-07-30,59,97,264,0.367424242424242,101.035071860738
"Common Tern","Jun-Jul",2023,2023-07-30,59,123,279,0.440860215053763,108.254002773455
"Common Tern","Jun-Jul",2023,2023-07-30,59,134,262,0.511450381679389,142.847568597347
"Common Tern","Jun-Jul",2023,2023-07-30,59,108,262,0.412213740458015,115.130876182936
"Common Tern","Jun-Jul",2023,2023-07-30,59,103,254,0.405511811023622,120.686680755073
"Common Tern","Jun-Jul",2023,2023-07-30,59,125,275,0.454545454545455,114.965281261001
"Common Tern","Jun-Jul",2023,2023-07-30,59,114,272,0.419117647058824,108.413485623138
"Common Tern","Jun-Jul",2023,2023-07-30,59,116,258,0.449612403100775,129.596700576747
"Common Tern","Jun-Jul",2023,2023-07-30,59,111,261,0.425287356321839,119.716415935765
"Common Tern","Jun-Jul",2023,2023-07-30,59,124,270,0.459259259259259,120.606460776018
"Common Tern","Jun-Jul",2023,2023-07-30,59,100,262,0.381679389312977,106.602663132348
"Common Tern","Jun-Jul",2023,2023-07-30,59,123,272,0.452205882352941,116.972445014438
"Common Tern","Jun-Jul",2023,2023-07-30,59,112,260,0.430769230769231,122.216785880161
"Common Tern","Jun-Jul",2023,2023-07-31,60,97,268,0.361940298507463,96.5080848086318
"Common Tern","Jun-Jul",2023,2023-07-31,60,129,277,0.465703971119134,116.052092089316
"Common Tern","Jun-Jul",2023,2023-07-31,60,112,262,0.427480916030534,119.39498270823
"Common Tern","Jun-Jul",2023,2023-07-31,60,132,270,0.488888888888889,128.387522761567
"Common Tern","Jun-Jul",2023,2023-07-31,60,114,262,0.435114503816794,121.527035970877
"Common Tern","Jun-Jul",2024,2024-07-04,33,103,262,0.393129770992366,109.800743026319
"Common Tern","Jun-Jul",2024,2024-07-04,33,105,265,0.39622641509434,108.114630374836
"Common Tern","Jun-Jul",2024,2024-07-04,33,108,266,0.406015037593985,109.934125206541
"Common Tern","Jun-Jul",2024,2024-07-04,33,117,260,0.45,127.672892392668
"Common Tern","Jun-Jul",2024,2024-07-04,33,120,264,0.454545454545455,124.991841477202
"Common Tern","Jun-Jul",2024,2024-07-04,33,123,272,0.452205882352941,116.972445014438
"Common Tern","Jun-Jul",2024,2024-07-04,33,117,270,0.433333333333333,113.798031538662
"Common Tern","Jun-Jul",2024,2024-07-04,33,114,270,0.422222222222222,110.880133294081
"Common Tern","Jun-Jul",2024,2024-07-04,33,107,265,0.40377358490566,110.17395666769
"Common Tern","Jun-Jul",2024,2024-07-04,33,104,260,0.4,113.487015460149
"Common Tern","Jun-Jul",2024,2024-07-05,34,113,260,0.434615384615385,123.308007182662
"Common Tern","Jun-Jul",2024,2024-07-05,34,107,272,0.393382352941176,101.756517207682
"Common Tern","Jun-Jul",2024,2024-07-05,34,116,263,0.44106463878327,122.231363556319
"Common Tern","Jun-Jul",2024,2024-07-05,34,106,255,0.415686274509804,122.723027779588
"Common Tern","Jun-Jul",2024,2024-07-05,34,114,269,0.423791821561338,112.141440103892
"Common Tern","Jun-Jul",2024,2024-07-05,34,122,267,0.456928838951311,122.772446854394
"Common Tern","Jun-Jul",2024,2024-07-05,34,94,258,0.364341085271318,105.018015984605
"Common Tern","Jun-Jul",2024,2024-07-05,34,110,259,0.424710424710425,121.452710873393
"Common Tern","Jun-Jul",2024,2024-07-05,34,114,270,0.422222222222222,110.880133294081
"Common Tern","Jun-Jul",2024,2024-07-05,34,107,259,0.413127413127413,118.140364213209
"Common Tern","Jun-Jul",2024,2024-07-05,34,115,270,0.425925925925926,111.852766042275
"Common Tern","Jun-Jul",2024,2024-07-05,34,104,266,0.390977443609023,105.862490939632
"Common Tern","Jun-Jul",2024,2024-07-15,44,113,275,0.410909090909091,103.928614259945
"Common Tern","Jun-Jul",2024,2024-07-15,44,108,262,0.412213740458015,115.130876182936
"Common Tern","Jun-Jul",2024,2024-07-15,44,112,258,0.434108527131783,125.127848832721
"Common Tern","Jun-Jul",2024,2024-07-15,44,141,279,0.505376344086022,124.096051959814
"Common Tern","Jun-Jul",2024,2024-07-15,44,117,266,0.43984962406015,119.095302307086
"Common Tern","Jun-Jul",2024,2024-07-15,44,121,268,0.451492537313433,120.386373833448
"Common Tern","Jun-Jul",2024,2024-07-15,44,126,280,0.45,109.691446736452
"Common Tern","Jun-Jul",2024,2024-07-15,44,112,258,0.434108527131783,125.127848832721
"Common Tern","Jun-Jul",2024,2024-07-15,44,114,265,0.430188679245283,117.381598692679
"Common Tern","Jun-Jul",2024,2024-07-15,44,119,267,0.445692883895131,119.753452259614
"Common Tern","Jun-Jul",2024,2024-07-15,44,106,265,0.4,109.144293521263
"Common Tern","Jun-Jul",2024,2024-07-15,44,138,276,0.5,125.525041920005
"Common Tern","Jun-Jul",2024,2024-07-15,44,129,267,0.48314606741573,129.816767575548
"Common Tern","Jun-Jul",2024,2024-07-15,44,118,270,0.437037037037037,114.770664286856
"Common Tern","Jun-Jul",2024,2024-07-15,44,111,278,0.399280575539568,98.7678207874408
"Common Tern","Jun-Jul",2024,2024-07-15,44,109,263,0.414448669201521,114.855332996886
"Common Tern","Jun-Jul",2024,2024-07-15,44,108,258,0.418604651162791,120.658997088695
"Common Tern","Jun-Jul",2024,2024-07-15,44,112,272,0.411764705882353,106.511494647294
"Common Tern","Jun-Jul",2024,2024-07-15,44,109,261,0.417624521072797,117.559363396382
"Common Tern","Jun-Jul",2024,2024-07-15,44,110,270,0.407407407407407,106.989602301306
"Common Tern","Jun-Jul",2024,2024-07-15,44,117,269,0.434944237918216,115.092530632941
"Common Tern","Jun-Jul",2024,2024-07-16,45,109,273,0.399267399267399,102.505376757757
"Common Tern","Jun-Jul",2026,2026-06-25,24,124,269,0.460966542750929,121.978408534058
"Common Tern","Jun-Jul",2026,2026-06-25,24,104,270,0.385185185185185,101.153805812144
"Common Tern","Jun-Jul",2026,2026-06-25,24,100,269,0.371747211895911,98.3696843016593
"Common Tern","Jun-Jul",2026,2026-06-25,24,120,269,0.446096654275093,118.043621161991
"Common Tern","Jun-Jul",2026,2026-06-25,24,114,266,0.428571428571429,116.041576606905
"Common Tern","Jun-Jul",2026,2026-06-25,24,117,263,0.444866920152091,123.285082207667
"Common Tern","Jun-Jul",2026,2026-06-25,24,115,278,0.413669064748201,102.327021536538
"Common Tern","Jun-Jul",2026,2026-06-25,24,115,280,0.410714285714286,100.115209322953
"Common Tern","Jun-Jul",2026,2026-06-25,24,121,270,0.448148148148148,117.688562531437
"Common Tern","Jun-Jul",2026,2026-06-25,24,124,278,0.446043165467626,110.335223222006
"Common Tern","Jun-Jul",2026,2026-06-25,24,116,270,0.42962962962963,112.825398790468
"Common Tern","Jun-Jul",2026,2026-06-25,24,133,261,0.509578544061303,143.44399386898
"Common Tern","Jun-Jul",2026,2026-06-25,24,103,272,0.378676470588235,97.9525352559932
"Common Tern","Jun-Jul",2026,2026-06-25,24,123,271,0.453874538745387,118.293197296402
"Common Tern","Jun-Jul",2026,2026-06-25,24,105,280,0.375,91.4095389470437
"Common Tern","Jun-Jul",2026,2026-06-25,24,104,259,0.401544401544402,114.828017553026
"Common Tern","Jun-Jul",2026,2026-06-25,24,123,265,0.464150943396226,126.648567010522
"Common Tern","Jun-Jul",2026,2026-06-25,24,125,274,0.456204379562044,116.249104660168
"Common Tern","Jun-Jul",2026,2026-06-25,24,117,264,0.443181818181818,121.867045440272
"Common Tern","Jun-Jul",2026,2026-06-25,24,126,268,0.470149253731343,125.361017380285
"Common Tern","Jun-Jul",2026,2026-06-25,24,108,263,0.4106463878327,113.801614345538
"Common Tern","Jun-Jul",2026,2026-06-25,24,126,276,0.456521739130435,114.609820883483
"Common Tern","Jun-Jul",2026,2026-06-25,24,121,260,0.465384615384615,132.037777602674
"Common Tern","Jun-Jul",2026,2026-06-25,24,133,277,0.48014440433213,119.650606572705
"Common Tern","Jun-Jul",2026,2026-06-25,24,104,273,0.380952380952381,97.8032952551072
"Common Tern","Jun-Jul",2026,2026-06-25,24,129,261,0.494252873563218,139.129888790214
"Common Tern","Jun-Jul",2026,2026-06-25,24,126,285,0.442105263157895,103.929901587008
"Common Tern","Jun-Jul",2026,2026-06-25,24,113,270,0.418518518518519,109.907500545887
"Common Tern","Jun-Jul",2026,2026-06-25,24,105,255,0.411764705882353,121.565263366573
"Common Tern","Jun-Jul",2026,2026-07-02,31,108,273,0.395604395604396,101.564960457227
"Common Tern","Jun-Jul",2026,2026-07-02,31,109,263,0.414448669201521,114.855332996886
"Common Tern","Jun-Jul",2026,2026-07-02,31,123,268,0.458955223880597,122.376231252183
"Common Tern","Jun-Jul",2026,2026-07-02,31,103,266,0.387218045112782,104.844582372905
"Common Tern","Jun-Jul",2026,2026-07-02,31,116,261,0.444444444444444,125.109047284223
"Common Tern","Jun-Jul",2026,2026-07-02,31,109,266,0.409774436090226,110.952033773268
"Common Tern","Jun-Jul",2026,2026-07-02,31,105,273,0.384615384615385,98.7437115556371
"Common Tern","Jun-Jul",2026,2026-07-03,32,118,255,0.462745098039216,136.616200735768
"Common Tern","Jun-Jul",2026,2026-07-03,32,108,269,0.401486988847584,106.239259045792
"Common Tern","Jun-Jul",2026,2026-07-03,32,98,270,0.362962962962963,95.3180093229818
"Common Tern","Jun-Jul",2026,2026-07-03,32,98,267,0.367041198501873,98.6204900961529
"Common Tern","Jun-Jul",2026,2026-07-03,32,106,262,0.404580152671756,112.998822920289
"Common Tern","Jun-Jul",2026,2026-07-03,32,109,269,0.405204460966543,107.222955888809
"Common Tern","Jun-Jul",2026,2026-07-03,32,110,272,0.404411764705882,104.609503671449
"Common Tern","Jun-Jul",2026,2026-07-03,32,116,268,0.432835820895522,115.411730286611
"Common Tern","Jun-Jul",2026,2026-07-09,38,110,263,0.418250950570342,115.909051648234
"Common Tern","Jun-Jul",2026,2026-07-09,38,119,269,0.442379182156134,117.059924318975
"Common Tern","Jun-Jul",2026,2026-07-09,38,122,276,0.442028985507246,110.971413871309
"Common Tern","Jun-Jul",2026,2026-07-09,38,116,265,0.437735849056604,119.440924985533
"Common Tern","Jun-Jul",2026,2026-07-09,38,127,262,0.484732824427481,135.385382178082
"Common Tern","Jun-Jul",2026,2026-07-09,38,119,261,0.455938697318008,128.344626093298
"Common Tern","Jun-Jul",2026,2026-07-09,38,129,277,0.465703971119134,116.052092089316
"Common Tern","Jun-Jul",2026,2026-07-09,38,138,282,0.48936170212766,117.559729833149
"Common Tern","Jun-Jul",2026,2026-07-09,38,111,260,0.426923076923077,121.125564577659
"Common Tern","Jun-Jul",2026,2026-07-09,38,108,264,0.409090909090909,112.492657329482
"Common Tern","Jun-Jul",2026,2026-07-09,38,109,268,0.406716417910448,108.44722932104
"Common Tern","Jun-Jul",2026,2026-07-09,38,120,263,0.456273764258555,126.446238161709
"Common Tern","Jun-Jul",2026,2026-07-09,38,130,272,0.477941176470588,123.629413429894
"Common Tern","Jun-Jul",2026,2026-07-09,38,98,278,0.352517985611511,87.2004183528757
"Common Tern","Jun-Jul",2026,2026-07-09,38,125,277,0.451263537906137,112.453577605926
"Common Tern","Jun-Jul",2026,2026-07-09,38,114,271,0.420664206642066,109.637597494227
"Common Tern","Jun-Jul",2026,2026-07-09,38,111,277,0.40072202166065,99.8587769140622
"Common Tern","Jun-Jul",2026,2026-07-09,38,123,275,0.447272727272727,113.125836760825
"Common Tern","Jun-Jul",2026,2026-07-09,38,111,257,0.431906614785992,125.487437665427
"Common Tern","Jun-Jul",2026,2026-07-09,38,117,270,0.433333333333333,113.798031538662
"Common Tern","Jun-Jul",2026,2026-07-09,38,102,271,0.376383763837638,98.0967977579921
"Common Tern","Jun-Jul",2026,2026-07-09,38,133,266,0.5,135.381839374722
"Common Tern","Jun-Jul",2026,2026-07-09,38,111,265,0.418867924528302,114.292609253398
"Common Tern","Jun-Jul",2026,2026-07-09,38,122,269,0.453531598513011,120.011014848024
"Common Tern","Jun-Jul",2026,2026-07-16,45,107,276,0.38768115942029,97.3273875756558
"Common Tern","Jun-Jul",2026,2026-07-16,45,120,271,0.44280442804428,115.407997362344
"Common Tern","Jun-Jul",2026,2026-07-16,45,124,274,0.452554744525547,115.319111822887
"Common Tern","Jun-Jul",2026,2026-07-16,45,124,267,0.464419475655431,124.785109917581
"Common Tern","Jun-Jul",2026,2026-07-16,45,107,268,0.399253731343284,106.457371902305
"Common Tern","Jun-Jul",2026,2026-07-16,45,106,270,0.392592592592593,103.099071308531
"Common Tern","Jun-Jul",2026,2026-07-16,45,118,258,0.457364341085271,131.83112644876
"Common Tern","Jun-Jul",2026,2026-07-16,45,130,282,0.460992907801418,110.744673031228
"Common Tern","Jun-Jul",2026,2026-07-16,45,124,263,0.47148288973384,130.6611127671
"Common Tern","Jun-Jul",2026,2026-07-16,45,107,270,0.396296296296296,104.071704056725
"Common Tern","Jun-Jul",2026,2026-07-30,59,111,265,0.418867924528302,114.292609253398
"Common Tern","Jun-Jul",2026,2026-07-30,59,102,259,0.393822393822394,112.619786446237
"Common Tern","Jun-Jul",2026,2026-07-30,59,115,267,0.430711610486891,115.728126133241
"Common Tern","Jun-Jul",2026,2026-07-30,59,120,255,0.470588235294118,138.931729561798
"Little Tern","Jun-Jul",2010,2010-07-01,30,48.7,170,0.286470588235294,50.8457931919689
"Little Tern","Jun-Jul",2010,2010-07-01,30,61.2,176,0.347727272727273,57.8304835732208
"Little Tern","Jun-Jul",2010,2010-07-01,30,43.2,175,0.246857142857143,41.495950254578
"Little Tern","Jun-Jul",2010,2010-07-01,30,50.3,180,0.279444444444444,44.5559620373185
"Little Tern","Jun-Jul",2010,2010-07-01,30,45.3,183,0.247540983606557,38.264117868058
"Little Tern","Jun-Jul",2010,2010-07-01,30,43.4,181,0.239779005524862,37.8362546441974
"Little Tern","Jun-Jul",2010,2010-07-01,30,44.7,167,0.267664670658683,49.1214009467054
"Little Tern","Jun-Jul",2010,2010-07-01,30,43,179,0.240223463687151,38.7047506881684
"Little Tern","Jun-Jul",2010,2010-07-01,30,53.5,176,0.303977272727273,50.5544259994659
"Little Tern","Jun-Jul",2010,2010-07-01,30,43.6,173,0.252023121387283,43.2876896329952
"Little Tern","Jun-Jul",2010,2010-07-01,30,45.7,176,0.259659090909091,43.1838741715064
"Little Tern","Jun-Jul",2010,2010-07-01,30,40.5,169,0.239644970414201,43.0080319631889
"Little Tern","Jun-Jul",2010,2010-07-01,30,45.4,172,0.263953488372093,45.8325587252981
"Little Tern","Jun-Jul",2010,2010-07-01,30,40,172,0.232558139534884,40.3811090090732
"Little Tern","Jun-Jul",2010,2010-07-01,30,44.1,181,0.243646408839779,38.446516815878
"Little Tern","Jun-Jul",2010,2010-07-01,30,42.5,170,0.25,44.372612128515
"Little Tern","Jun-Jul",2010,2010-07-01,30,37.8,167,0.226347305389222,41.5389028139925
"Little Tern","Jun-Jul",2010,2010-07-01,30,39.8,166,0.239759036144578,44.4987222495437
"Little Tern","Jun-Jul",2010,2010-07-01,30,43,177,0.242937853107345,39.9758412833432
"Little Tern","Jun-Jul",2010,2010-07-13,42,44.7,180,0.248333333333333,39.595457317458
"Little Tern","Jun-Jul",2010,2010-07-13,42,49.9,172,0.290116279069767,50.3754334888188
"Little Tern","Jun-Jul",2010,2010-07-13,42,55.5,178,0.311797752808989,50.7674980661177
"Little Tern","Jun-Jul",2010,2010-07-13,42,46.6,167,0.279041916167665,51.2093352151336
"Little Tern","Jun-Jul",2010,2010-07-13,42,43.7,174,0.251149425287356,42.6737445527792
"Little Tern","Jun-Jul",2010,2010-07-13,42,41.3,171,0.241520467836257,42.3985352479598
"Little Tern","Jun-Jul",2010,2010-07-13,42,49.1,171,0.287134502923977,50.4060067960006
"Little Tern","Jun-Jul",2010,2010-07-13,42,45.2,177,0.255367231638418,42.0211168838863
"Little Tern","Jun-Jul",2010,2010-07-13,42,42.2,176,0.239772727272727,39.8765752743451
"Little Tern","Jun-Jul",2010,2010-07-13,42,47.2,170,0.277647058823529,49.2797009991978
"Little Tern","Jun-Jul",2010,2010-07-13,42,44,177,0.248587570621469,40.9055120108628
"Little Tern","Jun-Jul",2010,2010-07-13,42,42.2,176,0.239772727272727,39.8765752743451
"Little Tern","Jun-Jul",2010,2010-07-14,43,46.9,173,0.271098265895954,46.5640514630155
"Little Tern","Jun-Jul",2010,2010-07-14,43,48.4,179,0.270391061452514,43.5653472862175
"Little Tern","Jun-Jul",2010,2010-07-14,43,45.8,170,0.269411764705882,47.8180149526114
"Little Tern","Jun-Jul",2010,2010-07-14,43,45.8,178,0.257303370786517,41.8946200257331
"Little Tern","Jun-Jul",2010,2010-07-14,43,42.5,175,0.242857142857143,40.8235621717492
"Little Tern","Jun-Jul",2010,2010-07-21,50,47.2,179,0.263687150837989,42.4852147088733
"Little Tern","Jun-Jul",2010,2010-07-21,50,42.6,176,0.242045454545455,40.2545522911635
"Little Tern","Jun-Jul",2010,2010-07-21,50,45.7,166,0.275301204819277,51.0952665026167
"Little Tern","Jun-Jul",2010,2010-07-21,50,46.4,176,0.263636363636364,43.8453339509386
"Little Tern","Jun-Jul",2010,2010-07-21,50,45.1,168,0.268452380952381,48.7173099578709
"Little Tern","Jun-Jul",2010,2010-07-21,50,41.8,171,0.244444444444444,42.9118347061675
"Little Tern","Jun-Jul",2010,2010-07-21,50,45.6,167,0.273053892215569,50.1104224422766
"Little Tern","Jun-Jul",2010,2010-07-21,50,43.5,176,0.247159090909091,41.105000579005
"Little Tern","Jun-Jul",2010,2010-07-21,50,43,167,0.25748502994012,47.2532492328486
"Little Tern","Jun-Jul",2010,2010-07-21,50,43.5,177,0.245762711864407,40.440676647103
"Little Tern","Jun-Jul",2010,2010-07-21,50,40.1,164,0.244512195121951,46.4245670279536
"Little Tern","Jun-Jul",2010,2010-07-21,50,42.9,168,0.255357142857143,46.3408558135845
"Little Tern","Jun-Jul",2010,2010-07-21,50,40.4,163,0.247852760736196,47.6018400025948
"Little Tern","Jun-Jul",2010,2010-07-21,50,41.8,172,0.243023255813953,42.1982589144815
"Little Tern","Jun-Jul",2010,2010-07-21,50,41.2,172,0.23953488372093,41.5925422793454
"Little Tern","Jun-Jul",2010,2010-07-21,50,45.4,172,0.263953488372093,45.8325587252981
"Little Tern","Jun-Jul",2010,2010-07-21,50,42.8,174,0.245977011494253,41.7948802484885
"Little Tern","Jun-Jul",2010,2010-07-22,51,38.5,168,0.229166666666667,41.5879475250118
"Little Tern","Jun-Jul",2010,2010-07-22,51,42.7,169,0.252662721893491,45.3442707364979
"Little Tern","Jun-Jul",2010,2010-07-22,51,49.5,177,0.279661016949153,46.0187010122207
"Little Tern","Jun-Jul",2010,2010-07-22,51,42.2,179,0.235754189944134,37.9846623032723
"Little Tern","Jun-Jul",2010,2010-07-22,51,37.9,171,0.221637426900585,38.9080989321471
"Little Tern","Jun-Jul",2010,2010-07-22,51,44.7,174,0.256896551724138,43.6502604464354
"Little Tern","Jun-Jul",2010,2010-07-22,51,43.3,175,0.247428571428571,41.5920056949821
"Little Tern","Jun-Jul",2010,2010-07-22,51,42.7,171,0.249707602339181,43.8357737309415
"Little Tern","Jun-Jul",2010,2010-07-22,51,43.3,171,0.253216374269006,44.4517330807908
"Little Tern","Jun-Jul",2010,2010-07-22,51,42.7,178,0.239887640449438,39.0589579715896
"Little Tern","Jun-Jul",2011,2011-06-06,5,46.9,181,0.259116022099448,40.8875655026004
"Little Tern","Jun-Jul",2011,2011-06-06,5,49.1,180,0.272777777777778,43.4929967402055
"Little Tern","Jun-Jul",2011,2011-06-20,19,40.4,173,0.233526011560694,40.1106114947938
"Little Tern","Jun-Jul",2011,2011-06-20,19,58.5,169,0.346153846153846,62.1227128357173
"Little Tern","Jun-Jul",2011,2011-06-20,19,44.2,175,0.252571428571429,42.4565046586192
"Little Tern","Jun-Jul",2011,2011-07-03,32,43.9,171,0.25672514619883,45.0676924306401
"Little Tern","Jun-Jul",2011,2011-07-03,32,49.3,179,0.275418994413408,44.3754467192257
"Little Tern","Jun-Jul",2011,2011-07-13,42,36.1,174,0.207471264367816,35.2522237609915
"Little Tern","Jun-Jul",2011,2011-07-13,42,40.7,170,0.239411764705882,42.4933014971897
"Little Tern","Jun-Jul",2011,2011-07-13,42,44.6,174,0.25632183908046,43.5526088570698
"Little Tern","Jun-Jul",2011,2011-07-21,50,40.6,167,0.24311377245509,44.6158585779919
"Little Tern","Jun-Jul",2011,2011-07-26,55,46.2,168,0.275,49.9055370300141
"Little Tern","Jun-Jul",2011,2011-07-26,55,48.2,178,0.270786516853933,44.0899712934571
"Little Tern","Jun-Jul",2011,2011-07-26,55,54.2,168,0.322619047619048,58.5471884637828
"Little Tern","Jun-Jul",2011,2011-07-26,55,41.5,173,0.239884393063584,41.2027321048005
"Little Tern","Jun-Jul",2011,2011-07-26,55,39,172,0.226744186046512,39.3715812838464
"Little Tern","Jun-Jul",2011,2011-07-26,55,42.2,173,0.24393063583815,41.8977179475321
"Little Tern","Jun-Jul",2011,2011-07-26,55,39.6,166,0.23855421686747,44.275110579948
"Little Tern","Jun-Jul",2011,2011-07-26,55,44.8,169,0.26508875739645,47.5743168382929
"Little Tern","Jun-Jul",2011,2011-07-26,55,43.4,174,0.249425287356322,42.3807897846823
"Little Tern","Jun-Jul",2011,2011-07-31,60,45.1,166,0.271686746987952,50.4244314938296
"Little Tern","Jun-Jul",2012,2012-06-24,23,48.4,175,0.276571428571429,46.490833155592
"Little Tern","Jun-Jul",2012,2012-06-24,23,42.1,165,0.255151515151515,47.8953263497226
"Little Tern","Jun-Jul",2012,2012-06-24,23,44,169,0.260355029585799,46.7247754661805
"Little Tern","Jun-Jul",2012,2012-06-24,23,41.6,161,0.258385093167702,50.7872954163036
"Little Tern","Jun-Jul",2012,2012-06-24,23,49.2,174,0.282758620689655,48.0445819678887
"Little Tern","Jun-Jul",2012,2012-06-25,24,44.5,171,0.260233918128655,45.6836517804894
"Little Tern","Jun-Jul",2012,2012-07-01,30,47.9,178,0.269101123595506,43.8155523849916
"Little Tern","Jun-Jul",2012,2012-07-01,30,47.1,172,0.273837209302326,47.5487558581837
"Little Tern","Jun-Jul",2012,2012-07-02,31,47.2,168,0.280952380952381,50.9857434592352
"Little Tern","Jun-Jul",2012,2012-07-02,31,40.2,167,0.240718562874252,44.1762934688491
"Little Tern","Jun-Jul",2012,2012-07-02,31,41.8,165,0.253333333333333,47.554029487373
"Little Tern","Jun-Jul",2012,2012-07-02,31,41.6,169,0.246153846153846,44.1761513498434
"Little Tern","Jun-Jul",2012,2012-07-11,40,37,170,0.217647058823529,38.6302740883542
"Little Tern","Jun-Jul",2012,2012-07-12,41,47.4,170,0.278823529411765,49.4885132915673
"Little Tern","Jun-Jul",2012,2012-07-12,41,46.5,175,0.265714285714286,44.6657797879138
"Little Tern","Jun-Jul",2012,2012-07-18,47,44.4,181,0.245303867403315,38.7080577465982
"Little Tern","Jun-Jul",2012,2012-07-18,47,39.1,165,0.236969696969697,44.4823577262269
"Little Tern","Jun-Jul",2012,2012-07-18,47,46.4,172,0.269767441860465,46.8420864505249
"Little Tern","Jun-Jul",2012,2012-07-18,47,41.3,171,0.241520467836257,42.3985352479598
"Little Tern","Jun-Jul",2012,2012-07-18,47,49.4,176,0.280681818181818,46.6801615770769
"Little Tern","Jun-Jul",2012,2012-07-18,47,48.9,176,0.277840909090909,46.2076903060539
"Little Tern","Jun-Jul",2012,2012-07-18,47,45,172,0.261627906976744,45.4287476352074
"Little Tern","Jun-Jul",2012,2012-07-19,48,45.7,164,0.278658536585366,52.907798333603
"Little Tern","Jun-Jul",2012,2012-07-22,51,43.9,166,0.264457831325301,49.0827614762555
"Little Tern","Jun-Jul",2012,2012-07-22,51,48.6,176,0.276136363636364,45.92420754344
"Little Tern","Jun-Jul",2012,2012-07-22,51,36.3,163,0.222699386503067,42.7709602003513
"Little Tern","Jun-Jul",2012,2012-07-22,51,46.7,181,0.258011049723757,40.7132048821202
"Little Tern","Jun-Jul",2013,2013-06-30,29,44,171,0.257309941520468,45.1703523222816
"Little Tern","Jun-Jul",2013,2013-06-30,29,42,175,0.24,40.3432849697286
"Little Tern","Jun-Jul",2013,2013-06-30,29,49,177,0.27683615819209,45.5538656484609
"Little Tern","Jun-Jul",2013,2013-06-30,29,45,172,0.261627906976744,45.4287476352074
"Little Tern","Jun-Jul",2013,2013-06-30,29,38,178,0.213483146067416,34.7597284056301
"Little Tern","Jun-Jul",2013,2013-06-30,29,42,166,0.253012048192771,46.9584506150963
"Little Tern","Jun-Jul",2013,2013-06-30,29,38,184,0.206521739130435,31.5988149076064
"Little Tern","Jun-Jul",2013,2013-06-30,29,42,173,0.242774566473988,41.6991505638945
"Little Tern","Jun-Jul",2013,2013-06-30,29,46,171,0.269005847953216,47.2235501551126
"Little Tern","Jun-Jul",2013,2013-06-30,29,43,172,0.25,43.4096921847537
"Little Tern","Jun-Jul",2013,2013-06-30,29,53,180,0.294444444444444,46.9476339558227
"Little Tern","Jun-Jul",2013,2013-06-30,29,46,168,0.273809523809524,49.6894957441699
"Little Tern","Jun-Jul",2013,2013-06-30,29,43,178,0.241573033707865,39.3333768800551
"Little Tern","Jun-Jul",2013,2013-06-30,29,44,163,0.269938650306748,51.8435881216379
"Little Tern","Jun-Jul",2013,2013-06-30,29,46,174,0.264367816091954,44.9197311081886
"Little Tern","Jun-Jul",2013,2013-06-30,29,41,180,0.227777777777778,36.317980984693
"Little Tern","Jun-Jul",2013,2013-06-30,29,42,165,0.254545454545455,47.7815607289394
"Little Tern","Jun-Jul",2013,2013-07-01,30,42,172,0.244186046511628,42.4001644595269
"Little Tern","Jun-Jul",2013,2013-07-01,30,42,176,0.238636363636364,39.6875867659358
"Little Tern","Jun-Jul",2013,2013-07-01,30,40,172,0.232558139534884,40.3811090090732
"Little Tern","Jun-Jul",2013,2013-07-01,30,41,171,0.239766081871345,42.0905555730351
"Little Tern","Jun-Jul",2013,2013-07-01,30,40,174,0.229885057471264,39.0606357462509
"Little Tern","Jun-Jul",2013,2013-07-10,39,48,181,0.265193370165746,41.8465489152413
"Little Tern","Jun-Jul",2013,2013-07-10,39,52,177,0.293785310734463,48.3428778310197
"Little Tern","Jun-Jul",2013,2013-07-10,39,46,174,0.264367816091954,44.9197311081886
"Little Tern","Jun-Jul",2013,2013-07-10,39,40,177,0.225988700564972,37.1868291007844
"Little Tern","Jun-Jul",2013,2013-07-10,39,45,169,0.266272189349112,47.786702181321
"Little Tern","Jun-Jul",2013,2013-07-11,40,45,180,0.25,39.8611986417362
"Little Tern","Jun-Jul",2013,2013-07-11,40,43,176,0.244318181818182,40.6325293079819
"Little Tern","Jun-Jul",2013,2013-07-17,46,41,173,0.236994219653179,40.7063136457065
"Little Tern","Jun-Jul",2013,2013-07-17,46,43,175,0.245714285714286,41.3038393737698
"Little Tern","Jun-Jul",2013,2013-07-17,46,45,173,0.260115606936416,44.6776613184584
"Little Tern","Jun-Jul",2013,2013-07-17,46,45,177,0.254237288135593,41.8351827383824
"Little Tern","Jun-Jul",2013,2013-07-17,46,42,167,0.251497005988024,46.1543364599916
"Little Tern","Jun-Jul",2013,2013-07-17,46,43,170,0.252941176470588,44.8946428594387
"Little Tern","Jun-Jul",2013,2013-07-18,47,46,183,0.251366120218579,38.8553956276086
"Little Tern","Jun-Jul",2013,2013-07-23,52,51,182,0.28021978021978,43.76301958152
"Little Tern","Jun-Jul",2014,2014-06-29,28,46,178,0.258426966292135,42.0775659647101
"Little Tern","Jun-Jul",2014,2014-06-29,28,48,176,0.272727272727273,45.3572420182124
"Little Tern","Jun-Jul",2014,2014-06-29,28,46,172,0.267441860465116,46.4382753604342
"Little Tern","Jun-Jul",2014,2014-06-29,28,44,175,0.251428571428571,42.2643937778109
"Little Tern","Jun-Jul",2014,2014-06-29,28,42,163,0.257668711656442,49.4870613888362
"Little Tern","Jun-Jul",2014,2014-06-29,28,46,175,0.262857142857143,44.1855025858932
"Little Tern","Jun-Jul",2014,2014-06-29,28,44,172,0.255813953488372,44.4192199099805
"Little Tern","Jun-Jul",2014,2014-06-29,28,47,175,0.268571428571429,45.1460569899344
"Little Tern","Jun-Jul",2014,2014-06-29,28,46,168,0.273809523809524,49.6894957441699
"Little Tern","Jun-Jul",2014,2014-06-29,28,43,172,0.25,43.4096921847537
"Little Tern","Jun-Jul",2014,2014-06-29,28,40,169,0.236686390532544,42.4770686056187
"Little Tern","Jun-Jul",2014,2014-06-29,28,42,168,0.25,45.3686700272856
"Little Tern","Jun-Jul",2014,2014-06-29,28,42,174,0.241379310344828,41.0136675335635
"Little Tern","Jun-Jul",2014,2014-06-29,28,43,181,0.237569060773481,37.487533403237
"Little Tern","Jun-Jul",2014,2014-06-29,28,40,168,0.238095238095238,43.2082571688434
"Little Tern","Jun-Jul",2014,2014-06-30,29,45,164,0.274390243902439,52.0973944203968
"Little Tern","Jun-Jul",2014,2014-06-30,29,41,176,0.232954545454545,38.7426442238897
"Little Tern","Jun-Jul",2014,2014-06-30,29,44,165,0.266666666666667,50.0568731446032
"Little Tern","Jun-Jul",2014,2014-06-30,29,43,180,0.238888888888889,38.0895898132146
"Little Tern","Jun-Jul",2014,2014-06-30,29,47,174,0.270114942528736,45.8962470018449
"Little Tern","Jun-Jul",2014,2014-06-30,29,49,180,0.272222222222222,43.4044162987794
"Little Tern","Jun-Jul",2014,2014-06-30,29,42,170,0.247058823529412,43.8505813975913
"Little Tern","Jun-Jul",2014,2014-06-30,29,42,178,0.235955056179775,38.4186471851701
"Little Tern","Jun-Jul",2014,2014-06-30,29,40,180,0.222222222222222,35.4321765704322
"Little Tern","Jun-Jul",2014,2014-06-30,29,41,167,0.245508982035928,45.0554236871347
"Little Tern","Jun-Jul",2014,2014-07-05,34,48,176,0.272727272727273,45.3572420182124
"Little Tern","Jun-Jul",2014,2014-07-05,34,38,176,0.215909090909091,35.9078165977515
"Little Tern","Jun-Jul",2014,2014-07-05,34,47,179,0.262569832402235,42.3051926126492
"Little Tern","Jun-Jul",2014,2014-07-05,34,46,175,0.262857142857143,44.1855025858932
"Little Tern","Jun-Jul",2014,2014-07-06,35,47,170,0.276470588235294,49.0708887068283
"Little Tern","Jun-Jul",2014,2014-07-06,35,48,168,0.285714285714286,51.8499086026121
"Little Tern","Jun-Jul",2014,2014-07-06,35,48,175,0.274285714285714,46.1066113939756
"Little Tern","Jun-Jul",2014,2014-07-06,35,36,172,0.209302325581395,36.3429981081659
"Little Tern","Jun-Jul",2014,2014-07-06,35,43,172,0.25,43.4096921847537
"Little Tern","Jun-Jul",2014,2014-07-06,35,37,175,0.211428571428571,35.5405129495228
"Little Tern","Jun-Jul",2014,2014-07-09,38,46,172,0.267441860465116,46.4382753604342
"Little Tern","Jun-Jul",2014,2014-07-09,38,41,169,0.242603550295858,43.5389953207591
"Little Tern","Jun-Jul",2014,2014-07-09,38,44,175,0.251428571428571,42.2643937778109
"Little Tern","Jun-Jul",2014,2014-07-09,38,49,171,0.286549707602339,50.3033469043591
"Little Tern","Jun-Jul",2014,2014-07-09,38,45,172,0.261627906976744,45.4287476352074
"Little Tern","Jun-Jul",2014,2014-07-10,39,40,177,0.225988700564972,37.1868291007844
"Little Tern","Jun-Jul",2014,2014-07-10,39,44,168,0.261904761904762,47.5290828857277
"Little Tern","Jun-Jul",2014,2014-07-10,39,42,163,0.257668711656442,49.4870613888362
"Little Tern","Jun-Jul",2014,2014-07-10,39,42,171,0.245614035087719,43.1171544894506
"Little Tern","Jun-Jul",2014,2014-07-10,39,44,169,0.260355029585799,46.7247754661805
"Little Tern","Jun-Jul",2014,2014-07-15,44,48,171,0.280701754385965,49.2767479879436
"Little Tern","Jun-Jul",2014,2014-07-15,44,46,172,0.267441860465116,46.4382753604342
"Little Tern","Jun-Jul",2014,2014-07-15,44,47,183,0.256830601092896,39.7000781412523
"Little Tern","Jun-Jul",2014,2014-07-21,50,48,177,0.271186440677966,44.6241949209412
"Little Tern","Jun-Jul",2014,2014-07-21,50,43,171,0.251461988304094,44.1437534058661
"Little Tern","Jun-Jul",2014,2014-07-22,51,46,170,0.270588235294118,48.0268272449809
"Little Tern","Jun-Jul",2014,2014-07-22,51,45,176,0.255681818181818,42.5224143920741
"Little Tern","Jun-Jul",2014,2014-07-22,51,44,171,0.257309941520468,45.1703523222816
"Little Tern","Jun-Jul",2014,2014-07-22,51,41,170,0.241176470588235,42.8065199357439
"Little Tern","Jun-Jul",2014,2014-07-22,51,48,176,0.272727272727273,45.3572420182124
"Little Tern","Jun-Jul",2014,2014-07-22,51,41,172,0.238372093023256,41.3906367343001
"Little Tern","Jun-Jul",2014,2014-07-22,51,43,174,0.247126436781609,41.9901834272198
"Little Tern","Jun-Jul",2015,2015-06-25,24,43,170,0.252941176470588,44.8946428594387
"Little Tern","Jun-Jul",2015,2015-06-25,24,43,175,0.245714285714286,41.3038393737698
"Little Tern","Jun-Jul",2015,2015-06-25,24,40,175,0.228571428571429,38.4221761616463
"Little Tern","Jun-Jul",2015,2015-06-25,24,47,180,0.261111111111111,41.6328074702578
"Little Tern","Jun-Jul",2015,2015-06-25,24,45,173,0.260115606936416,44.6776613184584
"Little Tern","Jun-Jul",2015,2015-06-25,24,48,176,0.272727272727273,45.3572420182124
"Little Tern","Jun-Jul",2015,2015-06-25,24,50,176,0.284090909090909,47.2471271023046
"Little Tern","Jun-Jul",2015,2015-06-25,24,45,168,0.267857142857143,48.6092893149488
"Little Tern","Jun-Jul",2015,2015-06-25,24,51,169,0.301775147928994,54.1582624721638
"Little Tern","Jun-Jul",2015,2015-06-25,24,46,169,0.272189349112426,48.8486288964615
"Little Tern","Jun-Jul",2015,2015-06-25,24,50,175,0.285714285714286,48.0277202020579
"Little Tern","Jun-Jul",2015,2015-06-25,24,47,172,0.273255813953488,47.447803085661
"Little Tern","Jun-Jul",2015,2015-06-25,24,46,172,0.267441860465116,46.4382753604342
"Little Tern","Jun-Jul",2015,2015-06-25,24,45,171,0.263157894736842,46.1969512386971
"Little Tern","Jun-Jul",2015,2015-06-25,24,45,174,0.258620689655172,43.9432152145323
"Little Tern","Jun-Jul",2015,2015-06-25,24,48,185,0.259459459459459,39.296966010498
"Little Tern","Jun-Jul",2015,2015-06-25,24,49,178,0.275280898876405,44.8217550493651
"Little Tern","Jun-Jul",2015,2015-06-25,24,44,170,0.258823529411765,45.9387043212861
"Little Tern","Jun-Jul",2015,2015-06-25,24,48,178,0.269662921348315,43.9070253544801
"Little Tern","Jun-Jul",2015,2015-06-25,24,47,169,0.27810650887574,49.9105556116019
"Little Tern","Jun-Jul",2015,2015-06-25,24,45,170,0.264705882352941,46.9827657831335
"Little Tern","Jun-Jul",2015,2015-06-25,24,50,188,0.265957446808511,39.0838144945697
"Little Tern","Jun-Jul",2015,2015-06-25,24,45,167,0.269461077844311,49.4510747785625
"Little Tern","Jun-Jul",2015,2015-06-25,24,45,177,0.254237288135593,41.8351827383824
"Little Tern","Jun-Jul",2015,2015-06-25,24,43,176,0.244318181818182,40.6325293079819
"Little Tern","Jun-Jul",2015,2015-06-26,25,45,182,0.247252747252747,38.6144290425176
"Little Tern","Jun-Jul",2015,2015-06-26,25,42,168,0.25,45.3686700272856
"Little Tern","Jun-Jul",2015,2015-06-26,25,42,172,0.244186046511628,42.4001644595269
"Little Tern","Jun-Jul",2015,2015-06-26,25,38,167,0.227544910179641,41.7586853685639
"Little Tern","Jun-Jul",2015,2015-06-26,25,46,170,0.270588235294118,48.0268272449809
"Little Tern","Jun-Jul",2015,2015-06-26,25,44,170,0.258823529411765,45.9387043212861
"Little Tern","Jun-Jul",2015,2015-06-26,25,42,174,0.241379310344828,41.0136675335635
"Little Tern","Jun-Jul",2015,2015-06-26,25,43,175,0.245714285714286,41.3038393737698
"Little Tern","Jun-Jul",2015,2015-06-26,25,44,177,0.248587570621469,40.9055120108628
"Little Tern","Jun-Jul",2015,2015-06-26,25,48,174,0.275862068965517,46.8727628955011
"Little Tern","Jun-Jul",2015,2015-06-26,25,42,173,0.242774566473988,41.6991505638945
"Little Tern","Jun-Jul",2015,2015-06-26,25,44,171,0.257309941520468,45.1703523222816
"Little Tern","Jun-Jul",2015,2015-06-26,25,49,178,0.275280898876405,44.8217550493651
"Little Tern","Jun-Jul",2015,2015-06-26,25,43,167,0.25748502994012,47.2532492328486
"Little Tern","Jun-Jul",2015,2015-06-26,25,39,157,0.248407643312102,51.1856525200086
"Little Tern","Jun-Jul",2015,2015-06-26,25,40,172,0.232558139534884,40.3811090090732
"Little Tern","Jun-Jul",2015,2015-06-26,25,45,177,0.254237288135593,41.8351827383824
"Little Tern","Jun-Jul",2015,2015-06-26,25,51,174,0.293103448275862,49.8023105764699
"Little Tern","Jun-Jul",2015,2015-06-29,28,48,170,0.282352941176471,50.1149501686758
"Little Tern","Jun-Jul",2015,2015-06-30,29,45,173,0.260115606936416,44.6776613184584
"Little Tern","Jun-Jul",2015,2015-06-30,29,36,170,0.211764705882353,37.5862126265068
"Little Tern","Jun-Jul",2015,2015-06-30,29,44,178,0.247191011235955,40.2481065749401
"Little Tern","Jun-Jul",2015,2015-06-30,29,43,175,0.245714285714286,41.3038393737698
"Little Tern","Jun-Jul",2015,2015-06-30,29,45,173,0.260115606936416,44.6776613184584
"Little Tern","Jun-Jul",2015,2015-06-30,29,44,172,0.255813953488372,44.4192199099805
"Little Tern","Jun-Jul",2015,2015-06-30,29,42,169,0.248520710059172,44.6009220358996
"Little Tern","Jun-Jul",2015,2015-06-30,29,44,171,0.257309941520468,45.1703523222816
"Little Tern","Jun-Jul",2015,2015-06-30,29,43,180,0.238888888888889,38.0895898132146
"Little Tern","Jun-Jul",2015,2015-07-05,34,39,172,0.226744186046512,39.3715812838464
"Little Tern","Jun-Jul",2015,2015-07-05,34,48,173,0.277456647398844,47.6561720730223
"Little Tern","Jun-Jul",2015,2015-07-05,34,41,167,0.245508982035928,45.0554236871347
"Little Tern","Jun-Jul",2015,2015-07-13,42,48,180,0.266666666666667,42.5186118845186
"Little Tern","Jun-Jul",2015,2015-07-13,42,45,170,0.264705882352941,46.9827657831335
"Little Tern","Jun-Jul",2015,2015-07-13,42,41,174,0.235632183908046,40.0371516399072
"Little Tern","Jun-Jul",2015,2015-07-13,42,48,176,0.272727272727273,45.3572420182124
"Little Tern","Jun-Jul",2015,2015-07-13,42,44,177,0.248587570621469,40.9055120108628
"Little Tern","Jun-Jul",2015,2015-07-13,42,43,170,0.252941176470588,44.8946428594387
"Little Tern","Jun-Jul",2015,2015-07-13,42,42,172,0.244186046511628,42.4001644595269
"Little Tern","Jun-Jul",2015,2015-07-13,42,50,177,0.282485875706215,46.4835363759805
"Little Tern","Jun-Jul",2015,2015-07-13,42,45,172,0.261627906976744,45.4287476352074
"Little Tern","Jun-Jul",2015,2015-07-14,43,39,167,0.233532934131737,42.8575981414208
"Little Tern","Jun-Jul",2015,2015-07-14,43,43,169,0.254437869822485,45.6628487510401
"Little Tern","Jun-Jul",2015,2015-07-27,56,46,173,0.265895953757225,45.6704982366464
"Little Tern","Jun-Jul",2015,2015-07-27,56,45,172,0.261627906976744,45.4287476352074
"Little Tern","Jun-Jul",2015,2015-07-27,56,44,173,0.254335260115607,43.6848244002704
"Little Tern","Jun-Jul",2015,2015-07-27,56,48,171,0.280701754385965,49.2767479879436
"Little Tern","Jun-Jul",2016,2016-06-20,19,49,169,0.289940828402367,52.0344090418829
"Little Tern","Jun-Jul",2016,2016-06-20,19,41,171,0.239766081871345,42.0905555730351
"Little Tern","Jun-Jul",2016,2016-06-20,19,45,173,0.260115606936416,44.6776613184584
"Little Tern","Jun-Jul",2016,2016-06-20,19,45,176,0.255681818181818,42.5224143920741
"Little Tern","Jun-Jul",2016,2016-06-21,20,43,172,0.25,43.4096921847537
"Little Tern","Jun-Jul",2016,2016-06-21,20,41,165,0.248484848484848,46.6439045211075
"Little Tern","Jun-Jul",2016,2016-06-21,20,45,175,0.257142857142857,43.2249481818521
"Little Tern","Jun-Jul",2016,2016-06-21,20,43,171,0.251461988304094,44.1437534058661
"Little Tern","Jun-Jul",2016,2016-06-21,20,48,176,0.272727272727273,45.3572420182124
"Little Tern","Jun-Jul",2016,2016-06-21,20,41,167,0.245508982035928,45.0554236871347
"Little Tern","Jun-Jul",2016,2016-06-26,25,48,173,0.277456647398844,47.6561720730223
"Little Tern","Jun-Jul",2016,2016-06-26,25,48,177,0.271186440677966,44.6241949209412
"Little Tern","Jun-Jul",2016,2016-06-26,25,48,169,0.284023668639053,50.9724823267424
"Little Tern","Jun-Jul",2016,2016-06-26,25,48,170,0.282352941176471,50.1149501686758
"Little Tern","Jun-Jul",2016,2016-06-26,25,44,168,0.261904761904762,47.5290828857277
"Little Tern","Jun-Jul",2016,2016-06-26,25,47,171,0.274853801169591,48.2501490715281
"Little Tern","Jun-Jul",2016,2016-06-26,25,46,173,0.265895953757225,45.6704982366464
"Little Tern","Jun-Jul",2016,2016-06-26,25,43,171,0.251461988304094,44.1437534058661
"Little Tern","Jun-Jul",2016,2016-06-26,25,48,177,0.271186440677966,44.6241949209412
"Little Tern","Jun-Jul",2016,2016-06-26,25,43,170,0.252941176470588,44.8946428594387
"Little Tern","Jun-Jul",2016,2016-06-26,25,45,167,0.269461077844311,49.4510747785625
"Little Tern","Jun-Jul",2016,2016-06-27,26,45,170,0.264705882352941,46.9827657831335
"Little Tern","Jun-Jul",2016,2016-07-04,33,45,167,0.269461077844311,49.4510747785625
"Little Tern","Jun-Jul",2016,2016-07-04,33,42,173,0.242774566473988,41.6991505638945
"Little Tern","Jun-Jul",2016,2016-07-04,33,48,167,0.287425149700599,52.7478130971333
"Little Tern","Jun-Jul",2016,2016-07-04,33,47,176,0.267045454545455,44.4122994761663
"Little Tern","Jun-Jul",2016,2016-07-04,33,45,176,0.255681818181818,42.5224143920741
"Little Tern","Jun-Jul",2016,2016-07-04,33,54,182,0.296703296703297,46.3373148510211
"Little Tern","Jun-Jul",2016,2016-07-04,33,49,168,0.291666666666667,52.9301150318332
"Little Tern","Jun-Jul",2016,2016-07-04,33,46,171,0.269005847953216,47.2235501551126
"Little Tern","Jun-Jul",2016,2016-07-04,33,55,166,0.331325301204819,61.4932091388166
"Little Tern","Jun-Jul",2016,2016-07-04,33,45,179,0.251396648044693,40.5049716504088
"Little Tern","Jun-Jul",2016,2016-07-04,33,44,176,0.25,41.577471850028
"Little Tern","Jun-Jul",2016,2016-07-04,33,45,167,0.269461077844311,49.4510747785625
"Little Tern","Jun-Jul",2016,2016-07-04,33,49,175,0.28,47.0671657980167
"Little Tern","Jun-Jul",2016,2016-07-04,33,45,174,0.258620689655172,43.9432152145323
"Little Tern","Jun-Jul",2016,2016-07-04,33,41,168,0.244047619047619,44.2884635980645
"Little Tern","Jun-Jul",2016,2016-07-04,33,45,174,0.258620689655172,43.9432152145323
"Little Tern","Jun-Jul",2016,2016-07-04,33,44,174,0.252873563218391,42.966699320876
"Little Tern","Jun-Jul",2016,2016-07-04,33,45,176,0.255681818181818,42.5224143920741
"Little Tern","Jun-Jul",2016,2016-07-13,42,47,168,0.279761904761905,50.769702173391
"Little Tern","Jun-Jul",2016,2016-07-13,42,43,171,0.251461988304094,44.1437534058661
"Little Tern","Jun-Jul",2016,2016-07-13,42,49,180,0.272222222222222,43.4044162987794
"Little Tern","Jun-Jul",2016,2016-07-13,42,42,176,0.238636363636364,39.6875867659358
"Little Tern","Jun-Jul",2016,2016-07-13,42,50,168,0.297619047619048,54.0103214610543
"Little Tern","Jun-Jul",2016,2016-07-13,42,51,175,0.291428571428571,48.988274606099
"Little Tern","Jun-Jul",2016,2016-07-13,42,52,181,0.287292817679558,45.3337613248448
"Little Tern","Jun-Jul",2016,2016-07-13,42,42,176,0.238636363636364,39.6875867659358
"Little Tern","Jun-Jul",2016,2016-07-13,42,40,167,0.239520958083832,43.9565109142778
"Little Tern","Jun-Jul",2016,2016-07-13,42,52,169,0.307692307692308,55.2201891873043
"Little Tern","Jun-Jul",2016,2016-07-13,42,44,172,0.255813953488372,44.4192199099805
"Little Tern","Jun-Jul",2016,2016-07-13,42,46,174,0.264367816091954,44.9197311081886
"Little Tern","Jun-Jul",2016,2016-07-13,42,50,170,0.294117647058824,52.2030730923706
"Little Tern","Jun-Jul",2016,2016-07-13,42,45,173,0.260115606936416,44.6776613184584
"Little Tern","Jun-Jul",2016,2016-07-13,42,47,174,0.270114942528736,45.8962470018449
"Little Tern","Jun-Jul",2016,2016-07-13,42,44,171,0.257309941520468,45.1703523222816
"Little Tern","Jun-Jul",2016,2016-07-13,42,45,169,0.266272189349112,47.786702181321
"Little Tern","Jun-Jul",2016,2016-07-13,42,45,164,0.274390243902439,52.0973944203968
"Little Tern","Jun-Jul",2016,2016-07-13,42,46,177,0.259887005649718,42.764853465902
"Little Tern","Jun-Jul",2016,2016-07-14,43,46,170,0.270588235294118,48.0268272449809
"Little Tern","Jun-Jul",2016,2016-07-21,50,50,168,0.297619047619048,54.0103214610543
"Little Tern","Jun-Jul",2016,2016-07-21,50,48,178,0.269662921348315,43.9070253544801
"Little Tern","Jun-Jul",2016,2016-07-21,50,41,170,0.241176470588235,42.8065199357439
"Little Tern","Jun-Jul",2016,2016-07-21,50,47,178,0.264044943820225,42.9922956595951
"Little Tern","Jun-Jul",2016,2016-07-21,50,42,173,0.242774566473988,41.6991505638945
"Little Tern","Jun-Jul",2016,2016-07-21,50,45,169,0.266272189349112,47.786702181321
"Little Tern","Jun-Jul",2016,2016-07-21,50,44,171,0.257309941520468,45.1703523222816
"Little Tern","Jun-Jul",2016,2016-07-21,50,47,175,0.268571428571429,45.1460569899344
"Little Tern","Jun-Jul",2016,2016-07-21,50,42,171,0.245614035087719,43.1171544894506
"Little Tern","Jun-Jul",2016,2016-07-22,51,46,167,0.275449101796407,50.5499875514194
"Little Tern","Jun-Jul",2016,2016-07-31,60,42,165,0.254545454545455,47.7815607289394
"Little Tern","Jun-Jul",2017,2017-06-27,26,44,165,0.266666666666667,50.0568731446032
"Little Tern","Jun-Jul",2017,2017-06-27,26,58,171,0.339181286549708,59.5427371520985
"Little Tern","Jun-Jul",2017,2017-06-27,26,46,169,0.272189349112426,48.8486288964615
"Little Tern","Jun-Jul",2017,2017-06-27,26,45,164,0.274390243902439,52.0973944203968
"Little Tern","Jun-Jul",2017,2017-06-27,26,46,171,0.269005847953216,47.2235501551126
"Little Tern","Jun-Jul",2017,2017-06-27,26,46,172,0.267441860465116,46.4382753604342
"Little Tern","Jun-Jul",2017,2017-06-27,26,44,179,0.245810055865922,39.6048611692886
"Little Tern","Jun-Jul",2017,2017-06-27,26,44,167,0.263473053892216,48.3521620057055
"Little Tern","Jun-Jul",2017,2017-06-27,26,48,171,0.280701754385965,49.2767479879436
"Little Tern","Jun-Jul",2017,2017-06-27,26,41,177,0.231638418079096,38.116499828304
"Little Tern","Jun-Jul",2017,2017-06-27,26,45,177,0.254237288135593,41.8351827383824
"Little Tern","Jun-Jul",2017,2017-06-27,26,45,171,0.263157894736842,46.1969512386971
"Little Tern","Jun-Jul",2017,2017-06-27,26,41,175,0.234285714285714,39.3827305656875
"Little Tern","Jun-Jul",2017,2017-06-27,26,43,172,0.25,43.4096921847537
"Little Tern","Jun-Jul",2017,2017-06-27,26,43,172,0.25,43.4096921847537
"Little Tern","Jun-Jul",2017,2017-06-27,26,47,169,0.27810650887574,49.9105556116019
"Little Tern","Jun-Jul",2017,2017-06-27,26,44,169,0.260355029585799,46.7247754661805
"Little Tern","Jun-Jul",2017,2017-06-27,26,42,168,0.25,45.3686700272856
"Little Tern","Jun-Jul",2017,2017-07-05,34,44,167,0.263473053892216,48.3521620057055
"Little Tern","Jun-Jul",2017,2017-07-05,34,49,177,0.27683615819209,45.5538656484609
"Little Tern","Jun-Jul",2017,2017-07-05,34,50,177,0.282485875706215,46.4835363759805
"Little Tern","Jun-Jul",2017,2017-07-05,34,46,176,0.261363636363636,43.4673569341202
"Little Tern","Jun-Jul",2017,2017-07-05,34,49,177,0.27683615819209,45.5538656484609
"Little Tern","Jun-Jul",2017,2017-07-05,34,44,173,0.254335260115607,43.6848244002704
"Little Tern","Jun-Jul",2017,2017-07-05,34,46,166,0.27710843373494,51.4306840070103
"Little Tern","Jun-Jul",2017,2017-07-05,34,45,176,0.255681818181818,42.5224143920741
"Little Tern","Jun-Jul",2017,2017-07-05,34,46,178,0.258426966292135,42.0775659647101
"Little Tern","Jun-Jul",2017,2017-07-05,34,41,166,0.246987951807229,45.8403922671179
"Little Tern","Jun-Jul",2017,2017-07-05,34,46,177,0.259887005649718,42.764853465902
"Little Tern","Jun-Jul",2017,2017-07-05,34,45,170,0.264705882352941,46.9827657831335
"Little Tern","Jun-Jul",2017,2017-07-05,34,44,178,0.247191011235955,40.2481065749401
"Little Tern","Jun-Jul",2017,2017-07-05,34,50,176,0.284090909090909,47.2471271023046
"Little Tern","Jun-Jul",2017,2017-07-05,34,49,173,0.283236994219653,48.6490089912102
"Little Tern","Jun-Jul",2017,2017-07-05,34,46,168,0.273809523809524,49.6894957441699
"Little Tern","Jun-Jul",2017,2017-07-05,34,44,172,0.255813953488372,44.4192199099805
"Little Tern","Jun-Jul",2017,2017-07-05,34,45,167,0.269461077844311,49.4510747785625
"Little Tern","Jun-Jul",2017,2017-07-05,34,46,177,0.259887005649718,42.764853465902
"Little Tern","Jun-Jul",2017,2017-07-05,34,44,175,0.251428571428571,42.2643937778109
"Little Tern","Jun-Jul",2017,2017-07-06,35,44,173,0.254335260115607,43.6848244002704
"Little Tern","Jun-Jul",2017,2017-07-06,35,43,175,0.245714285714286,41.3038393737698
"Little Tern","Jun-Jul",2017,2017-07-06,35,48,180,0.266666666666667,42.5186118845186
"Little Tern","Jun-Jul",2017,2017-07-06,35,40,170,0.235294117647059,41.7624584738965
"Little Tern","Jun-Jul",2017,2017-07-06,35,44,166,0.265060240963855,49.1945673110533
"Little Tern","Jun-Jul",2017,2017-07-06,35,46,176,0.261363636363636,43.4673569341202
"Little Tern","Jun-Jul",2017,2017-07-06,35,45,174,0.258620689655172,43.9432152145323
"Little Tern","Jun-Jul",2017,2017-07-06,35,45,167,0.269461077844311,49.4510747785625
"Little Tern","Jun-Jul",2017,2017-07-06,35,45,172,0.261627906976744,45.4287476352074
"Little Tern","Jun-Jul",2017,2017-07-06,35,42,164,0.25609756097561,48.6242347923704
"Little Tern","Jun-Jul",2017,2017-07-13,42,50,182,0.274725274725275,42.9049211583529
"Little Tern","Jun-Jul",2017,2017-07-13,42,50,174,0.28735632183908,48.8257946828137
"Little Tern","Jun-Jul",2017,2017-07-13,42,44,173,0.254335260115607,43.6848244002704
"Little Tern","Jun-Jul",2017,2017-07-13,42,45,174,0.258620689655172,43.9432152145323
"Little Tern","Jun-Jul",2017,2017-07-13,42,44,175,0.251428571428571,42.2643937778109
"Little Tern","Jun-Jul",2017,2017-07-13,42,44,170,0.258823529411765,45.9387043212861
"Little Tern","Jun-Jul",2017,2017-07-13,42,42,166,0.253012048192771,46.9584506150963
"Little Tern","Jun-Jul",2017,2017-07-13,42,43,171,0.251461988304094,44.1437534058661
"Little Tern","Jun-Jul",2017,2017-07-14,43,42,168,0.25,45.3686700272856
"Little Tern","Jun-Jul",2017,2017-07-14,43,41,163,0.251533742331288,48.3087980224353
"Little Tern","Jun-Jul",2018,2018-06-24,23,45,174,0.258620689655172,43.9432152145323
"Little Tern","Jun-Jul",2018,2018-06-24,23,46,176,0.261363636363636,43.4673569341202
"Little Tern","Jun-Jul",2018,2018-06-24,23,44,181,0.243093922651934,38.3593365056379
"Little Tern","Jun-Jul",2018,2018-06-24,23,49,173,0.283236994219653,48.6490089912102
"Little Tern","Jun-Jul",2018,2018-06-24,23,43,173,0.248554913294798,42.6919874820825
"Little Tern","Jun-Jul",2018,2018-06-24,23,45,174,0.258620689655172,43.9432152145323
"Little Tern","Jun-Jul",2018,2018-06-24,23,46,167,0.275449101796407,50.5499875514194
"Little Tern","Jun-Jul",2018,2018-06-24,23,43,176,0.244318181818182,40.6325293079819
"Little Tern","Jun-Jul",2018,2018-06-24,23,44,177,0.248587570621469,40.9055120108628
"Little Tern","Jun-Jul",2018,2018-06-24,23,44,164,0.268292682926829,50.939674544388
"Little Tern","Jun-Jul",2018,2018-06-24,23,45,172,0.261627906976744,45.4287476352074
"Little Tern","Jun-Jul",2018,2018-06-24,23,42,169,0.248520710059172,44.6009220358996
"Little Tern","Jun-Jul",2018,2018-06-24,23,46,165,0.278787878787879,52.332185560267
"Little Tern","Jun-Jul",2018,2018-06-24,23,41,173,0.236994219653179,40.7063136457065
"Little Tern","Jun-Jul",2018,2018-06-24,23,43,177,0.242937853107345,39.9758412833432
"Little Tern","Jun-Jul",2018,2018-06-24,23,43,171,0.251461988304094,44.1437534058661
"Little Tern","Jun-Jul",2018,2018-06-24,23,43,180,0.238888888888889,38.0895898132146
"Little Tern","Jun-Jul",2018,2018-06-24,23,43,174,0.247126436781609,41.9901834272198
"Little Tern","Jun-Jul",2018,2018-06-24,23,40,177,0.225988700564972,37.1868291007844
"Little Tern","Jun-Jul",2018,2018-06-24,23,43,174,0.247126436781609,41.9901834272198
"Little Tern","Jun-Jul",2018,2018-06-24,23,46,171,0.269005847953216,47.2235501551126
"Little Tern","Jun-Jul",2018,2018-06-24,23,43,176,0.244318181818182,40.6325293079819
"Little Tern","Jun-Jul",2018,2018-06-24,23,49,173,0.283236994219653,48.6490089912102
"Little Tern","Jun-Jul",2018,2018-06-25,24,39,168,0.232142857142857,42.1280507396223
"Little Tern","Jun-Jul",2018,2018-06-25,24,39,166,0.234939759036145,43.6042755711609
"Little Tern","Jun-Jul",2018,2018-07-03,32,42,171,0.245614035087719,43.1171544894506
"Little Tern","Jun-Jul",2018,2018-07-03,32,44,173,0.254335260115607,43.6848244002704
"Little Tern","Jun-Jul",2018,2018-07-03,32,46,169,0.272189349112426,48.8486288964615
"Little Tern","Jun-Jul",2018,2018-07-03,32,43,171,0.251461988304094,44.1437534058661
"Little Tern","Jun-Jul",2018,2018-07-03,32,41,172,0.238372093023256,41.3906367343001
"Little Tern","Jun-Jul",2018,2018-07-03,32,49,173,0.283236994219653,48.6490089912102
"Little Tern","Jun-Jul",2018,2018-07-03,32,44,176,0.25,41.577471850028
"Little Tern","Jun-Jul",2018,2018-07-03,32,45,170,0.264705882352941,46.9827657831335
"Little Tern","Jun-Jul",2018,2018-07-03,32,55,174,0.316091954022989,53.708374151095
"Little Tern","Jun-Jul",2018,2018-07-03,32,44,170,0.258823529411765,45.9387043212861
"Little Tern","Jun-Jul",2018,2018-07-03,32,41,175,0.234285714285714,39.3827305656875
"Little Tern","Jun-Jul",2018,2018-07-03,32,45,178,0.252808988764045,41.1628362698251
"Little Tern","Jun-Jul",2018,2018-07-03,32,45,175,0.257142857142857,43.2249481818521
"Little Tern","Jun-Jul",2018,2018-07-03,32,43,181,0.237569060773481,37.487533403237
"Little Tern","Jun-Jul",2018,2018-07-03,32,42,176,0.238636363636364,39.6875867659358
"Little Tern","Jun-Jul",2018,2018-07-03,32,40,177,0.225988700564972,37.1868291007844
"Little Tern","Jun-Jul",2018,2018-07-10,39,43,172,0.25,43.4096921847537
"Little Tern","Jun-Jul",2018,2018-07-10,39,44,173,0.254335260115607,43.6848244002704
"Little Tern","Jun-Jul",2018,2018-07-10,39,44,173,0.254335260115607,43.6848244002704
"Little Tern","Jun-Jul",2018,2018-07-10,39,44,161,0.273291925465839,53.7173316903211
"Little Tern","Jun-Jul",2018,2018-07-20,49,40,175,0.228571428571429,38.4221761616463
"Little Tern","Jun-Jul",2018,2018-07-30,59,44,168,0.261904761904762,47.5290828857277
"Little Tern","Jun-Jul",2018,2018-07-30,59,44,164,0.268292682926829,50.939674544388
"Little Tern","Jun-Jul",2019,2019-07-02,31,47,172,0.273255813953488,47.447803085661
"Little Tern","Jun-Jul",2019,2019-07-02,31,49,172,0.284883720930233,49.4668585361147
"Little Tern","Jun-Jul",2019,2019-07-02,31,49,176,0.278409090909091,46.3021845602585
"Little Tern","Jun-Jul",2019,2019-07-02,31,45,170,0.264705882352941,46.9827657831335
"Little Tern","Jun-Jul",2019,2019-07-02,31,44,174,0.252873563218391,42.966699320876
"Little Tern","Jun-Jul",2019,2019-07-02,31,43,181,0.237569060773481,37.487533403237
"Little Tern","Jun-Jul",2019,2019-07-02,31,57,175,0.325714285714286,54.751601030346
"Little Tern","Jun-Jul",2019,2019-07-02,31,45,173,0.260115606936416,44.6776613184584
"Little Tern","Jun-Jul",2019,2019-07-02,31,45,175,0.257142857142857,43.2249481818521
"Little Tern","Jun-Jul",2019,2019-07-02,31,46,169,0.272189349112426,48.8486288964615
"Little Tern","Jun-Jul",2019,2019-07-02,31,45,174,0.258620689655172,43.9432152145323
"Little Tern","Jun-Jul",2019,2019-07-02,31,46,175,0.262857142857143,44.1855025858932
"Little Tern","Jun-Jul",2019,2019-07-02,31,54,174,0.310344827586207,52.7318582574388
"Little Tern","Jun-Jul",2019,2019-07-02,31,45,176,0.255681818181818,42.5224143920741
"Little Tern","Jun-Jul",2019,2019-07-02,31,46,174,0.264367816091954,44.9197311081886
"Little Tern","Jun-Jul",2019,2019-07-02,31,50,171,0.292397660818713,51.3299458207746
"Little Tern","Jun-Jul",2019,2019-07-02,31,42,173,0.242774566473988,41.6991505638945
"Little Tern","Jun-Jul",2019,2019-07-02,31,46,174,0.264367816091954,44.9197311081886
"Little Tern","Jun-Jul",2019,2019-07-02,31,46,177,0.259887005649718,42.764853465902
"Little Tern","Jun-Jul",2019,2019-07-02,31,50,175,0.285714285714286,48.0277202020579
"Little Tern","Jun-Jul",2019,2019-07-03,32,47,174,0.270114942528736,45.8962470018449
"Little Tern","Jun-Jul",2019,2019-07-03,32,43,174,0.247126436781609,41.9901834272198
"Little Tern","Jun-Jul",2019,2019-07-03,32,44,177,0.248587570621469,40.9055120108628
"Little Tern","Jun-Jul",2019,2019-07-03,32,43,174,0.247126436781609,41.9901834272198
"Little Tern","Jun-Jul",2019,2019-07-03,32,48,172,0.27906976744186,48.4573308108879
"Little Tern","Jun-Jul",2019,2019-07-03,32,42,171,0.245614035087719,43.1171544894506
"Little Tern","Jun-Jul",2019,2019-07-03,32,42,166,0.253012048192771,46.9584506150963
"Little Tern","Jun-Jul",2019,2019-07-03,32,43,172,0.25,43.4096921847537
"Little Tern","Jun-Jul",2019,2019-07-08,37,45,169,0.266272189349112,47.786702181321
"Little Tern","Jun-Jul",2019,2019-07-08,37,50,162,0.308641975308642,59.9650602064872
"Little Tern","Jun-Jul",2019,2019-07-08,37,41,167,0.245508982035928,45.0554236871347
"Little Tern","Jun-Jul",2019,2019-07-08,37,47,178,0.264044943820225,42.9922956595951
"Little Tern","Jun-Jul",2019,2019-07-08,37,46,172,0.267441860465116,46.4382753604342
"Little Tern","Jun-Jul",2019,2019-07-08,37,54,178,0.303370786516854,49.3954035237902
"Little Tern","Jun-Jul",2019,2019-07-08,37,48,175,0.274285714285714,46.1066113939756
"Little Tern","Jun-Jul",2019,2019-07-15,44,47,170,0.276470588235294,49.0708887068283
"Little Tern","Jun-Jul",2019,2019-07-15,44,44,173,0.254335260115607,43.6848244002704
"Little Tern","Jun-Jul",2019,2019-07-15,44,42,178,0.235955056179775,38.4186471851701
"Little Tern","Jun-Jul",2019,2019-07-15,44,42,172,0.244186046511628,42.4001644595269
"Little Tern","Jun-Jul",2019,2019-07-15,44,47,170,0.276470588235294,49.0708887068283
"Little Tern","Jun-Jul",2019,2019-07-15,44,41,172,0.238372093023256,41.3906367343001
"Little Tern","Jun-Jul",2019,2019-07-16,45,44,171,0.257309941520468,45.1703523222816
"Little Tern","Jun-Jul",2019,2019-07-21,50,46,178,0.258426966292135,42.0775659647101
"Little Tern","Jun-Jul",2019,2019-07-21,50,44,177,0.248587570621469,40.9055120108628
"Little Tern","Jun-Jul",2020,2020-06-25,24,46,173,0.265895953757225,45.6704982366464
"Little Tern","Jun-Jul",2020,2020-06-25,24,50,171,0.292397660818713,51.3299458207746
"Little Tern","Jun-Jul",2020,2020-06-25,24,48,178,0.269662921348315,43.9070253544801
"Little Tern","Jun-Jul",2020,2020-06-25,24,47,174,0.270114942528736,45.8962470018449
"Little Tern","Jun-Jul",2020,2020-06-25,24,40,173,0.23121387283237,39.7134767275186
"Little Tern","Jun-Jul",2020,2020-06-25,24,43,172,0.25,43.4096921847537
"Little Tern","Jun-Jul",2020,2020-06-26,25,42,176,0.238636363636364,39.6875867659358
"Little Tern","Jun-Jul",2020,2020-06-26,25,42,176,0.238636363636364,39.6875867659358
"Little Tern","Jun-Jul",2020,2020-06-26,25,40,173,0.23121387283237,39.7134767275186
"Little Tern","Jun-Jul",2020,2020-06-26,25,43,180,0.238888888888889,38.0895898132146
"Little Tern","Jun-Jul",2020,2020-06-26,25,49,173,0.283236994219653,48.6490089912102
"Little Tern","Jun-Jul",2020,2020-06-26,25,43,175,0.245714285714286,41.3038393737698
"Little Tern","Jun-Jul",2020,2020-06-30,29,49,173,0.283236994219653,48.6490089912102
"Little Tern","Jun-Jul",2020,2020-06-30,29,46,168,0.273809523809524,49.6894957441699
"Little Tern","Jun-Jul",2020,2020-06-30,29,38,170,0.223529411764706,39.6743355502016
"Little Tern","Jun-Jul",2020,2020-06-30,29,46,179,0.256983240223464,41.405082131529
"Little Tern","Jun-Jul",2020,2020-06-30,29,46,178,0.258426966292135,42.0775659647101
"Little Tern","Jun-Jul",2020,2020-06-30,29,41,167,0.245508982035928,45.0554236871347
"Little Tern","Jun-Jul",2020,2020-06-30,29,44,171,0.257309941520468,45.1703523222816
"Little Tern","Jun-Jul",2020,2020-06-30,29,41,167,0.245508982035928,45.0554236871347
"Little Tern","Jun-Jul",2020,2020-06-30,29,43,171,0.251461988304094,44.1437534058661
"Little Tern","Jun-Jul",2020,2020-06-30,29,45,177,0.254237288135593,41.8351827383824
"Little Tern","Jun-Jul",2020,2020-06-30,29,43,173,0.248554913294798,42.6919874820825
"Little Tern","Jun-Jul",2020,2020-06-30,29,44,178,0.247191011235955,40.2481065749401
"Little Tern","Jun-Jul",2020,2020-06-30,29,45,172,0.261627906976744,45.4287476352074
"Little Tern","Jun-Jul",2020,2020-06-30,29,45,175,0.257142857142857,43.2249481818521
"Little Tern","Jun-Jul",2020,2020-06-30,29,49,168,0.291666666666667,52.9301150318332
"Little Tern","Jun-Jul",2020,2020-06-30,29,45,161,0.279503105590062,54.9381801378284
"Little Tern","Jun-Jul",2020,2020-06-30,29,47,172,0.273255813953488,47.447803085661
"Little Tern","Jun-Jul",2020,2020-06-30,29,42,167,0.251497005988024,46.1543364599916
"Little Tern","Jun-Jul",2020,2020-06-30,29,48,166,0.289156626506024,53.6668007029672
"Little Tern","Jun-Jul",2020,2020-06-30,29,44,166,0.265060240963855,49.1945673110533
"Little Tern","Jun-Jul",2020,2020-07-01,30,44,171,0.257309941520468,45.1703523222816
"Little Tern","Jun-Jul",2020,2020-07-01,30,45,167,0.269461077844311,49.4510747785625
"Little Tern","Jun-Jul",2020,2020-07-01,30,40,176,0.227272727272727,37.7977016818436
"Little Tern","Jun-Jul",2020,2020-07-01,30,42,166,0.253012048192771,46.9584506150963
"Little Tern","Jun-Jul",2020,2020-07-01,30,41,168,0.244047619047619,44.2884635980645
"Little Tern","Jun-Jul",2020,2020-07-01,30,42,168,0.25,45.3686700272856
"Little Tern","Jun-Jul",2020,2020-07-01,30,45,172,0.261627906976744,45.4287476352074
"Little Tern","Jun-Jul",2020,2020-07-01,30,45,171,0.263157894736842,46.1969512386971
"Little Tern","Jun-Jul",2020,2020-07-01,30,53,172,0.308139534883721,53.504969437022
"Little Tern","Jun-Jul",2020,2020-07-01,30,44,172,0.255813953488372,44.4192199099805
"Little Tern","Jun-Jul",2020,2020-07-06,35,43,174,0.247126436781609,41.9901834272198
"Little Tern","Jun-Jul",2020,2020-07-06,35,41,165,0.248484848484848,46.6439045211075
"Little Tern","Jun-Jul",2020,2020-07-06,35,45,172,0.261627906976744,45.4287476352074
"Little Tern","Jun-Jul",2020,2020-07-06,35,47,178,0.264044943820225,42.9922956595951
"Little Tern","Jun-Jul",2020,2020-07-06,35,45,170,0.264705882352941,46.9827657831335
"Little Tern","Jun-Jul",2020,2020-07-06,35,47,168,0.279761904761905,50.769702173391
"Little Tern","Jun-Jul",2020,2020-07-06,35,45,168,0.267857142857143,48.6092893149488
"Little Tern","Jun-Jul",2020,2020-07-06,35,44,161,0.273291925465839,53.7173316903211
"Little Tern","Jun-Jul",2020,2020-07-06,35,43,173,0.248554913294798,42.6919874820825
"Little Tern","Jun-Jul",2020,2020-07-06,35,40,167,0.239520958083832,43.9565109142778
"Little Tern","Jun-Jul",2020,2020-07-06,35,37,169,0.218934911242604,39.2912884601973
"Little Tern","Jun-Jul",2020,2020-07-06,35,49,171,0.286549707602339,50.3033469043591
"Little Tern","Jun-Jul",2020,2020-07-06,35,49,179,0.273743016759777,44.1054135748896
"Little Tern","Jun-Jul",2020,2020-07-06,35,38,174,0.218390804597701,37.1076039589384
"Little Tern","Jun-Jul",2020,2020-07-21,50,43,166,0.259036144578313,48.0765089630748
"Little Tern","Jun-Jul",2020,2020-07-21,50,44,172,0.255813953488372,44.4192199099805
"Little Tern","Jun-Jul",2020,2020-07-22,51,44,168,0.261904761904762,47.5290828857277
"Little Tern","Jun-Jul",2020,2020-07-22,51,45,172,0.261627906976744,45.4287476352074
"Little Tern","Jun-Jul",2020,2020-07-28,57,53,173,0.30635838150289,52.6203566639621
"Little Tern","Jun-Jul",2020,2020-07-28,57,42,167,0.251497005988024,46.1543364599916
"Little Tern","Jun-Jul",2021,2021-06-27,26,46,172,0.267441860465116,46.4382753604342
"Little Tern","Jun-Jul",2021,2021-06-27,26,46,167,0.275449101796407,50.5499875514194
"Little Tern","Jun-Jul",2021,2021-07-01,30,47,174,0.270114942528736,45.8962470018449
"Little Tern","Jun-Jul",2021,2021-07-11,40,42,170,0.247058823529412,43.8505813975913
"Little Tern","Jun-Jul",2021,2021-07-11,40,43,168,0.255952380952381,46.4488764565067
"Little Tern","Jun-Jul",2021,2021-07-11,40,40,178,0.224719101123595,36.5891877954001
"Little Tern","Jun-Jul",2021,2021-07-20,49,45,173,0.260115606936416,44.6776613184584
"Little Tern","Jun-Jul",2021,2021-07-20,49,39,175,0.222857142857143,37.4616217576051
"Little Tern","Jun-Jul",2021,2021-07-20,49,45,165,0.272727272727273,51.1945293524351
"Little Tern","Jun-Jul",2021,2021-07-20,49,43,173,0.248554913294798,42.6919874820825
"Little Tern","Jun-Jul",2021,2021-07-20,49,43,170,0.252941176470588,44.8946428594387
"Little Tern","Jun-Jul",2021,2021-07-20,49,45,166,0.271084337349398,50.3126256590318
"Little Tern","Jun-Jul",2021,2021-07-20,49,44,171,0.257309941520468,45.1703523222816
"Little Tern","Jun-Jul",2021,2021-07-20,49,42,170,0.247058823529412,43.8505813975913
"Little Tern","Jun-Jul",2022,2022-06-23,22,45,167,0.269461077844311,49.4510747785625
"Little Tern","Jun-Jul",2022,2022-06-23,22,47,174,0.270114942528736,45.8962470018449
"Little Tern","Jun-Jul",2022,2022-06-23,22,48,174,0.275862068965517,46.8727628955011
"Little Tern","Jun-Jul",2022,2022-06-23,22,46,172,0.267441860465116,46.4382753604342
"Little Tern","Jun-Jul",2022,2022-06-23,22,45,169,0.266272189349112,47.786702181321
"Little Tern","Jun-Jul",2022,2022-06-23,22,45,177,0.254237288135593,41.8351827383824
"Little Tern","Jun-Jul",2022,2022-06-23,22,46,177,0.259887005649718,42.764853465902
"Little Tern","Jun-Jul",2022,2022-06-23,22,45,172,0.261627906976744,45.4287476352074
"Little Tern","Jun-Jul",2022,2022-06-23,22,42,164,0.25609756097561,48.6242347923704
"Little Tern","Jun-Jul",2022,2022-06-23,22,47,171,0.274853801169591,48.2501490715281
"Little Tern","Jun-Jul",2022,2022-06-30,29,47,170,0.276470588235294,49.0708887068283
"Little Tern","Jun-Jul",2022,2022-06-30,29,44,169,0.260355029585799,46.7247754661805
"Little Tern","Jun-Jul",2022,2022-06-30,29,49,174,0.281609195402299,47.8492787891574
"Little Tern","Jun-Jul",2022,2022-06-30,29,50,165,0.303030303030303,56.8828103915945
"Little Tern","Jun-Jul",2022,2022-06-30,29,44,171,0.257309941520468,45.1703523222816
"Little Tern","Jun-Jul",2022,2022-06-30,29,50,174,0.28735632183908,48.8257946828137
"Little Tern","Jun-Jul",2022,2022-07-01,30,43,171,0.251461988304094,44.1437534058661
"Little Tern","Jun-Jul",2022,2022-07-01,30,42,170,0.247058823529412,43.8505813975913
"Little Tern","Jun-Jul",2022,2022-07-01,30,43,170,0.252941176470588,44.8946428594387
"Little Tern","Jun-Jul",2022,2022-07-01,30,39,173,0.225433526011561,38.7206398093306
"Little Tern","Jun-Jul",2022,2022-07-01,30,42,165,0.254545454545455,47.7815607289394
"Little Tern","Jun-Jul",2022,2022-07-01,30,40,184,0.217391304347826,33.2619104290594
"Little Tern","Jun-Jul",2022,2022-07-01,30,40,184,0.217391304347826,33.2619104290594
"Little Tern","Jun-Jul",2022,2022-07-01,30,40,184,0.217391304347826,33.2619104290594
"Little Tern","Jun-Jul",2022,2022-07-01,30,40,184,0.217391304347826,33.2619104290594
"Little Tern","Jun-Jul",2022,2022-07-01,30,40,184,0.217391304347826,33.2619104290594
"Little Tern","Jun-Jul",2022,2022-07-01,30,40,184,0.217391304347826,33.2619104290594
"Little Tern","Jun-Jul",2022,2022-07-01,30,40,184,0.217391304347826,33.2619104290594
"Little Tern","Jun-Jul",2022,2022-07-10,39,41,165,0.248484848484848,46.6439045211075
"Little Tern","Jun-Jul",2022,2022-07-10,39,40,175,0.228571428571429,38.4221761616463
"Little Tern","Jun-Jul",2022,2022-07-11,40,44,171,0.257309941520468,45.1703523222816
"Little Tern","Jun-Jul",2022,2022-07-11,40,40,178,0.224719101123595,36.5891877954001
"Little Tern","Jun-Jul",2022,2022-07-18,47,45,170,0.264705882352941,46.9827657831335
"Little Tern","Jun-Jul",2022,2022-07-18,47,40,171,0.233918128654971,41.0639566566196
"Little Tern","Jun-Jul",2022,2022-07-18,47,41,168,0.244047619047619,44.2884635980645
"Little Tern","Jun-Jul",2022,2022-07-18,47,46,176,0.261363636363636,43.4673569341202
"Little Tern","Jun-Jul",2022,2022-07-18,47,42,172,0.244186046511628,42.4001644595269
"Little Tern","Jun-Jul",2022,2022-07-18,47,47,178,0.264044943820225,42.9922956595951
"Little Tern","Jun-Jul",2022,2022-07-18,47,46,169,0.272189349112426,48.8486288964615
"Little Tern","Jun-Jul",2022,2022-07-18,47,43,169,0.254437869822485,45.6628487510401
"Little Tern","Jun-Jul",2022,2022-07-19,48,45,169,0.266272189349112,47.786702181321
"Little Tern","Jun-Jul",2022,2022-07-19,48,40,168,0.238095238095238,43.2082571688434
"Little Tern","Jun-Jul",2022,2022-07-29,58,42,173,0.242774566473988,41.6991505638945
"Little Tern","Jun-Jul",2022,2022-07-29,58,45,175,0.257142857142857,43.2249481818521
"Little Tern","Jun-Jul",2022,2022-07-29,58,47,174,0.270114942528736,45.8962470018449
"Little Tern","Jun-Jul",2022,2022-07-29,58,50,183,0.273224043715847,42.2341256821833
"Little Tern","Jun-Jul",2022,2022-07-29,58,42,166,0.253012048192771,46.9584506150963
"Little Tern","Jun-Jul",2022,2022-07-29,58,44,183,0.240437158469945,37.1660306003213
"Little Tern","Jun-Jul",2022,2022-07-29,58,46,177,0.259887005649718,42.764853465902
"Little Tern","Jun-Jul",2022,2022-07-29,58,47,168,0.279761904761905,50.769702173391
"Little Tern","Jun-Jul",2022,2022-07-29,58,50,174,0.28735632183908,48.8257946828137
"Little Tern","Jun-Jul",2023,2023-07-05,34,44,172,0.255813953488372,44.4192199099805
"Little Tern","Jun-Jul",2023,2023-07-05,34,47,175,0.268571428571429,45.1460569899344
"Little Tern","Jun-Jul",2023,2023-07-05,34,48,180,0.266666666666667,42.5186118845186
"Little Tern","Jun-Jul",2023,2023-07-30,59,42,168,0.25,45.3686700272856
"Little Tern","Jun-Jul",2023,2023-07-30,59,39,173,0.225433526011561,38.7206398093306
"Little Tern","Jun-Jul",2023,2023-07-30,59,49,174,0.281609195402299,47.8492787891574
"Little Tern","Jun-Jul",2023,2023-07-30,59,47,180,0.261111111111111,41.6328074702578
"Little Tern","Jun-Jul",2023,2023-07-30,59,44,173,0.254335260115607,43.6848244002704
"Little Tern","Jun-Jul",2023,2023-07-30,59,44,171,0.257309941520468,45.1703523222816
"Little Tern","Jun-Jul",2023,2023-07-30,59,44,172,0.255813953488372,44.4192199099805
"Little Tern","Jun-Jul",2023,2023-07-30,59,47,171,0.274853801169591,48.2501490715281
"Little Tern","Jun-Jul",2023,2023-07-30,59,46,178,0.258426966292135,42.0775659647101
"Little Tern","Jun-Jul",2023,2023-07-30,59,41,177,0.231638418079096,38.116499828304
"Little Tern","Jun-Jul",2023,2023-07-30,59,40,170,0.235294117647059,41.7624584738965
"Little Tern","Jun-Jul",2023,2023-07-30,59,47,172,0.273255813953488,47.447803085661
"Little Tern","Jun-Jul",2023,2023-07-30,59,45,176,0.255681818181818,42.5224143920741
"Little Tern","Jun-Jul",2023,2023-07-31,60,40,176,0.227272727272727,37.7977016818436
"Little Tern","Jun-Jul",2024,2024-07-15,44,43,174,0.247126436781609,41.9901834272198
"Little Tern","Jun-Jul",2024,2024-07-15,44,43,170,0.252941176470588,44.8946428594387
"Little Tern","Jun-Jul",2024,2024-07-15,44,46,173,0.265895953757225,45.6704982366464
"Little Tern","Jun-Jul",2024,2024-07-15,44,41,167,0.245508982035928,45.0554236871347
"Little Tern","Jun-Jul",2024,2024-07-15,44,45,168,0.267857142857143,48.6092893149488
"Little Tern","Jun-Jul",2024,2024-07-15,44,47,172,0.273255813953488,47.447803085661
"Little Tern","Jun-Jul",2024,2024-07-15,44,41,176,0.232954545454545,38.7426442238897
"Little Tern","Jun-Jul",2024,2024-07-15,44,40,180,0.222222222222222,35.4321765704322
"Little Tern","Jun-Jul",2024,2024-07-16,45,40,165,0.242424242424242,45.5062483132756
"Little Tern","Jun-Jul",2024,2024-07-25,54,44,171,0.257309941520468,45.1703523222816
"Little Tern","Jun-Jul",2024,2024-07-25,54,50,177,0.282485875706215,46.4835363759805
"Little Tern","Jun-Jul",2025,2025-06-30,29,40.4,172,0.234883720930233,40.784920099164
"Little Tern","Jun-Jul",2025,2025-06-30,29,40.8,165,0.247272727272727,46.4163732795411
"Little Tern","Jun-Jul",2025,2025-06-30,29,47.4,178,0.266292134831461,43.3581875375491
"Little Tern","Jun-Jul",2025,2025-06-30,29,42.8,162,0.264197530864198,51.330091536753
"Little Tern","Jun-Jul",2025,2025-06-30,29,46.2,172,0.268604651162791,46.6401809054796
"Little Tern","Jun-Jul",2025,2025-06-30,29,49,181,0.270718232044199,42.7183520176422
"Little Tern","Jun-Jul",2025,2025-06-30,29,51.3,168,0.305357142857143,55.4145898190417
"Little Tern","Jun-Jul",2025,2025-07-14,43,45,173,0.260115606936416,44.6776613184584
"Little Tern","Jun-Jul",2026,2026-06-25,24,47,173,0.271676300578035,46.6633351548343
"Little Tern","Jun-Jul",2026,2026-06-25,24,47,177,0.265536723163842,43.6945241934216
"Little Tern","Jun-Jul",2026,2026-06-25,24,49,170,0.288235294117647,51.1590116305232
"Little Tern","Jun-Jul",2026,2026-06-26,25,51,167,0.305389221556886,56.0445514157041
"Little Tern","Jun-Jul",2026,2026-07-02,31,52,173,0.300578034682081,51.6275197457741
"Little Tern","Jun-Jul",2026,2026-07-02,31,49,179,0.273743016759777,44.1054135748896
"Little Tern","Jun-Jul",2026,2026-07-02,31,42,177,0.23728813559322,39.0461705558236
"Little Tern","Jun-Jul",2026,2026-07-02,31,47,170,0.276470588235294,49.0708887068283
"Little Tern","Jun-Jul",2026,2026-07-02,31,39,166,0.234939759036145,43.6042755711609
"Little Tern","Jun-Jul",2026,2026-07-02,31,45,169,0.266272189349112,47.786702181321
"Little Tern","Jun-Jul",2026,2026-07-02,31,43,168,0.255952380952381,46.4488764565067
"Little Tern","Jun-Jul",2026,2026-07-02,31,48,172,0.27906976744186,48.4573308108879
"Little Tern","Jun-Jul",2026,2026-07-03,32,52,167,0.311377245508982,57.1434641885611
"Little Tern","Jun-Jul",2026,2026-07-03,32,39,175,0.222857142857143,37.4616217576051
"Little Tern","Jun-Jul",2026,2026-07-09,38,45,167,0.269461077844311,49.4510747785625
"Little Tern","Jun-Jul",2026,2026-07-09,38,44,173,0.254335260115607,43.6848244002704
"Little Tern","Jun-Jul",2026,2026-07-09,38,48,178,0.269662921348315,43.9070253544801
"Little Tern","Jun-Jul",2026,2026-07-09,38,65,171,0.380116959064327,66.7289295670069
"Little Tern","Jun-Jul",2026,2026-07-09,38,42,174,0.241379310344828,41.0136675335635
"Little Tern","Jun-Jul",2026,2026-07-16,45,47,176,0.267045454545455,44.4122994761663
"Little Tern","Jun-Jul",2026,2026-07-16,45,41,166,0.246987951807229,45.8403922671179
"Little Tern","Jun-Jul",2026,2026-07-16,45,44,172,0.255813953488372,44.4192199099805
"Little Tern","Jun-Jul",2026,2026-07-16,45,45,172,0.261627906976744,45.4287476352074
"Common Tern","Jun-Aug",2010,2010-06-29,28,151,279,0.541218637992832,131.905138126924
"Common Tern","Jun-Aug",2010,2010-06-29,28,105,267,0.393258426966292,105.536368971687
"Common Tern","Jun-Aug",2010,2010-06-29,28,100,255,0.392156862745098,116.397375741845
"Common Tern","Jun-Aug",2010,2010-06-29,28,102,257,0.396887159533074,115.801993224039
"Common Tern","Jun-Aug",2010,2010-06-29,28,102,265,0.384905660377359,105.010638823092
"Common Tern","Jun-Aug",2010,2010-06-29,28,98,267,0.367041198501873,98.5006110402417
"Common Tern","Jun-Aug",2010,2010-07-01,30,105,259,0.405405405405405,116.295194550105
"Common Tern","Jun-Aug",2010,2010-07-01,30,120,273,0.43956043956044,112.355738006068
"Common Tern","Jun-Aug",2010,2010-07-01,30,110,271,0.40590405904059,105.437989079176
"Common Tern","Jun-Aug",2010,2010-07-01,30,112,274,0.408759124087591,103.648921080642
"Common Tern","Jun-Aug",2010,2010-07-01,30,112,262,0.427480916030534,119.572129385457
"Common Tern","Jun-Aug",2010,2010-07-01,30,104,264,0.393939393939394,108.369267182284
"Common Tern","Jun-Aug",2010,2010-07-01,30,109,261,0.417624521072797,117.79808173102
"Common Tern","Jun-Aug",2010,2010-07-01,30,116,280,0.414285714285714,100.180751613917
"Common Tern","Jun-Aug",2010,2010-07-01,30,101,275,0.367272727272727,92.3888048690964
"Common Tern","Jun-Aug",2010,2010-07-01,30,116,279,0.415770609318996,101.331099488233
"Common Tern","Jun-Aug",2010,2010-07-01,30,102,272,0.375,96.6273402836061
"Common Tern","Jun-Aug",2010,2010-07-01,30,96,264,0.363636363636364,100.033169706723
"Common Tern","Jun-Aug",2010,2010-07-01,30,115,269,0.427509293680297,112.867309736982
"Common Tern","Jun-Aug",2010,2010-07-01,30,107,261,0.409961685823755,115.636649038708
"Common Tern","Jun-Aug",2010,2010-07-01,30,120,268,0.447761194029851,119.182691588426
"Common Tern","Jun-Aug",2010,2010-07-01,30,108,259,0.416988416988417,119.617914394394
"Common Tern","Jun-Aug",2010,2010-07-01,30,108,266,0.406015037593985,109.859331196597
"Common Tern","Jun-Aug",2010,2010-07-01,30,110,272,0.404411764705882,104.20595520781
"Common Tern","Jun-Aug",2010,2010-07-01,30,106,262,0.404580152671756,113.16647959695
"Common Tern","Jun-Aug",2010,2010-07-01,30,104,262,0.396946564885496,111.031263000782
"Common Tern","Jun-Aug",2010,2010-07-01,30,110,267,0.411985018726592,110.561910351292
"Common Tern","Jun-Aug",2010,2010-07-13,42,120,265,0.452830188679245,123.541928027167
"Common Tern","Jun-Aug",2010,2010-07-13,42,102,260,0.392307692307692,111.591731530997
"Common Tern","Jun-Aug",2010,2010-07-13,42,131,267,0.49063670411985,131.669184145629
"Common Tern","Jun-Aug",2010,2010-07-13,42,136,269,0.505576208178439,133.477861949822
"Common Tern","Jun-Aug",2010,2010-07-13,42,128,268,0.477611940298507,127.128204360988
"Common Tern","Jun-Aug",2010,2010-07-13,42,110,256,0.4296875,126.447904767056
"Common Tern","Jun-Aug",2010,2010-07-13,42,114,261,0.436781609195402,123.201663461801
"Common Tern","Jun-Aug",2010,2010-07-13,42,112,261,0.42911877394636,121.040230769489
"Common Tern","Jun-Aug",2010,2010-07-13,42,125,265,0.471698113207547,128.689508361633
"Common Tern","Jun-Aug",2010,2010-07-13,42,130,276,0.471014492753623,117.546814947089
"Common Tern","Jun-Aug",2010,2010-07-13,42,110,272,0.404411764705882,104.20595520781
"Common Tern","Jun-Aug",2010,2010-07-13,42,112,260,0.430769230769231,122.53209736737
"Common Tern","Jun-Aug",2010,2010-07-14,43,100,259,0.386100386100386,110.757328142957
"Common Tern","Jun-Aug",2010,2010-07-14,43,116,258,0.449612403100775,130.074374349454
"Common Tern","Jun-Aug",2010,2010-07-14,43,130,274,0.474452554744526,120.306783397173
"Common Tern","Jun-Aug",2010,2010-07-14,43,116,275,0.421818181818182,106.109914503121
"Common Tern","Jun-Aug",2010,2010-07-14,43,110,266,0.413533834586466,111.893763255793
"Common Tern","Jun-Aug",2010,2010-07-14,43,110,275,0.4,100.621470649511
"Common Tern","Jun-Aug",2010,2010-07-14,43,109,273,0.399267399267399,102.056462022178
"Common Tern","Jun-Aug",2010,2010-07-14,43,108,267,0.404494382022472,108.55169379945
"Common Tern","Jun-Aug",2010,2010-07-14,43,120,262,0.458015267175573,128.112995770133
"Common Tern","Jun-Aug",2010,2010-07-14,43,108,268,0.402985074626866,107.264422429583
"Common Tern","Jun-Aug",2010,2010-07-14,43,108,273,0.395604395604396,101.120164205461
"Common Tern","Jun-Aug",2010,2010-07-14,43,108,270,0.4,104.749421026738
"Common Tern","Jun-Aug",2010,2010-07-14,43,106,263,0.403041825095057,111.799076475848
"Common Tern","Jun-Aug",2010,2010-07-14,43,111,274,0.405109489051095,102.723484285279
"Common Tern","Jun-Aug",2010,2010-07-22,51,114,277,0.411552346570397,101.896694690397
"Common Tern","Jun-Aug",2010,2010-07-22,51,100,273,0.366300366300366,93.6297816717232
"Common Tern","Jun-Aug",2010,2010-07-22,51,95,262,0.362595419847328,101.422788318022
"Common Tern","Jun-Aug",2010,2010-07-27,56,104.5,260,0.401923076923077,114.326822990091
"Common Tern","Jun-Aug",2010,2010-07-27,56,112.4,272,0.413235294117647,106.479539685072
"Common Tern","Jun-Aug",2010,2010-07-27,56,111.5,261,0.4272030651341,120.49987259641
"Common Tern","Jun-Aug",2010,2010-07-27,56,117.1,282,0.415248226950355,98.8596706469702
"Common Tern","Jun-Aug",2010,2010-07-27,56,106.5,267,0.398876404494382,107.044031385569
"Common Tern","Jun-Aug",2010,2010-07-27,56,122,257,0.474708171206226,138.508266405223
"Common Tern","Jun-Aug",2010,2010-08-03,63,109.8,258,0.425581395348837,123.122123306638
"Common Tern","Jun-Aug",2010,2010-08-03,63,121.2,260,0.466153846153846,132.597233936832
"Common Tern","Jun-Aug",2010,2010-08-03,63,135.5,269,0.503717472118959,132.987134516183
"Common Tern","Jun-Aug",2010,2010-08-03,63,128.2,260,0.493076923076923,140.255490022293
"Common Tern","Jun-Aug",2010,2010-08-03,63,115.6,269,0.429739776951673,113.456182657349
"Common Tern","Jun-Aug",2010,2010-08-03,63,110.6,276,0.400724637681159,100.005213331908
"Common Tern","Jun-Aug",2010,2010-08-03,63,115,262,0.438931297709924,122.77495427971
"Common Tern","Jun-Aug",2010,2010-08-03,63,122.3,251,0.487250996015936,149.720551297213
"Common Tern","Jun-Aug",2010,2010-08-03,63,119.6,272,0.439705882352941,113.300293116856
"Common Tern","Jun-Aug",2010,2010-08-03,63,128.2,268,0.478358208955224,127.326842180302
"Common Tern","Jun-Aug",2010,2010-08-03,63,114.3,264,0.432954545454545,119.101992682068
"Common Tern","Jun-Aug",2010,2010-08-03,63,122.5,272,0.450367647058824,116.04754102688
"Common Tern","Jun-Aug",2010,2010-08-04,64,116.6,262,0.445038167938931,124.483127556645
"Common Tern","Jun-Aug",2010,2010-08-04,64,125.9,259,0.486100386100386,139.443476131983
"Common Tern","Jun-Aug",2010,2010-08-04,64,117,258,0.453488372093023,131.195705162811
"Common Tern","Jun-Aug",2010,2010-08-04,64,115.4,266,0.433834586466165,117.386729815623
"Common Tern","Jun-Aug",2010,2010-08-04,64,107.5,260,0.413461538461538,117.608932741002
"Common Tern","Jun-Aug",2010,2010-08-04,64,113.8,264,0.431060606060606,118.580986589845
"Common Tern","Jun-Aug",2010,2010-08-04,64,115,265,0.433962264150943,118.394347692702
"Common Tern","Jun-Aug",2010,2010-08-04,64,117.2,266,0.440601503759398,119.217718668899
"Common Tern","Jun-Aug",2010,2010-08-04,64,113.5,281,0.403914590747331,96.9128501294514
"Common Tern","Jun-Aug",2010,2010-08-04,64,123,269,0.45724907063197,120.718948675207
"Common Tern","Jun-Aug",2010,2010-08-04,64,111.5,270,0.412962962962963,108.144078189642
"Common Tern","Jun-Aug",2010,2010-08-09,69,121.5,275,0.441818181818182,111.140988035596
"Common Tern","Jun-Aug",2010,2010-08-09,69,114.3,266,0.429699248120301,116.267792183065
"Common Tern","Jun-Aug",2010,2010-08-09,69,116.7,266,0.438721804511278,118.7091106541
"Common Tern","Jun-Aug",2010,2010-08-09,69,124.1,270,0.45962962962963,120.364843976095
"Common Tern","Jun-Aug",2010,2010-08-10,70,125.5,260,0.482692307692308,137.301591246472
"Common Tern","Jun-Aug",2010,2010-08-10,70,106.8,265,0.403018867924528,109.952315944179
"Common Tern","Jun-Aug",2010,2010-08-10,70,122.5,270,0.453703703703704,118.813000701624
"Common Tern","Jun-Aug",2010,2010-08-10,70,108.9,255,0.427058823529412,126.756742182869
"Common Tern","Jun-Aug",2010,2010-08-10,70,129.6,274,0.472992700729927,119.936608679028
"Common Tern","Jun-Aug",2010,2010-08-16,76,114.9,261,0.440229885057471,124.174308173341
"Common Tern","Jun-Aug",2010,2010-08-16,76,131.8,262,0.503053435114504,140.710773687529
"Common Tern","Jun-Aug",2010,2010-08-16,76,120,266,0.451127819548872,122.065923551774
"Common Tern","Jun-Aug",2010,2010-08-16,76,123.1,280,0.439642857142857,106.312504514424
"Common Tern","Jun-Aug",2010,2010-08-16,76,120.6,258,0.467441860465116,135.232496090898
"Common Tern","Jun-Aug",2010,2010-08-16,76,126.4,260,0.486153846153846,138.286224171746
"Common Tern","Jun-Aug",2010,2010-08-16,76,114.2,284,0.402112676056338,94.2614349742206
"Common Tern","Jun-Aug",2010,2010-08-16,76,117.1,267,0.438576779026217,117.69817911033
"Common Tern","Jun-Aug",2010,2010-08-16,76,120.6,260,0.463846153846154,131.94081198665
"Common Tern","Jun-Aug",2010,2010-08-16,76,109.7,267,0.410861423220974,110.260377868515
"Common Tern","Jun-Aug",2010,2010-08-16,76,118.1,256,0.461328125,135.759068663539
"Common Tern","Jun-Aug",2010,2010-08-16,76,123.4,279,0.442293906810036,107.795324800413
"Common Tern","Jun-Aug",2010,2010-08-16,76,123.3,262,0.470610687022901,131.636103153811
"Common Tern","Jun-Aug",2010,2010-08-29,89,108.2,265,0.408301886792453,111.393638437829
"Common Tern","Jun-Aug",2010,2010-08-29,89,122,242,0.504132231404959,167.811177477664
"Common Tern","Jun-Aug",2010,2010-08-29,89,118.7,271,0.438007380073801,113.777175488166
"Common Tern","Jun-Aug",2010,2010-08-29,89,129.5,270,0.47962962962963,125.602315027431
"Common Tern","Jun-Aug",2010,2010-08-29,89,114.8,254,0.451968503937008,135.310228359073
"Common Tern","Jun-Aug",2010,2010-08-29,89,120.8,271,0.445756457564576,115.790082552404
"Common Tern","Jun-Aug",2010,2010-08-29,89,115.6,264,0.437878787878788,120.456608521846
"Common Tern","Jun-Aug",2010,2010-08-29,89,118.6,273,0.434432234432234,111.044921062664
"Common Tern","Jun-Aug",2010,2010-08-29,89,113.2,266,0.425563909774436,115.148854550507
"Common Tern","Jun-Aug",2010,2010-08-30,90,123.4,274,0.45036496350365,114.198900547778
"Common Tern","Jun-Aug",2011,2011-06-06,5,118.1,268,0.440671641791045,117.295632304943
"Common Tern","Jun-Aug",2011,2011-06-06,5,115,279,0.412186379928315,100.457555527128
"Common Tern","Jun-Aug",2011,2011-06-06,5,126,268,0.470149253731343,125.141826167847
"Common Tern","Jun-Aug",2011,2011-06-06,5,117.4,268,0.438059701492537,116.600399937343
"Common Tern","Jun-Aug",2011,2011-06-06,5,124,273,0.454212454212454,116.100929272937
"Common Tern","Jun-Aug",2011,2011-06-06,5,118.7,271,0.438007380073801,113.777175488166
"Common Tern","Jun-Aug",2011,2011-06-06,5,135.5,275,0.492727272727273,123.947357027352
"Common Tern","Jun-Aug",2011,2011-06-06,5,104.5,277,0.377256317689531,93.4053034661976
"Common Tern","Jun-Aug",2011,2011-06-06,5,116,265,0.437735849056604,119.423863759595
"Common Tern","Jun-Aug",2011,2011-06-06,5,106.5,272,0.391544117647059,100.890311178471
"Common Tern","Jun-Aug",2011,2011-06-06,5,122.8,278,0.441726618705036,108.507412192249
"Common Tern","Jun-Aug",2011,2011-06-06,5,111,276,0.402173913043478,100.366895839438
"Common Tern","Jun-Aug",2011,2011-06-07,6,109,257,0.424124513618677,123.749188837453
"Common Tern","Jun-Aug",2011,2011-06-07,6,116,267,0.434456928838951,116.592560006817
"Common Tern","Jun-Aug",2011,2011-06-07,6,116.5,272,0.428308823529412,110.363579833727
"Common Tern","Jun-Aug",2011,2011-06-07,6,120.2,273,0.44029304029304,112.542997569411
"Common Tern","Jun-Aug",2011,2011-06-07,6,121.7,272,0.447426470588235,115.289679534459
"Common Tern","Jun-Aug",2011,2011-06-07,6,119.2,264,0.451515151515152,124.207852385848
"Common Tern","Jun-Aug",2011,2011-06-07,6,123.6,271,0.456088560885609,118.473958638056
"Common Tern","Jun-Aug",2011,2011-06-07,6,111.5,277,0.402527075812274,99.66211805245
"Common Tern","Jun-Aug",2011,2011-06-07,6,124.9,265,0.471320754716981,128.586556754943
"Common Tern","Jun-Aug",2011,2011-06-07,6,110.5,278,0.397482014388489,97.6389987560546
"Common Tern","Jun-Aug",2011,2011-06-20,19,128.4,266,0.482706766917293,130.610538200398
"Common Tern","Jun-Aug",2011,2011-06-20,19,120.5,271,0.444649446494465,115.50252440037
"Common Tern","Jun-Aug",2011,2011-06-20,19,105.1,275,0.382181818181818,96.1392415023963
"Common Tern","Jun-Aug",2011,2011-06-20,19,98.8,263,0.375665399239544,104.205176941639
"Common Tern","Jun-Aug",2011,2011-06-20,19,109.7,275,0.398909090909091,100.34704845683
"Common Tern","Jun-Aug",2011,2011-06-21,20,104.8,274,0.382481751824818,96.9857761540289
"Common Tern","Jun-Aug",2011,2011-06-21,20,109,263,0.414448669201521,114.963201281768
"Common Tern","Jun-Aug",2011,2011-07-03,32,98.7,277,0.356317689530686,88.2210856661598
"Common Tern","Jun-Aug",2011,2011-07-03,32,96.1,272,0.353308823529412,91.0381117770053
"Common Tern","Jun-Aug",2011,2011-07-03,32,109.6,261,0.41992337164751,118.446511538714
"Common Tern","Jun-Aug",2011,2011-07-03,32,124.5,268,0.46455223880597,123.652042522992
"Common Tern","Jun-Aug",2011,2011-07-03,32,112.5,273,0.412087912087912,105.333504380689
"Common Tern","Jun-Aug",2011,2011-07-03,32,108,264,0.409090909090909,112.537315920064
"Common Tern","Jun-Aug",2011,2011-07-03,32,120.8,269,0.44907063197026,118.559747967195
"Common Tern","Jun-Aug",2011,2011-07-03,32,102.5,265,0.386792452830189,105.525396856539
"Common Tern","Jun-Aug",2011,2011-07-03,32,111,270,0.411111111111111,107.65912716637
"Common Tern","Jun-Aug",2011,2011-07-03,32,121,256,0.47265625,139.092695243761
"Common Tern","Jun-Aug",2011,2011-07-03,32,108.5,267,0.406367041198502,109.05424793741
"Common Tern","Jun-Aug",2011,2011-07-03,32,116.6,269,0.433457249070632,114.437637524627
"Common Tern","Jun-Aug",2011,2011-07-03,32,109.5,271,0.404059040590406,104.958725492453
"Common Tern","Jun-Aug",2011,2011-07-03,32,115.1,266,0.432706766917293,117.081565006743
"Common Tern","Jun-Aug",2011,2011-07-03,32,107,259,0.413127413127413,118.510341112964
"Common Tern","Jun-Aug",2011,2011-07-03,32,116.5,273,0.426739926739927,109.078695647557
"Common Tern","Jun-Aug",2011,2011-07-04,33,113.4,271,0.418450184501845,108.696981468896
"Common Tern","Jun-Aug",2011,2011-07-04,33,122.5,285,0.429824561403509,99.9845062206494
"Common Tern","Jun-Aug",2011,2011-07-04,33,112,270,0.414814814814815,108.629029212914
"Common Tern","Jun-Aug",2011,2011-07-13,42,100.4,269,0.373234200743494,98.5380686747215
"Common Tern","Jun-Aug",2011,2011-07-13,42,127.3,267,0.476779026217228,127.950283524722
"Common Tern","Jun-Aug",2011,2011-07-13,42,109,262,0.416030534351145,116.369304491204
"Common Tern","Jun-Aug",2011,2011-07-13,42,108.2,269,0.402230483271375,106.193416639491
"Common Tern","Jun-Aug",2011,2011-07-13,42,112.7,258,0.436821705426357,126.373982665374
"Common Tern","Jun-Aug",2011,2011-07-13,42,114,278,0.410071942446043,100.731636725703
"Common Tern","Jun-Aug",2011,2011-07-13,42,116.4,265,0.439245283018868,119.835670186352
"Common Tern","Jun-Aug",2011,2011-07-13,42,118.1,268,0.440671641791045,117.295632304943
"Common Tern","Jun-Aug",2011,2011-07-13,42,117.7,267,0.440823970037453,118.301244075882
"Common Tern","Jun-Aug",2011,2011-07-13,42,89.7,257,0.349027237354086,101.837635217611
"Common Tern","Jun-Aug",2011,2011-07-13,42,105,263,0.399239543726236,110.744368207208
"Common Tern","Jun-Aug",2011,2011-07-13,42,117.9,264,0.446590909090909,122.85323654607
"Common Tern","Jun-Aug",2011,2011-07-13,42,104.2,275,0.378909090909091,95.3159749243549
"Common Tern","Jun-Aug",2011,2011-07-13,42,111.8,273,0.40952380952381,104.678095908987
"Common Tern","Jun-Aug",2011,2011-07-13,42,106,276,0.384057971014493,95.8458644953188
"Common Tern","Jun-Aug",2011,2011-07-13,42,116,267,0.434456928838951,116.592560006817
"Common Tern","Jun-Aug",2011,2011-07-13,42,125.8,265,0.474716981132075,129.513121215147
"Common Tern","Jun-Aug",2011,2011-07-13,42,118.4,268,0.441791044776119,117.593589033914
"Common Tern","Jun-Aug",2011,2011-07-13,42,119.2,258,0.462015503875969,133.662632952197
"Common Tern","Jun-Aug",2011,2011-07-13,42,113.4,264,0.429545454545455,118.164181716067
"Common Tern","Jun-Aug",2011,2011-07-13,42,110.8,253,0.437944664031621,132.249954351678
"Common Tern","Jun-Aug",2011,2011-07-13,42,126.7,261,0.48544061302682,136.926761057984
"Common Tern","Jun-Aug",2011,2011-07-13,42,129,275,0.469090909090909,118.001542852608
"Common Tern","Jun-Aug",2011,2011-07-13,42,111.3,265,0.42,114.585138245198
"Common Tern","Jun-Aug",2011,2011-07-13,42,102.3,265,0.386037735849057,105.31949364316
"Common Tern","Jun-Aug",2011,2011-07-13,42,108.7,275,0.395272727272727,99.4323078145622
"Common Tern","Jun-Aug",2011,2011-07-13,42,101.8,261,0.390038314176245,110.016924038696
"Common Tern","Jun-Aug",2011,2011-07-13,42,112,279,0.401433691756272,97.8369236438112
"Common Tern","Jun-Aug",2011,2011-07-13,42,125.8,260,0.483846153846154,137.629802221564
"Common Tern","Jun-Aug",2011,2011-07-13,42,122.7,276,0.444565217391304,110.946109184676
"Common Tern","Jun-Aug",2011,2011-07-13,42,117.9,281,0.419572953736655,100.669824055175
"Common Tern","Jun-Aug",2011,2011-07-13,42,107.8,278,0.387769784172662,95.2532494651827
"Common Tern","Jun-Aug",2011,2011-07-13,42,112.9,270,0.418148148148148,109.501941054803
"Common Tern","Jun-Aug",2011,2011-07-14,43,111.2,265,0.419622641509434,114.482186638508
"Common Tern","Jun-Aug",2011,2011-07-14,43,121.4,268,0.452985074626866,120.573156323624
"Common Tern","Jun-Aug",2011,2011-07-14,43,108.3,282,0.384042553191489,91.4304212729878
"Common Tern","Jun-Aug",2011,2011-07-14,43,124.5,276,0.451086956521739,112.573680468558
"Common Tern","Jun-Aug",2011,2011-07-14,43,113.4,275,0.412363636363636,103.731588833223
"Common Tern","Jun-Aug",2011,2011-07-20,49,116.2,270,0.43037037037037,112.702617808398
"Common Tern","Jun-Aug",2011,2011-07-20,49,108.7,276,0.393840579710145,98.287221421143
"Common Tern","Jun-Aug",2011,2011-07-20,49,133.7,274,0.487956204379562,123.730899540016
"Common Tern","Jun-Aug",2011,2011-07-20,49,108.7,264,0.411742424242424,113.266724449175
"Common Tern","Jun-Aug",2011,2011-07-20,49,125.6,270,0.465185185185185,121.81969704591
"Common Tern","Jun-Aug",2011,2011-07-20,49,113.3,282,0.40177304964539,95.6515856900233
"Common Tern","Jun-Aug",2011,2011-07-20,49,116.1,267,0.434831460674157,116.693070834409
"Common Tern","Jun-Aug",2011,2011-07-20,49,106.8,270,0.395555555555556,103.585538570886
"Common Tern","Jun-Aug",2011,2011-07-20,49,96.5,265,0.364150943396226,99.3483004551803
"Common Tern","Jun-Aug",2011,2011-07-20,49,138.9,263,0.528136882129278,146.498978514106
"Common Tern","Jun-Aug",2011,2011-07-20,49,113.1,279,0.405376344086021,98.7978220010272
"Common Tern","Jun-Aug",2011,2011-07-20,49,120.5,278,0.433453237410072,106.475107240765
"Common Tern","Jun-Aug",2011,2011-07-20,49,115.7,271,0.426937269372694,110.901593967824
"Common Tern","Jun-Aug",2011,2011-07-21,50,125.6,268,0.46865671641791,124.744550529219
"Common Tern","Jun-Aug",2011,2011-07-21,50,110.5,266,0.415413533834586,112.402371270592
"Common Tern","Jun-Aug",2011,2011-07-21,50,102,263,0.387832699619772,107.580243401288
"Common Tern","Jun-Aug",2011,2011-07-21,50,115.8,261,0.44367816091954,125.146952884882
"Common Tern","Jun-Aug",2011,2011-07-21,50,101.6,268,0.37910447761194,100.908012211534
"Common Tern","Jun-Aug",2011,2011-07-21,50,107.5,264,0.40719696969697,112.016309827841
"Common Tern","Jun-Aug",2011,2011-07-26,55,125.9,263,0.478707224334601,132.787771021785
"Common Tern","Jun-Aug",2011,2011-07-26,55,121.5,270,0.45,117.84309865508
"Common Tern","Jun-Aug",2011,2011-07-26,55,120.5,267,0.451310861423221,121.11554724846
"Common Tern","Jun-Aug",2011,2011-07-26,55,125.2,282,0.443971631205674,105.697957002568
"Common Tern","Jun-Aug",2011,2011-07-26,55,122.6,261,0.469731800766284,132.495824038744
"Common Tern","Jun-Aug",2011,2011-07-26,55,113.1,252,0.448809523809524,136.712132752362
"Common Tern","Jun-Aug",2011,2011-07-26,55,106.5,263,0.404942965779468,112.326430610168
"Common Tern","Jun-Aug",2011,2011-07-26,55,107.2,262,0.409160305343511,114.447609554652
"Common Tern","Jun-Aug",2011,2011-07-26,55,120.8,265,0.455849056603774,124.365540880682
"Common Tern","Jun-Aug",2011,2011-07-27,56,134,285,0.470175438596491,109.370806804629
"Common Tern","Jun-Aug",2011,2011-07-27,56,141.6,272,0.520588235294118,134.141484158418
"Common Tern","Jun-Aug",2011,2011-07-27,56,130.9,293,0.446757679180887,97.8070269940006
"Common Tern","Jun-Aug",2011,2011-07-27,56,115.5,264,0.4375,120.352407303402
"Common Tern","Jun-Aug",2011,2011-07-27,56,115.7,250,0.4628,143.456696120714
"Common Tern","Jun-Aug",2011,2011-07-31,60,117.1,257,0.455642023346303,132.945229475833
"Common Tern","Jun-Aug",2011,2011-07-31,60,115.1,260,0.442692307692308,125.923610776645
"Common Tern","Jun-Aug",2011,2011-08-01,61,120.2,272,0.441911764705882,113.868689236171
"Common Tern","Jun-Aug",2011,2011-08-01,61,116.3,271,0.429151291512915,111.476710271893
"Common Tern","Jun-Aug",2011,2011-08-10,70,118.7,271,0.438007380073801,113.777175488166
"Common Tern","Jun-Aug",2011,2011-08-10,70,140.6,274,0.513138686131387,130.11641342802
"Common Tern","Jun-Aug",2011,2011-08-10,70,127.6,275,0.464,116.720905953433
"Common Tern","Jun-Aug",2011,2011-08-10,70,118.3,269,0.439776951672862,116.106110799
"Common Tern","Jun-Aug",2011,2011-08-10,70,121.1,254,0.476771653543307,142.735789671461
"Common Tern","Jun-Aug",2011,2011-08-10,70,115.3,268,0.430223880597015,114.514702834546
"Common Tern","Jun-Aug",2011,2011-08-10,70,113.7,255,0.445882352941177,132.343816218477
"Common Tern","Jun-Aug",2011,2011-08-10,70,132.7,268,0.495149253731343,131.796193114868
"Common Tern","Jun-Aug",2011,2011-08-10,70,104.2,267,0.390262172284644,104.732282350951
"Common Tern","Jun-Aug",2011,2011-08-10,70,126.4,265,0.476981132075472,130.130830855283
"Common Tern","Jun-Aug",2011,2011-08-10,70,109.3,258,0.423643410852713,122.561457899959
"Common Tern","Jun-Aug",2011,2011-08-10,70,119,262,0.454198473282443,127.045387472048
"Common Tern","Jun-Aug",2011,2011-08-11,71,110,268,0.41044776119403,109.250800622724
"Common Tern","Jun-Aug",2011,2011-08-11,71,124.5,266,0.468045112781955,126.643395684965
"Common Tern","Jun-Aug",2011,2011-08-11,71,138.3,272,0.508455882352941,131.015305502184
"Common Tern","Jun-Aug",2011,2011-08-11,71,119.8,280,0.427857142857143,103.462534856442
"Common Tern","Jun-Aug",2011,2011-08-11,71,121.2,270,0.448888888888889,117.552128041117
"Common Tern","Jun-Aug",2011,2011-08-11,71,111.2,276,0.402898550724638,100.547737093202
"Common Tern","Jun-Aug",2011,2011-08-15,75,113.6,270,0.420740740740741,110.180872487384
"Common Tern","Jun-Aug",2011,2011-08-15,75,121.4,268,0.452985074626866,120.573156323624
"Common Tern","Jun-Aug",2011,2011-08-15,75,99.6,264,0.377272727272727,103.784413570726
"Common Tern","Jun-Aug",2011,2011-08-15,75,105,277,0.379061371841155,93.852218793787
"Common Tern","Jun-Aug",2011,2011-08-15,75,117.3,268,0.437686567164179,116.501081027686
"Common Tern","Jun-Aug",2011,2011-08-15,75,116.7,267,0.437078651685393,117.296135799961
"Common Tern","Jun-Aug",2011,2011-08-15,75,139.7,265,0.527169811320755,143.82339454496
"Common Tern","Jun-Aug",2011,2011-08-15,75,104.6,253,0.413438735177866,124.849686147884
"Common Tern","Jun-Aug",2011,2011-08-15,75,109.7,263,0.417110266159696,115.701497069816
"Common Tern","Jun-Aug",2011,2011-08-15,75,103.3,262,0.394274809160305,110.283937192122
"Common Tern","Jun-Aug",2011,2011-08-15,75,111,265,0.418867924528302,114.27628342513
"Common Tern","Jun-Aug",2011,2011-08-16,76,103.8,265,0.391698113207547,106.8637677435
"Common Tern","Jun-Aug",2011,2011-08-22,82,123.4,269,0.458736059479554,121.111530622118
"Common Tern","Jun-Aug",2011,2011-08-22,82,112.2,271,0.414022140221402,107.54674886076
"Common Tern","Jun-Aug",2011,2011-08-22,82,115.1,265,0.434339622641509,118.497299299391
"Common Tern","Jun-Aug",2011,2011-08-22,82,122.6,260,0.471538461538462,134.128885153924
"Common Tern","Jun-Aug",2011,2011-08-22,82,137,267,0.51310861423221,137.699833801154
"Common Tern","Jun-Aug",2011,2011-08-22,82,125.3,267,0.469288389513109,125.94006697288
"Common Tern","Jun-Aug",2011,2011-08-22,82,118.9,260,0.457307692307692,130.080949794467
"Common Tern","Jun-Aug",2011,2011-08-22,82,122.3,266,0.459774436090226,124.40552041985
"Common Tern","Jun-Aug",2011,2011-08-22,82,119.7,255,0.469411764705882,139.327658762988
"Common Tern","Jun-Aug",2011,2011-08-22,82,135.7,270,0.502592592592593,131.615707716003
"Common Tern","Jun-Aug",2011,2011-08-23,83,94.6,253,0.373913043478261,112.913769690151
"Common Tern","Jun-Aug",2011,2011-08-23,83,127.9,271,0.471955719557196,122.595625483878
"Common Tern","Jun-Aug",2011,2011-08-30,90,125.8,267,0.471161048689139,126.442621110841
"Common Tern","Jun-Aug",2011,2011-08-30,90,129.8,264,0.491666666666667,135.253181540966
"Common Tern","Jun-Aug",2011,2011-08-30,90,132.6,257,0.515953307392996,150.542591191251
"Common Tern","Jun-Aug",2011,2011-08-30,90,123,276,0.445652173913043,111.217371065323
"Common Tern","Jun-Aug",2011,2011-08-30,90,125.6,260,0.483076923076923,137.410994904836
"Common Tern","Jun-Aug",2011,2011-08-30,90,114,265,0.430188679245283,117.364831625809
"Common Tern","Jun-Aug",2012,2012-06-24,23,108.5,272,0.398897058823529,102.784964909522
"Common Tern","Jun-Aug",2012,2012-06-24,23,111.6,267,0.417977528089888,112.170083592765
"Common Tern","Jun-Aug",2012,2012-06-24,23,100.9,273,0.36959706959707,94.4724497067687
"Common Tern","Jun-Aug",2012,2012-06-24,23,118.7,274,0.433211678832117,109.849347609573
"Common Tern","Jun-Aug",2012,2012-06-24,23,119.8,265,0.452075471698113,123.336024813789
"Common Tern","Jun-Aug",2012,2012-06-24,23,104.2,275,0.378909090909091,95.3159749243549
"Common Tern","Jun-Aug",2012,2012-06-24,23,107,269,0.397769516728625,105.015670798757
"Common Tern","Jun-Aug",2012,2012-06-24,23,125,268,0.466417910447761,124.148637071277
"Common Tern","Jun-Aug",2012,2012-06-24,23,110.7,253,0.437549407114625,132.130595187101
"Common Tern","Jun-Aug",2012,2012-06-24,23,106.6,273,0.39047619047619,99.8093472620569
"Common Tern","Jun-Aug",2012,2012-06-24,23,113.8,272,0.418382352941176,107.805797296808
"Common Tern","Jun-Aug",2012,2012-06-24,23,117.2,274,0.427737226277372,108.461192416528
"Common Tern","Jun-Aug",2012,2012-06-24,23,123.4,264,0.467424242424242,128.584303560517
"Common Tern","Jun-Aug",2012,2012-06-24,23,123.2,280,0.44,106.398867231333
"Common Tern","Jun-Aug",2012,2012-06-24,23,112.6,278,0.405035971223022,99.4945815378438
"Common Tern","Jun-Aug",2012,2012-06-24,23,130.1,269,0.48364312267658,127.687278232881
"Common Tern","Jun-Aug",2012,2012-06-24,23,112.2,272,0.4125,106.290074311967
"Common Tern","Jun-Aug",2012,2012-06-24,23,100.2,268,0.373880597014925,99.5175474763357
"Common Tern","Jun-Aug",2012,2012-06-24,23,119.1,274,0.434671532846715,110.219522327718
"Common Tern","Jun-Aug",2012,2012-06-24,23,112.4,269,0.417843866171004,110.315527082059
"Common Tern","Jun-Aug",2012,2012-06-24,23,119.2,271,0.439852398523985,114.256439074889
"Common Tern","Jun-Aug",2012,2012-06-24,23,96.7,267,0.362172284644195,97.1939702815446
"Common Tern","Jun-Aug",2012,2012-06-24,23,114.3,259,0.441312741312741,126.5956260674
"Common Tern","Jun-Aug",2012,2012-06-24,23,108.7,263,0.413307984790875,114.646788801176
"Common Tern","Jun-Aug",2012,2012-06-24,23,121.4,269,0.451301115241636,119.148620887562
"Common Tern","Jun-Aug",2012,2012-06-24,23,128.5,271,0.474169741697417,123.170741787947
"Common Tern","Jun-Aug",2012,2012-06-24,23,120.8,281,0.429893238434164,103.14601141531
"Common Tern","Jun-Aug",2012,2012-06-25,24,105,259,0.405405405405405,116.295194550105
"Common Tern","Jun-Aug",2012,2012-07-01,30,113.9,261,0.43639846743295,123.093591827185
"Common Tern","Jun-Aug",2012,2012-07-01,30,130.4,277,0.470758122743682,116.555517435332
"Common Tern","Jun-Aug",2012,2012-07-01,30,121.3,265,0.457735849056604,124.880298914128
"Common Tern","Jun-Aug",2012,2012-07-01,30,117.1,270,0.433703703703704,113.575529650287
"Common Tern","Jun-Aug",2012,2012-07-01,30,102.2,255,0.40078431372549,118.958118008165
"Common Tern","Jun-Aug",2012,2012-07-01,30,114.5,275,0.416363636363636,104.737803539718
"Common Tern","Jun-Aug",2012,2012-07-01,30,121,267,0.453183520599251,121.618101386421
"Common Tern","Jun-Aug",2012,2012-07-01,30,123.6,252,0.49047619047619,149.404240567568
"Common Tern","Jun-Aug",2012,2012-07-01,30,113.2,265,0.427169811320755,116.541218772294
"Common Tern","Jun-Aug",2012,2012-07-01,30,117.7,270,0.435925925925926,114.157470878214
"Common Tern","Jun-Aug",2012,2012-07-01,30,105.8,277,0.381949458483755,94.5672833179302
"Common Tern","Jun-Aug",2012,2012-07-02,31,115.8,266,0.435338345864662,117.793616227462
"Common Tern","Jun-Aug",2012,2012-07-02,31,119,270,0.440740740740741,115.418343538721
"Common Tern","Jun-Aug",2012,2012-07-11,40,130.7,276,0.473550724637681,118.179759335266
"Common Tern","Jun-Aug",2012,2012-07-11,40,120.2,257,0.467704280155642,136.464701818916
"Common Tern","Jun-Aug",2012,2012-07-11,40,115.6,265,0.43622641509434,119.012057332838
"Common Tern","Jun-Aug",2012,2012-07-12,41,111.3,269,0.413754646840149,109.235926728053
"Common Tern","Jun-Aug",2012,2012-07-12,41,121,273,0.443223443223443,113.292035822785
"Common Tern","Jun-Aug",2012,2012-07-12,41,97.8,262,0.373282442748092,104.412091552658
"Common Tern","Jun-Aug",2012,2012-07-12,41,97.9,260,0.376538461538462,107.106181538085
"Common Tern","Jun-Aug",2012,2012-07-12,41,104.1,269,0.386988847583643,102.16945168365
"Common Tern","Jun-Aug",2012,2012-07-12,41,103.3,275,0.375636363636364,94.4927083463134
"Common Tern","Jun-Aug",2012,2012-07-18,47,116,263,0.44106463878327,122.346159162249
"Common Tern","Jun-Aug",2012,2012-07-18,47,112.5,279,0.403225806451613,98.273695624364
"Common Tern","Jun-Aug",2012,2012-07-18,47,120.6,277,0.435379061371841,107.795977014578
"Common Tern","Jun-Aug",2012,2012-07-18,47,116.5,272,0.428308823529412,110.363579833727
"Common Tern","Jun-Aug",2012,2012-07-18,47,122.5,275,0.445454545454545,112.055728677864
"Common Tern","Jun-Aug",2012,2012-07-18,47,126.4,269,0.469888475836431,124.055895223952
"Common Tern","Jun-Aug",2012,2012-07-18,47,119.6,256,0.4671875,137.483358273999
"Common Tern","Jun-Aug",2012,2012-07-18,47,114.2,271,0.42140221402214,109.463803207654
"Common Tern","Jun-Aug",2012,2012-07-19,48,106.4,261,0.407662835249042,114.988219231014
"Common Tern","Jun-Aug",2012,2012-07-19,48,109.3,267,0.40936329588015,109.858334558147
"Common Tern","Jun-Aug",2012,2012-07-19,48,112.4,277,0.405776173285199,100.466565642111
"Common Tern","Jun-Aug",2012,2012-07-19,48,96.5,264,0.365530303030303,100.554175798946
"Common Tern","Jun-Aug",2012,2012-07-22,51,119,262,0.454198473282443,127.045387472048
"Common Tern","Jun-Aug",2012,2012-07-22,51,101,267,0.378277153558052,101.515935868004
"Common Tern","Jun-Aug",2012,2012-07-22,51,131.4,262,0.501526717557252,140.283730368295
"Common Tern","Jun-Aug",2012,2012-07-31,60,122,263,0.463878326996198,128.674408774089
"Common Tern","Jun-Aug",2012,2012-07-31,60,132,257,0.513618677042802,149.861402995815
"Common Tern","Jun-Aug",2012,2012-07-31,60,139.2,266,0.523308270676692,141.596471320058
"Common Tern","Jun-Aug",2012,2012-07-31,60,125.1,273,0.458241758241758,117.130856871326
"Common Tern","Jun-Aug",2012,2012-07-31,60,122.6,271,0.45239852398524,117.515431464609
"Common Tern","Jun-Aug",2012,2012-07-31,60,104,259,0.401544401544402,115.187621268676
"Common Tern","Jun-Aug",2012,2012-07-31,60,110.3,264,0.41780303030303,114.933943944287
"Common Tern","Jun-Aug",2012,2012-07-31,60,94,258,0.364341085271318,105.405096455592
"Common Tern","Jun-Aug",2012,2012-07-31,60,110.1,258,0.426744186046512,123.458522550645
"Common Tern","Jun-Aug",2012,2012-07-31,60,122.8,267,0.459925093632959,123.427296283078
"Common Tern","Jun-Aug",2012,2012-07-31,60,115.5,254,0.454724409448819,136.135290727116
"Common Tern","Jun-Aug",2012,2012-07-31,60,100.6,261,0.38544061302682,108.720064423308
"Common Tern","Jun-Aug",2012,2012-07-31,60,111.2,265,0.419622641509434,114.482186638508
"Common Tern","Jun-Aug",2012,2012-07-31,60,108,271,0.398523985239852,103.520934732282
"Common Tern","Jun-Aug",2012,2012-08-01,61,117,273,0.428571428571429,109.546844555916
"Common Tern","Jun-Aug",2012,2012-08-06,66,126,275,0.458181818181818,115.257320925803
"Common Tern","Jun-Aug",2012,2012-08-06,66,133,267,0.49812734082397,133.679400697471
"Common Tern","Jun-Aug",2012,2012-08-06,66,126,265,0.475471698113208,129.719024428526
"Common Tern","Jun-Aug",2013,2013-06-30,29,95,268,0.354477611940299,94.3529641741706
"Common Tern","Jun-Aug",2013,2013-06-30,29,102,276,0.369565217391304,92.2290394200237
"Common Tern","Jun-Aug",2013,2013-06-30,29,117,272,0.430147058823529,110.837243266489
"Common Tern","Jun-Aug",2013,2013-06-30,29,119,273,0.435897435897436,111.419440189351
"Common Tern","Jun-Aug",2013,2013-06-30,29,118,269,0.438661710037175,115.811674338816
"Common Tern","Jun-Aug",2013,2013-06-30,29,116,276,0.420289855072464,104.887927183556
"Common Tern","Jun-Aug",2013,2013-06-30,29,111,270,0.411111111111111,107.65912716637
"Common Tern","Jun-Aug",2013,2013-06-30,29,121,275,0.44,110.683617714462
"Common Tern","Jun-Aug",2013,2013-06-30,29,115,288,0.399305555555556,90.7783701073808
"Common Tern","Jun-Aug",2013,2013-06-30,29,102,288,0.354166666666667,80.5164673995899
"Common Tern","Jun-Aug",2013,2013-06-30,29,112,267,0.419475655430712,112.572126903133
"Common Tern","Jun-Aug",2013,2013-06-30,29,132,274,0.481751824817518,122.157656987899
"Common Tern","Jun-Aug",2013,2013-07-01,30,112,268,0.417910447761194,111.237178815864
"Common Tern","Jun-Aug",2013,2013-07-01,30,125,272,0.459558823529412,118.415858190694
"Common Tern","Jun-Aug",2013,2013-07-10,39,101,268,0.376865671641791,100.312098753592
"Common Tern","Jun-Aug",2013,2013-07-10,39,114,258,0.441860465116279,127.831712722739
"Common Tern","Jun-Aug",2013,2013-07-10,39,97,256,0.37890625,111.504061476404
"Common Tern","Jun-Aug",2013,2013-07-10,39,118,267,0.441947565543071,118.602776558658
"Common Tern","Jun-Aug",2013,2013-07-10,39,119,267,0.445692883895131,119.607884834579
"Common Tern","Jun-Aug",2013,2013-07-10,39,106,271,0.391143911439114,101.603880385388
"Common Tern","Jun-Aug",2013,2013-07-10,39,103,260,0.396153846153846,112.685768114635
"Common Tern","Jun-Aug",2013,2013-07-10,39,123,272,0.452205882352941,116.521204459643
"Common Tern","Jun-Aug",2013,2013-07-10,39,113,270,0.418518518518519,109.598931259458
"Common Tern","Jun-Aug",2013,2013-07-10,39,119,266,0.447368421052632,121.048707522176
"Common Tern","Jun-Aug",2013,2013-07-11,40,115,268,0.42910447761194,114.216746105575
"Common Tern","Jun-Aug",2013,2013-07-11,40,116,272,0.426470588235294,109.889916400964
"Common Tern","Jun-Aug",2013,2013-07-11,40,123,277,0.444043321299639,109.941170587008
"Common Tern","Jun-Aug",2013,2013-07-11,40,114,267,0.426966292134831,114.582343454975
"Common Tern","Jun-Aug",2013,2013-07-11,40,111,260,0.426923076923077,121.438060783733
"Common Tern","Jun-Aug",2013,2013-07-17,46,109,270,0.403703703703704,105.719323073282
"Common Tern","Jun-Aug",2013,2013-07-17,46,129,271,0.476014760147601,123.65000537467
"Common Tern","Jun-Aug",2013,2013-07-18,47,110,264,0.416666666666667,114.621340288954
"Common Tern","Jun-Aug",2013,2013-07-18,47,118,272,0.433823529411765,111.784570132015
"Common Tern","Jun-Aug",2013,2013-07-18,47,106,277,0.382671480144404,94.7460494489659
"Common Tern","Jun-Aug",2013,2013-07-18,47,108,265,0.407547169811321,111.18773522445
"Common Tern","Jun-Aug",2013,2013-07-23,52,127,284,0.447183098591549,104.826639594799
"Common Tern","Jun-Aug",2013,2013-07-23,52,104,252,0.412698412698413,125.712305979183
"Common Tern","Jun-Aug",2013,2013-07-30,59,112,270,0.414814814814815,108.629029212914
"Common Tern","Jun-Aug",2014,2014-06-29,28,117,268,0.436567164179104,116.203124298715
"Common Tern","Jun-Aug",2014,2014-06-29,28,120,263,0.456273764258555,126.564992236809
"Common Tern","Jun-Aug",2014,2014-06-29,28,113,278,0.406474820143885,99.8480258772323
"Common Tern","Jun-Aug",2014,2014-06-29,28,107,254,0.421259842519685,126.116676258021
"Common Tern","Jun-Aug",2014,2014-06-29,28,110,270,0.407407407407407,106.689225119826
"Common Tern","Jun-Aug",2014,2014-06-29,28,124,261,0.475095785440613,134.008826923362
"Common Tern","Jun-Aug",2014,2014-06-29,28,126,277,0.454873646209386,112.622662552544
"Common Tern","Jun-Aug",2014,2014-06-29,28,117,267,0.438202247191011,117.597668282737
"Common Tern","Jun-Aug",2014,2014-06-29,28,110,275,0.4,100.621470649511
"Common Tern","Jun-Aug",2014,2014-06-29,28,119,281,0.423487544483986,101.609067536605
"Common Tern","Jun-Aug",2014,2014-06-29,28,128,276,0.463768115942029,115.738402409442
"Common Tern","Jun-Aug",2014,2014-06-29,28,116,264,0.439393939393939,120.873413395624
"Common Tern","Jun-Aug",2014,2014-06-29,28,115,265,0.433962264150943,118.394347692702
"Common Tern","Jun-Aug",2014,2014-06-30,29,132,263,0.501901140684411,139.22149146049
"Common Tern","Jun-Aug",2014,2014-06-30,29,123,260,0.473076923076923,134.566499787379
"Common Tern","Jun-Aug",2014,2014-06-30,29,144,267,0.539325842696629,144.7355917326
"Common Tern","Jun-Aug",2014,2014-06-30,29,115,276,0.416666666666667,103.983720914733
"Common Tern","Jun-Aug",2014,2014-06-30,29,104,282,0.368794326241135,87.8002198743373
"Common Tern","Jun-Aug",2014,2014-06-30,29,105,272,0.386029411764706,99.4693208801827
"Common Tern","Jun-Aug",2014,2014-06-30,29,110,267,0.411985018726592,110.561910351292
"Common Tern","Jun-Aug",2014,2014-06-30,29,119,271,0.439114391143911,114.0647336402
"Common Tern","Jun-Aug",2014,2014-06-30,29,115,266,0.432330827067669,116.979843403783
"Common Tern","Jun-Aug",2014,2014-06-30,29,109,251,0.434262948207171,133.438594369552
"Common Tern","Jun-Aug",2014,2014-06-30,29,104,263,0.395437262357414,109.689659938568
"Common Tern","Jun-Aug",2014,2014-06-30,29,107,264,0.40530303030303,111.495303735619
"Common Tern","Jun-Aug",2014,2014-06-30,29,104,271,0.383763837638376,99.6868260384938
"Common Tern","Jun-Aug",2014,2014-06-30,29,114,282,0.404255319148936,96.2425487084082
"Common Tern","Jun-Aug",2014,2014-07-06,35,119,280,0.425,102.771633121173
"Common Tern","Jun-Aug",2014,2014-07-09,38,123,253,0.486166007905138,146.811772430112
"Common Tern","Jun-Aug",2014,2014-07-09,38,118,282,0.418439716312057,99.6194802420366
"Common Tern","Jun-Aug",2014,2014-07-09,38,125,270,0.462962962962963,121.237755817984
"Common Tern","Jun-Aug",2014,2014-07-10,39,112,275,0.407272727272727,102.450951934047
"Common Tern","Jun-Aug",2014,2014-07-10,39,103,265,0.388679245283019,106.040154889985
"Common Tern","Jun-Aug",2014,2014-07-10,39,113,263,0.429657794676806,119.182034356328
"Common Tern","Jun-Aug",2014,2014-07-10,39,114,263,0.433460076045627,120.236742624968
"Common Tern","Jun-Aug",2014,2014-07-10,39,110,261,0.421455938697318,118.878798077176
"Common Tern","Jun-Aug",2014,2014-07-10,39,117,283,0.413427561837456,97.6657553104923
"Common Tern","Jun-Aug",2014,2014-07-10,39,110,271,0.40590405904059,105.437989079176
"Common Tern","Jun-Aug",2014,2014-07-15,44,131,272,0.481617647058824,124.099819383847
"Common Tern","Jun-Aug",2014,2014-07-15,44,99,267,0.370786516853933,99.5057193161625
"Common Tern","Jun-Aug",2014,2014-07-15,44,119,267,0.445692883895131,119.607884834579
"Common Tern","Jun-Aug",2014,2014-07-15,44,121,247,0.489878542510121,155.920821334905
"Common Tern","Jun-Aug",2014,2014-07-15,44,123,285,0.431578947368421,100.39260624604
"Common Tern","Jun-Aug",2014,2014-07-21,50,130,260,0.5,142.22475587284
"Common Tern","Jun-Aug",2014,2014-07-21,50,128,267,0.47940074906367,128.653859317867
"Common Tern","Jun-Aug",2014,2014-07-21,50,132,270,0.488888888888889,128.027070143791
"Common Tern","Jun-Aug",2014,2014-07-28,57,101,270,0.374074074074074,97.9601067009311
"Common Tern","Jun-Aug",2014,2014-07-28,57,122,274,0.445255474452555,112.90328903427
"Common Tern","Jun-Aug",2014,2014-07-28,57,110,266,0.413533834586466,111.893763255793
"Common Tern","Jun-Aug",2014,2014-07-28,57,138,265,0.520754716981132,142.073217231242
"Common Tern","Jun-Aug",2014,2014-07-28,57,114,267,0.426966292134831,114.582343454975
"Common Tern","Jun-Aug",2014,2014-07-28,57,140,274,0.510948905109489,129.561151350802
"Common Tern","Jun-Aug",2014,2014-07-28,57,126,275,0.458181818181818,115.257320925803
"Common Tern","Jun-Aug",2014,2014-08-06,66,117,272,0.430147058823529,110.837243266489
"Common Tern","Jun-Aug",2014,2014-08-06,66,128,273,0.468864468864469,119.846120539806
"Common Tern","Jun-Aug",2014,2014-08-06,66,142,273,0.52014652014652,132.954289973847
"Common Tern","Jun-Aug",2014,2014-08-06,66,127,269,0.472118959107807,124.644768144319
"Common Tern","Jun-Aug",2014,2014-08-06,66,103,270,0.381481481481481,99.8999107940188
"Common Tern","Jun-Aug",2014,2014-08-06,66,133,277,0.48014440433213,118.879477138797
"Common Tern","Jun-Aug",2014,2014-08-06,66,127,275,0.461818181818182,116.172061568072
"Common Tern","Jun-Aug",2014,2014-08-06,66,117,268,0.436567164179104,116.203124298715
"Common Tern","Jun-Aug",2014,2014-08-06,66,123,270,0.455555555555556,119.297951724896
"Common Tern","Jun-Aug",2014,2014-08-07,67,113,284,0.397887323943662,93.2709470410414
"Common Tern","Jun-Aug",2014,2014-08-12,72,112,262,0.427480916030534,119.572129385457
"Common Tern","Jun-Aug",2014,2014-08-12,72,117,260,0.45,128.002280285556
"Common Tern","Jun-Aug",2015,2015-06-26,25,138,273,0.505494505494505,129.209098706978
"Common Tern","Jun-Aug",2015,2015-06-26,25,107,275,0.389090909090909,97.8772487227061
"Common Tern","Jun-Aug",2015,2015-06-29,28,115,274,0.41970802919708,106.42523146673
"Common Tern","Jun-Aug",2015,2015-06-29,28,107,268,0.399253731343284,106.271233333013
"Common Tern","Jun-Aug",2015,2015-06-30,29,115,272,0.422794117647059,108.942589535438
"Common Tern","Jun-Aug",2015,2015-06-30,29,105,269,0.390334572490706,103.052761064201
"Common Tern","Jun-Aug",2015,2015-06-30,29,105,252,0.416666666666667,126.92107815206
"Common Tern","Jun-Aug",2015,2015-06-30,29,107,268,0.399253731343284,106.271233333013
"Common Tern","Jun-Aug",2015,2015-07-05,34,114,264,0.431818181818182,118.789389026734
"Common Tern","Jun-Aug",2015,2015-07-05,34,104,268,0.388059701492537,103.291666043303
"Common Tern","Jun-Aug",2015,2015-07-05,34,111,277,0.40072202166065,99.2152027248606
"Common Tern","Jun-Aug",2015,2015-07-13,42,136,282,0.482269503546099,114.815672143364
"Common Tern","Jun-Aug",2015,2015-07-13,42,114,273,0.417582417582418,106.737951105764
"Common Tern","Jun-Aug",2015,2015-07-13,42,115,263,0.437262357414449,121.291450893609
"Common Tern","Jun-Aug",2015,2015-07-13,42,112,262,0.427480916030534,119.572129385457
"Common Tern","Jun-Aug",2015,2015-07-13,42,142,273,0.52014652014652,132.954289973847
"Common Tern","Jun-Aug",2015,2015-07-13,42,110,265,0.415094339622642,113.246767358237
"Common Tern","Jun-Aug",2015,2015-07-13,42,101,264,0.382575757575758,105.243230628949
"Common Tern","Jun-Aug",2015,2015-07-13,42,113,267,0.423220973782772,113.577235179054
"Common Tern","Jun-Aug",2015,2015-07-13,42,115,263,0.437262357414449,121.291450893609
"Common Tern","Jun-Aug",2015,2015-07-13,42,113,263,0.429657794676806,119.182034356328
"Common Tern","Jun-Aug",2015,2015-07-13,42,114,257,0.443579766536965,129.425757132749
"Common Tern","Jun-Aug",2015,2015-07-13,42,135,272,0.496323529411765,127.889126845949
"Common Tern","Jun-Aug",2015,2015-07-13,42,118,273,0.432234432234432,110.483142372633
"Common Tern","Jun-Aug",2015,2015-07-13,42,125,280,0.446428571428571,107.953396135686
"Common Tern","Jun-Aug",2015,2015-07-13,42,114,274,0.416058394160584,105.499794671367
"Common Tern","Jun-Aug",2015,2015-07-13,42,123,267,0.460674157303371,123.628317938262
"Common Tern","Jun-Aug",2015,2015-07-13,42,120,277,0.433212996389892,107.259678621471
"Common Tern","Jun-Aug",2015,2015-07-13,42,124,288,0.430555555555556,97.8827642896976
"Common Tern","Jun-Aug",2015,2015-07-13,42,117,259,0.451737451737452,129.58607392726
"Common Tern","Jun-Aug",2015,2015-07-13,42,116,263,0.44106463878327,122.346159162249
"Common Tern","Jun-Aug",2015,2015-07-13,42,132,276,0.478260869565217,119.355227484737
"Common Tern","Jun-Aug",2015,2015-07-13,42,112,269,0.41635687732342,109.922945135148
"Common Tern","Jun-Aug",2015,2015-07-14,43,112,257,0.43579766536965,127.155129814631
"Common Tern","Jun-Aug",2015,2015-07-14,43,121,267,0.453183520599251,121.618101386421
"Common Tern","Jun-Aug",2015,2015-07-14,43,115,277,0.415162454873646,102.790525345576
"Common Tern","Jun-Aug",2015,2015-07-27,56,110,260,0.423076923076923,120.344024200095
"Common Tern","Jun-Aug",2015,2015-07-27,56,120,258,0.465116279069767,134.559697602883
"Common Tern","Jun-Aug",2015,2015-07-27,56,130,273,0.476190476190476,121.71871617324
"Common Tern","Jun-Aug",2015,2015-07-27,56,121,272,0.444852941176471,114.626550728592
"Common Tern","Jun-Aug",2015,2015-07-27,56,124,261,0.475095785440613,134.008826923362
"Common Tern","Jun-Aug",2015,2015-07-27,56,114,264,0.431818181818182,118.789389026734
"Common Tern","Jun-Aug",2015,2015-07-27,56,117,255,0.458823529411765,136.184929617958
"Common Tern","Jun-Aug",2015,2015-07-27,56,117,273,0.428571428571429,109.546844555916
"Common Tern","Jun-Aug",2015,2015-07-27,56,114,256,0.4453125,131.046010394949
"Common Tern","Jun-Aug",2015,2015-07-27,56,121,256,0.47265625,139.092695243761
"Common Tern","Jun-Aug",2015,2015-07-27,56,122,271,0.450184501845018,116.940315160541
"Common Tern","Jun-Aug",2015,2015-07-27,56,122,274,0.445255474452555,112.90328903427
"Common Tern","Jun-Aug",2015,2015-07-27,56,116,270,0.42962962962963,112.508637399089
"Common Tern","Jun-Aug",2015,2015-07-27,56,114,262,0.435114503816794,121.707345981626
"Common Tern","Jun-Aug",2015,2015-07-27,56,117,272,0.430147058823529,110.837243266489
"Common Tern","Jun-Aug",2015,2015-08-04,64,104,264,0.393939393939394,108.369267182284
"Common Tern","Jun-Aug",2015,2015-08-05,65,109,275,0.396363636363636,99.7067300072426
"Common Tern","Jun-Aug",2015,2015-08-05,65,125,259,0.482625482625483,138.446660178697
"Common Tern","Jun-Aug",2015,2015-08-05,65,120,276,0.434782608695652,108.504752258851
"Common Tern","Jun-Aug",2015,2015-08-05,65,120,263,0.456273764258555,126.564992236809
"Common Tern","Jun-Aug",2015,2015-08-05,65,134,275,0.487272727272727,122.57524606395
"Common Tern","Jun-Aug",2015,2015-08-05,65,118,267,0.441947565543071,118.602776558658
"Common Tern","Jun-Aug",2015,2015-08-06,66,117,262,0.446564885496183,124.910170875879
"Common Tern","Jun-Aug",2015,2015-08-06,66,122,278,0.438848920863309,107.800523513472
"Common Tern","Jun-Aug",2015,2015-08-06,66,113,267,0.423220973782772,113.577235179054
"Common Tern","Jun-Aug",2015,2015-08-06,66,107,275,0.389090909090909,97.8772487227061
"Common Tern","Jun-Aug",2015,2015-08-06,66,110,261,0.421455938697318,118.878798077176
"Common Tern","Jun-Aug",2015,2015-08-11,71,116,271,0.428044280442804,111.189152119858
"Common Tern","Jun-Aug",2015,2015-08-11,71,111,269,0.412639405204461,108.941490267869
"Common Tern","Jun-Aug",2015,2015-08-11,71,104,259,0.401544401544402,115.187621268676
"Common Tern","Jun-Aug",2015,2015-08-11,71,125,274,0.456204379562044,115.679599420359
"Common Tern","Jun-Aug",2015,2015-08-11,71,120,267,0.449438202247191,120.6129931105
"Common Tern","Jun-Aug",2015,2015-08-11,71,126,266,0.473684210526316,128.169219729363
"Common Tern","Jun-Aug",2015,2015-08-11,71,117,267,0.438202247191011,117.597668282737
"Common Tern","Jun-Aug",2015,2015-08-11,71,116,265,0.437735849056604,119.423863759595
"Common Tern","Jun-Aug",2015,2015-08-11,71,118,261,0.452107279693487,127.524528846425
"Common Tern","Jun-Aug",2015,2015-08-11,71,106,258,0.410852713178295,118.86106621588
"Common Tern","Jun-Aug",2015,2015-08-11,71,111,259,0.428571428571429,122.940634238683
"Common Tern","Jun-Aug",2015,2015-08-12,72,136,276,0.492753623188406,122.972052560032
"Common Tern","Jun-Aug",2015,2015-08-18,78,149,274,0.543795620437956,137.890082509068
"Common Tern","Jun-Aug",2015,2015-08-25,85,100,270,0.37037037037037,96.9902046543872
"Common Tern","Jun-Aug",2015,2015-08-25,85,122,264,0.462121212121212,127.125486502294
"Common Tern","Jun-Aug",2015,2015-08-25,85,127,265,0.479245283018868,130.748540495419
"Common Tern","Jun-Aug",2015,2015-08-25,85,120,262,0.458015267175573,128.112995770133
"Common Tern","Jun-Aug",2015,2015-08-25,85,121,267,0.453183520599251,121.618101386421
"Common Tern","Jun-Aug",2015,2015-08-25,85,135,274,0.492700729927007,124.933967373988
"Common Tern","Jun-Aug",2015,2015-08-25,85,121,255,0.474509803921569,140.840824647632
"Common Tern","Jun-Aug",2015,2015-08-31,91,113,268,0.421641791044776,112.230367912434
"Common Tern","Jun-Aug",2015,2015-08-31,91,128,273,0.468864468864469,119.846120539806
"Common Tern","Jun-Aug",2015,2015-08-31,91,130,285,0.456140350877193,106.106006601506
"Common Tern","Jun-Aug",2015,2015-08-31,91,141,272,0.518382352941177,133.573088039103
"Common Tern","Jun-Aug",2015,2015-08-31,91,123,270,0.455555555555556,119.297951724896
"Common Tern","Jun-Aug",2015,2015-08-31,91,122,263,0.463878326996198,128.674408774089
"Common Tern","Jun-Aug",2015,2015-08-31,91,123,265,0.464150943396226,126.630476227846
"Common Tern","Jun-Aug",2015,2015-08-31,91,99,265,0.373584905660377,101.922090622413
"Common Tern","Jun-Aug",2016,2016-06-20,19,113,272,0.415441176470588,107.047935804387
"Common Tern","Jun-Aug",2016,2016-06-20,19,119,258,0.461240310077519,133.438366789526
"Common Tern","Jun-Aug",2016,2016-06-20,19,113,255,0.443137254901961,131.529034588285
"Common Tern","Jun-Aug",2016,2016-06-20,19,115,277,0.415162454873646,102.790525345576
"Common Tern","Jun-Aug",2016,2016-06-20,19,114,269,0.423791821561338,111.885854869704
"Common Tern","Jun-Aug",2016,2016-06-20,19,108,266,0.406015037593985,109.859331196597
"Common Tern","Jun-Aug",2016,2016-06-20,19,106,264,0.401515151515151,110.453291551174
"Common Tern","Jun-Aug",2016,2016-06-20,19,122,274,0.445255474452555,112.90328903427
"Common Tern","Jun-Aug",2016,2016-06-20,19,121,278,0.435251798561151,106.916912665001
"Common Tern","Jun-Aug",2016,2016-06-20,19,100,277,0.36101083032491,89.3830655178924
"Common Tern","Jun-Aug",2016,2016-06-20,19,113,260,0.434615384615385,123.626133951007
"Common Tern","Jun-Aug",2016,2016-06-20,19,121,283,0.42756183745583,101.004755492048
"Common Tern","Jun-Aug",2016,2016-06-20,19,113,262,0.431297709923664,120.639737683541
"Common Tern","Jun-Aug",2016,2016-06-20,19,113,262,0.431297709923664,120.639737683541
"Common Tern","Jun-Aug",2016,2016-06-20,19,118,258,0.457364341085271,132.317035976168
"Common Tern","Jun-Aug",2016,2016-06-20,19,105,255,0.411764705882353,122.217244528937
"Common Tern","Jun-Aug",2016,2016-06-20,19,103,259,0.397683397683398,114.080047987246
"Common Tern","Jun-Aug",2016,2016-06-20,19,103,258,0.39922480620155,115.497073775808
"Common Tern","Jun-Aug",2016,2016-06-20,19,103,267,0.385767790262172,103.526152419846
"Common Tern","Jun-Aug",2016,2016-06-20,19,120,262,0.458015267175573,128.112995770133
"Common Tern","Jun-Aug",2016,2016-06-20,19,111,264,0.420454545454545,115.663352473399
"Common Tern","Jun-Aug",2016,2016-06-20,19,133,272,0.488970588235294,125.994473114898
"Common Tern","Jun-Aug",2016,2016-06-20,19,106,260,0.407692307692308,115.967877865546
"Common Tern","Jun-Aug",2016,2016-06-20,19,104,275,0.378181818181818,95.1330267959012
"Common Tern","Jun-Aug",2016,2016-06-20,19,117,273,0.428571428571429,109.546844555916
"Common Tern","Jun-Aug",2016,2016-06-20,19,104,272,0.382352941176471,98.5219940146572
"Common Tern","Jun-Aug",2016,2016-06-20,19,114,259,0.44015444015444,126.263354082971
"Common Tern","Jun-Aug",2016,2016-06-20,19,104,256,0.40625,119.550746325216
"Common Tern","Jun-Aug",2016,2016-06-20,19,108,262,0.412213740458015,115.301696193119
"Common Tern","Jun-Aug",2016,2016-06-20,19,121,273,0.443223443223443,113.292035822785
"Common Tern","Jun-Aug",2016,2016-06-20,19,124,282,0.439716312056738,104.684877542479
"Common Tern","Jun-Aug",2016,2016-06-20,19,103,265,0.388679245283019,106.040154889985
"Common Tern","Jun-Aug",2016,2016-06-20,19,108,256,0.421875,124.148851953109
"Common Tern","Jun-Aug",2016,2016-06-20,19,117,265,0.441509433962264,120.453379826488
"Common Tern","Jun-Aug",2016,2016-06-20,19,105,271,0.387453874538745,100.645353211941
"Common Tern","Jun-Aug",2016,2016-06-21,20,111,267,0.415730337078652,111.567018627212
"Common Tern","Jun-Aug",2016,2016-06-21,20,112,285,0.392982456140351,91.4144056874509
"Common Tern","Jun-Aug",2016,2016-06-21,20,95,260,0.365384615384615,103.933475445537
"Common Tern","Jun-Aug",2016,2016-06-21,20,113,269,0.420074349442379,110.904400002426
"Common Tern","Jun-Aug",2016,2016-06-21,20,104,273,0.380952380952381,97.3749729385921
"Common Tern","Jun-Aug",2016,2016-06-21,20,116,271,0.428044280442804,111.189152119858
"Common Tern","Jun-Aug",2016,2016-06-21,20,100,261,0.383141762452107,108.071634615615
"Common Tern","Jun-Aug",2016,2016-06-21,20,114,262,0.435114503816794,121.707345981626
"Common Tern","Jun-Aug",2016,2016-06-21,20,113,278,0.406474820143885,99.8480258772323
"Common Tern","Jun-Aug",2016,2016-06-26,25,111,265,0.418867924528302,114.27628342513
"Common Tern","Jun-Aug",2016,2016-06-26,25,116,262,0.442748091603053,123.842562577795
"Common Tern","Jun-Aug",2016,2016-06-26,25,117,270,0.433333333333333,113.478539445633
"Common Tern","Jun-Aug",2016,2016-06-26,25,116,269,0.431226765799257,113.84876460426
"Common Tern","Jun-Aug",2016,2016-06-26,25,114,258,0.441860465116279,127.831712722739
"Common Tern","Jun-Aug",2016,2016-06-26,25,111,262,0.423664122137405,118.504521087373
"Common Tern","Jun-Aug",2016,2016-06-26,25,122,273,0.446886446886447,114.228333639502
"Common Tern","Jun-Aug",2016,2016-06-26,25,116,260,0.446153846153846,126.908243701919
"Common Tern","Jun-Aug",2016,2016-06-26,25,123,267,0.460674157303371,123.628317938262
"Common Tern","Jun-Aug",2016,2016-06-26,25,104,264,0.393939393939394,108.369267182284
"Common Tern","Jun-Aug",2016,2016-06-26,25,118,272,0.433823529411765,111.784570132015
"Common Tern","Jun-Aug",2016,2016-06-26,25,109,267,0.408239700374532,109.556802075371
"Common Tern","Jun-Aug",2016,2016-06-26,25,121,269,0.449814126394052,118.75603894065
"Common Tern","Jun-Aug",2016,2016-06-26,25,106,264,0.401515151515151,110.453291551174
"Common Tern","Jun-Aug",2016,2016-06-26,25,116,273,0.424908424908425,108.610546739199
"Common Tern","Jun-Aug",2016,2016-06-26,25,103,266,0.387218045112782,104.773251048606
"Common Tern","Jun-Aug",2016,2016-06-26,25,115,256,0.44921875,132.195536801922
"Common Tern","Jun-Aug",2016,2016-06-27,26,105,267,0.393258426966292,105.536368971687
"Common Tern","Jun-Aug",2016,2016-06-27,26,123,273,0.450549450549451,115.16463145622
"Common Tern","Jun-Aug",2016,2016-07-04,33,109,264,0.412878787878788,113.579328104509
"Common Tern","Jun-Aug",2016,2016-07-04,33,134,273,0.490842490842491,125.463907440109
"Common Tern","Jun-Aug",2016,2016-07-04,33,116,262,0.442748091603053,123.842562577795
"Common Tern","Jun-Aug",2016,2016-07-04,33,117,277,0.422382671480144,104.578186655934
"Common Tern","Jun-Aug",2016,2016-07-04,33,119,278,0.428057553956835,105.149690968059
"Common Tern","Jun-Aug",2016,2016-07-04,33,116,265,0.437735849056604,119.423863759595
"Common Tern","Jun-Aug",2016,2016-07-04,33,111,266,0.417293233082707,112.910979285391
"Common Tern","Jun-Aug",2016,2016-07-04,33,126,263,0.479087452471483,132.893241848649
"Common Tern","Jun-Aug",2016,2016-07-04,33,115,255,0.450980392156863,133.856982103121
"Common Tern","Jun-Aug",2016,2016-07-04,33,125,276,0.452898550724638,113.02578360297
"Common Tern","Jun-Aug",2016,2016-07-04,33,111,274,0.405109489051095,102.723484285279
"Common Tern","Jun-Aug",2016,2016-07-04,33,102,268,0.380597014925373,101.305287850162
"Common Tern","Jun-Aug",2016,2016-07-04,33,130,274,0.474452554744526,120.306783397173
"Common Tern","Jun-Aug",2016,2016-07-04,33,113,268,0.421641791044776,112.230367912434
"Common Tern","Jun-Aug",2016,2016-07-04,33,119,280,0.425,102.771633121173
"Common Tern","Jun-Aug",2016,2016-07-04,33,121,271,0.446494464944649,115.981787987094
"Common Tern","Jun-Aug",2016,2016-07-04,33,106,272,0.389705882352941,100.416647745708
"Common Tern","Jun-Aug",2016,2016-07-04,33,123,273,0.450549450549451,115.16463145622
"Common Tern","Jun-Aug",2016,2016-07-04,33,122,265,0.460377358490566,125.600960160953
"Common Tern","Jun-Aug",2016,2016-07-04,33,115,279,0.412186379928315,100.457555527128
"Common Tern","Jun-Aug",2016,2016-07-04,33,118,273,0.432234432234432,110.483142372633
"Common Tern","Jun-Aug",2016,2016-07-04,33,117,274,0.427007299270073,108.276105057456
"Common Tern","Jun-Aug",2016,2016-07-04,33,118,276,0.427536231884058,106.696339721204
"Common Tern","Jun-Aug",2016,2016-07-04,33,122,273,0.446886446886447,114.228333639502
"Common Tern","Jun-Aug",2016,2016-07-04,33,120,276,0.434782608695652,108.504752258851
"Common Tern","Jun-Aug",2016,2016-07-04,33,115,268,0.42910447761194,114.216746105575
"Common Tern","Jun-Aug",2016,2016-07-04,33,111,276,0.402173913043478,100.366895839438
"Common Tern","Jun-Aug",2016,2016-07-21,50,126,262,0.480916030534351,134.518645558639
"Common Tern","Jun-Aug",2016,2016-07-21,50,122,264,0.462121212121212,127.125486502294
"Common Tern","Jun-Aug",2016,2016-07-21,50,93,255,0.364705882352941,108.249559439916
"Common Tern","Jun-Aug",2016,2016-07-21,50,114,261,0.436781609195402,123.201663461801
"Common Tern","Jun-Aug",2016,2016-07-21,50,117,265,0.441509433962264,120.453379826488
"Common Tern","Jun-Aug",2016,2016-07-21,50,122,268,0.455223880597015,121.169069781566
"Common Tern","Jun-Aug",2016,2016-07-21,50,109,260,0.419230769230769,119.249987616458
"Common Tern","Jun-Aug",2016,2016-07-21,50,125,279,0.448028673835125,109.192995138182
"Common Tern","Jun-Aug",2016,2016-07-21,50,114,268,0.425373134328358,113.223557009005
"Common Tern","Jun-Aug",2016,2016-07-21,50,108,264,0.409090909090909,112.537315920064
"Common Tern","Jun-Aug",2016,2016-07-21,50,105,258,0.406976744186047,117.739735402523
"Common Tern","Jun-Aug",2016,2016-07-21,50,112,257,0.43579766536965,127.155129814631
"Common Tern","Jun-Aug",2016,2016-07-22,51,109,270,0.403703703703704,105.719323073282
"Common Tern","Jun-Aug",2016,2016-07-31,60,122,271,0.450184501845018,116.940315160541
"Common Tern","Jun-Aug",2016,2016-07-31,60,110,250,0.44,136.389253010186
"Common Tern","Jun-Aug",2016,2016-07-31,60,127,265,0.479245283018868,130.748540495419
"Common Tern","Jun-Aug",2016,2016-07-31,60,110,266,0.413533834586466,111.893763255793
"Common Tern","Jun-Aug",2016,2016-07-31,60,105,266,0.394736842105263,106.807683107802
"Common Tern","Jun-Aug",2016,2016-07-31,60,120,266,0.451127819548872,122.065923551774
"Common Tern","Jun-Aug",2016,2016-07-31,60,123,260,0.473076923076923,134.566499787379
"Common Tern","Jun-Aug",2016,2016-07-31,60,108,268,0.402985074626866,107.264422429583
"Common Tern","Jun-Aug",2016,2016-07-31,60,137,281,0.487544483985765,116.978506323655
"Common Tern","Jun-Aug",2016,2016-07-31,60,111,259,0.428571428571429,122.940634238683
"Common Tern","Jun-Aug",2016,2016-07-31,60,121,261,0.46360153256705,130.766677884894
"Common Tern","Jun-Aug",2016,2016-07-31,60,120,260,0.461538461538462,131.284390036468
"Common Tern","Jun-Aug",2016,2016-07-31,60,123,275,0.447272727272727,112.513098998999
"Common Tern","Jun-Aug",2016,2016-07-31,60,107,251,0.426294820717131,130.990179793964
"Common Tern","Jun-Aug",2016,2016-08-01,61,105,265,0.39622641509434,108.099187023771
"Common Tern","Jun-Aug",2016,2016-08-10,70,124,272,0.455882352941176,117.468531325168
"Common Tern","Jun-Aug",2016,2016-08-10,70,143,282,0.50709219858156,120.725302327214
"Common Tern","Jun-Aug",2016,2016-08-10,70,122,268,0.455223880597015,121.169069781566
"Common Tern","Jun-Aug",2016,2016-08-10,70,113,264,0.428030303030303,117.747376842289
"Common Tern","Jun-Aug",2016,2016-08-10,70,119,280,0.425,102.771633121173
"Common Tern","Jun-Aug",2016,2016-08-10,70,100,263,0.380228136882129,105.470826864007
"Common Tern","Jun-Aug",2017,2017-06-27,26,109,270,0.403703703703704,105.719323073282
"Common Tern","Jun-Aug",2017,2017-06-27,26,108,258,0.418604651162791,121.103727842595
"Common Tern","Jun-Aug",2017,2017-06-27,26,116,266,0.43609022556391,117.997059433381
"Common Tern","Jun-Aug",2017,2017-06-27,26,107,252,0.424603174603175,129.338622497814
"Common Tern","Jun-Aug",2017,2017-06-27,26,114,271,0.420664206642066,109.272097772964
"Common Tern","Jun-Aug",2017,2017-06-27,26,116,248,0.467741935483871,147.562894946566
"Common Tern","Jun-Aug",2017,2017-06-27,26,136,269,0.505576208178439,133.477861949822
"Common Tern","Jun-Aug",2017,2017-06-27,26,129,277,0.465703971119134,115.304154518081
"Common Tern","Jun-Aug",2017,2017-06-27,26,112,276,0.405797101449275,101.271102108261
"Common Tern","Jun-Aug",2017,2017-06-27,26,116,266,0.43609022556391,117.997059433381
"Common Tern","Jun-Aug",2017,2017-06-27,26,117,267,0.438202247191011,117.597668282737
"Common Tern","Jun-Aug",2017,2017-06-27,26,115,267,0.430711610486891,115.587451730896
"Common Tern","Jun-Aug",2017,2017-06-27,26,125,266,0.469924812030075,127.152003699765
"Common Tern","Jun-Aug",2017,2017-06-27,26,114,268,0.425373134328358,113.223557009005
"Common Tern","Jun-Aug",2017,2017-06-27,26,110,275,0.4,100.621470649511
"Common Tern","Jun-Aug",2017,2017-06-27,26,103,257,0.400778210116732,116.937306883098
"Common Tern","Jun-Aug",2017,2017-06-27,26,100,268,0.373134328358209,99.3189096570216
"Common Tern","Jun-Aug",2017,2017-06-27,26,114,271,0.420664206642066,109.272097772964
"Common Tern","Jun-Aug",2017,2017-06-27,26,103,266,0.387218045112782,104.773251048606
"Common Tern","Jun-Aug",2017,2017-06-27,26,115,268,0.42910447761194,114.216746105575
"Common Tern","Jun-Aug",2017,2017-06-27,26,104,266,0.390977443609023,105.790467078204
"Common Tern","Jun-Aug",2017,2017-06-27,26,105,264,0.397727272727273,109.411279366729
"Common Tern","Jun-Aug",2017,2017-06-27,26,110,250,0.44,136.389253010186
"Common Tern","Jun-Aug",2017,2017-06-27,26,110,266,0.413533834586466,111.893763255793
"Common Tern","Jun-Aug",2017,2017-06-27,26,105,267,0.393258426966292,105.536368971687
"Common Tern","Jun-Aug",2017,2017-06-27,26,120,263,0.456273764258555,126.564992236809
"Common Tern","Jun-Aug",2017,2017-06-27,26,126,272,0.463235294117647,119.363185056219
"Common Tern","Jun-Aug",2017,2017-06-27,26,112,273,0.41025641025641,104.86535547233
"Common Tern","Jun-Aug",2017,2017-06-27,26,117,262,0.446564885496183,124.910170875879
"Common Tern","Jun-Aug",2017,2017-06-27,26,110,265,0.415094339622642,113.246767358237
"Common Tern","Jun-Aug",2017,2017-06-28,27,114,273,0.417582417582418,106.737951105764
"Common Tern","Jun-Aug",2017,2017-06-28,27,107,263,0.406844106463878,112.853784744488
"Common Tern","Jun-Aug",2017,2017-06-28,27,117,273,0.428571428571429,109.546844555916
"Common Tern","Jun-Aug",2017,2017-06-28,27,131,265,0.494339622641509,134.866604762991
"Common Tern","Jun-Aug",2017,2017-07-05,34,112,267,0.419475655430712,112.572126903133
"Common Tern","Jun-Aug",2017,2017-07-05,34,124,273,0.454212454212454,116.100929272937
"Common Tern","Jun-Aug",2017,2017-07-05,34,122,274,0.445255474452555,112.90328903427
"Common Tern","Jun-Aug",2017,2017-07-05,34,103,267,0.385767790262172,103.526152419846
"Common Tern","Jun-Aug",2017,2017-07-05,34,104,258,0.403100775193798,116.618404589165
"Common Tern","Jun-Aug",2017,2017-07-05,34,116,254,0.456692913385827,136.724620990004
"Common Tern","Jun-Aug",2017,2017-07-05,34,120,265,0.452830188679245,123.541928027167
"Common Tern","Jun-Aug",2017,2017-07-05,34,123,274,0.448905109489051,113.828725829633
"Common Tern","Jun-Aug",2017,2017-07-05,34,126,270,0.466666666666667,122.207657864528
"Common Tern","Jun-Aug",2017,2017-07-05,34,108,266,0.406015037593985,109.859331196597
"Common Tern","Jun-Aug",2017,2017-07-05,34,104,266,0.390977443609023,105.790467078204
"Common Tern","Jun-Aug",2017,2017-07-05,34,106,273,0.388278388278388,99.2475685720266
"Common Tern","Jun-Aug",2017,2017-07-05,34,114,272,0.419117647058824,107.995262669913
"Common Tern","Jun-Aug",2017,2017-07-05,34,125,267,0.468164794007491,125.638534490104
"Common Tern","Jun-Aug",2017,2017-07-05,34,110,268,0.41044776119403,109.250800622724
"Common Tern","Jun-Aug",2017,2017-07-05,34,132,274,0.481751824817518,122.157656987899
"Common Tern","Jun-Aug",2017,2017-07-05,34,118,275,0.429090909090909,107.939395787657
"Common Tern","Jun-Aug",2017,2017-07-05,34,97,260,0.373076923076923,106.121548612811
"Common Tern","Jun-Aug",2017,2017-07-05,34,119,274,0.434306569343066,110.126978648182
"Common Tern","Jun-Aug",2017,2017-07-05,34,118,273,0.432234432234432,110.483142372633
"Common Tern","Jun-Aug",2017,2017-07-05,34,110,263,0.418250950570342,116.017909550408
"Common Tern","Jun-Aug",2017,2017-07-05,34,110,260,0.423076923076923,120.344024200095
"Common Tern","Jun-Aug",2017,2017-07-05,34,113,253,0.446640316205534,134.875855972379
"Common Tern","Jun-Aug",2017,2017-07-05,34,124,261,0.475095785440613,134.008826923362
"Common Tern","Jun-Aug",2017,2017-07-05,34,106,258,0.410852713178295,118.86106621588
"Common Tern","Jun-Aug",2017,2017-07-05,34,105,254,0.413385826771654,123.759355206469
"Common Tern","Jun-Aug",2017,2017-07-05,34,124,275,0.450909090909091,113.427839641267
"Common Tern","Jun-Aug",2017,2017-07-05,34,108,271,0.398523985239852,103.520934732282
"Common Tern","Jun-Aug",2017,2017-07-05,34,107,264,0.40530303030303,111.495303735619
"Common Tern","Jun-Aug",2017,2017-07-05,34,123,260,0.473076923076923,134.566499787379
"Common Tern","Jun-Aug",2017,2017-07-05,34,116,279,0.415770609318996,101.331099488233
"Common Tern","Jun-Aug",2017,2017-07-05,34,129,263,0.490494296577947,136.05736665457
"Common Tern","Jun-Aug",2017,2017-07-05,34,118,270,0.437037037037037,114.448441492177
"Common Tern","Jun-Aug",2017,2017-07-05,34,114,263,0.433460076045627,120.236742624968
"Common Tern","Jun-Aug",2017,2017-07-05,34,109,263,0.414448669201521,114.963201281768
"Common Tern","Jun-Aug",2017,2017-07-05,34,121,267,0.453183520599251,121.618101386421
"Common Tern","Jun-Aug",2017,2017-07-05,34,116,274,0.423357664233577,107.350668262093
"Common Tern","Jun-Aug",2017,2017-07-05,34,119,273,0.435897435897436,111.419440189351
"Common Tern","Jun-Aug",2017,2017-07-05,34,118,265,0.445283018867925,121.482895893381
"Common Tern","Jun-Aug",2017,2017-07-05,34,140,270,0.518518518518518,135.786286516142
"Common Tern","Jun-Aug",2017,2017-07-05,34,119,270,0.440740740740741,115.418343538721
"Common Tern","Jun-Aug",2017,2017-07-05,34,106,265,0.4,109.128703090664
"Common Tern","Jun-Aug",2017,2017-07-05,34,111,256,0.43359375,127.597431174029
"Common Tern","Jun-Aug",2017,2017-07-05,34,116,265,0.437735849056604,119.423863759595
"Common Tern","Jun-Aug",2017,2017-07-05,34,103,263,0.391634980988593,108.634951669928
"Common Tern","Jun-Aug",2017,2017-07-05,34,98,270,0.362962962962963,95.0504005612994
"Common Tern","Jun-Aug",2017,2017-07-05,34,128,259,0.494208494208494,141.769380022985
"Common Tern","Jun-Aug",2017,2017-07-06,35,102,257,0.396887159533074,115.801993224039
"Common Tern","Jun-Aug",2017,2017-07-06,35,104,273,0.380952380952381,97.3749729385921
"Common Tern","Jun-Aug",2017,2017-07-06,35,103,265,0.388679245283019,106.040154889985
"Common Tern","Jun-Aug",2017,2017-07-06,35,103,260,0.396153846153846,112.685768114635
"Common Tern","Jun-Aug",2017,2017-07-06,35,113,270,0.418518518518519,109.598931259458
"Common Tern","Jun-Aug",2017,2017-07-06,35,113,265,0.426415094339623,116.335315558916
"Common Tern","Jun-Aug",2017,2017-07-06,35,114,261,0.436781609195402,123.201663461801
"Common Tern","Jun-Aug",2017,2017-07-06,35,106,269,0.394052044609665,104.034215931479
"Common Tern","Jun-Aug",2017,2017-07-06,35,112,256,0.4375,128.746957581002
"Common Tern","Jun-Aug",2017,2017-07-06,35,115,273,0.421245421245421,107.674248922482
"Common Tern","Jun-Aug",2017,2017-07-06,35,104,272,0.382352941176471,98.5219940146572
"Common Tern","Jun-Aug",2017,2017-07-06,35,104,259,0.401544401544402,115.187621268676
"Common Tern","Jun-Aug",2017,2017-07-06,35,114,266,0.428571428571429,115.962627374185
"Common Tern","Jun-Aug",2017,2017-07-06,35,131,267,0.49063670411985,131.669184145629
"Common Tern","Jun-Aug",2017,2017-07-06,35,110,273,0.402930402930403,102.992759838895
"Common Tern","Jun-Aug",2017,2017-07-06,35,114,266,0.428571428571429,115.962627374185
"Common Tern","Jun-Aug",2017,2017-07-06,35,97,272,0.356617647058824,91.8907059559783
"Common Tern","Jun-Aug",2017,2017-07-06,35,115,272,0.422794117647059,108.942589535438
"Common Tern","Jun-Aug",2017,2017-07-13,42,104,262,0.396946564885496,111.031263000782
"Common Tern","Jun-Aug",2017,2017-07-13,42,109,264,0.412878787878788,113.579328104509
"Common Tern","Jun-Aug",2017,2017-07-13,42,112,281,0.398576512455516,95.632063563864
"Common Tern","Jun-Aug",2017,2017-07-13,42,115,258,0.445736434108527,128.953043536096
"Common Tern","Jun-Aug",2017,2017-07-13,42,125,267,0.468164794007491,125.638534490104
"Common Tern","Jun-Aug",2017,2017-07-13,42,111,260,0.426923076923077,121.438060783733
"Common Tern","Jun-Aug",2017,2017-07-13,42,116,267,0.434456928838951,116.592560006817
"Common Tern","Jun-Aug",2017,2017-07-13,42,108,257,0.420233463035019,122.613875178394
"Common Tern","Jun-Aug",2017,2017-07-13,42,115,276,0.416666666666667,103.983720914733
"Common Tern","Jun-Aug",2017,2017-07-13,42,112,270,0.414814814814815,108.629029212914
"Common Tern","Jun-Aug",2017,2017-07-13,42,117,274,0.427007299270073,108.276105057456
"Common Tern","Jun-Aug",2017,2017-07-13,42,116,276,0.420289855072464,104.887927183556
"Common Tern","Jun-Aug",2017,2017-07-14,43,113,270,0.418518518518519,109.598931259458
"Common Tern","Jun-Aug",2017,2017-07-27,56,136,272,0.5,128.836453711475
"Common Tern","Jun-Aug",2017,2017-07-27,56,119,265,0.449056603773585,122.512411960274
"Common Tern","Jun-Aug",2017,2017-07-27,56,122,270,0.451851851851852,118.328049678352
"Common Tern","Jun-Aug",2017,2017-07-27,56,104,253,0.411067193675889,124.13353116042
"Common Tern","Jun-Aug",2017,2017-07-28,57,116,264,0.439393939393939,120.873413395624
"Common Tern","Jun-Aug",2017,2017-07-28,57,108,271,0.398523985239852,103.520934732282
"Common Tern","Jun-Aug",2017,2017-07-28,57,106,272,0.389705882352941,100.416647745708
"Common Tern","Jun-Aug",2017,2017-08-06,66,139,277,0.501805054151625,124.24246106987
"Common Tern","Jun-Aug",2017,2017-08-06,66,146,276,0.528985507246377,132.014115248269
"Common Tern","Jun-Aug",2017,2017-08-06,66,120,277,0.433212996389892,107.259678621471
"Common Tern","Jun-Aug",2017,2017-08-06,66,132,272,0.485294117647059,125.047146249373
"Common Tern","Jun-Aug",2017,2017-08-06,66,136,283,0.480565371024735,113.52600617288
"Common Tern","Jun-Aug",2018,2018-06-24,23,120,264,0.454545454545455,125.041462133404
"Common Tern","Jun-Aug",2018,2018-06-24,23,119,270,0.440740740740741,115.418343538721
"Common Tern","Jun-Aug",2018,2018-06-24,23,116,269,0.431226765799257,113.84876460426
"Common Tern","Jun-Aug",2018,2018-06-24,23,98,275,0.356363636363636,89.6445829422915
"Common Tern","Jun-Aug",2018,2018-06-24,23,110,273,0.402930402930403,102.992759838895
"Common Tern","Jun-Aug",2018,2018-06-24,23,108,268,0.402985074626866,107.264422429583
"Common Tern","Jun-Aug",2018,2018-06-24,23,111,273,0.406593406593407,103.929057655613
"Common Tern","Jun-Aug",2018,2018-06-24,23,110,270,0.407407407407407,106.689225119826
"Common Tern","Jun-Aug",2018,2018-06-24,23,122,282,0.432624113475177,102.996411775665
"Common Tern","Jun-Aug",2018,2018-06-24,23,100,273,0.366300366300366,93.6297816717232
"Common Tern","Jun-Aug",2018,2018-06-24,23,137,271,0.505535055350554,131.318222762247
"Common Tern","Jun-Aug",2018,2018-06-24,23,105,271,0.387453874538745,100.645353211941
"Common Tern","Jun-Aug",2018,2018-06-24,23,120,268,0.447761194029851,119.182691588426
"Common Tern","Jun-Aug",2018,2018-06-24,23,126,270,0.466666666666667,122.207657864528
"Common Tern","Jun-Aug",2018,2018-06-24,23,126,267,0.471910112359551,126.643642766025
"Common Tern","Jun-Aug",2018,2018-06-24,23,106,275,0.385454545454545,96.9625080804378
"Common Tern","Jun-Aug",2018,2018-07-03,32,104,262,0.396946564885496,111.031263000782
"Common Tern","Jun-Aug",2018,2018-07-03,32,108,266,0.406015037593985,109.859331196597
"Common Tern","Jun-Aug",2018,2018-07-04,33,104,266,0.390977443609023,105.790467078204
"Common Tern","Jun-Aug",2018,2018-07-04,33,100,270,0.37037037037037,96.9902046543872
"Common Tern","Jun-Aug",2018,2018-07-04,33,104,271,0.383763837638376,99.6868260384938
"Common Tern","Jun-Aug",2018,2018-07-10,39,113,257,0.439688715953307,128.29044347369
"Common Tern","Jun-Aug",2018,2018-07-10,39,107,258,0.414728682170543,119.982397029238
"Common Tern","Jun-Aug",2018,2018-07-10,39,119,264,0.450757575757576,123.999449948959
"Common Tern","Jun-Aug",2018,2018-07-10,39,117,261,0.448275862068966,126.443812500269
"Common Tern","Jun-Aug",2018,2018-07-10,39,114,268,0.425373134328358,113.223557009005
"Common Tern","Jun-Aug",2018,2018-07-11,40,143,267,0.535580524344569,143.730483456679
"Common Tern","Jun-Aug",2018,2018-07-19,48,109,259,0.420849420849421,120.725487675824
"Common Tern","Jun-Aug",2018,2018-07-19,48,121,264,0.458333333333333,126.083474317849
"Common Tern","Jun-Aug",2018,2018-07-19,48,117,260,0.45,128.002280285556
"Common Tern","Jun-Aug",2018,2018-07-19,48,123,275,0.447272727272727,112.513098998999
"Common Tern","Jun-Aug",2018,2018-07-20,49,114,270,0.422222222222222,110.568833306001
"Common Tern","Jun-Aug",2018,2018-07-20,49,116,267,0.434456928838951,116.592560006817
"Common Tern","Jun-Aug",2018,2018-07-30,59,125,266,0.469924812030075,127.152003699765
"Common Tern","Jun-Aug",2018,2018-07-30,59,115,263,0.437262357414449,121.291450893609
"Common Tern","Jun-Aug",2018,2018-07-30,59,106,274,0.386861313868613,98.0963003084643
"Common Tern","Jun-Aug",2018,2018-07-30,59,111,255,0.435294117647059,129.201087073448
"Common Tern","Jun-Aug",2018,2018-07-30,59,129,260,0.496153846153846,141.130719289203
"Common Tern","Jun-Aug",2018,2018-07-30,59,106,268,0.395522388059701,105.278044236443
"Common Tern","Jun-Aug",2018,2018-07-30,59,137,269,0.509293680297398,134.4593168171
"Common Tern","Jun-Aug",2018,2018-07-30,59,119,272,0.4375,112.73189699754
"Common Tern","Jun-Aug",2018,2018-07-30,59,126,281,0.448398576512456,107.586071509347
"Common Tern","Jun-Aug",2018,2018-07-30,59,132,282,0.468085106382979,111.438740609736
"Common Tern","Jun-Aug",2018,2018-07-30,59,114,266,0.428571428571429,115.962627374185
"Common Tern","Jun-Aug",2018,2018-07-31,60,105,260,0.403846153846154,114.873841281909
"Common Tern","Jun-Aug",2018,2018-08-07,67,140,267,0.524344569288389,140.715158628917
"Common Tern","Jun-Aug",2018,2018-08-07,67,131,283,0.462897526501767,109.352255945936
"Common Tern","Jun-Aug",2018,2018-08-07,67,110,254,0.433070866141732,129.652657835348
"Common Tern","Jun-Aug",2018,2018-08-07,67,132,263,0.501901140684411,139.22149146049
"Common Tern","Jun-Aug",2018,2018-08-07,67,136,271,0.501845018450184,130.3596955888
"Common Tern","Jun-Aug",2018,2018-08-07,67,113,272,0.415441176470588,107.047935804387
"Common Tern","Jun-Aug",2018,2018-08-07,67,116,265,0.437735849056604,119.423863759595
"Common Tern","Jun-Aug",2018,2018-08-07,67,104,247,0.421052631578947,134.014590238265
"Common Tern","Jun-Aug",2018,2018-08-07,67,106,263,0.403041825095057,111.799076475848
"Common Tern","Jun-Aug",2018,2018-08-07,67,131,272,0.481617647058824,124.099819383847
"Common Tern","Jun-Aug",2018,2018-08-07,67,129,277,0.465703971119134,115.304154518081
"Common Tern","Jun-Aug",2018,2018-08-08,68,126,260,0.484615384615385,137.848609538291
"Common Tern","Jun-Aug",2018,2018-08-19,79,116,264,0.439393939393939,120.873413395624
"Common Tern","Jun-Aug",2018,2018-08-19,79,125,266,0.469924812030075,127.152003699765
"Common Tern","Jun-Aug",2018,2018-08-19,79,122,274,0.445255474452555,112.90328903427
"Common Tern","Jun-Aug",2018,2018-08-19,79,123,272,0.452205882352941,116.521204459643
"Common Tern","Jun-Aug",2018,2018-08-19,79,123,281,0.437722419928826,105.024498378172
"Common Tern","Jun-Aug",2019,2019-07-02,31,114,269,0.423791821561338,111.885854869704
"Common Tern","Jun-Aug",2019,2019-07-02,31,120,280,0.428571428571429,103.635260290259
"Common Tern","Jun-Aug",2019,2019-07-02,31,100,259,0.386100386100386,110.757328142957
"Common Tern","Jun-Aug",2019,2019-07-02,31,121,269,0.449814126394052,118.75603894065
"Common Tern","Jun-Aug",2019,2019-07-02,31,120,271,0.44280442804428,115.023260813647
"Common Tern","Jun-Aug",2019,2019-07-02,31,123,264,0.465909090909091,128.167498686739
"Common Tern","Jun-Aug",2019,2019-07-02,31,112,273,0.41025641025641,104.86535547233
"Common Tern","Jun-Aug",2019,2019-07-02,31,109,268,0.406716417910448,108.257611526154
"Common Tern","Jun-Aug",2019,2019-07-02,31,116,264,0.439393939393939,120.873413395624
"Common Tern","Jun-Aug",2019,2019-07-03,32,105,259,0.405405405405405,116.295194550105
"Common Tern","Jun-Aug",2019,2019-07-03,32,133,267,0.49812734082397,133.679400697471
"Common Tern","Jun-Aug",2019,2019-07-03,32,118,262,0.450381679389313,125.977779173964
"Common Tern","Jun-Aug",2019,2019-07-03,32,117,267,0.438202247191011,117.597668282737
"Common Tern","Jun-Aug",2019,2019-07-03,32,103,263,0.391634980988593,108.634951669928
"Common Tern","Jun-Aug",2019,2019-07-03,32,102,276,0.369565217391304,92.2290394200237
"Common Tern","Jun-Aug",2019,2019-07-03,32,108,267,0.404494382022472,108.55169379945
"Common Tern","Jun-Aug",2019,2019-07-03,32,126,269,0.468401486988848,123.663313277041
"Common Tern","Jun-Aug",2019,2019-07-03,32,101,259,0.38996138996139,111.864901424387
"Common Tern","Jun-Aug",2019,2019-07-03,32,107,265,0.40377358490566,110.158219157557
"Common Tern","Jun-Aug",2019,2019-07-03,32,106,259,0.409266409266409,117.402767831535
"Common Tern","Jun-Aug",2019,2019-07-03,32,102,266,0.383458646616541,103.756035019008
"Common Tern","Jun-Aug",2019,2019-07-03,32,113,263,0.429657794676806,119.182034356328
"Common Tern","Jun-Aug",2019,2019-07-03,32,126,268,0.470149253731343,125.141826167847
"Common Tern","Jun-Aug",2019,2019-07-03,32,112,270,0.414814814814815,108.629029212914
"Common Tern","Jun-Aug",2019,2019-07-03,32,100,258,0.387596899224806,112.133081335736
"Common Tern","Jun-Aug",2019,2019-07-08,37,110,265,0.415094339622642,113.246767358237
"Common Tern","Jun-Aug",2019,2019-07-08,37,104,270,0.385185185185185,100.869812840563
"Common Tern","Jun-Aug",2019,2019-07-08,37,127,263,0.482889733840304,133.947950117289
"Common Tern","Jun-Aug",2019,2019-07-08,37,115,265,0.433962264150943,118.394347692702
"Common Tern","Jun-Aug",2019,2019-07-08,37,109,258,0.422480620155039,122.225058655952
"Common Tern","Jun-Aug",2019,2019-07-08,37,124,270,0.459259259259259,120.26785377144
"Common Tern","Jun-Aug",2019,2019-07-08,37,129,269,0.479553903345725,126.607677878875
"Common Tern","Jun-Aug",2019,2019-07-08,37,112,264,0.424242424242424,116.705364657844
"Common Tern","Jun-Aug",2019,2019-07-08,37,112,260,0.430769230769231,122.53209736737
"Common Tern","Jun-Aug",2019,2019-07-08,37,108,269,0.401486988847584,105.997125666035
"Common Tern","Jun-Aug",2019,2019-07-08,37,107,272,0.393382352941176,101.363974611234
"Common Tern","Jun-Aug",2019,2019-07-15,44,115,267,0.430711610486891,115.587451730896
"Common Tern","Jun-Aug",2019,2019-07-15,44,104,268,0.388059701492537,103.291666043303
"Common Tern","Jun-Aug",2019,2019-07-15,44,111,260,0.426923076923077,121.438060783733
"Common Tern","Jun-Aug",2019,2019-07-15,44,119,274,0.434306569343066,110.126978648182
"Common Tern","Jun-Aug",2019,2019-07-15,44,108,262,0.412213740458015,115.301696193119
"Common Tern","Jun-Aug",2019,2019-07-15,44,104,269,0.386617100371747,102.071306196923
"Common Tern","Jun-Aug",2019,2019-07-15,44,122,261,0.467432950191571,131.84739423105
"Common Tern","Jun-Aug",2019,2019-07-15,44,106,262,0.404580152671756,113.16647959695
"Common Tern","Jun-Aug",2019,2019-07-15,44,108,271,0.398523985239852,103.520934732282
"Common Tern","Jun-Aug",2019,2019-07-15,44,108,267,0.404494382022472,108.55169379945
"Common Tern","Jun-Aug",2019,2019-07-15,44,127,269,0.472118959107807,124.644768144319
"Common Tern","Jun-Aug",2019,2019-07-15,44,107,269,0.397769516728625,105.015670798757
"Common Tern","Jun-Aug",2019,2019-07-15,44,116,273,0.424908424908425,108.610546739199
"Common Tern","Jun-Aug",2019,2019-07-15,44,121,268,0.451492537313433,120.175880684996
"Common Tern","Jun-Aug",2019,2019-07-15,44,105,265,0.39622641509434,108.099187023771
"Common Tern","Jun-Aug",2019,2019-07-15,44,112,262,0.427480916030534,119.572129385457
"Common Tern","Jun-Aug",2019,2019-07-15,44,101,264,0.382575757575758,105.243230628949
"Common Tern","Jun-Aug",2019,2019-07-15,44,101,270,0.374074074074074,97.9601067009311
"Common Tern","Jun-Aug",2019,2019-07-15,44,119,266,0.447368421052632,121.048707522176
"Common Tern","Jun-Aug",2019,2019-07-15,44,119,274,0.434306569343066,110.126978648182
"Common Tern","Jun-Aug",2019,2019-07-15,44,115,257,0.447470817120623,130.561070791809
"Common Tern","Jun-Aug",2019,2019-07-15,44,113,263,0.429657794676806,119.182034356328
"Common Tern","Jun-Aug",2019,2019-07-16,45,125,265,0.471698113207547,128.689508361633
"Common Tern","Jun-Aug",2019,2019-07-16,45,106,280,0.378571428571429,91.5444799230621
"Common Tern","Jun-Aug",2019,2019-07-16,45,130,266,0.488721804511278,132.238083847755
"Common Tern","Jun-Aug",2019,2019-07-16,45,114,267,0.426966292134831,114.582343454975
"Common Tern","Jun-Aug",2019,2019-07-16,45,126,273,0.461538461538462,117.973524906371
"Common Tern","Jun-Aug",2019,2019-07-16,45,120,268,0.447761194029851,119.182691588426
"Common Tern","Jun-Aug",2019,2019-07-21,50,104,264,0.393939393939394,108.369267182284
"Common Tern","Jun-Aug",2019,2019-07-21,50,126,276,0.456521739130435,113.929989871794
"Common Tern","Jun-Aug",2019,2019-07-21,50,101,253,0.399209486166008,120.5527562231
"Common Tern","Jun-Aug",2019,2019-07-21,50,102,263,0.387832699619772,107.580243401288
"Common Tern","Jun-Aug",2019,2019-07-21,50,115,263,0.437262357414449,121.291450893609
"Common Tern","Jun-Aug",2019,2019-07-21,50,124,285,0.435087719298246,101.208806296821
"Common Tern","Jun-Aug",2019,2019-07-21,50,103,268,0.384328358208955,102.298476946732
"Common Tern","Jun-Aug",2019,2019-07-21,50,115,262,0.438931297709924,122.77495427971
"Common Tern","Jun-Aug",2019,2019-07-21,50,115,269,0.427509293680297,112.867309736982
"Common Tern","Jun-Aug",2019,2019-07-21,50,111,274,0.405109489051095,102.723484285279
"Common Tern","Jun-Aug",2019,2019-07-21,50,107,278,0.384892086330935,94.5463607864058
"Common Tern","Jun-Aug",2019,2019-07-21,50,109,268,0.406716417910448,108.257611526154
"Common Tern","Jun-Aug",2019,2019-08-01,61,122,254,0.480314960629921,143.796584144659
"Common Tern","Jun-Aug",2019,2019-08-08,68,103,267,0.385767790262172,103.526152419846
"Common Tern","Jun-Aug",2019,2019-08-08,68,132,271,0.487084870848708,126.525586895011
"Common Tern","Jun-Aug",2019,2019-08-08,68,120,257,0.466926070038911,136.237639087105
"Common Tern","Jun-Aug",2019,2019-08-08,68,136,265,0.513207547169811,140.014185097456
"Common Tern","Jun-Aug",2019,2019-08-08,68,125,268,0.466417910447761,124.148637071277
"Common Tern","Jun-Aug",2019,2019-08-08,68,131,275,0.476363636363636,119.831024137145
"Common Tern","Jun-Aug",2019,2019-08-08,68,116,263,0.44106463878327,122.346159162249
"Common Tern","Jun-Aug",2019,2019-08-08,68,140,274,0.510948905109489,129.561151350802
"Common Tern","Jun-Aug",2019,2019-08-08,68,126,272,0.463235294117647,119.363185056219
"Common Tern","Jun-Aug",2019,2019-08-08,68,123,270,0.455555555555556,119.297951724896
"Common Tern","Jun-Aug",2019,2019-08-08,68,146,274,0.532846715328467,135.113772122979
"Common Tern","Jun-Aug",2019,2019-08-08,68,122,274,0.445255474452555,112.90328903427
"Common Tern","Jun-Aug",2019,2019-08-08,68,128,259,0.494208494208494,141.769380022985
"Common Tern","Jun-Aug",2019,2019-08-08,68,113,258,0.437984496124031,126.710381909382
"Common Tern","Jun-Aug",2019,2019-08-08,68,130,263,0.494296577946768,137.11207492321
"Common Tern","Jun-Aug",2019,2019-08-08,68,109,258,0.422480620155039,122.225058655952
"Common Tern","Jun-Aug",2020,2020-06-25,24,135,270,0.5,130.936776283423
"Common Tern","Jun-Aug",2020,2020-06-25,24,117,266,0.43984962406015,119.01427546298
"Common Tern","Jun-Aug",2020,2020-06-25,24,127,264,0.481060606060606,132.33554742452
"Common Tern","Jun-Aug",2020,2020-06-25,24,103,268,0.384328358208955,102.298476946732
"Common Tern","Jun-Aug",2020,2020-06-25,24,105,260,0.403846153846154,114.873841281909
"Common Tern","Jun-Aug",2020,2020-06-25,24,113,269,0.420074349442379,110.904400002426
"Common Tern","Jun-Aug",2020,2020-06-25,24,113,268,0.421641791044776,112.230367912434
"Common Tern","Jun-Aug",2020,2020-06-25,24,122,262,0.465648854961832,130.248212366301
"Common Tern","Jun-Aug",2020,2020-06-25,24,111,282,0.393617021276596,93.709850058187
"Common Tern","Jun-Aug",2020,2020-06-25,24,108,255,0.423529411764706,125.709165801192
"Common Tern","Jun-Aug",2020,2020-06-25,24,122,253,0.482213438735178,145.618180784339
"Common Tern","Jun-Aug",2020,2020-06-25,24,111,273,0.406593406593407,103.929057655613
"Common Tern","Jun-Aug",2020,2020-06-25,24,105,274,0.383211678832117,97.1708635131014
"Common Tern","Jun-Aug",2020,2020-06-25,24,117,278,0.420863309352518,103.382469271117
"Common Tern","Jun-Aug",2020,2020-06-25,24,119,267,0.445692883895131,119.607884834579
"Common Tern","Jun-Aug",2020,2020-06-25,24,110,262,0.419847328244275,117.436912789288
"Common Tern","Jun-Aug",2020,2020-06-25,24,107,275,0.389090909090909,97.8772487227061
"Common Tern","Jun-Aug",2020,2020-06-25,24,109,270,0.403703703703704,105.719323073282
"Common Tern","Jun-Aug",2020,2020-06-25,24,106,263,0.403041825095057,111.799076475848
"Common Tern","Jun-Aug",2020,2020-06-25,24,116,252,0.46031746031746,140.217572053704
"Common Tern","Jun-Aug",2020,2020-06-25,24,103,276,0.373188405797101,93.1332456888475
"Common Tern","Jun-Aug",2020,2020-06-25,24,115,268,0.42910447761194,114.216746105575
"Common Tern","Jun-Aug",2020,2020-06-25,24,93,259,0.359073359073359,103.00431517295
"Common Tern","Jun-Aug",2020,2020-06-25,24,135,271,0.498154981549816,129.401168415353
"Common Tern","Jun-Aug",2020,2020-06-25,24,107,265,0.40377358490566,110.158219157557
"Common Tern","Jun-Aug",2020,2020-06-25,24,119,263,0.452471482889734,125.510283968169
"Common Tern","Jun-Aug",2020,2020-06-25,24,106,269,0.394052044609665,104.034215931479
"Common Tern","Jun-Aug",2020,2020-06-25,24,113,263,0.429657794676806,119.182034356328
"Common Tern","Jun-Aug",2020,2020-06-25,24,118,277,0.425992779783394,105.472017311113
"Common Tern","Jun-Aug",2020,2020-06-25,24,131,274,0.478102189781022,121.232220192536
"Common Tern","Jun-Aug",2020,2020-06-25,24,104,255,0.407843137254902,121.053270771519
"Common Tern","Jun-Aug",2020,2020-06-25,24,125,264,0.473484848484849,130.251523055629
"Common Tern","Jun-Aug",2020,2020-06-25,24,124,272,0.455882352941176,117.468531325168
"Common Tern","Jun-Aug",2020,2020-06-25,24,120,268,0.447761194029851,119.182691588426
"Common Tern","Jun-Aug",2020,2020-06-25,24,107,265,0.40377358490566,110.158219157557
"Common Tern","Jun-Aug",2020,2020-06-25,24,119,267,0.445692883895131,119.607884834579
"Common Tern","Jun-Aug",2020,2020-06-25,24,107,256,0.41796875,122.999325546136
"Common Tern","Jun-Aug",2020,2020-06-25,24,114,267,0.426966292134831,114.582343454975
"Common Tern","Jun-Aug",2020,2020-06-25,24,112,266,0.421052631578947,113.928195314989
"Common Tern","Jun-Aug",2020,2020-06-25,24,110,267,0.411985018726592,110.561910351292
"Common Tern","Jun-Aug",2020,2020-06-25,24,106,260,0.407692307692308,115.967877865546
"Common Tern","Jun-Aug",2020,2020-06-25,24,111,277,0.40072202166065,99.2152027248606
"Common Tern","Jun-Aug",2020,2020-06-25,24,126,266,0.473684210526316,128.169219729363
"Common Tern","Jun-Aug",2020,2020-06-25,24,123,266,0.462406015037594,125.117571640568
"Common Tern","Jun-Aug",2020,2020-06-25,24,121,268,0.451492537313433,120.175880684996
"Common Tern","Jun-Aug",2020,2020-06-25,24,117,260,0.45,128.002280285556
"Common Tern","Jun-Aug",2020,2020-06-25,24,131,272,0.481617647058824,124.099819383847
"Common Tern","Jun-Aug",2020,2020-06-25,24,110,272,0.404411764705882,104.20595520781
"Common Tern","Jun-Aug",2020,2020-06-25,24,109,271,0.402214022140221,104.479461905729
"Common Tern","Jun-Aug",2020,2020-06-25,24,112,273,0.41025641025641,104.86535547233
"Common Tern","Jun-Aug",2020,2020-06-25,24,120,259,0.463320463320463,132.908793771549
"Common Tern","Jun-Aug",2020,2020-06-25,24,111,268,0.414179104477612,110.243989719294
"Common Tern","Jun-Aug",2020,2020-06-25,24,117,268,0.436567164179104,116.203124298715
"Common Tern","Jun-Aug",2020,2020-06-25,24,108,259,0.416988416988417,119.617914394394
"Common Tern","Jun-Aug",2020,2020-06-25,24,121,263,0.460076045627376,127.619700505449
"Common Tern","Jun-Aug",2020,2020-06-25,24,108,268,0.402985074626866,107.264422429583
"Common Tern","Jun-Aug",2020,2020-06-25,24,117,283,0.413427561837456,97.6657553104923
"Common Tern","Jun-Aug",2020,2020-06-25,24,107,268,0.399253731343284,106.271233333013
"Common Tern","Jun-Aug",2020,2020-06-25,24,126,271,0.464944649446494,120.774423854329
"Common Tern","Jun-Aug",2020,2020-06-25,24,117,273,0.428571428571429,109.546844555916
"Common Tern","Jun-Aug",2020,2020-06-25,24,114,266,0.428571428571429,115.962627374185
"Common Tern","Jun-Aug",2020,2020-06-25,24,118,279,0.422939068100358,103.078187410444
"Common Tern","Jun-Aug",2020,2020-06-25,24,104,253,0.411067193675889,124.13353116042
"Common Tern","Jun-Aug",2020,2020-06-25,24,110,269,0.408921933085502,107.960035400591
"Common Tern","Jun-Aug",2020,2020-06-25,24,100,267,0.374531835205993,100.510827592083
"Common Tern","Jun-Aug",2020,2020-06-25,24,111,267,0.415730337078652,111.567018627212
"Common Tern","Jun-Aug",2020,2020-06-25,24,114,286,0.398601398601399,92.0125794509372
"Common Tern","Jun-Aug",2020,2020-06-25,24,104,271,0.383763837638376,99.6868260384938
"Common Tern","Jun-Aug",2020,2020-06-25,24,103,268,0.384328358208955,102.298476946732
"Common Tern","Jun-Aug",2020,2020-06-25,24,120,263,0.456273764258555,126.564992236809
"Common Tern","Jun-Aug",2020,2020-06-25,24,100,267,0.374531835205993,100.510827592083
"Common Tern","Jun-Aug",2020,2020-06-25,24,122,273,0.446886446886447,114.228333639502
"Common Tern","Jun-Aug",2020,2020-06-25,24,112,264,0.424242424242424,116.705364657844
"Common Tern","Jun-Aug",2020,2020-06-25,24,109,260,0.419230769230769,119.249987616458
"Common Tern","Jun-Aug",2020,2020-06-26,25,113,272,0.415441176470588,107.047935804387
"Common Tern","Jun-Aug",2020,2020-06-30,29,100,270,0.37037037037037,96.9902046543872
"Common Tern","Jun-Aug",2020,2020-06-30,29,118,262,0.450381679389313,125.977779173964
"Common Tern","Jun-Aug",2020,2020-06-30,29,117,274,0.427007299270073,108.276105057456
"Common Tern","Jun-Aug",2020,2020-06-30,29,121,267,0.453183520599251,121.618101386421
"Common Tern","Jun-Aug",2020,2020-06-30,29,112,270,0.414814814814815,108.629029212914
"Common Tern","Jun-Aug",2020,2020-06-30,29,109,272,0.400735294117647,103.258628342285
"Common Tern","Jun-Aug",2020,2020-06-30,29,108,263,0.4106463878327,113.908493013128
"Common Tern","Jun-Aug",2020,2020-06-30,29,112,270,0.414814814814815,108.629029212914
"Common Tern","Jun-Aug",2020,2020-06-30,29,104,273,0.380952380952381,97.3749729385921
"Common Tern","Jun-Aug",2020,2020-06-30,29,110,276,0.398550724637681,99.4626895706138
"Common Tern","Jun-Aug",2020,2020-06-30,29,114,269,0.423791821561338,111.885854869704
"Common Tern","Jun-Aug",2020,2020-06-30,29,128,276,0.463768115942029,115.738402409442
"Common Tern","Jun-Aug",2020,2020-06-30,29,118,267,0.441947565543071,118.602776558658
"Common Tern","Jun-Aug",2020,2020-06-30,29,122,274,0.445255474452555,112.90328903427
"Common Tern","Jun-Aug",2020,2020-06-30,29,111,268,0.414179104477612,110.243989719294
"Common Tern","Jun-Aug",2020,2020-06-30,29,109,275,0.396363636363636,99.7067300072426
"Common Tern","Jun-Aug",2020,2020-06-30,29,112,276,0.405797101449275,101.271102108261
"Common Tern","Jun-Aug",2020,2020-06-30,29,114,268,0.425373134328358,113.223557009005
"Common Tern","Jun-Aug",2020,2020-06-30,29,107,265,0.40377358490566,110.158219157557
"Common Tern","Jun-Aug",2020,2020-06-30,29,107,268,0.399253731343284,106.271233333013
"Common Tern","Jun-Aug",2020,2020-06-30,29,102,262,0.389312977099237,108.896046404613
"Common Tern","Jun-Aug",2020,2020-06-30,29,105,261,0.402298850574713,113.475216346395
"Common Tern","Jun-Aug",2020,2020-06-30,29,101,267,0.378277153558052,101.515935868004
"Common Tern","Jun-Aug",2020,2020-06-30,29,120,253,0.474308300395257,143.230997492792
"Common Tern","Jun-Aug",2020,2020-06-30,29,114,272,0.419117647058824,107.995262669913
"Common Tern","Jun-Aug",2020,2020-06-30,29,109,276,0.394927536231884,98.5584833017901
"Common Tern","Jun-Aug",2020,2020-06-30,29,108,261,0.413793103448276,116.717365384864
"Common Tern","Jun-Aug",2020,2020-06-30,29,95,263,0.361216730038023,100.197285520807
"Common Tern","Jun-Aug",2020,2020-07-01,30,97,269,0.360594795539033,95.201122125976
"Common Tern","Jun-Aug",2020,2020-07-01,30,109,259,0.420849420849421,120.725487675824
"Common Tern","Jun-Aug",2020,2020-07-01,30,111,262,0.423664122137405,118.504521087373
"Common Tern","Jun-Aug",2020,2020-07-01,30,105,258,0.406976744186047,117.739735402523
"Common Tern","Jun-Aug",2020,2020-07-01,30,110,262,0.419847328244275,117.436912789288
"Common Tern","Jun-Aug",2020,2020-07-01,30,110,265,0.415094339622642,113.246767358237
"Common Tern","Jun-Aug",2020,2020-07-01,30,103,267,0.385767790262172,103.526152419846
"Common Tern","Jun-Aug",2020,2020-07-01,30,108,271,0.398523985239852,103.520934732282
"Common Tern","Jun-Aug",2020,2020-07-01,30,102,257,0.396887159533074,115.801993224039
"Common Tern","Jun-Aug",2020,2020-07-01,30,112,268,0.417910447761194,111.237178815864
"Common Tern","Jun-Aug",2020,2020-07-06,35,122,271,0.450184501845018,116.940315160541
"Common Tern","Jun-Aug",2020,2020-07-06,35,126,273,0.461538461538462,117.973524906371
"Common Tern","Jun-Aug",2020,2020-07-06,35,111,268,0.414179104477612,110.243989719294
"Common Tern","Jun-Aug",2020,2020-07-06,35,113,278,0.406474820143885,99.8480258772323
"Common Tern","Jun-Aug",2020,2020-07-06,35,120,272,0.441176470588235,113.679223863066
"Common Tern","Jun-Aug",2020,2020-07-06,35,132,265,0.49811320754717,135.896120829884
"Common Tern","Jun-Aug",2020,2020-07-06,35,118,283,0.416961130742049,98.5005053558812
"Common Tern","Jun-Aug",2020,2020-07-06,35,125,270,0.462962962962963,121.237755817984
"Common Tern","Jun-Aug",2020,2020-07-06,35,117,272,0.430147058823529,110.837243266489
"Common Tern","Jun-Aug",2020,2020-07-06,35,135,273,0.494505494505495,126.400205256826
"Common Tern","Jun-Aug",2020,2020-07-06,35,121,265,0.456603773584906,124.57144409406
"Common Tern","Jun-Aug",2020,2020-07-06,35,109,271,0.402214022140221,104.479461905729
"Common Tern","Jun-Aug",2020,2020-07-06,35,129,277,0.465703971119134,115.304154518081
"Common Tern","Jun-Aug",2020,2020-07-06,35,122,277,0.44043321299639,109.047339931829
"Common Tern","Jun-Aug",2020,2020-07-06,35,115,280,0.410714285714286,99.3171244448315
"Common Tern","Jun-Aug",2020,2020-07-06,35,128,284,0.450704225352113,105.652046205781
"Common Tern","Jun-Aug",2020,2020-07-06,35,113,268,0.421641791044776,112.230367912434
"Common Tern","Jun-Aug",2020,2020-07-06,35,114,266,0.428571428571429,115.962627374185
"Common Tern","Jun-Aug",2020,2020-07-06,35,113,264,0.428030303030303,117.747376842289
"Common Tern","Jun-Aug",2020,2020-07-06,35,110,249,0.441767068273092,138.144891713121
"Common Tern","Jun-Aug",2020,2020-07-06,35,106,267,0.397003745318352,106.541477247608
"Common Tern","Jun-Aug",2020,2020-07-06,35,125,280,0.446428571428571,107.953396135686
"Common Tern","Jun-Aug",2020,2020-07-06,35,114,269,0.423791821561338,111.885854869704
"Common Tern","Jun-Aug",2020,2020-07-06,35,113,261,0.432950191570881,122.120947115645
"Common Tern","Jun-Aug",2020,2020-07-06,35,107,260,0.411538461538462,117.061914449184
"Common Tern","Jun-Aug",2020,2020-07-06,35,102,263,0.387832699619772,107.580243401288
"Common Tern","Jun-Aug",2020,2020-07-06,35,113,271,0.416974169741697,108.313570599517
"Common Tern","Jun-Aug",2020,2020-07-06,35,108,274,0.394160583941606,99.94717389919
"Common Tern","Jun-Aug",2020,2020-07-06,35,123,284,0.433098591549296,101.525013150868
"Common Tern","Jun-Aug",2020,2020-07-06,35,108,268,0.402985074626866,107.264422429583
"Common Tern","Jun-Aug",2020,2020-07-06,35,125,273,0.457875457875458,117.037227089654
"Common Tern","Jun-Aug",2020,2020-07-06,35,115,262,0.438931297709924,122.77495427971
"Common Tern","Jun-Aug",2020,2020-07-06,35,106,275,0.385454545454545,96.9625080804378
"Common Tern","Jun-Aug",2020,2020-07-06,35,105,261,0.402298850574713,113.475216346395
"Common Tern","Jun-Aug",2020,2020-07-06,35,108,274,0.394160583941606,99.94717389919
"Common Tern","Jun-Aug",2020,2020-07-06,35,135,273,0.494505494505495,126.400205256826
"Common Tern","Jun-Aug",2020,2020-07-06,35,117,264,0.443181818181818,121.915425580069
"Common Tern","Jun-Aug",2020,2020-07-06,35,106,263,0.403041825095057,111.799076475848
"Common Tern","Jun-Aug",2020,2020-07-06,35,96,260,0.369230769230769,105.027512029174
"Common Tern","Jun-Aug",2020,2020-07-06,35,118,270,0.437037037037037,114.448441492177
"Common Tern","Jun-Aug",2020,2020-07-06,35,102,255,0.4,118.725323256682
"Common Tern","Jun-Aug",2020,2020-07-06,35,106,266,0.398496240601504,107.8248991374
"Common Tern","Jun-Aug",2020,2020-07-06,35,107,269,0.397769516728625,105.015670798757
"Common Tern","Jun-Aug",2020,2020-07-06,35,103,267,0.385767790262172,103.526152419846
"Common Tern","Jun-Aug",2020,2020-07-06,35,115,269,0.427509293680297,112.867309736982
"Common Tern","Jun-Aug",2020,2020-07-07,36,101,258,0.391472868217054,113.254412149093
"Common Tern","Jun-Aug",2020,2020-07-07,36,115,262,0.438931297709924,122.77495427971
"Common Tern","Jun-Aug",2020,2020-07-07,36,133,265,0.50188679245283,136.925636896777
"Common Tern","Jun-Aug",2020,2020-07-07,36,109,260,0.419230769230769,119.249987616458
"Common Tern","Jun-Aug",2020,2020-07-07,36,115,273,0.421245421245421,107.674248922482
"Common Tern","Jun-Aug",2020,2020-07-07,36,118,255,0.462745098039216,137.348903375377
"Common Tern","Jun-Aug",2020,2020-07-07,36,119,267,0.445692883895131,119.607884834579
"Common Tern","Jun-Aug",2020,2020-07-21,50,110,270,0.407407407407407,106.689225119826
"Common Tern","Jun-Aug",2020,2020-07-21,50,108,265,0.407547169811321,111.18773522445
"Common Tern","Jun-Aug",2020,2020-07-21,50,102,255,0.4,118.725323256682
"Common Tern","Jun-Aug",2020,2020-07-21,50,103,269,0.382899628252788,101.089851329645
"Common Tern","Jun-Aug",2020,2020-07-21,50,123,273,0.450549450549451,115.16463145622
"Common Tern","Jun-Aug",2020,2020-07-21,50,108,263,0.4106463878327,113.908493013128
"Common Tern","Jun-Aug",2020,2020-07-21,50,131,269,0.486988847583643,128.570587613431
"Common Tern","Jun-Aug",2020,2020-07-21,50,134,265,0.505660377358491,137.95515296367
"Common Tern","Jun-Aug",2020,2020-07-21,50,123,268,0.458955223880597,122.162258878137
"Common Tern","Jun-Aug",2020,2020-07-21,50,115,260,0.442307692307692,125.814207118281
"Common Tern","Jun-Aug",2020,2020-07-21,50,117,256,0.45703125,134.494589615868
"Common Tern","Jun-Aug",2020,2020-07-21,50,116,260,0.446153846153846,126.908243701919
"Common Tern","Jun-Aug",2020,2020-07-21,50,104,264,0.393939393939394,108.369267182284
"Common Tern","Jun-Aug",2020,2020-07-22,51,111,275,0.403636363636364,101.536211291779
"Common Tern","Jun-Aug",2020,2020-07-22,51,110,267,0.411985018726592,110.561910351292
"Common Tern","Jun-Aug",2020,2020-07-22,51,106,254,0.417322834645669,124.938015732245
"Common Tern","Jun-Aug",2020,2020-07-22,51,122,269,0.453531598513011,119.737493807929
"Common Tern","Jun-Aug",2020,2020-07-22,51,128,273,0.468864468864469,119.846120539806
"Common Tern","Jun-Aug",2020,2020-07-22,51,104,258,0.403100775193798,116.618404589165
"Common Tern","Jun-Aug",2020,2020-07-28,57,131,262,0.5,139.856687049061
"Common Tern","Jun-Aug",2020,2020-07-28,57,124,264,0.46969696969697,129.209510871184
"Common Tern","Jun-Aug",2020,2020-07-28,57,105,267,0.393258426966292,105.536368971687
"Common Tern","Jun-Aug",2020,2020-07-28,57,114,265,0.430188679245283,117.364831625809
"Common Tern","Jun-Aug",2020,2020-07-28,57,106,263,0.403041825095057,111.799076475848
"Common Tern","Jun-Aug",2020,2020-07-28,57,131,272,0.481617647058824,124.099819383847
"Common Tern","Jun-Aug",2020,2020-07-28,57,121,272,0.444852941176471,114.626550728592
"Common Tern","Jun-Aug",2020,2020-07-28,57,129,268,0.48134328358209,128.121393457558
"Common Tern","Jun-Aug",2020,2020-07-28,57,115,266,0.432330827067669,116.979843403783
"Common Tern","Jun-Aug",2020,2020-07-28,57,129,262,0.49236641221374,137.721470452893
"Common Tern","Jun-Aug",2020,2020-07-28,57,136,279,0.487455197132616,118.801978710342
"Common Tern","Jun-Aug",2020,2020-07-28,57,136,268,0.507462686567164,135.073717133549
"Common Tern","Jun-Aug",2020,2020-07-28,57,111,263,0.422053231939163,117.072617819048
"Common Tern","Jun-Aug",2020,2020-07-28,57,127,268,0.473880597014925,126.135015264417
"Common Tern","Jun-Aug",2020,2020-07-28,57,110,263,0.418250950570342,116.017909550408
"Common Tern","Jun-Aug",2020,2020-07-28,57,120,257,0.466926070038911,136.237639087105
"Common Tern","Jun-Aug",2020,2020-07-28,57,103,265,0.388679245283019,106.040154889985
"Common Tern","Jun-Aug",2020,2020-07-28,57,125,263,0.475285171102662,131.838533580009
"Common Tern","Jun-Aug",2020,2020-07-28,57,134,265,0.505660377358491,137.95515296367
"Common Tern","Jun-Aug",2020,2020-07-28,57,126,270,0.466666666666667,122.207657864528
"Common Tern","Jun-Aug",2020,2020-08-05,65,111,267,0.415730337078652,111.567018627212
"Common Tern","Jun-Aug",2020,2020-08-05,65,102,266,0.383458646616541,103.756035019008
"Common Tern","Jun-Aug",2020,2020-08-05,65,121,264,0.458333333333333,126.083474317849
"Common Tern","Jun-Aug",2020,2020-08-05,65,127,268,0.473880597014925,126.135015264417
"Common Tern","Jun-Aug",2020,2020-08-05,65,142,280,0.507142857142857,122.63505801014
"Common Tern","Jun-Aug",2020,2020-08-05,65,140,280,0.5,120.907803671969
"Common Tern","Jun-Aug",2020,2020-08-05,65,139,262,0.530534351145038,148.397553433737
"Common Tern","Jun-Aug",2020,2020-08-05,65,119,281,0.423487544483986,101.609067536605
"Common Tern","Jun-Aug",2020,2020-08-05,65,126,255,0.494117647058824,146.660693434724
"Common Tern","Jun-Aug",2020,2020-08-05,65,116,264,0.439393939393939,120.873413395624
"Common Tern","Jun-Aug",2020,2020-08-05,65,110,263,0.418250950570342,116.017909550408
"Common Tern","Jun-Aug",2020,2020-08-05,65,117,265,0.441509433962264,120.453379826488
"Common Tern","Jun-Aug",2020,2020-08-05,65,126,284,0.443661971830986,104.001232983816
"Common Tern","Jun-Aug",2020,2020-08-05,65,128,258,0.496124031007752,143.530344109742
"Common Tern","Jun-Aug",2020,2020-08-05,65,141,274,0.514598540145985,130.486588146165
"Common Tern","Jun-Aug",2020,2020-08-05,65,110,270,0.407407407407407,106.689225119826
"Common Tern","Jun-Aug",2020,2020-08-05,65,127,257,0.494163424124514,144.184834700519
"Common Tern","Jun-Aug",2020,2020-08-05,65,136,270,0.503703703703704,131.906678329967
"Common Tern","Jun-Aug",2020,2020-08-05,65,120,267,0.449438202247191,120.6129931105
"Common Tern","Jun-Aug",2020,2020-08-05,65,125,268,0.466417910447761,124.148637071277
"Common Tern","Jun-Aug",2020,2020-08-05,65,118,267,0.441947565543071,118.602776558658
"Common Tern","Jun-Aug",2020,2020-08-05,65,136,288,0.472222222222222,107.35528986612
"Common Tern","Jun-Aug",2020,2020-08-05,65,140,263,0.532319391634981,147.65915760961
"Common Tern","Jun-Aug",2020,2020-08-05,65,130,263,0.494296577946768,137.11207492321
"Common Tern","Jun-Aug",2020,2020-08-05,65,133,276,0.481884057971014,120.25943375356
"Common Tern","Jun-Aug",2020,2020-08-05,65,112,267,0.419475655430712,112.572126903133
"Common Tern","Jun-Aug",2020,2020-08-05,65,125,269,0.464684014869888,122.681858409763
"Common Tern","Jun-Aug",2020,2020-08-05,65,138,276,0.5,124.780465097679
"Common Tern","Jun-Aug",2020,2020-08-06,66,120,272,0.441176470588235,113.679223863066
"Common Tern","Jun-Aug",2020,2020-08-06,66,127,275,0.461818181818182,116.172061568072
"Common Tern","Jun-Aug",2020,2020-08-06,66,120,264,0.454545454545455,125.041462133404
"Common Tern","Jun-Aug",2020,2020-08-06,66,122,254,0.480314960629921,143.796584144659
"Common Tern","Jun-Aug",2020,2020-08-06,66,93,270,0.344444444444444,90.2008903285801
"Common Tern","Jun-Aug",2020,2020-08-18,78,127,271,0.468634686346863,121.732951027776
"Common Tern","Jun-Aug",2020,2020-08-18,78,108,260,0.415384615384615,118.155951032821
"Common Tern","Jun-Aug",2020,2020-08-18,78,117,263,0.444866920152091,123.400867430889
"Common Tern","Jun-Aug",2020,2020-08-18,78,124,273,0.454212454212454,116.100929272937
"Common Tern","Jun-Aug",2020,2020-08-18,78,126,279,0.451612903225806,110.066539099288
"Common Tern","Jun-Aug",2020,2020-08-18,78,135,278,0.485611510791367,119.287464543596
"Common Tern","Jun-Aug",2020,2020-08-18,78,135,277,0.487364620938628,120.667138449155
"Common Tern","Jun-Aug",2020,2020-08-18,78,127,277,0.458483754512635,113.516493207723
"Common Tern","Jun-Aug",2020,2020-08-18,78,118,274,0.430656934306569,109.201541852819
"Common Tern","Jun-Aug",2020,2020-08-18,78,124,260,0.476923076923077,135.660536371017
"Common Tern","Jun-Aug",2020,2020-08-19,79,138,275,0.501818181818182,126.234208633023
"Common Tern","Jun-Aug",2020,2020-08-19,79,135,284,0.475352112676056,111.42989248266
"Common Tern","Jun-Aug",2021,2021-06-27,26,112,265,0.422641509433962,115.305799492023
"Common Tern","Jun-Aug",2021,2021-06-27,26,114,279,0.408602150537634,99.5840115660222
"Common Tern","Jun-Aug",2021,2021-06-27,26,111,257,0.431906614785992,126.019816155572
"Common Tern","Jun-Aug",2021,2021-06-27,26,118,268,0.440298507462687,117.196313395286
"Common Tern","Jun-Aug",2021,2021-06-27,26,117,266,0.43984962406015,119.01427546298
"Common Tern","Jun-Aug",2021,2021-06-27,26,114,274,0.416058394160584,105.499794671367
"Common Tern","Jun-Aug",2021,2021-06-27,26,127,275,0.461818181818182,116.172061568072
"Common Tern","Jun-Aug",2021,2021-06-27,26,134,278,0.482014388489209,118.403853695125
"Common Tern","Jun-Aug",2021,2021-06-27,26,109,267,0.408239700374532,109.556802075371
"Common Tern","Jun-Aug",2021,2021-06-27,26,111,274,0.405109489051095,102.723484285279
"Common Tern","Jun-Aug",2021,2021-06-27,26,111,268,0.414179104477612,110.243989719294
"Common Tern","Jun-Aug",2021,2021-06-27,26,105,251,0.418326693227092,128.541765218376
"Common Tern","Jun-Aug",2021,2021-06-27,26,108,263,0.4106463878327,113.908493013128
"Common Tern","Jun-Aug",2021,2021-06-27,26,104,254,0.409448818897638,122.580694680693
"Common Tern","Jun-Aug",2021,2021-06-27,26,124,270,0.459259259259259,120.26785377144
"Common Tern","Jun-Aug",2021,2021-06-27,26,120,268,0.447761194029851,119.182691588426
"Common Tern","Jun-Aug",2021,2021-06-27,26,111,272,0.408088235294118,105.153282073336
"Common Tern","Jun-Aug",2021,2021-06-27,26,116,267,0.434456928838951,116.592560006817
"Common Tern","Jun-Aug",2021,2021-06-27,26,97,258,0.375968992248062,108.769088895664
"Common Tern","Jun-Aug",2021,2021-06-27,26,116,265,0.437735849056604,119.423863759595
"Common Tern","Jun-Aug",2021,2021-06-27,26,114,268,0.425373134328358,113.223557009005
"Common Tern","Jun-Aug",2021,2021-06-27,26,113,264,0.428030303030303,117.747376842289
"Common Tern","Jun-Aug",2021,2021-06-27,26,116,266,0.43609022556391,117.997059433381
"Common Tern","Jun-Aug",2021,2021-06-27,26,117,268,0.436567164179104,116.203124298715
"Common Tern","Jun-Aug",2021,2021-06-27,26,112,268,0.417910447761194,111.237178815864
"Common Tern","Jun-Aug",2021,2021-06-27,26,117,274,0.427007299270073,108.276105057456
"Common Tern","Jun-Aug",2021,2021-06-27,26,104,264,0.393939393939394,108.369267182284
"Common Tern","Jun-Aug",2021,2021-06-27,26,116,265,0.437735849056604,119.423863759595
"Common Tern","Jun-Aug",2021,2021-06-27,26,115,273,0.421245421245421,107.674248922482
"Common Tern","Jun-Aug",2021,2021-06-27,26,107,267,0.400749063670412,107.546585523529
"Common Tern","Jun-Aug",2021,2021-06-27,26,122,261,0.467432950191571,131.84739423105
"Common Tern","Jun-Aug",2021,2021-06-27,26,116,282,0.411347517730496,97.9310144752224
"Common Tern","Jun-Aug",2021,2021-06-27,26,108,253,0.426877470355731,128.907897743513
"Common Tern","Jun-Aug",2021,2021-06-27,26,119,265,0.449056603773585,122.512411960274
"Common Tern","Jun-Aug",2021,2021-06-27,26,112,263,0.425855513307985,118.127326087688
"Common Tern","Jun-Aug",2021,2021-06-27,26,129,275,0.469090909090909,118.001542852608
"Common Tern","Jun-Aug",2021,2021-06-27,26,134,268,0.5,133.087338940409
"Common Tern","Jun-Aug",2021,2021-06-27,26,118,270,0.437037037037037,114.448441492177
"Common Tern","Jun-Aug",2021,2021-06-27,26,118,262,0.450381679389313,125.977779173964
"Common Tern","Jun-Aug",2021,2021-06-27,26,107,273,0.391941391941392,100.183866388744
"Common Tern","Jun-Aug",2021,2021-06-27,26,117,265,0.441509433962264,120.453379826488
"Common Tern","Jun-Aug",2021,2021-06-27,26,123,273,0.450549450549451,115.16463145622
"Common Tern","Jun-Aug",2021,2021-06-27,26,108,257,0.420233463035019,122.613875178394
"Common Tern","Jun-Aug",2021,2021-06-27,26,113,265,0.426415094339623,116.335315558916
"Common Tern","Jun-Aug",2021,2021-07-01,30,111,274,0.405109489051095,102.723484285279
"Common Tern","Jun-Aug",2021,2021-07-01,30,118,258,0.457364341085271,132.317035976168
"Common Tern","Jun-Aug",2021,2021-07-01,30,115,266,0.432330827067669,116.979843403783
"Common Tern","Jun-Aug",2021,2021-07-01,30,113,264,0.428030303030303,117.747376842289
"Common Tern","Jun-Aug",2021,2021-07-01,30,114,268,0.425373134328358,113.223557009005
"Common Tern","Jun-Aug",2021,2021-07-01,30,105,264,0.397727272727273,109.411279366729
"Common Tern","Jun-Aug",2021,2021-07-01,30,107,265,0.40377358490566,110.158219157557
"Common Tern","Jun-Aug",2021,2021-07-01,30,107,265,0.40377358490566,110.158219157557
"Common Tern","Jun-Aug",2021,2021-07-01,30,112,253,0.442687747035573,133.682264326606
"Common Tern","Jun-Aug",2021,2021-07-20,49,107,267,0.400749063670412,107.546585523529
"Common Tern","Jun-Aug",2021,2021-07-20,49,109,265,0.411320754716981,112.217251291344
"Common Tern","Jun-Aug",2021,2021-07-20,49,106,262,0.404580152671756,113.16647959695
"Common Tern","Jun-Aug",2021,2021-07-20,49,109,277,0.393501805054152,97.4275414145027
"Common Tern","Jun-Aug",2021,2021-07-20,49,111,270,0.411111111111111,107.65912716637
"Common Tern","Jun-Aug",2021,2021-08-01,61,108,266,0.406015037593985,109.859331196597
"Common Tern","Jun-Aug",2021,2021-08-01,61,117,263,0.444866920152091,123.400867430889
"Common Tern","Jun-Aug",2021,2021-08-01,61,99,267,0.370786516853933,99.5057193161625
"Common Tern","Jun-Aug",2021,2021-08-01,61,125,273,0.457875457875458,117.037227089654
"Common Tern","Jun-Aug",2021,2021-08-10,70,138,271,0.509225092250922,132.276749935694
"Common Tern","Jun-Aug",2021,2021-08-10,70,135,266,0.507518796992481,137.324163995746
"Common Tern","Jun-Aug",2021,2021-08-10,70,112,268,0.417910447761194,111.237178815864
"Common Tern","Jun-Aug",2021,2021-08-10,70,149,280,0.532142857142857,128.680448193738
"Common Tern","Jun-Aug",2021,2021-08-10,70,125,272,0.459558823529412,118.415858190694
"Common Tern","Jun-Aug",2021,2021-08-10,70,103,271,0.380073800738007,98.7282988650468
"Common Tern","Jun-Aug",2021,2021-08-10,70,120,275,0.436363636363636,109.768877072194
"Common Tern","Jun-Aug",2021,2021-08-10,70,114,265,0.430188679245283,117.364831625809
"Common Tern","Jun-Aug",2021,2021-08-10,70,118,250,0.472,146.308471410927
"Common Tern","Jun-Aug",2021,2021-08-10,70,106,260,0.407692307692308,115.967877865546
"Common Tern","Jun-Aug",2021,2021-08-10,70,119,277,0.429602888086643,106.365847966292
"Common Tern","Jun-Aug",2021,2021-08-10,70,131,264,0.496212121212121,136.5035961623
"Common Tern","Jun-Aug",2021,2021-08-10,70,119,275,0.432727272727273,108.854136429925
"Common Tern","Jun-Aug",2021,2021-08-10,70,148,258,0.573643410852713,165.956960376889
"Common Tern","Jun-Aug",2021,2021-08-10,70,117,266,0.43984962406015,119.01427546298
"Common Tern","Jun-Aug",2021,2021-08-10,70,109,262,0.416030534351145,116.369304491204
"Common Tern","Jun-Aug",2021,2021-08-11,71,102,281,0.362989323843416,87.0934864599476
"Common Tern","Jun-Aug",2021,2021-08-11,71,127,274,0.463503649635036,117.530473011085
"Common Tern","Jun-Aug",2021,2021-08-11,71,109,265,0.411320754716981,112.217251291344
"Common Tern","Jun-Aug",2021,2021-08-11,71,112,262,0.427480916030534,119.572129385457
"Common Tern","Jun-Aug",2021,2021-08-11,71,121,268,0.451492537313433,120.175880684996
"Common Tern","Jun-Aug",2021,2021-08-17,77,123,252,0.488095238095238,148.678977263842
"Common Tern","Jun-Aug",2021,2021-08-17,77,118,264,0.446969696969697,122.957437764514
"Common Tern","Jun-Aug",2021,2021-08-17,77,116,257,0.45136186770428,131.696384450868
"Common Tern","Jun-Aug",2021,2021-08-17,77,114,264,0.431818181818182,118.789389026734
"Common Tern","Jun-Aug",2021,2021-08-17,77,103,266,0.387218045112782,104.773251048606
"Common Tern","Jun-Aug",2021,2021-08-17,77,121,263,0.460076045627376,127.619700505449
"Common Tern","Jun-Aug",2021,2021-08-17,77,102,272,0.375,96.6273402836061
"Common Tern","Jun-Aug",2021,2021-08-17,77,124,270,0.459259259259259,120.26785377144
"Common Tern","Jun-Aug",2021,2021-08-17,77,126,254,0.496062992125984,148.511226247762
"Common Tern","Jun-Aug",2021,2021-08-17,77,116,264,0.439393939393939,120.873413395624
"Common Tern","Jun-Aug",2021,2021-08-17,77,122,259,0.471042471042471,135.123940334408
"Common Tern","Jun-Aug",2021,2021-08-17,77,123,264,0.465909090909091,128.167498686739
"Common Tern","Jun-Aug",2021,2021-08-18,78,139,263,0.52851711026616,146.60444934097
"Common Tern","Jun-Aug",2021,2021-08-18,78,130,256,0.5078125,149.43843290652
"Common Tern","Jun-Aug",2021,2021-08-18,78,120,272,0.441176470588235,113.679223863066
"Common Tern","Jun-Aug",2021,2021-08-18,78,127,275,0.461818181818182,116.172061568072
"Common Tern","Jun-Aug",2022,2022-06-23,22,111,268,0.414179104477612,110.243989719294
"Common Tern","Jun-Aug",2022,2022-06-23,22,116,272,0.426470588235294,109.889916400964
"Common Tern","Jun-Aug",2022,2022-06-23,22,120,267,0.449438202247191,120.6129931105
"Common Tern","Jun-Aug",2022,2022-06-23,22,121,267,0.453183520599251,121.618101386421
"Common Tern","Jun-Aug",2022,2022-06-23,22,104,263,0.395437262357414,109.689659938568
"Common Tern","Jun-Aug",2022,2022-06-23,22,119,260,0.457692307692308,130.19035345283
"Common Tern","Jun-Aug",2022,2022-06-23,22,111,262,0.423664122137405,118.504521087373
"Common Tern","Jun-Aug",2022,2022-06-23,22,117,275,0.425454545454545,107.024655145389
"Common Tern","Jun-Aug",2022,2022-06-23,22,122,278,0.438848920863309,107.800523513472
"Common Tern","Jun-Aug",2022,2022-06-23,22,112,275,0.407272727272727,102.450951934047
"Common Tern","Jun-Aug",2022,2022-06-23,22,122,264,0.462121212121212,127.125486502294
"Common Tern","Jun-Aug",2022,2022-06-24,23,103,270,0.381481481481481,99.8999107940188
"Common Tern","Jun-Aug",2022,2022-06-24,23,112,273,0.41025641025641,104.86535547233
"Common Tern","Jun-Aug",2022,2022-06-24,23,111,277,0.40072202166065,99.2152027248606
"Common Tern","Jun-Aug",2022,2022-06-24,23,120,264,0.454545454545455,125.041462133404
"Common Tern","Jun-Aug",2022,2022-06-24,23,107,266,0.402255639097744,108.842115166998
"Common Tern","Jun-Aug",2022,2022-06-24,23,109,269,0.405204460966543,106.978580533313
"Common Tern","Jun-Aug",2022,2022-06-24,23,122,275,0.443636363636364,111.59835835673
"Common Tern","Jun-Aug",2022,2022-06-24,23,110,258,0.426356589147287,123.34638946931
"Common Tern","Jun-Aug",2022,2022-06-24,23,114,261,0.436781609195402,123.201663461801
"Common Tern","Jun-Aug",2022,2022-06-24,23,104,266,0.390977443609023,105.790467078204
"Common Tern","Jun-Aug",2022,2022-06-24,23,105,268,0.391791044776119,104.284855139873
"Common Tern","Jun-Aug",2022,2022-06-24,23,114,267,0.426966292134831,114.582343454975
"Common Tern","Jun-Aug",2022,2022-06-30,29,105,270,0.388888888888889,101.839714887107
"Common Tern","Jun-Aug",2022,2022-06-30,29,122,267,0.456928838951311,122.623209662342
"Common Tern","Jun-Aug",2022,2022-06-30,29,119,268,0.444029850746269,118.189502491856
"Common Tern","Jun-Aug",2022,2022-06-30,29,112,260,0.430769230769231,122.53209736737
"Common Tern","Jun-Aug",2022,2022-06-30,29,122,272,0.448529411764706,115.573877594117
"Common Tern","Jun-Aug",2022,2022-06-30,29,126,266,0.473684210526316,128.169219729363
"Common Tern","Jun-Aug",2022,2022-06-30,29,120,282,0.425531914893617,101.307946008851
"Common Tern","Jun-Aug",2022,2022-06-30,29,113,279,0.405017921146953,98.7104676049167
"Common Tern","Jun-Aug",2022,2022-06-30,29,114,275,0.414545454545455,104.280433218584
"Common Tern","Jun-Aug",2022,2022-06-30,29,101,267,0.378277153558052,101.515935868004
"Common Tern","Jun-Aug",2022,2022-06-30,29,104,267,0.389513108614232,104.531260695767
"Common Tern","Jun-Aug",2022,2022-06-30,29,110,263,0.418250950570342,116.017909550408
"Common Tern","Jun-Aug",2022,2022-06-30,29,102,258,0.395348837209302,114.375742962451
"Common Tern","Jun-Aug",2022,2022-06-30,29,112,263,0.425855513307985,118.127326087688
"Common Tern","Jun-Aug",2022,2022-06-30,29,107,265,0.40377358490566,110.158219157557
"Common Tern","Jun-Aug",2022,2022-07-01,30,109,266,0.409774436090226,110.876547226195
"Common Tern","Jun-Aug",2022,2022-07-01,30,104,264,0.393939393939394,108.369267182284
"Common Tern","Jun-Aug",2022,2022-07-01,30,117,283,0.413427561837456,97.6657553104923
"Common Tern","Jun-Aug",2022,2022-07-01,30,109,272,0.400735294117647,103.258628342285
"Common Tern","Jun-Aug",2022,2022-07-01,30,107,265,0.40377358490566,110.158219157557
"Common Tern","Jun-Aug",2022,2022-07-01,30,117,263,0.444866920152091,123.400867430889
"Common Tern","Jun-Aug",2022,2022-07-01,30,125,267,0.468164794007491,125.638534490104
"Common Tern","Jun-Aug",2022,2022-07-01,30,123,265,0.464150943396226,126.630476227846
"Common Tern","Jun-Aug",2022,2022-07-01,30,109,276,0.394927536231884,98.5584833017901
"Common Tern","Jun-Aug",2022,2022-07-10,39,97,254,0.381889763779528,114.330071000262
"Common Tern","Jun-Aug",2022,2022-07-11,40,111,276,0.402173913043478,100.366895839438
"Common Tern","Jun-Aug",2022,2022-07-11,40,109,266,0.409774436090226,110.876547226195
"Common Tern","Jun-Aug",2022,2022-07-11,40,117,264,0.443181818181818,121.915425580069
"Common Tern","Jun-Aug",2022,2022-07-11,40,124,266,0.466165413533835,126.134787670166
"Common Tern","Jun-Aug",2022,2022-07-11,40,106,272,0.389705882352941,100.416647745708
"Common Tern","Jun-Aug",2022,2022-07-11,40,117,265,0.441509433962264,120.453379826488
"Common Tern","Jun-Aug",2022,2022-07-11,40,118,262,0.450381679389313,125.977779173964
"Common Tern","Jun-Aug",2022,2022-07-11,40,113,279,0.405017921146953,98.7104676049167
"Common Tern","Jun-Aug",2022,2022-07-11,40,116,267,0.434456928838951,116.592560006817
"Common Tern","Jun-Aug",2022,2022-07-11,40,103,262,0.393129770992366,109.963654702697
"Common Tern","Jun-Aug",2022,2022-07-11,40,110,257,0.428015564202335,124.884502496513
"Common Tern","Jun-Aug",2022,2022-07-11,40,101,268,0.376865671641791,100.312098753592
"Common Tern","Jun-Aug",2022,2022-07-18,47,114,266,0.428571428571429,115.962627374185
"Common Tern","Jun-Aug",2022,2022-07-18,47,127,273,0.465201465201465,118.909822723088
"Common Tern","Jun-Aug",2022,2022-07-18,47,121,276,0.438405797101449,109.408958527675
"Common Tern","Jun-Aug",2022,2022-07-18,47,119,277,0.429602888086643,106.365847966292
"Common Tern","Jun-Aug",2022,2022-07-18,47,124,268,0.462686567164179,123.155447974707
"Common Tern","Jun-Aug",2022,2022-07-18,47,120,266,0.451127819548872,122.065923551774
"Common Tern","Jun-Aug",2022,2022-07-18,47,119,254,0.468503937007874,140.260602567331
"Common Tern","Jun-Aug",2022,2022-07-18,47,116,270,0.42962962962963,112.508637399089
"Common Tern","Jun-Aug",2022,2022-07-18,47,134,262,0.511450381679389,143.059511943315
"Common Tern","Jun-Aug",2022,2022-07-18,47,119,273,0.435897435897436,111.419440189351
"Common Tern","Jun-Aug",2022,2022-07-18,47,119,269,0.442379182156134,116.793129206094
"Common Tern","Jun-Aug",2022,2022-07-18,47,113,276,0.409420289855072,102.175308377085
"Common Tern","Jun-Aug",2022,2022-07-18,47,103,272,0.378676470588235,97.5746671491316
"Common Tern","Jun-Aug",2022,2022-07-19,48,119,277,0.429602888086643,106.365847966292
"Common Tern","Jun-Aug",2022,2022-07-28,57,153,274,0.558394160583942,141.591829690519
"Common Tern","Jun-Aug",2022,2022-07-29,58,112,268,0.417910447761194,111.237178815864
"Common Tern","Jun-Aug",2022,2022-07-29,58,106,264,0.401515151515151,110.453291551174
"Common Tern","Jun-Aug",2022,2022-07-29,58,107,262,0.408396946564886,114.234087895035
"Common Tern","Jun-Aug",2022,2022-07-29,58,114,266,0.428571428571429,115.962627374185
"Common Tern","Jun-Aug",2022,2022-07-29,58,112,270,0.414814814814815,108.629029212914
"Common Tern","Jun-Aug",2022,2022-07-29,58,118,267,0.441947565543071,118.602776558658
"Common Tern","Jun-Aug",2022,2022-07-29,58,121,272,0.444852941176471,114.626550728592
"Common Tern","Jun-Aug",2022,2022-07-29,58,111,274,0.405109489051095,102.723484285279
"Common Tern","Jun-Aug",2022,2022-07-29,58,127,275,0.461818181818182,116.172061568072
"Common Tern","Jun-Aug",2022,2022-07-29,58,108,264,0.409090909090909,112.537315920064
"Common Tern","Jun-Aug",2022,2022-07-29,58,106,266,0.398496240601504,107.8248991374
"Common Tern","Jun-Aug",2022,2022-08-09,69,142,264,0.537878787878788,147.965730191195
"Common Tern","Jun-Aug",2022,2022-08-10,70,118,255,0.462745098039216,137.348903375377
"Common Tern","Jun-Aug",2022,2022-08-10,70,114,273,0.417582417582418,106.737951105764
"Common Tern","Jun-Aug",2022,2022-08-10,70,145,257,0.56420233463035,164.620480563585
"Common Tern","Jun-Aug",2022,2022-08-10,70,113,261,0.432950191570881,122.120947115645
"Common Tern","Jun-Aug",2022,2022-08-10,70,98,270,0.362962962962963,95.0504005612994
"Common Tern","Jun-Aug",2022,2022-08-10,70,125,276,0.452898550724638,113.02578360297
"Common Tern","Jun-Aug",2022,2022-08-10,70,109,264,0.412878787878788,113.579328104509
"Common Tern","Jun-Aug",2022,2022-08-16,76,134,265,0.505660377358491,137.95515296367
"Common Tern","Jun-Aug",2022,2022-08-16,76,129,282,0.457446808510638,108.906041959515
"Common Tern","Jun-Aug",2022,2022-08-16,76,125,267,0.468164794007491,125.638534490104
"Common Tern","Jun-Aug",2022,2022-08-16,76,115,264,0.435606060606061,119.831401211179
"Common Tern","Jun-Aug",2022,2022-08-16,76,126,252,0.5,152.305293782472
"Common Tern","Jun-Aug",2022,2022-08-16,76,126,274,0.45985401459854,116.605036215722
"Common Tern","Jun-Aug",2022,2022-08-16,76,123,275,0.447272727272727,112.513098998999
"Common Tern","Jun-Aug",2022,2022-08-16,76,116,279,0.415770609318996,101.331099488233
"Common Tern","Jun-Aug",2022,2022-08-16,76,114,270,0.422222222222222,110.568833306001
"Common Tern","Jun-Aug",2022,2022-08-16,76,109,272,0.400735294117647,103.258628342285
"Common Tern","Jun-Aug",2022,2022-08-16,76,106,267,0.397003745318352,106.541477247608
"Common Tern","Jun-Aug",2022,2022-08-16,76,117,280,0.417857142857143,101.044378783003
"Common Tern","Jun-Aug",2022,2022-08-17,77,102,267,0.382022471910112,102.521044143925
"Common Tern","Jun-Aug",2022,2022-08-17,77,126,275,0.458181818181818,115.257320925803
"Common Tern","Jun-Aug",2022,2022-08-25,85,112,267,0.419475655430712,112.572126903133
"Common Tern","Jun-Aug",2022,2022-08-25,85,118,262,0.450381679389313,125.977779173964
"Common Tern","Jun-Aug",2022,2022-08-25,85,120,261,0.459770114942529,129.685961538738
"Common Tern","Jun-Aug",2022,2022-08-25,85,121,259,0.467181467181467,134.016367052978
"Common Tern","Jun-Aug",2023,2023-06-29,28,126,281,0.448398576512456,107.586071509347
"Common Tern","Jun-Aug",2023,2023-06-29,28,127,276,0.460144927536232,114.834196140618
"Common Tern","Jun-Aug",2023,2023-06-29,28,123,270,0.455555555555556,119.297951724896
"Common Tern","Jun-Aug",2023,2023-06-29,28,102,264,0.386363636363636,106.285242813394
"Common Tern","Jun-Aug",2023,2023-07-30,59,115,270,0.425925925925926,111.538735352545
"Common Tern","Jun-Aug",2023,2023-07-30,59,114,274,0.416058394160584,105.499794671367
"Common Tern","Jun-Aug",2023,2023-07-30,59,115,275,0.418181818181818,105.195173860852
"Common Tern","Jun-Aug",2023,2023-07-30,59,110,265,0.415094339622642,113.246767358237
"Common Tern","Jun-Aug",2023,2023-07-30,59,124,265,0.467924528301887,127.659992294739
"Common Tern","Jun-Aug",2023,2023-07-30,59,110,260,0.423076923076923,120.344024200095
"Common Tern","Jun-Aug",2023,2023-07-30,59,128,267,0.47940074906367,128.653859317867
"Common Tern","Jun-Aug",2023,2023-07-30,59,126,272,0.463235294117647,119.363185056219
"Common Tern","Jun-Aug",2023,2023-07-30,59,114,258,0.441860465116279,127.831712722739
"Common Tern","Jun-Aug",2023,2023-07-30,59,107,258,0.414728682170543,119.982397029238
"Common Tern","Jun-Aug",2023,2023-07-30,59,110,268,0.41044776119403,109.250800622724
"Common Tern","Jun-Aug",2023,2023-07-30,59,114,265,0.430188679245283,117.364831625809
"Common Tern","Jun-Aug",2023,2023-07-30,59,128,257,0.498054474708171,145.320148359578
"Common Tern","Jun-Aug",2023,2023-07-30,59,112,264,0.424242424242424,116.705364657844
"Common Tern","Jun-Aug",2023,2023-07-30,59,109,264,0.412878787878788,113.579328104509
"Common Tern","Jun-Aug",2023,2023-07-30,59,115,265,0.433962264150943,118.394347692702
"Common Tern","Jun-Aug",2023,2023-07-30,59,109,260,0.419230769230769,119.249987616458
"Common Tern","Jun-Aug",2023,2023-07-30,59,114,263,0.433460076045627,120.236742624968
"Common Tern","Jun-Aug",2023,2023-07-30,59,106,252,0.420634920634921,128.129850324937
"Common Tern","Jun-Aug",2023,2023-07-30,59,109,264,0.412878787878788,113.579328104509
"Common Tern","Jun-Aug",2023,2023-07-30,59,111,266,0.417293233082707,112.910979285391
"Common Tern","Jun-Aug",2023,2023-07-30,59,118,266,0.443609022556391,120.031491492578
"Common Tern","Jun-Aug",2023,2023-07-30,59,130,265,0.490566037735849,133.837088696098
"Common Tern","Jun-Aug",2023,2023-07-30,59,118,256,0.4609375,135.644116022842
"Common Tern","Jun-Aug",2023,2023-07-30,59,104,267,0.389513108614232,104.531260695767
"Common Tern","Jun-Aug",2023,2023-07-30,59,121,259,0.467181467181467,134.016367052978
"Common Tern","Jun-Aug",2023,2023-07-30,59,97,264,0.367424242424242,101.075181891168
"Common Tern","Jun-Aug",2023,2023-07-30,59,123,279,0.440860215053763,107.445907215971
"Common Tern","Jun-Aug",2023,2023-07-30,59,134,262,0.511450381679389,143.059511943315
"Common Tern","Jun-Aug",2023,2023-07-30,59,108,262,0.412213740458015,115.301696193119
"Common Tern","Jun-Aug",2023,2023-07-30,59,103,254,0.405511811023622,121.402034154917
"Common Tern","Jun-Aug",2023,2023-07-30,59,125,275,0.454545454545455,114.342580283535
"Common Tern","Jun-Aug",2023,2023-07-30,59,114,272,0.419117647058824,107.995262669913
"Common Tern","Jun-Aug",2023,2023-07-30,59,116,258,0.449612403100775,130.074374349454
"Common Tern","Jun-Aug",2023,2023-07-30,59,111,261,0.425287356321839,119.959514423332
"Common Tern","Jun-Aug",2023,2023-07-30,59,124,270,0.459259259259259,120.26785377144
"Common Tern","Jun-Aug",2023,2023-07-30,59,100,262,0.381679389312977,106.760829808444
"Common Tern","Jun-Aug",2023,2023-07-30,59,123,272,0.452205882352941,116.521204459643
"Common Tern","Jun-Aug",2023,2023-07-30,59,112,260,0.430769230769231,122.53209736737
"Common Tern","Jun-Aug",2023,2023-07-31,60,97,268,0.361940298507463,96.339342367311
"Common Tern","Jun-Aug",2023,2023-07-31,60,129,277,0.465703971119134,115.304154518081
"Common Tern","Jun-Aug",2023,2023-07-31,60,112,262,0.427480916030534,119.572129385457
"Common Tern","Jun-Aug",2023,2023-07-31,60,132,270,0.488888888888889,128.027070143791
"Common Tern","Jun-Aug",2023,2023-07-31,60,114,262,0.435114503816794,121.707345981626
"Common Tern","Jun-Aug",2023,2023-08-07,67,108,264,0.409090909090909,112.537315920064
"Common Tern","Jun-Aug",2023,2023-08-07,67,114,268,0.425373134328358,113.223557009005
"Common Tern","Jun-Aug",2023,2023-08-07,67,125,274,0.456204379562044,115.679599420359
"Common Tern","Jun-Aug",2023,2023-08-07,67,112,267,0.419475655430712,112.572126903133
"Common Tern","Jun-Aug",2023,2023-08-07,67,116,270,0.42962962962963,112.508637399089
"Common Tern","Jun-Aug",2023,2023-08-07,67,118,272,0.433823529411765,111.784570132015
"Common Tern","Jun-Aug",2023,2023-08-07,67,106,268,0.395522388059701,105.278044236443
"Common Tern","Jun-Aug",2023,2023-08-07,67,127,277,0.458483754512635,113.516493207723
"Common Tern","Jun-Aug",2023,2023-08-07,67,124,275,0.450909090909091,113.427839641267
"Common Tern","Jun-Aug",2023,2023-08-07,67,104,262,0.396946564885496,111.031263000782
"Common Tern","Jun-Aug",2023,2023-08-07,67,114,265,0.430188679245283,117.364831625809
"Common Tern","Jun-Aug",2023,2023-08-07,67,110,266,0.413533834586466,111.893763255793
"Common Tern","Jun-Aug",2023,2023-08-07,67,107,262,0.408396946564886,114.234087895035
"Common Tern","Jun-Aug",2023,2023-08-07,67,133,267,0.49812734082397,133.679400697471
"Common Tern","Jun-Aug",2023,2023-08-07,67,116,267,0.434456928838951,116.592560006817
"Common Tern","Jun-Aug",2023,2023-08-07,67,103,269,0.382899628252788,101.089851329645
"Common Tern","Jun-Aug",2023,2023-08-07,67,107,269,0.397769516728625,105.015670798757
"Common Tern","Jun-Aug",2023,2023-08-07,67,129,263,0.490494296577947,136.05736665457
"Common Tern","Jun-Aug",2023,2023-08-07,67,120,267,0.449438202247191,120.6129931105
"Common Tern","Jun-Aug",2023,2023-08-07,67,122,255,0.47843137254902,142.004798405051
"Common Tern","Jun-Aug",2023,2023-08-07,67,122,261,0.467432950191571,131.84739423105
"Common Tern","Jun-Aug",2023,2023-08-07,67,113,253,0.446640316205534,134.875855972379
"Common Tern","Jun-Aug",2023,2023-08-07,67,108,267,0.404494382022472,108.55169379945
"Common Tern","Jun-Aug",2023,2023-08-07,67,123,267,0.460674157303371,123.628317938262
"Common Tern","Jun-Aug",2023,2023-08-07,67,121,278,0.435251798561151,106.916912665001
"Common Tern","Jun-Aug",2023,2023-08-07,67,111,265,0.418867924528302,114.27628342513
"Common Tern","Jun-Aug",2023,2023-08-07,67,108,266,0.406015037593985,109.859331196597
"Common Tern","Jun-Aug",2023,2023-08-07,67,117,270,0.433333333333333,113.478539445633
"Common Tern","Jun-Aug",2023,2023-08-07,67,113,270,0.418518518518519,109.598931259458
"Common Tern","Jun-Aug",2023,2023-08-07,67,122,261,0.467432950191571,131.84739423105
"Common Tern","Jun-Aug",2023,2023-08-07,67,156,265,0.588679245283019,160.604506435317
"Common Tern","Jun-Aug",2023,2023-08-07,67,105,263,0.399239543726236,110.744368207208
"Common Tern","Jun-Aug",2023,2023-08-07,67,114,252,0.452380952380952,137.800027707951
"Common Tern","Jun-Aug",2023,2023-08-07,67,118,268,0.440298507462687,117.196313395286
"Common Tern","Jun-Aug",2023,2023-08-07,67,115,270,0.425925925925926,111.538735352545
"Common Tern","Jun-Aug",2023,2023-08-07,67,133,262,0.50763358778626,141.99190364523
"Common Tern","Jun-Aug",2023,2023-08-07,67,135,270,0.5,130.936776283423
"Common Tern","Jun-Aug",2023,2023-08-08,68,115,257,0.447470817120623,130.561070791809
"Common Tern","Jun-Aug",2023,2023-08-08,68,110,255,0.431372549019608,128.037113316029
"Common Tern","Jun-Aug",2023,2023-08-08,68,109,260,0.419230769230769,119.249987616458
"Common Tern","Jun-Aug",2023,2023-08-08,68,116,267,0.434456928838951,116.592560006817
"Common Tern","Jun-Aug",2023,2023-08-08,68,106,267,0.397003745318352,106.541477247608
"Common Tern","Jun-Aug",2023,2023-08-15,75,114,254,0.448818897637795,134.367299938452
"Common Tern","Jun-Aug",2023,2023-08-15,75,133,276,0.481884057971014,120.25943375356
"Common Tern","Jun-Aug",2023,2023-08-15,75,129,269,0.479553903345725,126.607677878875
"Common Tern","Jun-Aug",2023,2023-08-15,75,123,274,0.448905109489051,113.828725829633
"Common Tern","Jun-Aug",2023,2023-08-15,75,104,260,0.4,113.779804698272
"Common Tern","Jun-Aug",2023,2023-08-15,75,120,270,0.444444444444444,116.388245585265
"Common Tern","Jun-Aug",2023,2023-08-15,75,135,266,0.507518796992481,137.324163995746
"Common Tern","Jun-Aug",2023,2023-08-15,75,118,270,0.437037037037037,114.448441492177
"Common Tern","Jun-Aug",2023,2023-08-15,75,145,275,0.527272727272727,132.637393128901
"Common Tern","Jun-Aug",2023,2023-08-15,75,138,260,0.530769230769231,150.977048541938
"Common Tern","Jun-Aug",2023,2023-08-15,75,141,253,0.557312252964427,168.296422054031
"Common Tern","Jun-Aug",2023,2023-08-15,75,127,272,0.466911764705882,120.310511921745
"Common Tern","Jun-Aug",2023,2023-08-15,75,118,271,0.435424354243542,113.106206466753
"Common Tern","Jun-Aug",2023,2023-08-15,75,118,269,0.438661710037175,115.811674338816
"Common Tern","Jun-Aug",2023,2023-08-15,75,126,264,0.477272727272727,131.293535240075
"Common Tern","Jun-Aug",2023,2023-08-15,75,120,278,0.431654676258993,106.03330181653
"Common Tern","Jun-Aug",2023,2023-08-16,76,137,266,0.515037593984962,139.358596054942
"Common Tern","Jun-Aug",2023,2023-08-16,76,123,271,0.453874538745387,117.898842333988
"Common Tern","Jun-Aug",2023,2023-08-16,76,113,280,0.403571428571429,97.5898701066605
"Common Tern","Jun-Aug",2023,2023-08-23,83,137,286,0.479020979020979,110.576520919109
"Common Tern","Jun-Aug",2023,2023-08-23,83,130,268,0.485074626865672,129.114582554128
"Common Tern","Jun-Aug",2023,2023-08-23,83,124,255,0.486274509803922,144.332745919887
"Common Tern","Jun-Aug",2023,2023-08-23,83,94,276,0.340579710144928,84.9953892694336
"Common Tern","Jun-Aug",2023,2023-08-23,83,126,273,0.461538461538462,117.973524906371
"Common Tern","Jun-Aug",2023,2023-08-23,83,127,265,0.479245283018868,130.748540495419
"Common Tern","Jun-Aug",2024,2024-07-04,33,103,262,0.393129770992366,109.963654702697
"Common Tern","Jun-Aug",2024,2024-07-04,33,105,265,0.39622641509434,108.099187023771
"Common Tern","Jun-Aug",2024,2024-07-04,33,108,266,0.406015037593985,109.859331196597
"Common Tern","Jun-Aug",2024,2024-07-04,33,117,260,0.45,128.002280285556
"Common Tern","Jun-Aug",2024,2024-07-04,33,120,264,0.454545454545455,125.041462133404
"Common Tern","Jun-Aug",2024,2024-07-04,33,123,272,0.452205882352941,116.521204459643
"Common Tern","Jun-Aug",2024,2024-07-04,33,117,270,0.433333333333333,113.478539445633
"Common Tern","Jun-Aug",2024,2024-07-04,33,114,270,0.422222222222222,110.568833306001
"Common Tern","Jun-Aug",2024,2024-07-04,33,107,265,0.40377358490566,110.158219157557
"Common Tern","Jun-Aug",2024,2024-07-04,33,104,260,0.4,113.779804698272
"Common Tern","Jun-Aug",2024,2024-07-05,34,113,260,0.434615384615385,123.626133951007
"Common Tern","Jun-Aug",2024,2024-07-05,34,107,272,0.393382352941176,101.363974611234
"Common Tern","Jun-Aug",2024,2024-07-05,34,116,263,0.44106463878327,122.346159162249
"Common Tern","Jun-Aug",2024,2024-07-05,34,106,255,0.415686274509804,123.381218286355
"Common Tern","Jun-Aug",2024,2024-07-05,34,114,269,0.423791821561338,111.885854869704
"Common Tern","Jun-Aug",2024,2024-07-05,34,122,267,0.456928838951311,122.623209662342
"Common Tern","Jun-Aug",2024,2024-07-05,34,94,258,0.364341085271318,105.405096455592
"Common Tern","Jun-Aug",2024,2024-07-05,34,110,259,0.424710424710425,121.833060957253
"Common Tern","Jun-Aug",2024,2024-07-05,34,114,270,0.422222222222222,110.568833306001
"Common Tern","Jun-Aug",2024,2024-07-05,34,107,259,0.413127413127413,118.510341112964
"Common Tern","Jun-Aug",2024,2024-07-05,34,115,270,0.425925925925926,111.538735352545
"Common Tern","Jun-Aug",2024,2024-07-05,34,104,266,0.390977443609023,105.790467078204
"Common Tern","Jun-Aug",2024,2024-07-15,44,113,275,0.410909090909091,103.365692576316
"Common Tern","Jun-Aug",2024,2024-07-15,44,108,262,0.412213740458015,115.301696193119
"Common Tern","Jun-Aug",2024,2024-07-15,44,112,258,0.434108527131783,125.589051096024
"Common Tern","Jun-Aug",2024,2024-07-15,44,141,279,0.505376344086022,123.16969851587
"Common Tern","Jun-Aug",2024,2024-07-15,44,117,266,0.43984962406015,119.01427546298
"Common Tern","Jun-Aug",2024,2024-07-15,44,121,268,0.451492537313433,120.175880684996
"Common Tern","Jun-Aug",2024,2024-07-15,44,126,280,0.45,108.817023304772
"Common Tern","Jun-Aug",2024,2024-07-15,44,112,258,0.434108527131783,125.589051096024
"Common Tern","Jun-Aug",2024,2024-07-15,44,114,265,0.430188679245283,117.364831625809
"Common Tern","Jun-Aug",2024,2024-07-15,44,119,267,0.445692883895131,119.607884834579
"Common Tern","Jun-Aug",2024,2024-07-15,44,106,265,0.4,109.128703090664
"Common Tern","Jun-Aug",2024,2024-07-15,44,138,276,0.5,124.780465097679
"Common Tern","Jun-Aug",2024,2024-07-15,44,129,267,0.48314606741573,129.658967593787
"Common Tern","Jun-Aug",2024,2024-07-15,44,118,270,0.437037037037037,114.448441492177
"Common Tern","Jun-Aug",2024,2024-07-15,44,111,278,0.399280575539568,98.0808041802901
"Common Tern","Jun-Aug",2024,2024-07-15,44,109,263,0.414448669201521,114.963201281768
"Common Tern","Jun-Aug",2024,2024-07-15,44,108,258,0.418604651162791,121.103727842595
"Common Tern","Jun-Aug",2024,2024-07-15,44,112,272,0.411764705882353,106.100608938862
"Common Tern","Jun-Aug",2024,2024-07-15,44,109,261,0.417624521072797,117.79808173102
"Common Tern","Jun-Aug",2024,2024-07-15,44,110,270,0.407407407407407,106.689225119826
"Common Tern","Jun-Aug",2024,2024-07-15,44,117,269,0.434944237918216,114.830219471538
"Common Tern","Jun-Aug",2024,2024-07-16,45,109,273,0.399267399267399,102.056462022178
"Common Tern","Jun-Aug",2024,2024-08-08,68,112,272,0.411764705882353,106.100608938862
"Common Tern","Jun-Aug",2024,2024-08-08,68,103,255,0.403921568627451,119.8892970141
"Common Tern","Jun-Aug",2024,2024-08-08,68,119,248,0.479838709677419,151.379176712425
"Common Tern","Jun-Aug",2024,2024-08-08,68,126,253,0.49802371541502,150.392547367432
"Common Tern","Jun-Aug",2024,2024-08-08,68,135,261,0.517241379310345,145.89670673108
"Common Tern","Jun-Aug",2024,2024-08-08,68,114,260,0.438461538461538,124.720170534644
"Common Tern","Jun-Aug",2024,2024-08-08,68,112,277,0.404332129963899,100.109033380039
"Common Tern","Jun-Aug",2024,2024-08-08,68,109,274,0.397810218978102,100.872610694553
"Common Tern","Jun-Aug",2024,2024-08-08,68,114,264,0.431818181818182,118.789389026734
"Common Tern","Jun-Aug",2024,2024-08-08,68,127,273,0.465201465201465,118.909822723088
"Common Tern","Jun-Aug",2024,2024-08-08,68,112,267,0.419475655430712,112.572126903133
"Common Tern","Jun-Aug",2024,2024-08-08,68,105,262,0.400763358778626,112.098871298866
"Common Tern","Jun-Aug",2024,2024-08-08,68,116,265,0.437735849056604,119.423863759595
"Common Tern","Jun-Aug",2024,2024-08-08,68,127,265,0.479245283018868,130.748540495419
"Common Tern","Jun-Aug",2024,2024-08-08,68,117,263,0.444866920152091,123.400867430889
"Common Tern","Jun-Aug",2024,2024-08-09,69,115,263,0.437262357414449,121.291450893609
"Common Tern","Jun-Aug",2024,2024-08-09,69,123,261,0.471264367816092,132.928110577206
"Common Tern","Jun-Aug",2024,2024-08-09,69,112,254,0.440944881889764,132.0099788869
"Common Tern","Jun-Aug",2024,2024-08-09,69,122,255,0.47843137254902,142.004798405051
"Common Tern","Jun-Aug",2025,2025-08-04,64,118,273,0.432234432234432,110.483142372633
"Common Tern","Jun-Aug",2025,2025-08-04,64,151,276,0.547101449275362,136.535146592388
"Common Tern","Jun-Aug",2025,2025-08-04,64,103,260,0.396153846153846,112.685768114635
"Common Tern","Jun-Aug",2025,2025-08-04,64,113,255,0.443137254901961,131.529034588285
"Common Tern","Jun-Aug",2025,2025-08-04,64,132,270,0.488888888888889,128.027070143791
"Common Tern","Jun-Aug",2025,2025-08-04,64,126,260,0.484615384615385,137.848609538291
"Common Tern","Jun-Aug",2025,2025-08-14,74,109,271,0.402214022140221,104.479461905729
"Common Tern","Jun-Aug",2025,2025-08-14,74,113,259,0.436293436293436,125.155780801542
"Common Tern","Jun-Aug",2025,2025-08-14,74,118,254,0.464566929133858,139.081942041555
"Common Tern","Jun-Aug",2025,2025-08-14,74,142,267,0.531835205992509,142.725375180758
"Common Tern","Jun-Aug",2025,2025-08-14,74,117,260,0.45,128.002280285556
"Common Tern","Jun-Aug",2025,2025-08-14,74,133,278,0.47841726618705,117.520242846654
"Common Tern","Jun-Aug",2025,2025-08-14,74,110,264,0.416666666666667,114.621340288954
"Common Tern","Jun-Aug",2026,2026-06-25,24,124,269,0.460966542750929,121.700403542485
"Common Tern","Jun-Aug",2026,2026-06-25,24,104,270,0.385185185185185,100.869812840563
"Common Tern","Jun-Aug",2026,2026-06-25,24,100,269,0.371747211895911,98.1454867278103
"Common Tern","Jun-Aug",2026,2026-06-25,24,120,269,0.446096654275093,117.774584073372
"Common Tern","Jun-Aug",2026,2026-06-25,24,114,266,0.428571428571429,115.962627374185
"Common Tern","Jun-Aug",2026,2026-06-25,24,117,263,0.444866920152091,123.400867430889
"Common Tern","Jun-Aug",2026,2026-06-25,24,115,278,0.413669064748201,101.615247574174
"Common Tern","Jun-Aug",2026,2026-06-25,24,115,280,0.410714285714286,99.3171244448315
"Common Tern","Jun-Aug",2026,2026-06-25,24,121,270,0.448148148148148,117.358147631809
"Common Tern","Jun-Aug",2026,2026-06-25,24,124,278,0.446043165467626,109.567745210414
"Common Tern","Jun-Aug",2026,2026-06-25,24,116,270,0.42962962962963,112.508637399089
"Common Tern","Jun-Aug",2026,2026-06-25,24,133,261,0.509578544061303,143.735274038768
"Common Tern","Jun-Aug",2026,2026-06-25,24,103,272,0.378676470588235,97.5746671491316
"Common Tern","Jun-Aug",2026,2026-06-25,24,123,271,0.453874538745387,117.898842333988
"Common Tern","Jun-Aug",2026,2026-06-25,24,105,280,0.375,90.6808527539766
"Common Tern","Jun-Aug",2026,2026-06-25,24,104,259,0.401544401544402,115.187621268676
"Common Tern","Jun-Aug",2026,2026-06-25,24,123,265,0.464150943396226,126.630476227846
"Common Tern","Jun-Aug",2026,2026-06-25,24,125,274,0.456204379562044,115.679599420359
"Common Tern","Jun-Aug",2026,2026-06-25,24,117,264,0.443181818181818,121.915425580069
"Common Tern","Jun-Aug",2026,2026-06-25,24,126,268,0.470149253731343,125.141826167847
"Common Tern","Jun-Aug",2026,2026-06-25,24,108,263,0.4106463878327,113.908493013128
"Common Tern","Jun-Aug",2026,2026-06-25,24,126,276,0.456521739130435,113.929989871794
"Common Tern","Jun-Aug",2026,2026-06-25,24,121,260,0.465384615384615,132.378426620105
"Common Tern","Jun-Aug",2026,2026-06-25,24,133,277,0.48014440433213,118.879477138797
"Common Tern","Jun-Aug",2026,2026-06-25,24,104,273,0.380952380952381,97.3749729385921
"Common Tern","Jun-Aug",2026,2026-06-25,24,129,261,0.494252873563218,139.412408654143
"Common Tern","Jun-Aug",2026,2026-06-25,24,126,285,0.442105263157895,102.841206398382
"Common Tern","Jun-Aug",2026,2026-06-25,24,113,270,0.418518518518519,109.598931259458
"Common Tern","Jun-Aug",2026,2026-06-25,24,105,255,0.411764705882353,122.217244528937
"Common Tern","Jun-Aug",2026,2026-07-02,31,108,273,0.395604395604396,101.120164205461
"Common Tern","Jun-Aug",2026,2026-07-02,31,109,263,0.414448669201521,114.963201281768
"Common Tern","Jun-Aug",2026,2026-07-02,31,123,268,0.458955223880597,122.162258878137
"Common Tern","Jun-Aug",2026,2026-07-02,31,103,266,0.387218045112782,104.773251048606
"Common Tern","Jun-Aug",2026,2026-07-02,31,116,261,0.444444444444444,125.363096154113
"Common Tern","Jun-Aug",2026,2026-07-02,31,109,266,0.409774436090226,110.876547226195
"Common Tern","Jun-Aug",2026,2026-07-02,31,105,273,0.384615384615385,98.3112707553093
"Common Tern","Jun-Aug",2026,2026-07-03,32,118,255,0.462745098039216,137.348903375377
"Common Tern","Jun-Aug",2026,2026-07-03,32,108,269,0.401486988847584,105.997125666035
"Common Tern","Jun-Aug",2026,2026-07-03,32,98,270,0.362962962962963,95.0504005612994
"Common Tern","Jun-Aug",2026,2026-07-03,32,98,267,0.367041198501873,98.5006110402417
"Common Tern","Jun-Aug",2026,2026-07-03,32,106,262,0.404580152671756,113.16647959695
"Common Tern","Jun-Aug",2026,2026-07-03,32,109,269,0.405204460966543,106.978580533313
"Common Tern","Jun-Aug",2026,2026-07-03,32,110,272,0.404411764705882,104.20595520781
"Common Tern","Jun-Aug",2026,2026-07-03,32,116,268,0.432835820895522,115.209935202145
"Common Tern","Jun-Aug",2026,2026-07-09,38,110,263,0.418250950570342,116.017909550408
"Common Tern","Jun-Aug",2026,2026-07-09,38,119,269,0.442379182156134,116.793129206094
"Common Tern","Jun-Aug",2026,2026-07-09,38,122,276,0.442028985507246,110.313164796499
"Common Tern","Jun-Aug",2026,2026-07-09,38,116,265,0.437735849056604,119.423863759595
"Common Tern","Jun-Aug",2026,2026-07-09,38,127,262,0.484732824427481,135.586253856724
"Common Tern","Jun-Aug",2026,2026-07-09,38,119,261,0.455938697318008,128.605245192582
"Common Tern","Jun-Aug",2026,2026-07-09,38,129,277,0.465703971119134,115.304154518081
"Common Tern","Jun-Aug",2026,2026-07-09,38,138,282,0.48936170212766,116.504137910178
"Common Tern","Jun-Aug",2026,2026-07-09,38,111,260,0.426923076923077,121.438060783733
"Common Tern","Jun-Aug",2026,2026-07-09,38,108,264,0.409090909090909,112.537315920064
"Common Tern","Jun-Aug",2026,2026-07-09,38,109,268,0.406716417910448,108.257611526154
"Common Tern","Jun-Aug",2026,2026-07-09,38,120,263,0.456273764258555,126.564992236809
"Common Tern","Jun-Aug",2026,2026-07-09,38,130,272,0.477941176470588,123.152492518321
"Common Tern","Jun-Aug",2026,2026-07-09,38,98,278,0.352517985611511,86.5938631501661
"Common Tern","Jun-Aug",2026,2026-07-09,38,125,277,0.451263537906137,111.728831897365
"Common Tern","Jun-Aug",2026,2026-07-09,38,114,271,0.420664206642066,109.272097772964
"Common Tern","Jun-Aug",2026,2026-07-09,38,111,277,0.40072202166065,99.2152027248606
"Common Tern","Jun-Aug",2026,2026-07-09,38,123,275,0.447272727272727,112.513098998999
"Common Tern","Jun-Aug",2026,2026-07-09,38,111,257,0.431906614785992,126.019816155572
"Common Tern","Jun-Aug",2026,2026-07-09,38,117,270,0.433333333333333,113.478539445633
"Common Tern","Jun-Aug",2026,2026-07-09,38,102,271,0.376383763837638,97.7697716915997
"Common Tern","Jun-Aug",2026,2026-07-09,38,133,266,0.5,135.289731936549
"Common Tern","Jun-Aug",2026,2026-07-09,38,111,265,0.418867924528302,114.27628342513
"Common Tern","Jun-Aug",2026,2026-07-09,38,122,269,0.453531598513011,119.737493807929
"Common Tern","Jun-Aug",2026,2026-07-16,45,107,276,0.38768115942029,96.7500707641425
"Common Tern","Jun-Aug",2026,2026-07-16,45,120,271,0.44280442804428,115.023260813647
"Common Tern","Jun-Aug",2026,2026-07-16,45,124,274,0.452554744525547,114.754162624996
"Common Tern","Jun-Aug",2026,2026-07-16,45,124,267,0.464419475655431,124.633426214183
"Common Tern","Jun-Aug",2026,2026-07-16,45,107,268,0.399253731343284,106.271233333013
"Common Tern","Jun-Aug",2026,2026-07-16,45,106,270,0.392592592592593,102.80961693365
"Common Tern","Jun-Aug",2026,2026-07-16,45,118,258,0.457364341085271,132.317035976168
"Common Tern","Jun-Aug",2026,2026-07-16,45,130,282,0.460992907801418,109.750274842922
"Common Tern","Jun-Aug",2026,2026-07-16,45,124,263,0.47148288973384,130.783825311369
"Common Tern","Jun-Aug",2026,2026-07-16,45,107,270,0.396296296296296,103.779518980194
"Common Tern","Jun-Aug",2026,2026-07-30,59,111,265,0.418867924528302,114.27628342513
"Common Tern","Jun-Aug",2026,2026-07-30,59,102,259,0.393822393822394,112.972474705817
"Common Tern","Jun-Aug",2026,2026-07-30,59,115,267,0.430711610486891,115.587451730896
"Common Tern","Jun-Aug",2026,2026-07-30,59,120,255,0.470588235294118,139.676850890214
"Common Tern","Jun-Aug",2026,2026-08-06,66,117,251,0.466135458167331,143.232252671904
"Common Tern","Jun-Aug",2026,2026-08-06,66,113,260,0.434615384615385,123.626133951007
"Common Tern","Jun-Aug",2026,2026-08-13,73,118,275,0.429090909090909,107.939395787657
"Common Tern","Jun-Aug",2026,2026-08-13,73,112,276,0.405797101449275,101.271102108261
"Common Tern","Jun-Aug",2026,2026-08-13,73,114,267,0.426966292134831,114.582343454975
"Common Tern","Jun-Aug",2026,2026-08-13,73,109,273,0.399267399267399,102.056462022178
"Common Tern","Jun-Aug",2026,2026-08-13,73,104,257,0.404669260700389,118.072620542157
"Common Tern","Jun-Aug",2026,2026-08-13,73,106,266,0.398496240601504,107.8248991374
"Common Tern","Jun-Aug",2026,2026-08-20,80,130,265,0.490566037735849,133.837088696098
"Common Tern","Jun-Aug",2026,2026-08-20,80,132,272,0.485294117647059,125.047146249373
"Common Tern","Jun-Aug",2026,2026-08-20,80,132,266,0.496240601503759,134.272515906951
"Common Tern","Jun-Aug",2026,2026-08-20,80,131,250,0.524,162.42720131213
"Common Tern","Jun-Aug",2026,2026-08-20,80,117,256,0.45703125,134.494589615868
"Common Tern","Jun-Aug",2026,2026-08-20,80,124,278,0.446043165467626,109.567745210414
"Common Tern","Jun-Aug",2026,2026-08-20,80,152,281,0.540925266903915,129.78637197953
"Common Tern","Jun-Aug",2026,2026-08-20,80,120,268,0.447761194029851,119.182691588426
"Common Tern","Jun-Aug",2026,2026-08-20,80,125,260,0.480769230769231,136.754572954654
"Little Tern","Jun-Aug",2010,2010-07-01,30,48.7,170,0.286470588235294,50.8701263906763
"Little Tern","Jun-Aug",2010,2010-07-01,30,61.2,176,0.347727272727273,57.857290883006
"Little Tern","Jun-Aug",2010,2010-07-01,30,43.2,175,0.246857142857143,41.5152880738906
"Little Tern","Jun-Aug",2010,2010-07-01,30,50.3,180,0.279444444444444,44.5761823901897
"Little Tern","Jun-Aug",2010,2010-07-01,30,45.3,183,0.247540983606557,38.2812090047617
"Little Tern","Jun-Aug",2010,2010-07-01,30,43.4,181,0.239779005524862,37.8533347014286
"Little Tern","Jun-Aug",2010,2010-07-01,30,44.7,167,0.267664670658683,49.1452876042781
"Little Tern","Jun-Aug",2010,2010-07-01,30,43,179,0.240223463687151,38.7224090127394
"Little Tern","Jun-Aug",2010,2010-07-01,30,53.5,176,0.303977272727273,50.577860494131
"Little Tern","Jun-Aug",2010,2010-07-01,30,43.6,173,0.252023121387283,43.3080778772919
"Little Tern","Jun-Aug",2010,2010-07-01,30,45.7,176,0.259659090909091,43.2038920482577
"Little Tern","Jun-Aug",2010,2010-07-01,30,40.5,169,0.239644970414201,43.028724123473
"Little Tern","Jun-Aug",2010,2010-07-01,30,45.4,172,0.263953488372093,45.8542606339687
"Little Tern","Jun-Aug",2010,2010-07-01,30,40,172,0.232558139534884,40.4002296334526
"Little Tern","Jun-Aug",2010,2010-07-01,30,44.1,181,0.243646408839779,38.4638723579033
"Little Tern","Jun-Aug",2010,2010-07-01,30,42.5,170,0.25,44.393847466196
"Little Tern","Jun-Aug",2010,2010-07-01,30,37.8,167,0.226347305389222,41.5591022693895
"Little Tern","Jun-Aug",2010,2010-07-01,30,39.8,166,0.239759036144578,44.5204767250799
"Little Tern","Jun-Aug",2010,2010-07-01,30,43,177,0.242937853107345,39.994274007159
"Little Tern","Jun-Aug",2010,2010-07-13,42,44.7,180,0.248333333333333,39.6134264978426
"Little Tern","Jun-Aug",2010,2010-07-13,42,49.9,172,0.290116279069767,50.3992864677321
"Little Tern","Jun-Aug",2010,2010-07-13,42,55.5,178,0.311797752808989,50.7907829436659
"Little Tern","Jun-Aug",2010,2010-07-13,42,46.6,167,0.279041916167665,51.2342371892474
"Little Tern","Jun-Aug",2010,2010-07-13,42,43.7,174,0.251149425287356,42.693737133152
"Little Tern","Jun-Aug",2010,2010-07-13,42,41.3,171,0.241520467836257,42.4187181792427
"Little Tern","Jun-Aug",2010,2010-07-13,42,49.1,171,0.287134502923977,50.4300015157583
"Little Tern","Jun-Aug",2010,2010-07-13,42,45.2,177,0.255367231638418,42.0404926772927
"Little Tern","Jun-Aug",2010,2010-07-13,42,42.2,176,0.239772727272727,39.8950600533146
"Little Tern","Jun-Aug",2010,2010-07-13,42,47.2,170,0.277647058823529,49.3032847153988
"Little Tern","Jun-Aug",2010,2010-07-13,42,44,177,0.248587570621469,40.9243734026743
"Little Tern","Jun-Aug",2010,2010-07-13,42,42.2,176,0.239772727272727,39.8950600533146
"Little Tern","Jun-Aug",2010,2010-07-14,43,46.9,173,0.271098265895954,46.5859828542429
"Little Tern","Jun-Aug",2010,2010-07-14,43,48.4,179,0.270391061452514,43.5852231678276
"Little Tern","Jun-Aug",2010,2010-07-14,43,45.8,170,0.269411764705882,47.8408991518065
"Little Tern","Jun-Aug",2010,2010-07-14,43,45.8,178,0.257303370786517,41.9138352940522
"Little Tern","Jun-Aug",2010,2010-07-14,43,42.5,175,0.242857142857143,40.8425866467673
"Little Tern","Jun-Aug",2010,2010-07-21,50,47.2,179,0.263687150837989,42.5045978000302
"Little Tern","Jun-Aug",2010,2010-07-21,50,42.6,176,0.242045454545455,40.2732122813081
"Little Tern","Jun-Aug",2010,2010-07-21,50,45.7,166,0.275301204819277,51.120245887843
"Little Tern","Jun-Aug",2010,2010-07-21,50,46.4,176,0.263636363636364,43.8656584472464
"Little Tern","Jun-Aug",2010,2010-07-21,50,45.1,168,0.268452380952381,48.7408741755836
"Little Tern","Jun-Aug",2010,2010-07-21,50,41.8,171,0.244444444444444,42.9322619828655
"Little Tern","Jun-Aug",2010,2010-07-21,50,45.6,167,0.273053892215569,50.1347900392635
"Little Tern","Jun-Aug",2010,2010-07-21,50,43.5,176,0.247159090909091,41.1240547942935
"Little Tern","Jun-Aug",2010,2010-07-21,50,43,167,0.25748502994012,47.2762274493055
"Little Tern","Jun-Aug",2010,2010-07-21,50,43.5,177,0.245762711864407,40.4593237049167
"Little Tern","Jun-Aug",2010,2010-07-21,50,40.1,164,0.244512195121951,46.4475066731133
"Little Tern","Jun-Aug",2010,2010-07-21,50,42.9,168,0.255357142857143,46.3632705572624
"Little Tern","Jun-Aug",2010,2010-07-21,50,40.4,163,0.247852760736196,47.6254874380135
"Little Tern","Jun-Aug",2010,2010-07-21,50,41.8,172,0.243023255813953,42.2182399669579
"Little Tern","Jun-Aug",2010,2010-07-21,50,41.2,172,0.23953488372093,41.6122365224561
"Little Tern","Jun-Aug",2010,2010-07-21,50,45.4,172,0.263953488372093,45.8542606339687
"Little Tern","Jun-Aug",2010,2010-07-21,50,42.8,174,0.245977011494253,41.8144610823549
"Little Tern","Jun-Aug",2010,2010-07-22,51,38.5,168,0.229166666666667,41.6080633206201
"Little Tern","Jun-Aug",2010,2010-07-22,51,42.7,169,0.252662721893491,45.3660869153653
"Little Tern","Jun-Aug",2010,2010-07-22,51,49.5,177,0.279661016949153,46.0399200780086
"Little Tern","Jun-Aug",2010,2010-07-22,51,42.2,179,0.235754189944134,38.0019921008745
"Little Tern","Jun-Aug",2010,2010-07-22,51,37.9,171,0.221637426900585,38.9266203146077
"Little Tern","Jun-Aug",2010,2010-07-22,51,44.7,174,0.256896551724138,43.6707105229267
"Little Tern","Jun-Aug",2010,2010-07-22,51,43.3,175,0.247428571428571,41.6113882777653
"Little Tern","Jun-Aug",2010,2010-07-22,51,42.7,171,0.249707602339181,43.8566408293866
"Little Tern","Jun-Aug",2010,2010-07-22,51,43.3,171,0.253216374269006,44.4728933937339
"Little Tern","Jun-Aug",2010,2010-07-22,51,42.7,178,0.239887640449438,39.0768726431447
"Little Tern","Jun-Aug",2010,2010-08-03,63,48.9,164,0.298170731707317,56.6404757185846
"Little Tern","Jun-Aug",2010,2010-08-03,63,42.3,172,0.24593023255814,42.7232428373761
"Little Tern","Jun-Aug",2010,2010-08-03,63,49.2,173,0.284393063583815,48.8705832927239
"Little Tern","Jun-Aug",2010,2010-08-04,64,44.4,171,0.259649122807018,45.6026897617041
"Little Tern","Jun-Aug",2010,2010-08-04,64,43,175,0.245714285714286,41.3230876661411
"Little Tern","Jun-Aug",2010,2010-08-09,69,46.3,177,0.261581920903955,43.0636020123596
"Little Tern","Jun-Aug",2010,2010-08-09,69,42.2,177,0.238418079096045,39.2501944907468
"Little Tern","Jun-Aug",2010,2010-08-09,69,49.7,173,0.28728323699422,49.3672355619589
"Little Tern","Jun-Aug",2010,2010-08-09,69,44.1,175,0.252,42.3801899087633
"Little Tern","Jun-Aug",2010,2010-08-09,69,44.8,177,0.253107344632768,41.6684529190866
"Little Tern","Jun-Aug",2010,2010-08-09,69,44.6,176,0.253409090909091,42.1639734212756
"Little Tern","Jun-Aug",2010,2010-08-09,69,44.8,171,0.261988304093567,46.0135248046023
"Little Tern","Jun-Aug",2010,2010-08-09,69,45.4,170,0.267058823529412,47.4230747050658
"Little Tern","Jun-Aug",2010,2010-08-09,69,41.3,171,0.241520467836257,42.4187181792427
"Little Tern","Jun-Aug",2010,2010-08-09,69,43.1,167,0.258083832335329,47.3861721643039
"Little Tern","Jun-Aug",2010,2010-08-09,69,42.3,170,0.248823529411765,44.1849352428256
"Little Tern","Jun-Aug",2010,2010-08-09,69,43,169,0.254437869822485,45.6848182051688
"Little Tern","Jun-Aug",2010,2010-08-09,69,43.6,170,0.256470588235294,45.5428646947328
"Little Tern","Jun-Aug",2010,2010-08-09,69,40.7,173,0.235260115606936,40.4274947157289
"Little Tern","Jun-Aug",2010,2010-08-09,69,43.4,174,0.249425287356322,42.4006451162196
"Little Tern","Jun-Aug",2010,2010-08-09,69,40.8,170,0.24,42.6180935675481
"Little Tern","Jun-Aug",2010,2010-08-10,70,47.6,177,0.268926553672316,44.2727312265295
"Little Tern","Jun-Aug",2010,2010-08-10,70,44.8,168,0.266666666666667,48.416655500358
"Little Tern","Jun-Aug",2010,2010-08-10,70,44.4,169,0.262721893491124,47.1722308909185
"Little Tern","Jun-Aug",2010,2010-08-10,70,44.4,172,0.258139534883721,44.8442548931323
"Little Tern","Jun-Aug",2010,2010-08-10,70,44.9,170,0.264117647058824,46.90079414664
"Little Tern","Jun-Aug",2010,2010-08-16,76,45.1,173,0.260693641618497,44.7980346849969
"Little Tern","Jun-Aug",2010,2010-08-16,76,41.8,171,0.244444444444444,42.9322619828655
"Little Tern","Jun-Aug",2010,2010-08-16,76,46.4,175,0.265142857142857,44.5904945978824
"Little Tern","Jun-Aug",2010,2010-08-16,76,40.6,167,0.24311377245509,44.6375542893443
"Little Tern","Jun-Aug",2010,2010-08-16,76,44.6,176,0.253409090909091,42.1639734212756
"Little Tern","Jun-Aug",2010,2010-08-16,76,44.4,169,0.262721893491124,47.1722308909185
"Little Tern","Jun-Aug",2010,2010-08-16,76,44.9,176,0.255113636363636,42.4475875922707
"Little Tern","Jun-Aug",2010,2010-08-16,76,45,181,0.248618784530387,39.2488493447992
"Little Tern","Jun-Aug",2010,2010-08-30,90,45.1,173,0.260693641618497,44.7980346849969
"Little Tern","Jun-Aug",2011,2011-06-06,5,46.9,181,0.259116022099448,40.9060229838019
"Little Tern","Jun-Aug",2011,2011-06-06,5,49.1,180,0.272777777777778,43.5127346989725
"Little Tern","Jun-Aug",2011,2011-06-20,19,40.4,173,0.233526011560694,40.1295033541879
"Little Tern","Jun-Aug",2011,2011-06-20,19,58.5,169,0.346153846153846,62.1526015116832
"Little Tern","Jun-Aug",2011,2011-06-20,19,44.2,175,0.252571428571429,42.476290112638
"Little Tern","Jun-Aug",2011,2011-07-03,32,43.9,171,0.25672514619883,45.0891459580813
"Little Tern","Jun-Aug",2011,2011-07-03,32,49.3,179,0.275418994413408,44.3956921936756
"Little Tern","Jun-Aug",2011,2011-07-13,42,36.1,174,0.207471264367816,35.2687393708647
"Little Tern","Jun-Aug",2011,2011-07-13,42,40.7,170,0.239411764705882,42.513637455863
"Little Tern","Jun-Aug",2011,2011-07-13,42,44.6,174,0.25632183908046,43.5730131839492
"Little Tern","Jun-Aug",2011,2011-07-21,50,40.6,167,0.24311377245509,44.6375542893443
"Little Tern","Jun-Aug",2011,2011-07-26,55,46.2,168,0.275,49.9296759847442
"Little Tern","Jun-Aug",2011,2011-07-26,55,48.2,178,0.270786516853933,44.1101934753999
"Little Tern","Jun-Aug",2011,2011-07-26,55,54.2,168,0.322619047619048,58.5755073240938
"Little Tern","Jun-Aug",2011,2011-07-26,55,41.5,173,0.239884393063584,41.2221383465049
"Little Tern","Jun-Aug",2011,2011-07-26,55,39,172,0.226744186046512,39.3902238926162
"Little Tern","Jun-Aug",2011,2011-07-26,55,42.2,173,0.24393063583815,41.9174515234339
"Little Tern","Jun-Aug",2011,2011-07-26,55,39.6,166,0.23855421686747,44.2967557365116
"Little Tern","Jun-Aug",2011,2011-07-26,55,44.8,169,0.26508875739645,47.5972059439898
"Little Tern","Jun-Aug",2011,2011-07-26,55,43.4,174,0.249425287356322,42.4006451162196
"Little Tern","Jun-Aug",2011,2011-07-31,60,45.1,166,0.271686746987952,50.4490829221383
"Little Tern","Jun-Aug",2011,2011-08-10,70,43.4,168,0.258333333333333,46.9036350159718
"Little Tern","Jun-Aug",2011,2011-08-10,70,40.6,175,0.232,39.0166827731471
"Little Tern","Jun-Aug",2011,2011-08-11,71,42.4,170,0.249411764705882,44.2893913545108
"Little Tern","Jun-Aug",2011,2011-08-15,75,45.9,175,0.262285714285714,44.1099935785087
"Little Tern","Jun-Aug",2011,2011-08-22,82,41,167,0.245508982035928,45.0773331493378
"Little Tern","Jun-Aug",2011,2011-08-22,82,41.1,168,0.244642857142857,44.4179585059088
"Little Tern","Jun-Aug",2011,2011-08-22,82,39,170,0.229411764705882,40.7378835572151
"Little Tern","Jun-Aug",2012,2012-06-24,23,48.4,175,0.276571428571429,46.5124986753774
"Little Tern","Jun-Aug",2012,2012-06-24,23,42.1,165,0.255151515151515,47.9188666637952
"Little Tern","Jun-Aug",2012,2012-06-24,23,44,169,0.260355029585799,46.7472558378472
"Little Tern","Jun-Aug",2012,2012-06-24,23,41.6,161,0.258385093167702,50.8127968106241
"Little Tern","Jun-Aug",2012,2012-06-24,23,49.2,174,0.282758620689655,48.0670907769126
"Little Tern","Jun-Aug",2012,2012-06-25,24,44.5,171,0.260233918128655,45.7053985224286
"Little Tern","Jun-Aug",2012,2012-07-01,30,47.9,178,0.269101123595506,43.8356487027314
"Little Tern","Jun-Aug",2012,2012-07-01,30,47.1,172,0.273837209302326,47.5712703933904
"Little Tern","Jun-Aug",2012,2012-07-02,31,47.2,168,0.280952380952381,51.0104049021629
"Little Tern","Jun-Aug",2012,2012-07-02,31,40.2,167,0.240718562874252,44.1977754293507
"Little Tern","Jun-Aug",2012,2012-07-02,31,41.8,165,0.253333333333333,47.5774020557397
"Little Tern","Jun-Aug",2012,2012-07-02,31,41.6,169,0.246153846153846,44.1974055194191
"Little Tern","Jun-Aug",2012,2012-07-11,40,37,170,0.217647058823529,38.6487613235118
"Little Tern","Jun-Aug",2012,2012-07-12,41,47.4,170,0.278823529411765,49.5121969387691
"Little Tern","Jun-Aug",2012,2012-07-12,41,46.5,175,0.265714285714286,44.6865948017572
"Little Tern","Jun-Aug",2012,2012-07-18,47,44.4,181,0.245303867403315,38.7255313535353
"Little Tern","Jun-Aug",2012,2012-07-18,47,39.1,165,0.236969696969697,44.5042205832397
"Little Tern","Jun-Aug",2012,2012-07-18,47,46.4,172,0.269767441860465,46.864266374805
"Little Tern","Jun-Aug",2012,2012-07-18,47,41.3,171,0.241520467836257,42.4187181792427
"Little Tern","Jun-Aug",2012,2012-07-18,47,49.4,176,0.280681818181818,46.7018001571976
"Little Tern","Jun-Aug",2012,2012-07-18,47,48.9,176,0.277840909090909,46.2291098722058
"Little Tern","Jun-Aug",2012,2012-07-18,47,45,172,0.261627906976744,45.4502583376341
"Little Tern","Jun-Aug",2012,2012-07-19,48,45.7,164,0.278658536585366,52.9339415202314
"Little Tern","Jun-Aug",2012,2012-07-22,51,43.9,166,0.264457831325301,49.1067569907288
"Little Tern","Jun-Aug",2012,2012-07-22,51,48.6,176,0.276136363636364,45.9454957012106
"Little Tern","Jun-Aug",2012,2012-07-22,51,36.3,163,0.222699386503067,42.7922077722745
"Little Tern","Jun-Aug",2012,2012-07-22,51,46.7,181,0.258011049723757,40.7315836533806
"Little Tern","Jun-Aug",2013,2013-06-30,29,44,171,0.257309941520468,45.1918547188058
"Little Tern","Jun-Aug",2013,2013-06-30,29,42,175,0.24,40.3620856273936
"Little Tern","Jun-Aug",2013,2013-06-30,29,49,177,0.27683615819209,45.574870380251
"Little Tern","Jun-Aug",2013,2013-06-30,29,45,172,0.261627906976744,45.4502583376341
"Little Tern","Jun-Aug",2013,2013-06-30,29,38,178,0.213483146067416,34.7756712046721
"Little Tern","Jun-Aug",2013,2013-06-30,29,42,166,0.253012048192771,46.9814075993305
"Little Tern","Jun-Aug",2013,2013-06-30,29,38,184,0.206521739130435,31.6128543444148
"Little Tern","Jun-Aug",2013,2013-06-30,29,42,173,0.242774566473988,41.7187906157399
"Little Tern","Jun-Aug",2013,2013-06-30,29,46,171,0.269005847953216,47.246029933297
"Little Tern","Jun-Aug",2013,2013-06-30,29,43,172,0.25,43.4302468559615
"Little Tern","Jun-Aug",2013,2013-06-30,29,53,180,0.294444444444444,46.9689396954285
"Little Tern","Jun-Aug",2013,2013-06-30,29,46,168,0.273809523809524,49.7135302012604
"Little Tern","Jun-Aug",2013,2013-06-30,29,43,178,0.241573033707865,39.3514174158132
"Little Tern","Jun-Aug",2013,2013-06-30,29,44,163,0.269938650306748,51.8693427542721
"Little Tern","Jun-Aug",2013,2013-06-30,29,46,174,0.264367816091954,44.9407759296337
"Little Tern","Jun-Aug",2013,2013-06-30,29,41,180,0.227777777777778,36.334462783256
"Little Tern","Jun-Aug",2013,2013-06-30,29,42,165,0.254545454545455,47.8050451277767
"Little Tern","Jun-Aug",2013,2013-07-01,30,42,172,0.244186046511628,42.4202411151252
"Little Tern","Jun-Aug",2013,2013-07-01,30,42,176,0.238636363636364,39.7059839393178
"Little Tern","Jun-Aug",2013,2013-07-01,30,40,172,0.232558139534884,40.4002296334526
"Little Tern","Jun-Aug",2013,2013-07-01,30,41,171,0.239766081871345,42.1105918970691
"Little Tern","Jun-Aug",2013,2013-07-01,30,40,174,0.229885057471264,39.0789355909858
"Little Tern","Jun-Aug",2013,2013-07-10,39,48,181,0.265193370165746,41.8654393011192
"Little Tern","Jun-Aug",2013,2013-07-10,39,52,177,0.293785310734463,48.3651685667969
"Little Tern","Jun-Aug",2013,2013-07-10,39,46,174,0.264367816091954,44.9407759296337
"Little Tern","Jun-Aug",2013,2013-07-10,39,40,177,0.225988700564972,37.203975820613
"Little Tern","Jun-Aug",2013,2013-07-10,39,45,169,0.266272189349112,47.8096934705255
"Little Tern","Jun-Aug",2013,2013-07-11,40,45,180,0.25,39.8792884206469
"Little Tern","Jun-Aug",2013,2013-07-11,40,43,176,0.244318181818182,40.6513645093016
"Little Tern","Jun-Aug",2013,2013-07-17,46,41,173,0.236994219653179,40.7254860772699
"Little Tern","Jun-Aug",2013,2013-07-17,46,43,175,0.245714285714286,41.3230876661411
"Little Tern","Jun-Aug",2013,2013-07-17,46,45,173,0.260115606936416,44.6987042311499
"Little Tern","Jun-Aug",2013,2013-07-17,46,45,177,0.254237288135593,41.8544727981897
"Little Tern","Jun-Aug",2013,2013-07-17,46,42,167,0.251497005988024,46.1767802993217
"Little Tern","Jun-Aug",2013,2013-07-17,46,43,170,0.252941176470588,44.9161280246218
"Little Tern","Jun-Aug",2013,2013-07-18,47,46,183,0.251366120218579,38.8727508657624
"Little Tern","Jun-Aug",2013,2013-07-23,52,51,182,0.28021978021978,43.7826706995174
"Little Tern","Jun-Aug",2014,2014-06-29,28,46,178,0.258426966292135,42.0968651424978
"Little Tern","Jun-Aug",2014,2014-06-29,28,48,176,0.272727272727273,45.3782673592204
"Little Tern","Jun-Aug",2014,2014-06-29,28,46,172,0.267441860465116,46.4602640784705
"Little Tern","Jun-Aug",2014,2014-06-29,28,44,175,0.251428571428571,42.2840897048885
"Little Tern","Jun-Aug",2014,2014-06-29,28,42,163,0.257668711656442,49.5116453563506
"Little Tern","Jun-Aug",2014,2014-06-29,28,46,175,0.262857142857143,44.2060937823835
"Little Tern","Jun-Aug",2014,2014-06-29,28,44,172,0.255813953488372,44.4402525967978
"Little Tern","Jun-Aug",2014,2014-06-29,28,47,175,0.268571428571429,45.1670958211309
"Little Tern","Jun-Aug",2014,2014-06-29,28,46,168,0.273809523809524,49.7135302012604
"Little Tern","Jun-Aug",2014,2014-06-29,28,43,172,0.25,43.4302468559615
"Little Tern","Jun-Aug",2014,2014-06-29,28,40,169,0.236686390532544,42.4975053071338
"Little Tern","Jun-Aug",2014,2014-06-29,28,42,168,0.25,45.3906145315856
"Little Tern","Jun-Aug",2014,2014-06-29,28,42,174,0.241379310344828,41.0328823705351
"Little Tern","Jun-Aug",2014,2014-06-29,28,43,181,0.237569060773481,37.5044560405859
"Little Tern","Jun-Aug",2014,2014-06-29,28,40,168,0.238095238095238,43.2291566967482
"Little Tern","Jun-Aug",2014,2014-06-30,29,45,164,0.274390243902439,52.1231371643416
"Little Tern","Jun-Aug",2014,2014-06-30,29,41,176,0.232954545454545,38.7606033693341
"Little Tern","Jun-Aug",2014,2014-06-30,29,44,165,0.266666666666667,50.081475848147
"Little Tern","Jun-Aug",2014,2014-06-30,29,43,180,0.238888888888889,38.1068756019515
"Little Tern","Jun-Aug",2014,2014-06-30,29,47,174,0.270114942528736,45.9177493194084
"Little Tern","Jun-Aug",2014,2014-06-30,29,49,180,0.272222222222222,43.4241140580377
"Little Tern","Jun-Aug",2014,2014-06-30,29,42,170,0.247058823529412,43.8715669077701
"Little Tern","Jun-Aug",2014,2014-06-30,29,42,178,0.235955056179775,38.436268173585
"Little Tern","Jun-Aug",2014,2014-06-30,29,40,180,0.222222222222222,35.4482563739083
"Little Tern","Jun-Aug",2014,2014-06-30,29,41,167,0.245508982035928,45.0773331493378
"Little Tern","Jun-Aug",2014,2014-07-05,34,48,176,0.272727272727273,45.3782673592204
"Little Tern","Jun-Aug",2014,2014-07-05,34,38,176,0.215909090909091,35.9244616593828
"Little Tern","Jun-Aug",2014,2014-07-05,34,47,179,0.262569832402235,42.324493572064
"Little Tern","Jun-Aug",2014,2014-07-05,34,46,175,0.262857142857143,44.2060937823835
"Little Tern","Jun-Aug",2014,2014-07-06,35,47,170,0.276470588235294,49.0943724920285
"Little Tern","Jun-Aug",2014,2014-07-06,35,48,168,0.285714285714286,51.8749880360978
"Little Tern","Jun-Aug",2014,2014-07-06,35,48,175,0.274285714285714,46.1280978598784
"Little Tern","Jun-Aug",2014,2014-07-06,35,36,172,0.209302325581395,36.3602066701073
"Little Tern","Jun-Aug",2014,2014-07-06,35,43,172,0.25,43.4302468559615
"Little Tern","Jun-Aug",2014,2014-07-06,35,37,175,0.211428571428571,35.5570754336563
"Little Tern","Jun-Aug",2014,2014-07-09,38,46,172,0.267441860465116,46.4602640784705
"Little Tern","Jun-Aug",2014,2014-07-09,38,41,169,0.242603550295858,43.5599429398121
"Little Tern","Jun-Aug",2014,2014-07-09,38,44,175,0.251428571428571,42.2840897048885
"Little Tern","Jun-Aug",2014,2014-07-09,38,49,171,0.286549707602339,50.3272927550338
"Little Tern","Jun-Aug",2014,2014-07-09,38,45,172,0.261627906976744,45.4502583376341
"Little Tern","Jun-Aug",2014,2014-07-10,39,40,177,0.225988700564972,37.203975820613
"Little Tern","Jun-Aug",2014,2014-07-10,39,44,168,0.261904761904762,47.552072366423
"Little Tern","Jun-Aug",2014,2014-07-10,39,42,163,0.257668711656442,49.5116453563506
"Little Tern","Jun-Aug",2014,2014-07-10,39,42,171,0.245614035087719,43.1376795043147
"Little Tern","Jun-Aug",2014,2014-07-10,39,44,169,0.260355029585799,46.7472558378472
"Little Tern","Jun-Aug",2014,2014-07-15,44,48,171,0.280701754385965,49.3002051477882
"Little Tern","Jun-Aug",2014,2014-07-15,44,46,172,0.267441860465116,46.4602640784705
"Little Tern","Jun-Aug",2014,2014-07-15,44,47,183,0.256830601092896,39.717810667192
"Little Tern","Jun-Aug",2014,2014-07-21,50,48,177,0.271186440677966,44.6447709847356
"Little Tern","Jun-Aug",2014,2014-07-21,50,43,171,0.251461988304094,44.1647671115602
"Little Tern","Jun-Aug",2014,2014-07-22,51,46,170,0.270588235294118,48.0498113751768
"Little Tern","Jun-Aug",2014,2014-07-22,51,45,176,0.255681818181818,42.5421256492691
"Little Tern","Jun-Aug",2014,2014-07-22,51,44,171,0.257309941520468,45.1918547188058
"Little Tern","Jun-Aug",2014,2014-07-22,51,41,170,0.241176470588235,42.8270057909184
"Little Tern","Jun-Aug",2014,2014-07-22,51,48,176,0.272727272727273,45.3782673592204
"Little Tern","Jun-Aug",2014,2014-07-22,51,41,172,0.238372093023256,41.4102353742889
"Little Tern","Jun-Aug",2014,2014-07-22,51,43,174,0.247126436781609,42.0098557603098
"Little Tern","Jun-Aug",2015,2015-06-25,24,43,170,0.252941176470588,44.9161280246218
"Little Tern","Jun-Aug",2015,2015-06-25,24,43,175,0.245714285714286,41.3230876661411
"Little Tern","Jun-Aug",2015,2015-06-25,24,40,175,0.228571428571429,38.4400815498987
"Little Tern","Jun-Aug",2015,2015-06-25,24,47,180,0.261111111111111,41.6517012393423
"Little Tern","Jun-Aug",2015,2015-06-25,24,45,173,0.260115606936416,44.6987042311499
"Little Tern","Jun-Aug",2015,2015-06-25,24,48,176,0.272727272727273,45.3782673592204
"Little Tern","Jun-Aug",2015,2015-06-25,24,50,176,0.284090909090909,47.2690284991879
"Little Tern","Jun-Aug",2015,2015-06-25,24,45,168,0.267857142857143,48.6328012838417
"Little Tern","Jun-Aug",2015,2015-06-25,24,51,169,0.301775147928994,54.1843192665956
"Little Tern","Jun-Aug",2015,2015-06-25,24,46,169,0.272189349112426,48.8721311032039
"Little Tern","Jun-Aug",2015,2015-06-25,24,50,175,0.285714285714286,48.0501019373733
"Little Tern","Jun-Aug",2015,2015-06-25,24,47,172,0.273255813953488,47.4702698193068
"Little Tern","Jun-Aug",2015,2015-06-25,24,46,172,0.267441860465116,46.4602640784705
"Little Tern","Jun-Aug",2015,2015-06-25,24,45,171,0.263157894736842,46.2189423260514
"Little Tern","Jun-Aug",2015,2015-06-25,24,45,174,0.258620689655172,43.9638025398591
"Little Tern","Jun-Aug",2015,2015-06-25,24,48,185,0.259459459459459,39.3143335336184
"Little Tern","Jun-Aug",2015,2015-06-25,24,49,178,0.275280898876405,44.8423128691825
"Little Tern","Jun-Aug",2015,2015-06-25,24,44,170,0.258823529411765,45.9606891414735
"Little Tern","Jun-Aug",2015,2015-06-25,24,48,178,0.269662921348315,43.9271636269543
"Little Tern","Jun-Aug",2015,2015-06-25,24,47,169,0.27810650887574,49.9345687358822
"Little Tern","Jun-Aug",2015,2015-06-25,24,45,170,0.264705882352941,47.0052502583251
"Little Tern","Jun-Aug",2015,2015-06-25,24,50,188,0.265957446808511,39.1008155941459
"Little Tern","Jun-Aug",2015,2015-06-25,24,45,167,0.269461077844311,49.4751217492732
"Little Tern","Jun-Aug",2015,2015-06-25,24,45,177,0.254237288135593,41.8544727981897
"Little Tern","Jun-Aug",2015,2015-06-25,24,43,176,0.244318181818182,40.6513645093016
"Little Tern","Jun-Aug",2015,2015-06-26,25,45,182,0.247252747252747,38.6317682642801
"Little Tern","Jun-Aug",2015,2015-06-26,25,42,168,0.25,45.3906145315856
"Little Tern","Jun-Aug",2015,2015-06-26,25,42,172,0.244186046511628,42.4202411151252
"Little Tern","Jun-Aug",2015,2015-06-26,25,38,167,0.227544910179641,41.7789916993863
"Little Tern","Jun-Aug",2015,2015-06-26,25,46,170,0.270588235294118,48.0498113751768
"Little Tern","Jun-Aug",2015,2015-06-26,25,44,170,0.258823529411765,45.9606891414735
"Little Tern","Jun-Aug",2015,2015-06-26,25,42,174,0.241379310344828,41.0328823705351
"Little Tern","Jun-Aug",2015,2015-06-26,25,43,175,0.245714285714286,41.3230876661411
"Little Tern","Jun-Aug",2015,2015-06-26,25,44,177,0.248587570621469,40.9243734026743
"Little Tern","Jun-Aug",2015,2015-06-26,25,48,174,0.275862068965517,46.894722709183
"Little Tern","Jun-Aug",2015,2015-06-26,25,42,173,0.242774566473988,41.7187906157399
"Little Tern","Jun-Aug",2015,2015-06-26,25,44,171,0.257309941520468,45.1918547188058
"Little Tern","Jun-Aug",2015,2015-06-26,25,49,178,0.275280898876405,44.8423128691825
"Little Tern","Jun-Aug",2015,2015-06-26,25,43,167,0.25748502994012,47.2762274493055
"Little Tern","Jun-Aug",2015,2015-06-26,25,39,157,0.248407643312102,51.2119115540969
"Little Tern","Jun-Aug",2015,2015-06-26,25,40,172,0.232558139534884,40.4002296334526
"Little Tern","Jun-Aug",2015,2015-06-26,25,45,177,0.254237288135593,41.8544727981897
"Little Tern","Jun-Aug",2015,2015-06-26,25,51,174,0.293103448275862,49.8256428785069
"Little Tern","Jun-Aug",2015,2015-06-29,28,48,170,0.282352941176471,50.1389336088801
"Little Tern","Jun-Aug",2015,2015-06-30,29,45,173,0.260115606936416,44.6987042311499
"Little Tern","Jun-Aug",2015,2015-06-30,29,36,170,0.211764705882353,37.6042002066601
"Little Tern","Jun-Aug",2015,2015-06-30,29,44,178,0.247191011235955,40.2665666580414
"Little Tern","Jun-Aug",2015,2015-06-30,29,43,175,0.245714285714286,41.3230876661411
"Little Tern","Jun-Aug",2015,2015-06-30,29,45,173,0.260115606936416,44.6987042311499
"Little Tern","Jun-Aug",2015,2015-06-30,29,44,172,0.255813953488372,44.4402525967978
"Little Tern","Jun-Aug",2015,2015-06-30,29,42,169,0.248520710059172,44.6223805724905
"Little Tern","Jun-Aug",2015,2015-06-30,29,44,171,0.257309941520468,45.1918547188058
"Little Tern","Jun-Aug",2015,2015-06-30,29,43,180,0.238888888888889,38.1068756019515
"Little Tern","Jun-Aug",2015,2015-07-05,34,39,172,0.226744186046512,39.3902238926162
"Little Tern","Jun-Aug",2015,2015-07-05,34,48,173,0.277456647398844,47.6786178465599
"Little Tern","Jun-Aug",2015,2015-07-05,34,41,167,0.245508982035928,45.0773331493378
"Little Tern","Jun-Aug",2015,2015-07-13,42,48,180,0.266666666666667,42.53790764869
"Little Tern","Jun-Aug",2015,2015-07-13,42,45,170,0.264705882352941,47.0052502583251
"Little Tern","Jun-Aug",2015,2015-07-13,42,41,174,0.235632183908046,40.0559089807605
"Little Tern","Jun-Aug",2015,2015-07-13,42,48,176,0.272727272727273,45.3782673592204
"Little Tern","Jun-Aug",2015,2015-07-13,42,44,177,0.248587570621469,40.9243734026743
"Little Tern","Jun-Aug",2015,2015-07-13,42,43,170,0.252941176470588,44.9161280246218
"Little Tern","Jun-Aug",2015,2015-07-13,42,42,172,0.244186046511628,42.4202411151252
"Little Tern","Jun-Aug",2015,2015-07-13,42,50,177,0.282485875706215,46.5049697757663
"Little Tern","Jun-Aug",2015,2015-07-13,42,45,172,0.261627906976744,45.4502583376341
"Little Tern","Jun-Aug",2015,2015-07-14,43,39,167,0.233532934131737,42.8784388493701
"Little Tern","Jun-Aug",2015,2015-07-14,43,43,169,0.254437869822485,45.6848182051688
"Little Tern","Jun-Aug",2015,2015-07-27,56,46,173,0.265895953757225,45.6920087696199
"Little Tern","Jun-Aug",2015,2015-07-27,56,45,172,0.261627906976744,45.4502583376341
"Little Tern","Jun-Aug",2015,2015-07-27,56,44,173,0.254335260115607,43.7053996926799
"Little Tern","Jun-Aug",2015,2015-07-27,56,48,171,0.280701754385965,49.3002051477882
"Little Tern","Jun-Aug",2015,2015-08-06,66,48,178,0.269662921348315,43.9271636269543
"Little Tern","Jun-Aug",2015,2015-08-11,71,46,177,0.259887005649718,42.784572193705
"Little Tern","Jun-Aug",2016,2016-06-20,19,49,169,0.289940828402367,52.0594440012389
"Little Tern","Jun-Aug",2016,2016-06-20,19,41,171,0.239766081871345,42.1105918970691
"Little Tern","Jun-Aug",2016,2016-06-20,19,45,173,0.260115606936416,44.6987042311499
"Little Tern","Jun-Aug",2016,2016-06-20,19,45,176,0.255681818181818,42.5421256492691
"Little Tern","Jun-Aug",2016,2016-06-21,20,43,172,0.25,43.4302468559615
"Little Tern","Jun-Aug",2016,2016-06-21,20,41,165,0.248484848484848,46.6668297675915
"Little Tern","Jun-Aug",2016,2016-06-21,20,45,175,0.257142857142857,43.245091743636
"Little Tern","Jun-Aug",2016,2016-06-21,20,43,171,0.251461988304094,44.1647671115602
"Little Tern","Jun-Aug",2016,2016-06-21,20,48,176,0.272727272727273,45.3782673592204
"Little Tern","Jun-Aug",2016,2016-06-21,20,41,167,0.245508982035928,45.0773331493378
"Little Tern","Jun-Aug",2016,2016-06-26,25,48,173,0.277456647398844,47.6786178465599
"Little Tern","Jun-Aug",2016,2016-06-26,25,48,177,0.271186440677966,44.6447709847356
"Little Tern","Jun-Aug",2016,2016-06-26,25,48,169,0.284023668639053,50.9970063685605
"Little Tern","Jun-Aug",2016,2016-06-26,25,48,170,0.282352941176471,50.1389336088801
"Little Tern","Jun-Aug",2016,2016-06-26,25,44,168,0.261904761904762,47.552072366423
"Little Tern","Jun-Aug",2016,2016-06-26,25,47,171,0.274853801169591,48.2731175405426
"Little Tern","Jun-Aug",2016,2016-06-26,25,46,173,0.265895953757225,45.6920087696199
"Little Tern","Jun-Aug",2016,2016-06-26,25,43,171,0.251461988304094,44.1647671115602
"Little Tern","Jun-Aug",2016,2016-06-26,25,48,177,0.271186440677966,44.6447709847356
"Little Tern","Jun-Aug",2016,2016-06-26,25,43,170,0.252941176470588,44.9161280246218
"Little Tern","Jun-Aug",2016,2016-06-26,25,45,167,0.269461077844311,49.4751217492732
"Little Tern","Jun-Aug",2016,2016-06-27,26,45,170,0.264705882352941,47.0052502583251
"Little Tern","Jun-Aug",2016,2016-07-04,33,45,167,0.269461077844311,49.4751217492732
"Little Tern","Jun-Aug",2016,2016-07-04,33,42,173,0.242774566473988,41.7187906157399
"Little Tern","Jun-Aug",2016,2016-07-04,33,48,167,0.287425149700599,52.7734631992248
"Little Tern","Jun-Aug",2016,2016-07-04,33,47,176,0.267045454545455,44.4328867892366
"Little Tern","Jun-Aug",2016,2016-07-04,33,45,176,0.255681818181818,42.5421256492691
"Little Tern","Jun-Aug",2016,2016-07-04,33,54,182,0.296703296703297,46.3581219171361
"Little Tern","Jun-Aug",2016,2016-07-04,33,49,168,0.291666666666667,52.9557169535165
"Little Tern","Jun-Aug",2016,2016-07-04,33,46,171,0.269005847953216,47.246029933297
"Little Tern","Jun-Aug",2016,2016-07-04,33,55,166,0.331325301204819,61.5232718562662
"Little Tern","Jun-Aug",2016,2016-07-04,33,45,179,0.251396648044693,40.5234512924017
"Little Tern","Jun-Aug",2016,2016-07-04,33,44,176,0.25,41.5967450792853
"Little Tern","Jun-Aug",2016,2016-07-04,33,45,167,0.269461077844311,49.4751217492732
"Little Tern","Jun-Aug",2016,2016-07-04,33,49,175,0.28,47.0890998986259
"Little Tern","Jun-Aug",2016,2016-07-04,33,45,174,0.258620689655172,43.9638025398591
"Little Tern","Jun-Aug",2016,2016-07-04,33,41,168,0.244047619047619,44.3098856141669
"Little Tern","Jun-Aug",2016,2016-07-04,33,45,174,0.258620689655172,43.9638025398591
"Little Tern","Jun-Aug",2016,2016-07-04,33,44,174,0.252873563218391,42.9868291500844
"Little Tern","Jun-Aug",2016,2016-07-04,33,45,176,0.255681818181818,42.5421256492691
"Little Tern","Jun-Aug",2016,2016-07-13,42,47,168,0.279761904761905,50.7942591186791
"Little Tern","Jun-Aug",2016,2016-07-13,42,43,171,0.251461988304094,44.1647671115602
"Little Tern","Jun-Aug",2016,2016-07-13,42,49,180,0.272222222222222,43.4241140580377
"Little Tern","Jun-Aug",2016,2016-07-13,42,42,176,0.238636363636364,39.7059839393178
"Little Tern","Jun-Aug",2016,2016-07-13,42,50,168,0.297619047619048,54.0364458709352
"Little Tern","Jun-Aug",2016,2016-07-13,42,51,175,0.291428571428571,49.0111039761208
"Little Tern","Jun-Aug",2016,2016-07-13,42,52,181,0.287292817679558,45.3542259095458
"Little Tern","Jun-Aug",2016,2016-07-13,42,42,176,0.238636363636364,39.7059839393178
"Little Tern","Jun-Aug",2016,2016-07-13,42,40,167,0.239520958083832,43.977885999354
"Little Tern","Jun-Aug",2016,2016-07-13,42,52,169,0.307692307692308,55.2467568992739
"Little Tern","Jun-Aug",2016,2016-07-13,42,44,172,0.255813953488372,44.4402525967978
"Little Tern","Jun-Aug",2016,2016-07-13,42,46,174,0.264367816091954,44.9407759296337
"Little Tern","Jun-Aug",2016,2016-07-13,42,50,170,0.294117647058824,52.2280558425835
"Little Tern","Jun-Aug",2016,2016-07-13,42,45,173,0.260115606936416,44.6987042311499
"Little Tern","Jun-Aug",2016,2016-07-13,42,47,174,0.270114942528736,45.9177493194084
"Little Tern","Jun-Aug",2016,2016-07-13,42,44,171,0.257309941520468,45.1918547188058
"Little Tern","Jun-Aug",2016,2016-07-13,42,45,169,0.266272189349112,47.8096934705255
"Little Tern","Jun-Aug",2016,2016-07-13,42,45,164,0.274390243902439,52.1231371643416
"Little Tern","Jun-Aug",2016,2016-07-13,42,46,177,0.259887005649718,42.784572193705
"Little Tern","Jun-Aug",2016,2016-07-14,43,46,170,0.270588235294118,48.0498113751768
"Little Tern","Jun-Aug",2016,2016-07-21,50,50,168,0.297619047619048,54.0364458709352
"Little Tern","Jun-Aug",2016,2016-07-21,50,48,178,0.269662921348315,43.9271636269543
"Little Tern","Jun-Aug",2016,2016-07-21,50,41,170,0.241176470588235,42.8270057909184
"Little Tern","Jun-Aug",2016,2016-07-21,50,47,178,0.264044943820225,43.012014384726
"Little Tern","Jun-Aug",2016,2016-07-21,50,42,173,0.242774566473988,41.7187906157399
"Little Tern","Jun-Aug",2016,2016-07-21,50,45,169,0.266272189349112,47.8096934705255
"Little Tern","Jun-Aug",2016,2016-07-21,50,44,171,0.257309941520468,45.1918547188058
"Little Tern","Jun-Aug",2016,2016-07-21,50,47,175,0.268571428571429,45.1670958211309
"Little Tern","Jun-Aug",2016,2016-07-21,50,42,171,0.245614035087719,43.1376795043147
"Little Tern","Jun-Aug",2016,2016-07-22,51,46,167,0.275449101796407,50.5745688992571
"Little Tern","Jun-Aug",2016,2016-07-31,60,42,165,0.254545454545455,47.8050451277767
"Little Tern","Jun-Aug",2016,2016-08-10,70,41,174,0.235632183908046,40.0559089807605
"Little Tern","Jun-Aug",2016,2016-08-10,70,45,169,0.266272189349112,47.8096934705255
"Little Tern","Jun-Aug",2017,2017-06-27,26,44,165,0.266666666666667,50.081475848147
"Little Tern","Jun-Aug",2017,2017-06-27,26,58,171,0.339181286549708,59.571081220244
"Little Tern","Jun-Aug",2017,2017-06-27,26,46,169,0.272189349112426,48.8721311032039
"Little Tern","Jun-Aug",2017,2017-06-27,26,45,164,0.274390243902439,52.1231371643416
"Little Tern","Jun-Aug",2017,2017-06-27,26,46,171,0.269005847953216,47.246029933297
"Little Tern","Jun-Aug",2017,2017-06-27,26,46,172,0.267441860465116,46.4602640784705
"Little Tern","Jun-Aug",2017,2017-06-27,26,44,179,0.245810055865922,39.6229301525705
"Little Tern","Jun-Aug",2017,2017-06-27,26,44,167,0.263473053892216,48.3756745992894
"Little Tern","Jun-Aug",2017,2017-06-27,26,48,171,0.280701754385965,49.3002051477882
"Little Tern","Jun-Aug",2017,2017-06-27,26,41,177,0.231638418079096,38.1340752161284
"Little Tern","Jun-Aug",2017,2017-06-27,26,45,177,0.254237288135593,41.8544727981897
"Little Tern","Jun-Aug",2017,2017-06-27,26,45,171,0.263157894736842,46.2189423260514
"Little Tern","Jun-Aug",2017,2017-06-27,26,41,175,0.234285714285714,39.4010835886461
"Little Tern","Jun-Aug",2017,2017-06-27,26,43,172,0.25,43.4302468559615
"Little Tern","Jun-Aug",2017,2017-06-27,26,43,172,0.25,43.4302468559615
"Little Tern","Jun-Aug",2017,2017-06-27,26,47,169,0.27810650887574,49.9345687358822
"Little Tern","Jun-Aug",2017,2017-06-27,26,44,169,0.260355029585799,46.7472558378472
"Little Tern","Jun-Aug",2017,2017-06-27,26,42,168,0.25,45.3906145315856
"Little Tern","Jun-Aug",2017,2017-07-05,34,44,167,0.263473053892216,48.3756745992894
"Little Tern","Jun-Aug",2017,2017-07-05,34,49,177,0.27683615819209,45.574870380251
"Little Tern","Jun-Aug",2017,2017-07-05,34,50,177,0.282485875706215,46.5049697757663
"Little Tern","Jun-Aug",2017,2017-07-05,34,46,176,0.261363636363636,43.4875062192529
"Little Tern","Jun-Aug",2017,2017-07-05,34,49,177,0.27683615819209,45.574870380251
"Little Tern","Jun-Aug",2017,2017-07-05,34,44,173,0.254335260115607,43.7053996926799
"Little Tern","Jun-Aug",2017,2017-07-05,34,46,166,0.27710843373494,51.4558273706954
"Little Tern","Jun-Aug",2017,2017-07-05,34,45,176,0.255681818181818,42.5421256492691
"Little Tern","Jun-Aug",2017,2017-07-05,34,46,178,0.258426966292135,42.0968651424978
"Little Tern","Jun-Aug",2017,2017-07-05,34,41,166,0.246987951807229,45.8628026564893
"Little Tern","Jun-Aug",2017,2017-07-05,34,46,177,0.259887005649718,42.784572193705
"Little Tern","Jun-Aug",2017,2017-07-05,34,45,170,0.264705882352941,47.0052502583251
"Little Tern","Jun-Aug",2017,2017-07-05,34,44,178,0.247191011235955,40.2665666580414
"Little Tern","Jun-Aug",2017,2017-07-05,34,50,176,0.284090909090909,47.2690284991879
"Little Tern","Jun-Aug",2017,2017-07-05,34,49,173,0.283236994219653,48.6719223850299
"Little Tern","Jun-Aug",2017,2017-07-05,34,46,168,0.273809523809524,49.7135302012604
"Little Tern","Jun-Aug",2017,2017-07-05,34,44,172,0.255813953488372,44.4402525967978
"Little Tern","Jun-Aug",2017,2017-07-05,34,45,167,0.269461077844311,49.4751217492732
"Little Tern","Jun-Aug",2017,2017-07-05,34,46,177,0.259887005649718,42.784572193705
"Little Tern","Jun-Aug",2017,2017-07-05,34,44,175,0.251428571428571,42.2840897048885
"Little Tern","Jun-Aug",2017,2017-07-06,35,44,173,0.254335260115607,43.7053996926799
"Little Tern","Jun-Aug",2017,2017-07-06,35,43,175,0.245714285714286,41.3230876661411
"Little Tern","Jun-Aug",2017,2017-07-06,35,48,180,0.266666666666667,42.53790764869
"Little Tern","Jun-Aug",2017,2017-07-06,35,40,170,0.235294117647059,41.7824446740668
"Little Tern","Jun-Aug",2017,2017-07-06,35,44,166,0.265060240963855,49.2186174850129
"Little Tern","Jun-Aug",2017,2017-07-06,35,46,176,0.261363636363636,43.4875062192529
"Little Tern","Jun-Aug",2017,2017-07-06,35,45,174,0.258620689655172,43.9638025398591
"Little Tern","Jun-Aug",2017,2017-07-06,35,45,167,0.269461077844311,49.4751217492732
"Little Tern","Jun-Aug",2017,2017-07-06,35,45,172,0.261627906976744,45.4502583376341
"Little Tern","Jun-Aug",2017,2017-07-06,35,42,164,0.25609756097561,48.6482613533855
"Little Tern","Jun-Aug",2017,2017-07-13,42,50,182,0.274725274725275,42.9241869603112
"Little Tern","Jun-Aug",2017,2017-07-13,42,50,174,0.28735632183908,48.8486694887323
"Little Tern","Jun-Aug",2017,2017-07-13,42,44,173,0.254335260115607,43.7053996926799
"Little Tern","Jun-Aug",2017,2017-07-13,42,45,174,0.258620689655172,43.9638025398591
"Little Tern","Jun-Aug",2017,2017-07-13,42,44,175,0.251428571428571,42.2840897048885
"Little Tern","Jun-Aug",2017,2017-07-13,42,44,170,0.258823529411765,45.9606891414735
"Little Tern","Jun-Aug",2017,2017-07-13,42,42,166,0.253012048192771,46.9814075993305
"Little Tern","Jun-Aug",2017,2017-07-13,42,43,171,0.251461988304094,44.1647671115602
"Little Tern","Jun-Aug",2017,2017-07-14,43,42,168,0.25,45.3906145315856
"Little Tern","Jun-Aug",2017,2017-07-14,43,41,163,0.251533742331288,48.3327966573899
"Little Tern","Jun-Aug",2018,2018-06-24,23,45,174,0.258620689655172,43.9638025398591
"Little Tern","Jun-Aug",2018,2018-06-24,23,46,176,0.261363636363636,43.4875062192529
"Little Tern","Jun-Aug",2018,2018-06-24,23,44,181,0.243093922651934,38.3766526926926
"Little Tern","Jun-Aug",2018,2018-06-24,23,49,173,0.283236994219653,48.6719223850299
"Little Tern","Jun-Aug",2018,2018-06-24,23,43,173,0.248554913294798,42.7120951542099
"Little Tern","Jun-Aug",2018,2018-06-24,23,45,174,0.258620689655172,43.9638025398591
"Little Tern","Jun-Aug",2018,2018-06-24,23,46,167,0.275449101796407,50.5745688992571
"Little Tern","Jun-Aug",2018,2018-06-24,23,43,176,0.244318181818182,40.6513645093016
"Little Tern","Jun-Aug",2018,2018-06-24,23,44,177,0.248587570621469,40.9243734026743
"Little Tern","Jun-Aug",2018,2018-06-24,23,44,164,0.268292682926829,50.9648452273563
"Little Tern","Jun-Aug",2018,2018-06-24,23,45,172,0.261627906976744,45.4502583376341
"Little Tern","Jun-Aug",2018,2018-06-24,23,42,169,0.248520710059172,44.6223805724905
"Little Tern","Jun-Aug",2018,2018-06-24,23,46,165,0.278787878787879,52.3579065685173
"Little Tern","Jun-Aug",2018,2018-06-24,23,41,173,0.236994219653179,40.7254860772699
"Little Tern","Jun-Aug",2018,2018-06-24,23,43,177,0.242937853107345,39.994274007159
"Little Tern","Jun-Aug",2018,2018-06-24,23,43,171,0.251461988304094,44.1647671115602
"Little Tern","Jun-Aug",2018,2018-06-24,23,43,180,0.238888888888889,38.1068756019515
"Little Tern","Jun-Aug",2018,2018-06-24,23,43,174,0.247126436781609,42.0098557603098
"Little Tern","Jun-Aug",2018,2018-06-24,23,40,177,0.225988700564972,37.203975820613
"Little Tern","Jun-Aug",2018,2018-06-24,23,43,174,0.247126436781609,42.0098557603098
"Little Tern","Jun-Aug",2018,2018-06-24,23,46,171,0.269005847953216,47.246029933297
"Little Tern","Jun-Aug",2018,2018-06-24,23,43,176,0.244318181818182,40.6513645093016
"Little Tern","Jun-Aug",2018,2018-06-24,23,49,173,0.283236994219653,48.6719223850299
"Little Tern","Jun-Aug",2018,2018-06-25,24,39,168,0.232142857142857,42.1484277793295
"Little Tern","Jun-Aug",2018,2018-06-25,24,39,166,0.234939759036145,43.6255927708069
"Little Tern","Jun-Aug",2018,2018-07-03,32,42,171,0.245614035087719,43.1376795043147
"Little Tern","Jun-Aug",2018,2018-07-03,32,44,173,0.254335260115607,43.7053996926799
"Little Tern","Jun-Aug",2018,2018-07-03,32,46,169,0.272189349112426,48.8721311032039
"Little Tern","Jun-Aug",2018,2018-07-03,32,43,171,0.251461988304094,44.1647671115602
"Little Tern","Jun-Aug",2018,2018-07-03,32,41,172,0.238372093023256,41.4102353742889
"Little Tern","Jun-Aug",2018,2018-07-03,32,49,173,0.283236994219653,48.6719223850299
"Little Tern","Jun-Aug",2018,2018-07-03,32,44,176,0.25,41.5967450792853
"Little Tern","Jun-Aug",2018,2018-07-03,32,45,170,0.264705882352941,47.0052502583251
"Little Tern","Jun-Aug",2018,2018-07-03,32,55,174,0.316091954022989,53.7335364376055
"Little Tern","Jun-Aug",2018,2018-07-03,32,44,170,0.258823529411765,45.9606891414735
"Little Tern","Jun-Aug",2018,2018-07-03,32,41,175,0.234285714285714,39.4010835886461
"Little Tern","Jun-Aug",2018,2018-07-03,32,45,178,0.252808988764045,41.1817159002696
"Little Tern","Jun-Aug",2018,2018-07-03,32,45,175,0.257142857142857,43.245091743636
"Little Tern","Jun-Aug",2018,2018-07-03,32,43,181,0.237569060773481,37.5044560405859
"Little Tern","Jun-Aug",2018,2018-07-03,32,42,176,0.238636363636364,39.7059839393178
"Little Tern","Jun-Aug",2018,2018-07-03,32,40,177,0.225988700564972,37.203975820613
"Little Tern","Jun-Aug",2018,2018-07-10,39,43,172,0.25,43.4302468559615
"Little Tern","Jun-Aug",2018,2018-07-10,39,44,173,0.254335260115607,43.7053996926799
"Little Tern","Jun-Aug",2018,2018-07-10,39,44,173,0.254335260115607,43.7053996926799
"Little Tern","Jun-Aug",2018,2018-07-10,39,44,161,0.273291925465839,53.7443043189294
"Little Tern","Jun-Aug",2018,2018-07-20,49,40,175,0.228571428571429,38.4400815498987
"Little Tern","Jun-Aug",2018,2018-07-30,59,44,168,0.261904761904762,47.552072366423
"Little Tern","Jun-Aug",2018,2018-07-30,59,44,164,0.268292682926829,50.9648452273563
"Little Tern","Jun-Aug",2019,2019-07-02,31,47,172,0.273255813953488,47.4702698193068
"Little Tern","Jun-Aug",2019,2019-07-02,31,49,172,0.284883720930233,49.4902813009794
"Little Tern","Jun-Aug",2019,2019-07-02,31,49,176,0.278409090909091,46.3236479292041
"Little Tern","Jun-Aug",2019,2019-07-02,31,45,170,0.264705882352941,47.0052502583251
"Little Tern","Jun-Aug",2019,2019-07-02,31,44,174,0.252873563218391,42.9868291500844
"Little Tern","Jun-Aug",2019,2019-07-02,31,43,181,0.237569060773481,37.5044560405859
"Little Tern","Jun-Aug",2019,2019-07-02,31,57,175,0.325714285714286,54.7771162086056
"Little Tern","Jun-Aug",2019,2019-07-02,31,45,173,0.260115606936416,44.6987042311499
"Little Tern","Jun-Aug",2019,2019-07-02,31,45,175,0.257142857142857,43.245091743636
"Little Tern","Jun-Aug",2019,2019-07-02,31,46,169,0.272189349112426,48.8721311032039
"Little Tern","Jun-Aug",2019,2019-07-02,31,45,174,0.258620689655172,43.9638025398591
"Little Tern","Jun-Aug",2019,2019-07-02,31,46,175,0.262857142857143,44.2060937823835
"Little Tern","Jun-Aug",2019,2019-07-02,31,54,174,0.310344827586207,52.7565630478309
"Little Tern","Jun-Aug",2019,2019-07-02,31,45,176,0.255681818181818,42.5421256492691
"Little Tern","Jun-Aug",2019,2019-07-02,31,46,174,0.264367816091954,44.9407759296337
"Little Tern","Jun-Aug",2019,2019-07-02,31,50,171,0.292397660818713,51.3543803622794
"Little Tern","Jun-Aug",2019,2019-07-02,31,42,173,0.242774566473988,41.7187906157399
"Little Tern","Jun-Aug",2019,2019-07-02,31,46,174,0.264367816091954,44.9407759296337
"Little Tern","Jun-Aug",2019,2019-07-02,31,46,177,0.259887005649718,42.784572193705
"Little Tern","Jun-Aug",2019,2019-07-02,31,50,175,0.285714285714286,48.0501019373733
"Little Tern","Jun-Aug",2019,2019-07-03,32,47,174,0.270114942528736,45.9177493194084
"Little Tern","Jun-Aug",2019,2019-07-03,32,43,174,0.247126436781609,42.0098557603098
"Little Tern","Jun-Aug",2019,2019-07-03,32,44,177,0.248587570621469,40.9243734026743
"Little Tern","Jun-Aug",2019,2019-07-03,32,43,174,0.247126436781609,42.0098557603098
"Little Tern","Jun-Aug",2019,2019-07-03,32,48,172,0.27906976744186,48.4802755601431
"Little Tern","Jun-Aug",2019,2019-07-03,32,42,171,0.245614035087719,43.1376795043147
"Little Tern","Jun-Aug",2019,2019-07-03,32,42,166,0.253012048192771,46.9814075993305
"Little Tern","Jun-Aug",2019,2019-07-03,32,43,172,0.25,43.4302468559615
"Little Tern","Jun-Aug",2019,2019-07-08,37,45,169,0.266272189349112,47.8096934705255
"Little Tern","Jun-Aug",2019,2019-07-08,37,50,162,0.308641975308642,59.9950091765046
"Little Tern","Jun-Aug",2019,2019-07-08,37,41,167,0.245508982035928,45.0773331493378
"Little Tern","Jun-Aug",2019,2019-07-08,37,47,178,0.264044943820225,43.012014384726
"Little Tern","Jun-Aug",2019,2019-07-08,37,46,172,0.267441860465116,46.4602640784705
"Little Tern","Jun-Aug",2019,2019-07-08,37,54,178,0.303370786516854,49.4180590803235
"Little Tern","Jun-Aug",2019,2019-07-08,37,48,175,0.274285714285714,46.1280978598784
"Little Tern","Jun-Aug",2019,2019-07-15,44,47,170,0.276470588235294,49.0943724920285
"Little Tern","Jun-Aug",2019,2019-07-15,44,44,173,0.254335260115607,43.7053996926799
"Little Tern","Jun-Aug",2019,2019-07-15,44,42,178,0.235955056179775,38.436268173585
"Little Tern","Jun-Aug",2019,2019-07-15,44,42,172,0.244186046511628,42.4202411151252
"Little Tern","Jun-Aug",2019,2019-07-15,44,47,170,0.276470588235294,49.0943724920285
"Little Tern","Jun-Aug",2019,2019-07-15,44,41,172,0.238372093023256,41.4102353742889
"Little Tern","Jun-Aug",2019,2019-07-16,45,44,171,0.257309941520468,45.1918547188058
"Little Tern","Jun-Aug",2019,2019-07-21,50,46,178,0.258426966292135,42.0968651424978
"Little Tern","Jun-Aug",2019,2019-07-21,50,44,177,0.248587570621469,40.9243734026743
"Little Tern","Jun-Aug",2019,2019-08-08,68,42,172,0.244186046511628,42.4202411151252
"Little Tern","Jun-Aug",2019,2019-08-08,68,39,171,0.228070175438596,40.0564166825779
"Little Tern","Jun-Aug",2019,2019-08-08,68,42,170,0.247058823529412,43.8715669077701
"Little Tern","Jun-Aug",2020,2020-06-25,24,46,173,0.265895953757225,45.6920087696199
"Little Tern","Jun-Aug",2020,2020-06-25,24,50,171,0.292397660818713,51.3543803622794
"Little Tern","Jun-Aug",2020,2020-06-25,24,48,178,0.269662921348315,43.9271636269543
"Little Tern","Jun-Aug",2020,2020-06-25,24,47,174,0.270114942528736,45.9177493194084
"Little Tern","Jun-Aug",2020,2020-06-25,24,40,173,0.23121387283237,39.7321815387999
"Little Tern","Jun-Aug",2020,2020-06-25,24,43,172,0.25,43.4302468559615
"Little Tern","Jun-Aug",2020,2020-06-26,25,42,176,0.238636363636364,39.7059839393178
"Little Tern","Jun-Aug",2020,2020-06-26,25,42,176,0.238636363636364,39.7059839393178
"Little Tern","Jun-Aug",2020,2020-06-26,25,40,173,0.23121387283237,39.7321815387999
"Little Tern","Jun-Aug",2020,2020-06-26,25,43,180,0.238888888888889,38.1068756019515
"Little Tern","Jun-Aug",2020,2020-06-26,25,49,173,0.283236994219653,48.6719223850299
"Little Tern","Jun-Aug",2020,2020-06-26,25,43,175,0.245714285714286,41.3230876661411
"Little Tern","Jun-Aug",2020,2020-06-30,29,49,173,0.283236994219653,48.6719223850299
"Little Tern","Jun-Aug",2020,2020-06-30,29,46,168,0.273809523809524,49.7135302012604
"Little Tern","Jun-Aug",2020,2020-06-30,29,38,170,0.223529411764706,39.6933224403634
"Little Tern","Jun-Aug",2020,2020-06-30,29,46,179,0.256983240223464,41.4239724322328
"Little Tern","Jun-Aug",2020,2020-06-30,29,46,178,0.258426966292135,42.0968651424978
"Little Tern","Jun-Aug",2020,2020-06-30,29,41,167,0.245508982035928,45.0773331493378
"Little Tern","Jun-Aug",2020,2020-06-30,29,44,171,0.257309941520468,45.1918547188058
"Little Tern","Jun-Aug",2020,2020-06-30,29,41,167,0.245508982035928,45.0773331493378
"Little Tern","Jun-Aug",2020,2020-06-30,29,43,171,0.251461988304094,44.1647671115602
"Little Tern","Jun-Aug",2020,2020-06-30,29,45,177,0.254237288135593,41.8544727981897
"Little Tern","Jun-Aug",2020,2020-06-30,29,43,173,0.248554913294798,42.7120951542099
"Little Tern","Jun-Aug",2020,2020-06-30,29,44,178,0.247191011235955,40.2665666580414
"Little Tern","Jun-Aug",2020,2020-06-30,29,45,172,0.261627906976744,45.4502583376341
"Little Tern","Jun-Aug",2020,2020-06-30,29,45,175,0.257142857142857,43.245091743636
"Little Tern","Jun-Aug",2020,2020-06-30,29,49,168,0.291666666666667,52.9557169535165
"Little Tern","Jun-Aug",2020,2020-06-30,29,45,161,0.279503105590062,54.9657657807232
"Little Tern","Jun-Aug",2020,2020-06-30,29,47,172,0.273255813953488,47.4702698193068
"Little Tern","Jun-Aug",2020,2020-06-30,29,42,167,0.251497005988024,46.1767802993217
"Little Tern","Jun-Aug",2020,2020-06-30,29,48,166,0.289156626506024,53.6930372563778
"Little Tern","Jun-Aug",2020,2020-06-30,29,44,166,0.265060240963855,49.2186174850129
"Little Tern","Jun-Aug",2020,2020-07-01,30,44,171,0.257309941520468,45.1918547188058
"Little Tern","Jun-Aug",2020,2020-07-01,30,45,167,0.269461077844311,49.4751217492732
"Little Tern","Jun-Aug",2020,2020-07-01,30,40,176,0.227272727272727,37.8152227993503
"Little Tern","Jun-Aug",2020,2020-07-01,30,42,166,0.253012048192771,46.9814075993305
"Little Tern","Jun-Aug",2020,2020-07-01,30,41,168,0.244047619047619,44.3098856141669
"Little Tern","Jun-Aug",2020,2020-07-01,30,42,168,0.25,45.3906145315856
"Little Tern","Jun-Aug",2020,2020-07-01,30,45,172,0.261627906976744,45.4502583376341
"Little Tern","Jun-Aug",2020,2020-07-01,30,45,171,0.263157894736842,46.2189423260514
"Little Tern","Jun-Aug",2020,2020-07-01,30,53,172,0.308139534883721,53.5303042643246
"Little Tern","Jun-Aug",2020,2020-07-01,30,44,172,0.255813953488372,44.4402525967978
"Little Tern","Jun-Aug",2020,2020-07-06,35,43,174,0.247126436781609,42.0098557603098
"Little Tern","Jun-Aug",2020,2020-07-06,35,41,165,0.248484848484848,46.6668297675915
"Little Tern","Jun-Aug",2020,2020-07-06,35,45,172,0.261627906976744,45.4502583376341
"Little Tern","Jun-Aug",2020,2020-07-06,35,47,178,0.264044943820225,43.012014384726
"Little Tern","Jun-Aug",2020,2020-07-06,35,45,170,0.264705882352941,47.0052502583251
"Little Tern","Jun-Aug",2020,2020-07-06,35,47,168,0.279761904761905,50.7942591186791
"Little Tern","Jun-Aug",2020,2020-07-06,35,45,168,0.267857142857143,48.6328012838417
"Little Tern","Jun-Aug",2020,2020-07-06,35,44,161,0.273291925465839,53.7443043189294
"Little Tern","Jun-Aug",2020,2020-07-06,35,43,173,0.248554913294798,42.7120951542099
"Little Tern","Jun-Aug",2020,2020-07-06,35,40,167,0.239520958083832,43.977885999354
"Little Tern","Jun-Aug",2020,2020-07-06,35,37,169,0.218934911242604,39.3101924090988
"Little Tern","Jun-Aug",2020,2020-07-06,35,49,171,0.286549707602339,50.3272927550338
"Little Tern","Jun-Aug",2020,2020-07-06,35,49,179,0.273743016759777,44.1255358517263
"Little Tern","Jun-Aug",2020,2020-07-06,35,38,174,0.218390804597701,37.1249888114366
"Little Tern","Jun-Aug",2020,2020-07-21,50,43,166,0.259036144578313,48.1000125421717
"Little Tern","Jun-Aug",2020,2020-07-21,50,44,172,0.255813953488372,44.4402525967978
"Little Tern","Jun-Aug",2020,2020-07-22,51,44,168,0.261904761904762,47.552072366423
"Little Tern","Jun-Aug",2020,2020-07-22,51,45,172,0.261627906976744,45.4502583376341
"Little Tern","Jun-Aug",2020,2020-07-28,57,53,173,0.30635838150289,52.6451405389099
"Little Tern","Jun-Aug",2020,2020-07-28,57,42,167,0.251497005988024,46.1767802993217
"Little Tern","Jun-Aug",2020,2020-08-18,78,46,178,0.258426966292135,42.0968651424978
"Little Tern","Jun-Aug",2020,2020-08-18,78,43,166,0.259036144578313,48.1000125421717
"Little Tern","Jun-Aug",2020,2020-08-18,78,49,183,0.26775956284153,41.4079302700513
"Little Tern","Jun-Aug",2020,2020-08-18,78,43,171,0.251461988304094,44.1647671115602
"Little Tern","Jun-Aug",2021,2021-06-27,26,46,172,0.267441860465116,46.4602640784705
"Little Tern","Jun-Aug",2021,2021-06-27,26,46,167,0.275449101796407,50.5745688992571
"Little Tern","Jun-Aug",2021,2021-07-01,30,47,174,0.270114942528736,45.9177493194084
"Little Tern","Jun-Aug",2021,2021-07-11,40,42,170,0.247058823529412,43.8715669077701
"Little Tern","Jun-Aug",2021,2021-07-11,40,43,168,0.255952380952381,46.4713434490043
"Little Tern","Jun-Aug",2021,2021-07-11,40,40,178,0.224719101123595,36.6059696891285
"Little Tern","Jun-Aug",2021,2021-07-20,49,45,173,0.260115606936416,44.6987042311499
"Little Tern","Jun-Aug",2021,2021-07-20,49,39,175,0.222857142857143,37.4790795111512
"Little Tern","Jun-Aug",2021,2021-07-20,49,45,165,0.272727272727273,51.2196912083322
"Little Tern","Jun-Aug",2021,2021-07-20,49,43,173,0.248554913294798,42.7120951542099
"Little Tern","Jun-Aug",2021,2021-07-20,49,43,170,0.252941176470588,44.9161280246218
"Little Tern","Jun-Aug",2021,2021-07-20,49,45,166,0.271084337349398,50.3372224278541
"Little Tern","Jun-Aug",2021,2021-07-20,49,44,171,0.257309941520468,45.1918547188058
"Little Tern","Jun-Aug",2021,2021-07-20,49,42,170,0.247058823529412,43.8715669077701
"Little Tern","Jun-Aug",2021,2021-08-01,61,41,170,0.241176470588235,42.8270057909184
"Little Tern","Jun-Aug",2021,2021-08-17,77,43,175,0.245714285714286,41.3230876661411
"Little Tern","Jun-Aug",2022,2022-06-23,22,45,167,0.269461077844311,49.4751217492732
"Little Tern","Jun-Aug",2022,2022-06-23,22,47,174,0.270114942528736,45.9177493194084
"Little Tern","Jun-Aug",2022,2022-06-23,22,48,174,0.275862068965517,46.894722709183
"Little Tern","Jun-Aug",2022,2022-06-23,22,46,172,0.267441860465116,46.4602640784705
"Little Tern","Jun-Aug",2022,2022-06-23,22,45,169,0.266272189349112,47.8096934705255
"Little Tern","Jun-Aug",2022,2022-06-23,22,45,177,0.254237288135593,41.8544727981897
"Little Tern","Jun-Aug",2022,2022-06-23,22,46,177,0.259887005649718,42.784572193705
"Little Tern","Jun-Aug",2022,2022-06-23,22,45,172,0.261627906976744,45.4502583376341
"Little Tern","Jun-Aug",2022,2022-06-23,22,42,164,0.25609756097561,48.6482613533855
"Little Tern","Jun-Aug",2022,2022-06-23,22,47,171,0.274853801169591,48.2731175405426
"Little Tern","Jun-Aug",2022,2022-06-30,29,47,170,0.276470588235294,49.0943724920285
"Little Tern","Jun-Aug",2022,2022-06-30,29,44,169,0.260355029585799,46.7472558378472
"Little Tern","Jun-Aug",2022,2022-06-30,29,49,174,0.281609195402299,47.8716960989577
"Little Tern","Jun-Aug",2022,2022-06-30,29,50,165,0.303030303030303,56.910768009258
"Little Tern","Jun-Aug",2022,2022-06-30,29,44,171,0.257309941520468,45.1918547188058
"Little Tern","Jun-Aug",2022,2022-06-30,29,50,174,0.28735632183908,48.8486694887323
"Little Tern","Jun-Aug",2022,2022-07-01,30,43,171,0.251461988304094,44.1647671115602
"Little Tern","Jun-Aug",2022,2022-07-01,30,42,170,0.247058823529412,43.8715669077701
"Little Tern","Jun-Aug",2022,2022-07-01,30,43,170,0.252941176470588,44.9161280246218
"Little Tern","Jun-Aug",2022,2022-07-01,30,39,173,0.225433526011561,38.7388770003299
"Little Tern","Jun-Aug",2022,2022-07-01,30,42,165,0.254545454545455,47.8050451277767
"Little Tern","Jun-Aug",2022,2022-07-01,30,40,184,0.217391304347826,33.2766887835946
"Little Tern","Jun-Aug",2022,2022-07-01,30,40,184,0.217391304347826,33.2766887835946
"Little Tern","Jun-Aug",2022,2022-07-01,30,40,184,0.217391304347826,33.2766887835946
"Little Tern","Jun-Aug",2022,2022-07-01,30,40,184,0.217391304347826,33.2766887835946
"Little Tern","Jun-Aug",2022,2022-07-01,30,40,184,0.217391304347826,33.2766887835946
"Little Tern","Jun-Aug",2022,2022-07-01,30,40,184,0.217391304347826,33.2766887835946
"Little Tern","Jun-Aug",2022,2022-07-01,30,40,184,0.217391304347826,33.2766887835946
"Little Tern","Jun-Aug",2022,2022-07-10,39,41,165,0.248484848484848,46.6668297675915
"Little Tern","Jun-Aug",2022,2022-07-10,39,40,175,0.228571428571429,38.4400815498987
"Little Tern","Jun-Aug",2022,2022-07-11,40,44,171,0.257309941520468,45.1918547188058
"Little Tern","Jun-Aug",2022,2022-07-11,40,40,178,0.224719101123595,36.6059696891285
"Little Tern","Jun-Aug",2022,2022-07-18,47,45,170,0.264705882352941,47.0052502583251
"Little Tern","Jun-Aug",2022,2022-07-18,47,40,171,0.233918128654971,41.0835042898235
"Little Tern","Jun-Aug",2022,2022-07-18,47,41,168,0.244047619047619,44.3098856141669
"Little Tern","Jun-Aug",2022,2022-07-18,47,46,176,0.261363636363636,43.4875062192529
"Little Tern","Jun-Aug",2022,2022-07-18,47,42,172,0.244186046511628,42.4202411151252
"Little Tern","Jun-Aug",2022,2022-07-18,47,47,178,0.264044943820225,43.012014384726
"Little Tern","Jun-Aug",2022,2022-07-18,47,46,169,0.272189349112426,48.8721311032039
"Little Tern","Jun-Aug",2022,2022-07-18,47,43,169,0.254437869822485,45.6848182051688
"Little Tern","Jun-Aug",2022,2022-07-19,48,45,169,0.266272189349112,47.8096934705255
"Little Tern","Jun-Aug",2022,2022-07-19,48,40,168,0.238095238095238,43.2291566967482
"Little Tern","Jun-Aug",2022,2022-07-29,58,42,173,0.242774566473988,41.7187906157399
"Little Tern","Jun-Aug",2022,2022-07-29,58,45,175,0.257142857142857,43.245091743636
"Little Tern","Jun-Aug",2022,2022-07-29,58,47,174,0.270114942528736,45.9177493194084
"Little Tern","Jun-Aug",2022,2022-07-29,58,50,183,0.273224043715847,42.2529900714809
"Little Tern","Jun-Aug",2022,2022-07-29,58,42,166,0.253012048192771,46.9814075993305
"Little Tern","Jun-Aug",2022,2022-07-29,58,44,183,0.240437158469945,37.1826312629032
"Little Tern","Jun-Aug",2022,2022-07-29,58,46,177,0.259887005649718,42.784572193705
"Little Tern","Jun-Aug",2022,2022-07-29,58,47,168,0.279761904761905,50.7942591186791
"Little Tern","Jun-Aug",2022,2022-07-29,58,50,174,0.28735632183908,48.8486694887323
"Little Tern","Jun-Aug",2022,2022-08-10,70,45,175,0.257142857142857,43.245091743636
"Little Tern","Jun-Aug",2022,2022-08-10,70,45,176,0.255681818181818,42.5421256492691
"Little Tern","Jun-Aug",2022,2022-08-10,70,51,180,0.283333333333333,45.1965268767331
"Little Tern","Jun-Aug",2022,2022-08-25,85,47,172,0.273255813953488,47.4702698193068
"Little Tern","Jun-Aug",2023,2023-07-05,34,44,172,0.255813953488372,44.4402525967978
"Little Tern","Jun-Aug",2023,2023-07-05,34,47,175,0.268571428571429,45.1670958211309
"Little Tern","Jun-Aug",2023,2023-07-05,34,48,180,0.266666666666667,42.53790764869
"Little Tern","Jun-Aug",2023,2023-07-30,59,42,168,0.25,45.3906145315856
"Little Tern","Jun-Aug",2023,2023-07-30,59,39,173,0.225433526011561,38.7388770003299
"Little Tern","Jun-Aug",2023,2023-07-30,59,49,174,0.281609195402299,47.8716960989577
"Little Tern","Jun-Aug",2023,2023-07-30,59,47,180,0.261111111111111,41.6517012393423
"Little Tern","Jun-Aug",2023,2023-07-30,59,44,173,0.254335260115607,43.7053996926799
"Little Tern","Jun-Aug",2023,2023-07-30,59,44,171,0.257309941520468,45.1918547188058
"Little Tern","Jun-Aug",2023,2023-07-30,59,44,172,0.255813953488372,44.4402525967978
"Little Tern","Jun-Aug",2023,2023-07-30,59,47,171,0.274853801169591,48.2731175405426
"Little Tern","Jun-Aug",2023,2023-07-30,59,46,178,0.258426966292135,42.0968651424978
"Little Tern","Jun-Aug",2023,2023-07-30,59,41,177,0.231638418079096,38.1340752161284
"Little Tern","Jun-Aug",2023,2023-07-30,59,40,170,0.235294117647059,41.7824446740668
"Little Tern","Jun-Aug",2023,2023-07-30,59,47,172,0.273255813953488,47.4702698193068
"Little Tern","Jun-Aug",2023,2023-07-30,59,45,176,0.255681818181818,42.5421256492691
"Little Tern","Jun-Aug",2023,2023-07-31,60,40,176,0.227272727272727,37.8152227993503
"Little Tern","Jun-Aug",2023,2023-08-07,67,46,176,0.261363636363636,43.4875062192529
"Little Tern","Jun-Aug",2023,2023-08-15,75,42,180,0.233333333333333,37.2206691926038
"Little Tern","Jun-Aug",2023,2023-08-23,83,39,164,0.23780487804878,45.1733855424294
"Little Tern","Jun-Aug",2023,2023-08-23,83,42,171,0.245614035087719,43.1376795043147
"Little Tern","Jun-Aug",2023,2023-08-24,84,49,175,0.28,47.0890998986259
"Little Tern","Jun-Aug",2024,2024-07-15,44,43,174,0.247126436781609,42.0098557603098
"Little Tern","Jun-Aug",2024,2024-07-15,44,43,170,0.252941176470588,44.9161280246218
"Little Tern","Jun-Aug",2024,2024-07-15,44,46,173,0.265895953757225,45.6920087696199
"Little Tern","Jun-Aug",2024,2024-07-15,44,41,167,0.245508982035928,45.0773331493378
"Little Tern","Jun-Aug",2024,2024-07-15,44,45,168,0.267857142857143,48.6328012838417
"Little Tern","Jun-Aug",2024,2024-07-15,44,47,172,0.273255813953488,47.4702698193068
"Little Tern","Jun-Aug",2024,2024-07-15,44,41,176,0.232954545454545,38.7606033693341
"Little Tern","Jun-Aug",2024,2024-07-15,44,40,180,0.222222222222222,35.4482563739083
"Little Tern","Jun-Aug",2024,2024-07-16,45,40,165,0.242424242424242,45.5286144074064
"Little Tern","Jun-Aug",2024,2024-07-25,54,44,171,0.257309941520468,45.1918547188058
"Little Tern","Jun-Aug",2024,2024-07-25,54,50,177,0.282485875706215,46.5049697757663
"Little Tern","Jun-Aug",2024,2024-08-08,68,39,174,0.224137931034483,38.1019622012112
"Little Tern","Jun-Aug",2024,2024-08-08,68,49,170,0.288235294117647,51.1834947257318
"Little Tern","Jun-Aug",2024,2024-08-08,68,46,173,0.265895953757225,45.6920087696199
"Little Tern","Jun-Aug",2024,2024-08-08,68,36,170,0.211764705882353,37.6042002066601
"Little Tern","Jun-Aug",2024,2024-08-08,68,52,183,0.284153005464481,43.9431096743401
"Little Tern","Jun-Aug",2024,2024-08-08,68,42,171,0.245614035087719,43.1376795043147
"Little Tern","Jun-Aug",2024,2024-08-08,68,47,176,0.267045454545455,44.4328867892366
"Little Tern","Jun-Aug",2024,2024-08-08,68,49,184,0.266304347826087,40.7639437599033
"Little Tern","Jun-Aug",2024,2024-08-08,68,51,180,0.283333333333333,45.1965268767331
"Little Tern","Jun-Aug",2024,2024-08-08,68,42,169,0.248520710059172,44.6223805724905
"Little Tern","Jun-Aug",2024,2024-08-08,68,39,167,0.233532934131737,42.8784388493701
"Little Tern","Jun-Aug",2024,2024-08-08,68,43,168,0.255952380952381,46.4713434490043
"Little Tern","Jun-Aug",2024,2024-08-08,68,42,168,0.25,45.3906145315856
"Little Tern","Jun-Aug",2024,2024-08-08,68,43,169,0.254437869822485,45.6848182051688
"Little Tern","Jun-Aug",2024,2024-08-09,69,46,177,0.259887005649718,42.784572193705
"Little Tern","Jun-Aug",2024,2024-08-09,69,47,171,0.274853801169591,48.2731175405426
"Little Tern","Jun-Aug",2024,2024-08-09,69,40,170,0.235294117647059,41.7824446740668
"Little Tern","Jun-Aug",2024,2024-08-09,69,42,175,0.24,40.3620856273936
"Little Tern","Jun-Aug",2024,2024-08-09,69,50,165,0.303030303030303,56.910768009258
"Little Tern","Jun-Aug",2024,2024-08-09,69,44,173,0.254335260115607,43.7053996926799
"Little Tern","Jun-Aug",2024,2024-08-09,69,46,175,0.262857142857143,44.2060937823835
"Little Tern","Jun-Aug",2025,2025-06-30,29,40.4,172,0.234883720930233,40.8042319297871
"Little Tern","Jun-Aug",2025,2025-06-30,29,40.8,165,0.247272727272727,46.4391866955545
"Little Tern","Jun-Aug",2025,2025-06-30,29,47.4,178,0.266292134831461,43.3780740816173
"Little Tern","Jun-Aug",2025,2025-06-30,29,42.8,162,0.264197530864198,51.3557278550879
"Little Tern","Jun-Aug",2025,2025-06-30,29,46.2,172,0.268604651162791,46.6622652266377
"Little Tern","Jun-Aug",2025,2025-06-30,29,49,181,0.270718232044199,42.7376359532258
"Little Tern","Jun-Aug",2025,2025-06-30,29,51.3,168,0.305357142857143,55.4413934635795
"Little Tern","Jun-Aug",2025,2025-07-14,43,45,173,0.260115606936416,44.6987042311499
"Little Tern","Jun-Aug",2025,2025-08-14,74,47,177,0.265536723163842,43.7146715892203
"Little Tern","Jun-Aug",2025,2025-08-14,74,47,179,0.262569832402235,42.324493572064
"Little Tern","Jun-Aug",2025,2025-08-14,74,47,180,0.261111111111111,41.6517012393423
"Little Tern","Jun-Aug",2025,2025-08-14,74,46,172,0.267441860465116,46.4602640784705
"Little Tern","Jun-Aug",2025,2025-08-14,74,43,165,0.260606060606061,48.9432604879619
"Little Tern","Jun-Aug",2025,2025-08-14,74,39,169,0.230769230769231,41.4350676744554
"Little Tern","Jun-Aug",2025,2025-08-14,74,51,177,0.288135593220339,47.4350691712816
"Little Tern","Jun-Aug",2025,2025-08-14,74,47,176,0.267045454545455,44.4328867892366
"Little Tern","Jun-Aug",2026,2026-06-25,24,47,173,0.271676300578035,46.6853133080899
"Little Tern","Jun-Aug",2026,2026-06-25,24,47,177,0.265536723163842,43.7146715892203
"Little Tern","Jun-Aug",2026,2026-06-25,24,49,170,0.288235294117647,51.1834947257318
"Little Tern","Jun-Aug",2026,2026-06-26,25,51,167,0.305389221556886,56.0718046491763
"Little Tern","Jun-Aug",2026,2026-07-02,31,52,173,0.300578034682081,51.6518360004399
"Little Tern","Jun-Aug",2026,2026-07-02,31,49,179,0.273743016759777,44.1255358517263
"Little Tern","Jun-Aug",2026,2026-07-02,31,42,177,0.23728813559322,39.0641746116437
"Little Tern","Jun-Aug",2026,2026-07-02,31,47,170,0.276470588235294,49.0943724920285
"Little Tern","Jun-Aug",2026,2026-07-02,31,39,166,0.234939759036145,43.6255927708069
"Little Tern","Jun-Aug",2026,2026-07-02,31,45,169,0.266272189349112,47.8096934705255
"Little Tern","Jun-Aug",2026,2026-07-02,31,43,168,0.255952380952381,46.4713434490043
"Little Tern","Jun-Aug",2026,2026-07-02,31,48,172,0.27906976744186,48.4802755601431
"Little Tern","Jun-Aug",2026,2026-07-03,32,52,167,0.311377245508982,57.1712517991601
"Little Tern","Jun-Aug",2026,2026-07-03,32,39,175,0.222857142857143,37.4790795111512
"Little Tern","Jun-Aug",2026,2026-07-09,38,45,167,0.269461077844311,49.4751217492732
"Little Tern","Jun-Aug",2026,2026-07-09,38,44,173,0.254335260115607,43.7053996926799
"Little Tern","Jun-Aug",2026,2026-07-09,38,48,178,0.269662921348315,43.9271636269543
"Little Tern","Jun-Aug",2026,2026-07-09,38,65,171,0.380116959064327,66.7606944709632
"Little Tern","Jun-Aug",2026,2026-07-09,38,42,174,0.241379310344828,41.0328823705351
"Little Tern","Jun-Aug",2026,2026-07-16,45,47,176,0.267045454545455,44.4328867892366
"Little Tern","Jun-Aug",2026,2026-07-16,45,41,166,0.246987951807229,45.8628026564893
"Little Tern","Jun-Aug",2026,2026-07-16,45,44,172,0.255813953488372,44.4402525967978
"Little Tern","Jun-Aug",2026,2026-07-16,45,45,172,0.261627906976744,45.4502583376341
"Little Tern","Jun-Aug",2026,2026-08-13,73,45,173,0.260115606936416,44.6987042311499
"Little Tern","Jun-Aug",2026,2026-08-13,73,42,172,0.244186046511628,42.4202411151252
