"species_label","CR1","RingReplace","Rec","RingPrefix","RingNum","Species","Sex","Age","Wing","Weight","Date","Time","Place","Lat","Lon","Ringer","Country","Remarks","Net","CR2","Subsp","Tail","Head","Breeding","CP1","CP2","CP3","CP4","Colour","D","M","OrigDate","OrigCountry","OrigLat","OrigLon","OrigAge","OldCR1","OldCR2","OldCR3","OldMetal1","OldMetal2","OilHead","OilWings","OilUpperP","OilUnderP","OilLegs","OilSum","year","month","is_new","is_recap","is_capture","group","mass_ratio","smi"
"Common Tern","W[IBK]",NA,NA,"DD","18440","STEHIR",NA,6,279,151,2010-06-29,1899-12-31 05:00:00,"Ma'agan Michael Beach",32.555,34.906,"Ohad Hatzofe",NA,NA,NA,"[IBK]",NA,NA,NA,NA,"[","I","B","K","W",29,6,NA,NA,NA,NA,NA,NA,NA,NA,NA,NA,NA,NA,NA,NA,NA,NA,2010,6,TRUE,FALSE,TRUE,"Summer adult",0.541218637992832,132.89719039668
"Common Tern","YIE2","+",NA,"DD","24248","STEHIR",NA,6,267,105,2010-06-29,1899-12-31 05:00:00,"Ma'agan Michael Beach",32.555,34.906,"Ohad Hatzofe",NA,NA,NA,"IE2",NA,NA,NA,NA,"I","E","2",NA,"Y",29,6,NA,NA,NA,NA,NA,"IAF",NA,NA,"DD-18441",NA,NA,NA,NA,NA,NA,NA,2010,6,TRUE,FALSE,TRUE,"Summer adult",0.393258426966292,105.664810817307
"Common Tern","W[IBH]",NA,NA,"DD","18442","STEHIR",NA,6,255,100,2010-06-29,1899-12-31 05:00:00,"Ma'agan Michael Beach",32.555,34.906,"Ohad Hatzofe",NA,NA,NA,"[IBH]",NA,NA,NA,NA,"[","I","B","H","W",29,6,NA,NA,NA,NA,NA,NA,NA,NA,NA,NA,NA,NA,NA,NA,NA,NA,2010,6,TRUE,FALSE,TRUE,"Summer adult",0.392156862745098,115.776441301498
"Common Tern","W[IAC]",NA,NA,"DD","18443","STEHIR",NA,6,257,102,2010-06-29,1899-12-31 05:00:00,"Ma'agan Michael Beach",32.555,34.906,"Ohad Hatzofe",NA,NA,NA,"[IAC]",NA,NA,NA,NA,"[","I","A","C","W",29,6,NA,NA,NA,NA,NA,NA,NA,NA,NA,NA,NA,NA,NA,NA,NA,NA,2010,6,TRUE,FALSE,TRUE,"Summer adult",0.396887159533074,115.312780557419
"Common Tern","W[IBB]",NA,NA,"DD","18444","STEHIR","M",6,265,102,2010-06-29,1899-12-31 05:00:00,"Ma'agan Michael Beach",32.555,34.906,"Ohad Hatzofe",NA,"Dark bird, Tarsus=42.0, Bill(s)=23.4",NA,"[IBB]",NA,130,NA,NA,"[","I","B","B","W",29,6,NA,NA,NA,NA,NA,NA,NA,NA,NA,NA,NA,NA,NA,NA,NA,NA,2010,6,TRUE,FALSE,TRUE,"Summer adult",0.384905660377359,105.025640935555
"Common Tern","W[IB0]",NA,NA,"DD","18445","STEHIR",NA,6,267,98,2010-06-29,1899-12-31 05:00:00,"Ma'agan Michael Beach",32.555,34.906,"Ohad Hatzofe",NA,NA,NA,"[IB0]",NA,NA,NA,NA,"[","I","B","0","W",29,6,NA,NA,NA,NA,NA,NA,NA,NA,NA,NA,NA,NA,NA,NA,NA,NA,2010,6,TRUE,FALSE,TRUE,"Summer adult",0.367041198501873,98.6204900961529
"Common Tern","NG3W","+",NA,"DD","28021","STEHIR",NA,6,259,105,2010-07-01,1899-12-31,"Atlit Salt-Pans",32.695,34.932,"Yosef Kiat",NA,NA,NA,"G3W",NA,129,NA,NA,"G","3","W",NA,"N",1,7,NA,NA,NA,NA,NA,"IBN",NA,NA,"DD-16917",NA,NA,NA,NA,NA,NA,NA,2010,7,TRUE,FALSE,TRUE,"Summer adult",0.405405405405405,115.932133106421
"Common Tern","W[IBI]",NA,NA,"DD","16918","STEHIR",NA,6,273,120,2010-07-01,1899-12-31 01:00:00,"Atlit Salt-Pans",32.695,34.932,"Yosef Kiat",NA,NA,NA,"[IBI]",NA,132,NA,NA,"[","I","B","I","W",1,7,NA,NA,NA,NA,NA,NA,NA,NA,NA,NA,NA,NA,NA,NA,NA,NA,2010,7,TRUE,FALSE,TRUE,"Summer adult",0.43956043956044,112.849956063585
"Common Tern","W[IAP]",NA,NA,"DD","16919","STEHIR",NA,6,271,110,2010-07-01,1899-12-31 01:00:00,"Atlit Salt-Pans",32.695,34.932,"Yosef Kiat",NA,NA,NA,"[IAP]",NA,137,NA,NA,"[","I","A","P","W",1,7,NA,NA,NA,NA,NA,NA,NA,NA,NA,NA,NA,NA,NA,NA,NA,NA,2010,7,TRUE,FALSE,TRUE,"Summer adult",0.40590405904059,105.790664248815
"Common Tern","W[IAJ]",NA,NA,"DD","16920","STEHIR",NA,6,274,112,2010-07-01,1899-12-31 01:00:00,"Atlit Salt-Pans",32.695,34.932,"Yosef Kiat",NA,NA,NA,"[IAJ]",NA,135,NA,NA,"[","I","A","J","W",1,7,NA,NA,NA,NA,NA,NA,NA,NA,NA,NA,NA,NA,NA,NA,NA,NA,2010,7,TRUE,FALSE,TRUE,"Summer adult",0.408759124087591,104.159197775511
"Common Tern","W[IBL]",NA,NA,"DD","16921","STEHIR",NA,6,262,112,2010-07-01,1899-12-31 01:00:00,"Atlit Salt-Pans",32.695,34.932,"Yosef Kiat",NA,NA,NA,"[IBL]",NA,125,NA,NA,"[","I","B","L","W",1,7,NA,NA,NA,NA,NA,NA,NA,NA,NA,NA,NA,NA,NA,NA,NA,NA,2010,7,TRUE,FALSE,TRUE,"Summer adult",0.427480916030534,119.39498270823
"Common Tern","W[IAV]",NA,NA,"DD","16922","STEHIR",NA,6,264,104,2010-07-01,1899-12-31 01:30:00,"Atlit Salt-Pans",32.695,34.932,"Yosef Kiat",NA,NA,NA,"[IAV]",NA,144,NA,NA,"[","I","A","V","W",1,7,NA,NA,NA,NA,NA,NA,NA,NA,NA,NA,NA,NA,NA,NA,NA,NA,2010,7,TRUE,FALSE,TRUE,"Summer adult",0.393939393939394,108.326262613575
"Common Tern","W[IBC]",NA,NA,"DD","16923","STEHIR",NA,6,261,109,2010-07-01,1899-12-31 01:30:00,"Atlit Salt-Pans",32.695,34.932,"Yosef Kiat",NA,NA,NA,"[IBC]",NA,142,NA,NA,"[","I","B","C","W",1,7,NA,NA,NA,NA,NA,NA,NA,NA,NA,NA,NA,NA,NA,NA,NA,NA,2010,7,TRUE,FALSE,TRUE,"Summer adult",0.417624521072797,117.559363396382
"Common Tern","W[IAI]",NA,NA,"DD","16924","STEHIR",NA,6,280,116,2010-07-01,1899-12-31 01:30:00,"Atlit Salt-Pans",32.695,34.932,"Yosef Kiat",NA,NA,NA,"[IAI]",NA,150,NA,NA,"[","I","A","I","W",1,7,NA,NA,NA,NA,NA,NA,NA,NA,NA,NA,NA,NA,NA,NA,NA,NA,2010,7,TRUE,FALSE,TRUE,"Summer adult",0.414285714285714,100.985776360544
"Common Tern","W[IBA]",NA,NA,"DD","16925","STEHIR",NA,6,275,101,2010-07-01,1899-12-31 01:30:00,"Atlit Salt-Pans",32.695,34.932,"Yosef Kiat",NA,NA,NA,"[IBA]",NA,135,NA,NA,"[","I","B","A","W",1,7,NA,NA,NA,NA,NA,NA,NA,NA,NA,NA,NA,NA,NA,NA,NA,NA,2010,7,TRUE,FALSE,TRUE,"Summer adult",0.367272727272727,92.8919472588892
"Common Tern","W[IAT]",NA,NA,"DD","16926","STEHIR",NA,6,279,116,2010-07-01,1899-12-31 01:30:00,"Atlit Salt-Pans",32.695,34.932,"Yosef Kiat",NA,NA,NA,"[IAT]",NA,139,NA,NA,"[","I","A","T","W",1,7,NA,NA,NA,NA,NA,NA,NA,NA,NA,NA,NA,NA,NA,NA,NA,NA,2010,7,TRUE,FALSE,TRUE,"Summer adult",0.415770609318996,102.093205867648
"Common Tern","W[IBF]",NA,NA,"DD","16928","STEHIR",NA,6,272,102,2010-07-01,1899-12-31 02:00:00,"Atlit Salt-Pans",32.695,34.932,"Yosef Kiat",NA,NA,NA,"[IBF]",NA,143,NA,NA,"[","I","B","F","W",1,7,NA,NA,NA,NA,NA,NA,NA,NA,NA,NA,NA,NA,NA,NA,NA,NA,2010,7,TRUE,FALSE,TRUE,"Summer adult",0.375,97.0015397680709
"Common Tern","W[IAO]",NA,NA,"DD","16929","STEHIR",NA,6,264,96,2010-07-01,1899-12-31 02:00:00,"Atlit Salt-Pans",32.695,34.932,"Yosef Kiat",NA,NA,NA,"[IAO]",NA,131,NA,NA,"[","I","A","O","W",1,7,NA,NA,NA,NA,NA,NA,NA,NA,NA,NA,NA,NA,NA,NA,NA,NA,2010,7,TRUE,FALSE,TRUE,"Summer adult",0.363636363636364,99.9934731817616
"Common Tern","WIK5","+",NA,"DD","21169","STEHIR",NA,6,269,115,2010-07-01,1899-12-31 02:00:00,"Atlit Salt-Pans",32.695,34.932,"Yosef Kiat",NA,NA,NA,"IK5",NA,136,NA,NA,"I","K","5",NA,"W",1,7,NA,NA,NA,NA,NA,"IAH",NA,NA,"DD-16930",NA,NA,NA,NA,NA,NA,NA,2010,7,TRUE,FALSE,TRUE,"Summer adult",0.427509293680297,113.125136946908
"Common Tern","W[IBJ]",NA,NA,"DD","16931","STEHIR",NA,6,261,107,2010-07-01,1899-12-31 02:00:00,"Atlit Salt-Pans",32.695,34.932,"Yosef Kiat",NA,NA,NA,"[IBJ]",NA,142,NA,NA,"[","I","B","J","W",1,7,NA,NA,NA,NA,NA,NA,NA,NA,NA,NA,NA,NA,NA,NA,NA,NA,2010,7,TRUE,FALSE,TRUE,"Summer adult",0.409961685823755,115.402310856999
"Common Tern","W[IAN]",NA,NA,"DD","16932","STEHIR",NA,6,268,120,2010-07-01,1899-12-31 02:30:00,"Atlit Salt-Pans",32.695,34.932,"Yosef Kiat",NA,NA,NA,"[IAN]",NA,153,NA,NA,"[","I","A","N","W",1,7,NA,NA,NA,NA,NA,NA,NA,NA,NA,NA,NA,NA,NA,NA,NA,NA,2010,7,TRUE,FALSE,TRUE,"Summer adult",0.447761194029851,119.391445124081
"Common Tern","W[ILF]",NA,NA,"DD","16933","STEHIR",NA,6,259,108,2010-07-01,1899-12-31 02:30:00,"Atlit Salt-Pans",32.695,34.932,"Yosef Kiat",NA,NA,NA,"[ILF]",NA,135,NA,NA,"[","I","L","F","W",1,7,NA,NA,NA,NA,NA,NA,NA,NA,NA,NA,NA,NA,NA,NA,NA,NA,2010,7,TRUE,FALSE,TRUE,"Summer adult",0.416988416988417,119.244479766604
"Common Tern","W[IBP]",NA,NA,"DD","16934","STEHIR",NA,6,266,108,2010-07-01,1899-12-31 02:30:00,"Atlit Salt-Pans",32.695,34.932,"Yosef Kiat",NA,NA,NA,"[IBP]",NA,129,NA,NA,"[","I","B","P","W",1,7,NA,NA,NA,NA,NA,NA,NA,NA,NA,NA,NA,NA,NA,NA,NA,NA,2010,7,TRUE,FALSE,TRUE,"Summer adult",0.406015037593985,109.934125206541
"Common Tern","W[IAA]",NA,NA,"DD","16935","STEHIR",NA,6,272,110,2010-07-01,1899-12-31 03:00:00,"Atlit Salt-Pans",32.695,34.932,"Yosef Kiat",NA,NA,NA,"[IAA]",NA,153,NA,NA,"[","I","A","A","W",1,7,NA,NA,NA,NA,NA,NA,NA,NA,NA,NA,NA,NA,NA,NA,NA,NA,2010,7,TRUE,FALSE,TRUE,"Summer adult",0.404411764705882,104.609503671449
"Common Tern","W[IAK]",NA,NA,"DD","16936","STEHIR",NA,6,262,106,2010-07-01,1899-12-31 03:00:00,"Atlit Salt-Pans",32.695,34.932,"Yosef Kiat",NA,NA,NA,"[IAK]",NA,125,NA,NA,"[","I","A","K","W",1,7,NA,NA,NA,NA,NA,NA,NA,NA,NA,NA,NA,NA,NA,NA,NA,NA,2010,7,TRUE,FALSE,TRUE,"Summer adult",0.404580152671756,112.998822920289
"Common Tern",NA,NA,NA,"DD","16937","STEHIR",NA,6,262,104,2010-07-01,1899-12-31 04:45:00,"Atlit Salt-Pans",32.695,34.932,"Yosef Kiat",NA,NA,NA,NA,NA,130,NA,NA,NA,NA,NA,NA,NA,1,7,NA,NA,NA,NA,NA,NA,NA,NA,NA,NA,NA,NA,NA,NA,NA,NA,2010,7,TRUE,FALSE,TRUE,"Summer adult",0.396946564885496,110.866769657642
"Common Tern",NA,NA,NA,"DD","16938","STEHIR",NA,6,267,110,2010-07-01,1899-12-31 04:45:00,"Atlit Salt-Pans",32.695,34.932,"Yosef Kiat",NA,NA,NA,NA,NA,141,NA,NA,NA,NA,NA,NA,NA,1,7,NA,NA,NA,NA,NA,NA,NA,NA,NA,NA,NA,NA,NA,NA,NA,NA,2010,7,TRUE,FALSE,TRUE,"Summer adult",0.411985018726592,110.696468475274
"Common Tern","W[IJB]",NA,NA,"DD","16940","STEHIR",NA,6,265,120,2010-07-13,1899-12-31 20:45:00,"Atlit Salt-Pans",32.695,34.932,"Yosef Kiat",NA,NA,NA,"[IJB]",NA,129,NA,NA,"[","I","J","B","W",13,7,NA,NA,NA,NA,NA,NA,NA,NA,NA,NA,NA,NA,NA,NA,NA,NA,2010,7,TRUE,FALSE,TRUE,"Summer adult",0.452830188679245,123.559577571241
"Common Tern","W[IIP]",NA,NA,"DD","16941","STEHIR",NA,6,260,102,2010-07-13,1899-12-31 20:45:00,"Atlit Salt-Pans",32.695,34.932,"Yosef Kiat",NA,NA,NA,"[IIP]",NA,127,NA,NA,"[","I","I","P","W",13,7,NA,NA,NA,NA,NA,NA,NA,NA,NA,NA,NA,NA,NA,NA,NA,NA,2010,7,TRUE,FALSE,TRUE,"Summer adult",0.392307692307692,111.304572855147
"Common Tern","W[INP]",NA,NA,"DD","16942","STEHIR",NA,5,267,131,2010-07-13,1899-12-31 20:45:00,"Atlit Salt-Pans",32.695,34.932,"Yosef Kiat",NA,NA,NA,"[INP]",NA,119,NA,NA,"[","I","N","P","W",13,7,NA,NA,NA,NA,NA,NA,NA,NA,NA,NA,NA,NA,NA,NA,NA,NA,2010,7,TRUE,FALSE,TRUE,"Summer adult",0.49063670411985,131.829430638735
"Common Tern","W[INS]",NA,NA,"DD","16943","STEHIR",NA,6,269,136,2010-07-13,1899-12-31 21:15:00,"Atlit Salt-Pans",32.695,34.932,"Yosef Kiat",NA,NA,NA,"[INS]",NA,139,NA,NA,"[","I","N","S","W",13,7,NA,NA,NA,NA,NA,NA,NA,NA,NA,NA,NA,NA,NA,NA,NA,NA,2010,7,TRUE,FALSE,TRUE,"Summer adult",0.505576208178439,133.782770650257
"Common Tern","W[IFS]",NA,NA,"DD","16944","STEHIR",NA,6,268,128,2010-07-13,1899-12-31 21:15:00,"Atlit Salt-Pans",32.695,34.932,"Yosef Kiat",NA,NA,NA,"[IFS]",NA,144,NA,NA,"[","I","F","S","W",13,7,NA,NA,NA,NA,NA,NA,NA,NA,NA,NA,NA,NA,NA,NA,NA,NA,2010,7,TRUE,FALSE,TRUE,"Summer adult",0.477611940298507,127.350874799019
"Common Tern","W[ICT]",NA,NA,"DD","16945","STEHIR",NA,6,256,110,2010-07-13,1899-12-31 22:00:00,"Atlit Salt-Pans",32.695,34.932,"Yosef Kiat",NA,NA,NA,"[ICT]",NA,149,NA,NA,"[","I","C","T","W",13,7,NA,NA,NA,NA,NA,NA,NA,NA,NA,NA,NA,NA,NA,NA,NA,NA,2010,7,TRUE,FALSE,TRUE,"Summer adult",0.4296875,125.84365374322
"Common Tern","W[IKP]",NA,NA,"DD","16946","STEHIR",NA,6,261,114,2010-07-13,1899-12-31 22:00:00,"Atlit Salt-Pans",32.695,34.932,"Yosef Kiat",NA,NA,NA,"[IKP]",NA,120,NA,NA,"[","I","K","P","W",13,7,NA,NA,NA,NA,NA,NA,NA,NA,NA,NA,NA,NA,NA,NA,NA,NA,2010,7,TRUE,FALSE,TRUE,"Summer adult",0.436781609195402,122.95199474484
"Common Tern","W[ICV]",NA,NA,"DD","16947","STEHIR",NA,6,261,112,2010-07-13,1899-12-31 22:45:00,"Atlit Salt-Pans",32.695,34.932,"Yosef Kiat",NA,NA,NA,"[ICV]",NA,135,NA,NA,"[","I","C","V","W",13,7,NA,NA,NA,NA,NA,NA,NA,NA,NA,NA,NA,NA,NA,NA,NA,NA,2010,7,TRUE,FALSE,TRUE,"Summer adult",0.42911877394636,120.794942205457
"Common Tern","W[IHK]",NA,NA,"DD","16948","STEHIR",NA,6,265,125,2010-07-13,1899-12-31 22:45:00,"Atlit Salt-Pans",32.695,34.932,"Yosef Kiat",NA,NA,NA,"[IHK]",NA,124,NA,NA,"[","I","H","K","W",13,7,NA,NA,NA,NA,NA,NA,NA,NA,NA,NA,NA,NA,NA,NA,NA,NA,2010,7,TRUE,FALSE,TRUE,"Summer adult",0.471698113207547,128.707893303376
"Common Tern","W[IJA]",NA,NA,"DD","16949","STEHIR",NA,6,276,130,2010-07-13,1899-12-31 22:45:00,"Atlit Salt-Pans",32.695,34.932,"Yosef Kiat",NA,NA,NA,"[IJA]",NA,141,NA,NA,"[","I","J","A","W",13,7,NA,NA,NA,NA,NA,NA,NA,NA,NA,NA,NA,NA,NA,NA,NA,NA,2010,7,TRUE,FALSE,TRUE,"Summer adult",0.471014492753623,118.248227895657
"Common Tern","W[IKS]",NA,NA,"DD","16950","STEHIR",NA,6,272,110,2010-07-13,1899-12-31 22:45:00,"Atlit Salt-Pans",32.695,34.932,"Yosef Kiat",NA,NA,NA,"[IKS]",NA,138,NA,NA,"[","I","K","S","W",13,7,NA,NA,NA,NA,NA,NA,NA,NA,NA,NA,NA,NA,NA,NA,NA,NA,2010,7,TRUE,FALSE,TRUE,"Summer adult",0.404411764705882,104.609503671449
"Common Tern","YGKE","+",NA,"DD","22917","STEHIR",NA,6,260,112,2010-07-13,1899-12-31 23:15:00,"Atlit Salt-Pans",32.695,34.932,"Yosef Kiat",NA,NA,NA,"GKE",NA,156,NA,NA,"G","K","E",NA,"Y",13,7,NA,NA,NA,NA,NA,"IHF",NA,NA,"DD-16951",NA,NA,NA,NA,NA,NA,NA,2010,7,TRUE,FALSE,TRUE,"Summer adult",0.430769230769231,122.216785880161
"Common Tern","GINN","+",NA,"DD","21464","STEHIR",NA,6,259,100,2010-07-14,1899-12-31 00:45:00,"Atlit Salt-Pans",32.695,34.932,"Yosef Kiat",NA,NA,NA,"INN",NA,129,NA,NA,"I","N","N",NA,"G",14,7,NA,NA,NA,NA,NA,"IIV",NA,NA,"DD-16952",NA,NA,NA,NA,NA,NA,NA,2010,7,TRUE,FALSE,TRUE,"Summer adult",0.386100386100386,110.411555339448
"Common Tern","W[IHA]",NA,NA,"DD","16953","STEHIR",NA,6,258,116,2010-07-14,1899-12-31 00:45:00,"Atlit Salt-Pans",32.695,34.932,"Yosef Kiat",NA,NA,NA,"[IHA]",NA,131,NA,NA,"[","I","H","A","W",14,7,NA,NA,NA,NA,NA,NA,NA,NA,NA,NA,NA,NA,NA,NA,NA,NA,2010,7,TRUE,FALSE,TRUE,"Summer adult",0.449612403100775,129.596700576747
"Common Tern","W[INO]",NA,NA,"DD","16954","STEHIR",NA,6,274,130,2010-07-14,1899-12-31 00:45:00,"Atlit Salt-Pans",32.695,34.932,"Yosef Kiat",NA,NA,NA,"[INO]",NA,136,NA,NA,"[","I","N","O","W",14,7,NA,NA,NA,NA,NA,NA,NA,NA,NA,NA,NA,NA,NA,NA,NA,NA,2010,7,TRUE,FALSE,TRUE,"Summer adult",0.474452554744526,120.899068846575
"Common Tern","GIMS","+",NA,"DD","22916","STEHIR","M",6,275,116,2010-07-14,1899-12-31 00:45:00,"Atlit Salt-Pans",32.695,34.932,"Yosef Kiat",NA,NA,NA,"IMS",NA,129,NA,NA,"I","M","S",NA,"G",14,7,NA,NA,NA,NA,NA,"IKL",NA,NA,"DD-16955",NA,NA,NA,NA,NA,NA,NA,2010,7,TRUE,FALSE,TRUE,"Summer adult",0.421818181818182,106.687781010209
"Common Tern","W[IHI]",NA,NA,"DD","16956","STEHIR",NA,6,266,110,2010-07-14,1899-12-31 00:45:00,"Atlit Salt-Pans",32.695,34.932,"Yosef Kiat",NA,NA,NA,"[IHI]",NA,144,NA,NA,"[","I","H","I","W",14,7,NA,NA,NA,NA,NA,NA,NA,NA,NA,NA,NA,NA,NA,NA,NA,NA,2010,7,TRUE,FALSE,TRUE,"Summer adult",0.413533834586466,111.969942339996
"Common Tern","W[IIN]",NA,NA,"DD","16957","STEHIR",NA,6,275,110,2010-07-14,1899-12-31 00:45:00,"Atlit Salt-Pans",32.695,34.932,"Yosef Kiat",NA,NA,NA,"[IIN]",NA,141,NA,NA,"[","I","I","N","W",14,7,NA,NA,NA,NA,NA,NA,NA,NA,NA,NA,NA,NA,NA,NA,NA,NA,2010,7,TRUE,FALSE,TRUE,"Summer adult",0.4,101.169447509681
"Common Tern","W[INK]",NA,NA,"DD","16958","STEHIR",NA,6,273,109,2010-07-14,1899-12-31 01:30:00,"Atlit Salt-Pans",32.695,34.932,"Yosef Kiat",NA,NA,NA,"[INK]",NA,151,NA,NA,"[","I","N","K","W",14,7,NA,NA,NA,NA,NA,NA,NA,NA,NA,NA,NA,NA,NA,NA,NA,NA,2010,7,TRUE,FALSE,TRUE,"Summer adult",0.399267399267399,102.505376757757
"Common Tern","W[INH]",NA,NA,"DD","16960","STEHIR",NA,6,267,108,2010-07-14,1899-12-31 03:30:00,"Atlit Salt-Pans",32.695,34.932,"Yosef Kiat",NA,NA,NA,"[INH]",NA,136,NA,NA,"[","I","N","H","W",14,7,NA,NA,NA,NA,NA,NA,NA,NA,NA,NA,NA,NA,NA,NA,NA,NA,2010,7,TRUE,FALSE,TRUE,"Summer adult",0.404494382022472,108.683805412087
"Common Tern","W[ICS]",NA,NA,"DD","16961","STEHIR",NA,6,262,120,2010-07-14,1899-12-31 03:30:00,"Atlit Salt-Pans",32.695,34.932,"Yosef Kiat",NA,NA,NA,"[ICS]",NA,137,NA,NA,"[","I","C","S","W",14,7,NA,NA,NA,NA,NA,NA,NA,NA,NA,NA,NA,NA,NA,NA,NA,NA,2010,7,TRUE,FALSE,TRUE,"Summer adult",0.458015267175573,127.923195758818
"Common Tern","W[IHJ]",NA,NA,"DD","16962","STEHIR",NA,6,268,108,2010-07-14,1899-12-31 03:45:00,"Atlit Salt-Pans",32.695,34.932,"Yosef Kiat",NA,NA,NA,"[IHJ]",NA,136,NA,NA,"[","I","H","J","W",14,7,NA,NA,NA,NA,NA,NA,NA,NA,NA,NA,NA,NA,NA,NA,NA,NA,2010,7,TRUE,FALSE,TRUE,"Summer adult",0.402985074626866,107.452300611672
"Common Tern","W[IFV]",NA,NA,"DD","16963","STEHIR",NA,6,273,108,2010-07-14,1899-12-31 03:45:00,"Atlit Salt-Pans",32.695,34.932,"Yosef Kiat",NA,NA,NA,"[IFV]",NA,152,NA,NA,"[","I","F","V","W",14,7,NA,NA,NA,NA,NA,NA,NA,NA,NA,NA,NA,NA,NA,NA,NA,NA,2010,7,TRUE,FALSE,TRUE,"Summer adult",0.395604395604396,101.564960457227
"Common Tern","W[IKK]",NA,NA,"DD","16964","STEHIR",NA,6,270,108,2010-07-14,1899-12-31 04:15:00,"Atlit Salt-Pans",32.695,34.932,"Yosef Kiat",NA,NA,NA,"[IKK]",NA,147,NA,NA,"[","I","K","K","W",14,7,NA,NA,NA,NA,NA,NA,NA,NA,NA,NA,NA,NA,NA,NA,NA,NA,2010,7,TRUE,FALSE,TRUE,"Summer adult",0.4,105.044336804919
"Common Tern","W[IDN]",NA,NA,"DD","16965","STEHIR",NA,6,263,106,2010-07-14,1899-12-31 04:15:00,"Atlit Salt-Pans",32.695,34.932,"Yosef Kiat",NA,NA,NA,"[IDN]",NA,126,NA,NA,"[","I","D","N","W",14,7,NA,NA,NA,NA,NA,NA,NA,NA,NA,NA,NA,NA,NA,NA,NA,NA,2010,7,TRUE,FALSE,TRUE,"Summer adult",0.403041825095057,111.694177042843
"Common Tern","GI4X","+",NA,"DD","20644","STEHIR",NA,6,274,111,2010-07-14,1899-12-31 05:00:00,"Atlit Salt-Pans",32.695,34.932,"Yosef Kiat",NA,NA,NA,"I4X",NA,134,NA,NA,"I","4","X",NA,"G",14,7,NA,NA,NA,NA,NA,"IKV",NA,NA,"DD-16968",NA,NA,NA,NA,NA,NA,NA,2010,7,TRUE,FALSE,TRUE,"Summer adult",0.405109489051095,103.22920493823
"Common Tern","W[IIS]",NA,NA,"DD","16969","STEHIR",NA,6,277,114,2010-07-22,1899-12-31 01:30:00,"Atlit Salt-Pans",32.695,34.932,"Yosef Kiat",NA,NA,NA,"[IIS]",NA,161,NA,NA,"[","I","I","S","W",22,7,NA,NA,NA,NA,NA,NA,NA,NA,NA,NA,NA,NA,NA,NA,NA,NA,2010,7,TRUE,FALSE,TRUE,"Summer adult",0.411552346570397,102.557662776604
"Common Tern","W[IFP]",NA,NA,"DD","16970","STEHIR",NA,6,273,100,2010-07-22,1899-12-31 04:15:00,"Atlit Salt-Pans",32.695,34.932,"Yosef Kiat",NA,NA,NA,"[IFP]",NA,142,NA,NA,"[","I","F","P","W",22,7,NA,NA,NA,NA,NA,NA,NA,NA,NA,NA,NA,NA,NA,NA,NA,NA,2010,7,TRUE,FALSE,TRUE,"Summer adult",0.366300366300366,94.0416300529877
"Common Tern","W[IDF]",NA,NA,"DD","16971","STEHIR",NA,6,262,95,2010-07-22,1899-12-31 04:45:00,"Atlit Salt-Pans",32.695,34.932,"Yosef Kiat",NA,NA,NA,"[IDF]",NA,144,NA,NA,"[","I","D","F","W",22,7,NA,NA,NA,NA,NA,NA,NA,NA,NA,NA,NA,NA,NA,NA,NA,NA,2010,7,TRUE,FALSE,TRUE,"Summer adult",0.362595419847328,101.272529975731
"Common Tern","W[IHB]",NA,NA,"DD","16972","STEHIR",NA,6,260,104.5,2010-07-27,1899-12-31 03:00:00,"Ma'agan Michael Beach",32.555,34.906,"Yosef Kiat",NA,NA,NA,"[IHB]",NA,136,NA,NA,"[","I","H","B","W",27,7,NA,NA,NA,NA,NA,NA,NA,NA,NA,NA,NA,NA,NA,NA,NA,NA,2010,7,TRUE,FALSE,TRUE,"Summer adult",0.401923076923077,114.0326261114
"Common Tern","W[INL]",NA,NA,"DD","16973","STEHIR",NA,6,272,112.4,2010-07-27,1899-12-31 03:00:00,"Ma'agan Michael Beach",32.555,34.906,"Yosef Kiat",NA,NA,NA,"[INL]",NA,128,NA,NA,"[","I","N","L","W",27,7,NA,NA,NA,NA,NA,NA,NA,NA,NA,NA,NA,NA,NA,NA,NA,NA,2010,7,TRUE,FALSE,TRUE,"Summer adult",0.413235294117647,106.891892842462
"Common Tern","W[IFO]",NA,NA,"DD","16974","STEHIR",NA,6,261,111.5,2010-07-27,1899-12-31 03:30:00,"Ma'agan Michael Beach",32.555,34.906,"Yosef Kiat",NA,NA,NA,"[IFO]",NA,133,NA,NA,"[","I","F","O","W",27,7,NA,NA,NA,NA,NA,NA,NA,NA,NA,NA,NA,NA,NA,NA,NA,NA,2010,7,TRUE,FALSE,TRUE,"Summer adult",0.4272030651341,120.255679070611
"Common Tern","W[IKJ]",NA,NA,"DD","16975","STEHIR",NA,6,282,117.1,2010-07-27,1899-12-31 03:30:00,"Ma'agan Michael Beach",32.555,34.906,"Yosef Kiat",NA,NA,NA,"[IKJ]",NA,137,NA,NA,"[","I","K","J","W",27,7,NA,NA,NA,NA,NA,NA,NA,NA,NA,NA,NA,NA,NA,NA,NA,NA,2010,7,TRUE,FALSE,TRUE,"Summer adult",0.415248226950355,99.7553939381289
"Common Tern","W[IHD]",NA,NA,"DD","16977","STEHIR",NA,6,267,106.5,2010-07-27,1899-12-31 05:00:00,"Ma'agan Michael Beach",32.555,34.906,"Yosef Kiat",NA,NA,NA,"[IHD]",NA,133,NA,NA,"[","I","H","D","W",27,7,NA,NA,NA,NA,NA,NA,NA,NA,NA,NA,NA,NA,NA,NA,NA,NA,2010,7,TRUE,FALSE,TRUE,"Summer adult",0.398876404494382,107.174308114697
"Common Tern","W[IJH]",NA,NA,"DD","16978","STEHIR",NA,6,257,122,2010-07-27,1899-12-31 05:00:00,"Ma'agan Michael Beach",32.555,34.906,"Yosef Kiat",NA,NA,NA,"[IJH]",NA,123,NA,NA,"[","I","J","H","W",27,7,NA,NA,NA,NA,NA,NA,NA,NA,NA,NA,NA,NA,NA,NA,NA,NA,2010,7,TRUE,FALSE,TRUE,"Summer adult",0.474708171206226,137.923129686325
"Common Tern","WIP6",NA,NA,"DD","20117","STEHIR",NA,6,268,118.1,2011-06-06,1899-12-31 20:45:00,"Atlit Salt-Pans",32.695,34.932,"Yosef Kiat",NA,NA,NA,"IP6",NA,140,NA,NA,"I","P","6",NA,"W",6,6,NA,NA,NA,NA,NA,NA,NA,NA,NA,NA,NA,NA,NA,NA,NA,NA,2011,6,TRUE,FALSE,TRUE,"Summer adult",0.440671641791045,117.501080576283
"Common Tern","WIP7",NA,NA,"DD","20118","STEHIR",NA,6,279,115,2011-06-06,1899-12-31 20:45:00,"Atlit Salt-Pans",32.695,34.932,"Yosef Kiat",NA,NA,NA,"IP7",NA,167,NA,NA,"I","P","7",NA,"W",6,6,NA,NA,NA,NA,NA,NA,NA,NA,NA,NA,NA,NA,NA,NA,NA,NA,2011,6,TRUE,FALSE,TRUE,"Summer adult",0.412186379928315,101.213092023962
"Common Tern","WIP8",NA,NA,"DD","20119","STEHIR",NA,6,268,126,2011-06-06,1899-12-31 20:45:00,"Atlit Salt-Pans",32.695,34.932,"Yosef Kiat",NA,NA,NA,"IP8",NA,150,NA,NA,"I","P","8",NA,"W",6,6,NA,NA,NA,NA,NA,NA,NA,NA,NA,NA,NA,NA,NA,NA,NA,NA,2011,6,TRUE,FALSE,TRUE,"Summer adult",0.470149253731343,125.361017380285
"Common Tern","WIP9",NA,NA,"DD","20120","STEHIR",NA,6,268,117.4,2011-06-06,1899-12-31 20:45:00,"Atlit Salt-Pans",32.695,34.932,"Yosef Kiat",NA,NA,NA,"IP9",NA,150,NA,NA,"I","P","9",NA,"W",6,6,NA,NA,NA,NA,NA,NA,NA,NA,NA,NA,NA,NA,NA,NA,NA,NA,2011,6,TRUE,FALSE,TRUE,"Summer adult",0.438059701492537,116.804630479725
"Common Tern","WIR0",NA,NA,"DD","20121","STEHIR",NA,6,273,124,2011-06-06,1899-12-31 20:45:00,"Atlit Salt-Pans",32.695,34.932,"Yosef Kiat",NA,NA,NA,"IR0",NA,128,NA,NA,"I","R","0",NA,"W",6,6,NA,NA,NA,NA,NA,NA,NA,NA,NA,NA,NA,NA,NA,NA,NA,NA,2011,6,TRUE,FALSE,TRUE,"Summer adult",0.454212454212454,116.611621265705
"Common Tern","WIR1",NA,NA,"DD","20122","STEHIR",NA,6,271,118.7,2011-06-06,1899-12-31 20:45:00,"Atlit Salt-Pans",32.695,34.932,"Yosef Kiat",NA,NA,NA,"IR1",NA,157,NA,NA,"I","R","1",NA,"W",6,6,NA,NA,NA,NA,NA,NA,NA,NA,NA,NA,NA,NA,NA,NA,NA,NA,2011,6,TRUE,FALSE,TRUE,"Summer adult",0.438007380073801,114.157744057585
"Common Tern","WIR2",NA,NA,"DD","20123","STEHIR",NA,6,275,135.5,2011-06-06,1899-12-31 20:45:00,"Atlit Salt-Pans",32.695,34.932,"Yosef Kiat",NA,NA,NA,"IR2",NA,146,NA,NA,"I","R","2",NA,"W",6,6,NA,NA,NA,NA,NA,NA,NA,NA,NA,NA,NA,NA,NA,NA,NA,NA,2011,6,TRUE,FALSE,TRUE,"Summer adult",0.492727272727273,124.622364886926
"Common Tern","WIR3",NA,NA,"DD","20124","STEHIR",NA,6,277,104.5,2011-06-06,1899-12-31 21:30:00,"Atlit Salt-Pans",32.695,34.932,"Yosef Kiat",NA,NA,NA,"IR3",NA,165,NA,NA,"I","R","3",NA,"W",6,6,NA,NA,NA,NA,NA,NA,NA,NA,NA,NA,NA,NA,NA,NA,NA,NA,2011,6,TRUE,FALSE,TRUE,"Summer adult",0.377256317689531,94.0111908785541
"Common Tern","WIR4",NA,NA,"DD","20125","STEHIR",NA,6,265,116,2011-06-06,1899-12-31 21:30:00,"Atlit Salt-Pans",32.695,34.932,"Yosef Kiat",NA,NA,NA,"IR4",NA,125,NA,NA,"I","R","4",NA,"W",6,6,NA,NA,NA,NA,NA,NA,NA,NA,NA,NA,NA,NA,NA,NA,NA,NA,2011,6,TRUE,FALSE,TRUE,"Summer adult",0.437735849056604,119.440924985533
"Common Tern","WIR5",NA,NA,"DD","20126","STEHIR",NA,6,272,106.5,2011-06-06,1899-12-31 22:30:00,"Atlit Salt-Pans",32.695,34.932,"Yosef Kiat",NA,NA,NA,"IR5",NA,145,NA,NA,"I","R","5",NA,"W",6,6,NA,NA,NA,NA,NA,NA,NA,NA,NA,NA,NA,NA,NA,NA,NA,NA,2011,6,TRUE,FALSE,TRUE,"Summer adult",0.391544117647059,101.281019463721
"Common Tern","WIR6",NA,NA,"DD","20127","STEHIR",NA,6,278,122.8,2011-06-06,1899-12-31 23:15:00,"Atlit Salt-Pans",32.695,34.932,"Yosef Kiat",NA,NA,NA,"IR6",NA,142,NA,NA,"I","R","6",NA,"W",6,6,NA,NA,NA,NA,NA,NA,NA,NA,NA,NA,NA,NA,NA,NA,NA,NA,2011,6,TRUE,FALSE,TRUE,"Summer adult",0.441726618705036,109.267462997277
"Common Tern","WIR7",NA,NA,"DD","20128","STEHIR",NA,6,276,111,2011-06-06,1899-12-31 23:15:00,"Atlit Salt-Pans",32.695,34.932,"Yosef Kiat",NA,NA,NA,"IR7",NA,143,NA,NA,"I","R","7",NA,"W",6,6,NA,NA,NA,NA,NA,NA,NA,NA,NA,NA,NA,NA,NA,NA,NA,NA,2011,6,TRUE,FALSE,TRUE,"Summer adult",0.402173913043478,100.96579458783
"Common Tern","BGEE","+",NA,"DD","20129","STEHIR",NA,6,257,109,2011-06-07,1899-12-31,"Atlit Salt-Pans",32.695,34.932,"Yosef Kiat",NA,NA,NA,"GEE",NA,131,NA,NA,"G","E","E",NA,"B",7,6,NA,NA,NA,NA,NA,"IR8",NA,NA,NA,NA,NA,NA,NA,NA,NA,NA,2011,6,TRUE,FALSE,TRUE,"Summer adult",0.424124513618677,123.226402752536
"Common Tern","WIR9",NA,NA,"DD","20130","STEHIR",NA,6,267,116,2011-06-07,1899-12-31,"Atlit Salt-Pans",32.695,34.932,"Yosef Kiat",NA,NA,NA,"IR9",NA,133,NA,NA,"I","R","9",NA,"W",7,6,NA,NA,NA,NA,NA,NA,NA,NA,NA,NA,NA,NA,NA,NA,NA,NA,2011,6,TRUE,FALSE,TRUE,"Summer adult",0.434456928838951,116.734457664834
"Common Tern","WIS0",NA,NA,"DD","20131","STEHIR",NA,6,272,116.5,2011-06-07,1899-12-31,"Atlit Salt-Pans",32.695,34.932,"Yosef Kiat",NA,NA,NA,"IS0",NA,130,NA,NA,"I","S","0",NA,"W",7,6,NA,NA,NA,NA,NA,NA,NA,NA,NA,NA,NA,NA,NA,NA,NA,NA,2011,6,TRUE,FALSE,TRUE,"Summer adult",0.428308823529412,110.790974342944
"Common Tern","WIS1",NA,NA,"DD","20132","STEHIR",NA,6,273,120.2,2011-06-07,1899-12-31,"Atlit Salt-Pans",32.695,34.932,"Yosef Kiat",NA,NA,NA,"IS1",NA,144,NA,NA,"I","S","1",NA,"W",7,6,NA,NA,NA,NA,NA,NA,NA,NA,NA,NA,NA,NA,NA,NA,NA,NA,2011,6,TRUE,FALSE,TRUE,"Summer adult",0.44029304029304,113.038039323691
"Common Tern","WIS2",NA,NA,"DD","20133","STEHIR",NA,6,272,121.7,2011-06-07,1899-12-31,"Atlit Salt-Pans",32.695,34.932,"Yosef Kiat",NA,NA,NA,"IS2",NA,132,NA,NA,"I","S","2",NA,"W",7,6,NA,NA,NA,NA,NA,NA,NA,NA,NA,NA,NA,NA,NA,NA,NA,NA,2011,6,TRUE,FALSE,TRUE,"Summer adult",0.447426470588235,115.73615088014
"Common Tern","WIS3",NA,NA,"DD","20134","STEHIR",NA,6,264,119.2,2011-06-07,1899-12-31,"Atlit Salt-Pans",32.695,34.932,"Yosef Kiat",NA,NA,NA,"IS3",NA,145,NA,NA,"I","S","3",NA,"W",7,6,NA,NA,NA,NA,NA,NA,NA,NA,NA,NA,NA,NA,NA,NA,NA,NA,2011,6,TRUE,FALSE,TRUE,"Summer adult",0.451515151515152,124.158562534021
"Common Tern","WIS4",NA,NA,"DD","20135","STEHIR",NA,6,271,123.6,2011-06-07,1899-12-31 00:30:00,"Atlit Salt-Pans",32.695,34.932,"Yosef Kiat",NA,NA,NA,"IS4",NA,155,NA,NA,"I","S","4",NA,"W",7,6,NA,NA,NA,NA,NA,NA,NA,NA,NA,NA,NA,NA,NA,NA,NA,NA,2011,6,TRUE,FALSE,TRUE,"Summer adult",0.456088560885609,118.870237283214
"Common Tern","WIS5",NA,NA,"DD","20136","STEHIR",NA,6,277,111.5,2011-06-07,1899-12-31 00:30:00,"Atlit Salt-Pans",32.695,34.932,"Yosef Kiat",NA,NA,NA,"IS5",NA,147,NA,NA,"I","S","5",NA,"W",7,6,NA,NA,NA,NA,NA,NA,NA,NA,NA,NA,NA,NA,NA,NA,NA,NA,2011,6,TRUE,FALSE,TRUE,"Summer adult",0.402527075812274,100.308591224486
"Common Tern","WIS6",NA,NA,"DD","20137","STEHIR",NA,6,265,124.9,2011-06-07,1899-12-31 00:30:00,"Atlit Salt-Pans",32.695,34.932,"Yosef Kiat",NA,NA,NA,"IS6",NA,135,NA,NA,"I","S","6",NA,"W",7,6,NA,NA,NA,NA,NA,NA,NA,NA,NA,NA,NA,NA,NA,NA,NA,NA,2011,6,TRUE,FALSE,TRUE,"Summer adult",0.471320754716981,128.604926988733
"Common Tern","WIS7",NA,NA,"DD","20138","STEHIR",NA,6,278,110.5,2011-06-07,1899-12-31 00:30:00,"Atlit Salt-Pans",32.695,34.932,"Yosef Kiat",NA,NA,NA,"IS7",NA,142,NA,NA,"I","S","7",NA,"W",7,6,NA,NA,NA,NA,NA,NA,NA,NA,NA,NA,NA,NA,NA,NA,NA,NA,2011,6,TRUE,FALSE,TRUE,"Summer adult",0.397482014388489,98.3229206938037
"Common Tern","WIS8",NA,NA,"DD","20139","STEHIR",NA,6,266,128.4,2011-06-20,1899-12-31 21:00:00,"Atlit Salt-Pans",32.695,34.932,"Yosef Kiat",NA,NA,NA,"IS8",NA,131,NA,NA,"I","S","8",NA,"W",20,6,NA,NA,NA,NA,NA,NA,NA,NA,NA,NA,NA,NA,NA,NA,NA,NA,2011,6,TRUE,FALSE,TRUE,"Summer adult",0.482706766917293,130.699459967777
"Common Tern","WIS9",NA,NA,"DD","20140","STEHIR",NA,6,271,120.5,2011-06-20,1899-12-31 21:00:00,"Atlit Salt-Pans",32.695,34.932,"Yosef Kiat",NA,NA,NA,"IS9",NA,147,NA,NA,"I","S","9",NA,"W",20,6,NA,NA,NA,NA,NA,NA,NA,NA,NA,NA,NA,NA,NA,NA,NA,NA,2011,6,TRUE,FALSE,TRUE,"Summer adult",0.444649446494465,115.88886401802
"Common Tern","WIT0",NA,NA,"DD","20141","STEHIR",NA,6,275,105.1,2011-06-20,1899-12-31 23:00:00,"Atlit Salt-Pans",32.695,34.932,"Yosef Kiat",NA,NA,NA,"IT0",NA,132,NA,NA,"I","T","0",NA,"W",20,6,NA,NA,NA,NA,NA,NA,NA,NA,NA,NA,NA,NA,NA,NA,NA,NA,2011,6,TRUE,FALSE,TRUE,"Summer adult",0.382181818181818,96.66280848425
"Common Tern","WIT1",NA,NA,"DD","20142","STEHIR",NA,6,263,98.8,2011-06-20,1899-12-31 23:00:00,"Atlit Salt-Pans",32.695,34.932,"Yosef Kiat",NA,NA,NA,"IT1",NA,138,NA,NA,"I","T","1",NA,"W",20,6,NA,NA,NA,NA,NA,NA,NA,NA,NA,NA,NA,NA,NA,NA,NA,NA,2011,6,TRUE,FALSE,TRUE,"Summer adult",0.375665399239544,104.107402753141
"Common Tern","WIT2",NA,NA,"DD","20143","STEHIR",NA,6,275,109.7,2011-06-20,1899-12-31 23:00:00,"Atlit Salt-Pans",32.695,34.932,"Yosef Kiat",NA,NA,NA,"IT2",NA,140,NA,NA,"I","T","2",NA,"W",20,6,NA,NA,NA,NA,NA,NA,NA,NA,NA,NA,NA,NA,NA,NA,NA,NA,2011,6,TRUE,FALSE,TRUE,"Summer adult",0.398909090909091,100.893530834655
"Common Tern","WIT3",NA,NA,"DD","20144","STEHIR",NA,6,274,104.8,2011-06-21,1899-12-31,"Atlit Salt-Pans",32.695,34.932,"Yosef Kiat",NA,NA,NA,"IT3",NA,147,NA,NA,"I","T","3",NA,"W",21,6,NA,NA,NA,NA,NA,NA,NA,NA,NA,NA,NA,NA,NA,NA,NA,NA,2011,6,TRUE,FALSE,TRUE,"Summer adult",0.382481751824818,97.4632493470852
"Common Tern","WIT4",NA,NA,"DD","20145","STEHIR",NA,6,263,109,2011-06-21,1899-12-31 01:00:00,"Atlit Salt-Pans",32.695,34.932,"Yosef Kiat",NA,NA,NA,"IT4",NA,137,NA,NA,"I","T","4",NA,"W",21,6,NA,NA,NA,NA,NA,NA,NA,NA,NA,NA,NA,NA,NA,NA,NA,NA,2011,6,TRUE,FALSE,TRUE,"Summer adult",0.414448669201521,114.855332996886
"Common Tern","WIT5",NA,NA,"DD","20146","STEHIR",NA,6,277,98.7,2011-07-03,1899-12-31 21:00:00,"Atlit Salt-Pans",32.695,34.932,"Yosef Kiat",NA,NA,NA,"IT5",NA,125,NA,NA,"I","T","5",NA,"W",3,7,NA,NA,NA,NA,NA,NA,NA,NA,NA,NA,NA,NA,NA,NA,NA,NA,2011,7,TRUE,FALSE,TRUE,"Summer adult",0.356317689530686,88.7933448776391
"Common Tern","WIT6",NA,NA,"DD","20147","STEHIR",NA,6,272,96.1,2011-07-03,1899-12-31 21:00:00,"Atlit Salt-Pans",32.695,34.932,"Yosef Kiat",NA,NA,NA,"IT6",NA,137,NA,NA,"I","T","6",NA,"W",3,7,NA,NA,NA,NA,NA,NA,NA,NA,NA,NA,NA,NA,NA,NA,NA,NA,2011,7,TRUE,FALSE,TRUE,"Summer adult",0.353308823529412,91.3906663893296
"Common Tern","WIT7",NA,NA,"DD","20148","STEHIR",NA,6,261,109.6,2011-07-03,1899-12-31 21:00:00,"Atlit Salt-Pans",32.695,34.932,"Yosef Kiat",NA,NA,NA,"IT7",NA,122,NA,NA,"I","T","7",NA,"W",3,7,NA,NA,NA,NA,NA,NA,NA,NA,NA,NA,NA,NA,NA,NA,NA,NA,2011,7,TRUE,FALSE,TRUE,"Summer adult",0.41992337164751,118.206479158197
"Common Tern","WIT8",NA,NA,"DD","20149","STEHIR",NA,6,268,124.5,2011-07-03,1899-12-31 21:00:00,"Atlit Salt-Pans",32.695,34.932,"Yosef Kiat",NA,NA,NA,"IT8",NA,126,NA,NA,"I","T","8",NA,"W",3,7,NA,NA,NA,NA,NA,NA,NA,NA,NA,NA,NA,NA,NA,NA,NA,NA,2011,7,TRUE,FALSE,TRUE,"Summer adult",0.46455223880597,123.868624316234
"Common Tern","WIT9",NA,NA,"DD","20150","STEHIR",NA,6,273,112.5,2011-07-03,1899-12-31 21:00:00,"Atlit Salt-Pans",32.695,34.932,"Yosef Kiat",NA,NA,NA,"IT9",NA,149,NA,NA,"I","T","9",NA,"W",3,7,NA,NA,NA,NA,NA,NA,NA,NA,NA,NA,NA,NA,NA,NA,NA,NA,2011,7,TRUE,FALSE,TRUE,"Summer adult",0.412087912087912,105.796833809611
"Common Tern","WIU0",NA,NA,"DD","20151","STEHIR",NA,6,264,108,2011-07-03,1899-12-31 21:00:00,"Atlit Salt-Pans",32.695,34.932,"Yosef Kiat",NA,NA,NA,"IU0",NA,125,NA,NA,"I","U","0",NA,"W",3,7,NA,NA,NA,NA,NA,NA,NA,NA,NA,NA,NA,NA,NA,NA,NA,NA,2011,7,TRUE,FALSE,TRUE,"Summer adult",0.409090909090909,112.492657329482
"Common Tern","WIU1",NA,NA,"DD","20152","STEHIR",NA,6,269,120.8,2011-07-03,1899-12-31 21:00:00,"Atlit Salt-Pans",32.695,34.932,"Yosef Kiat",NA,NA,NA,"IU1",NA,142,NA,NA,"I","U","1",NA,"W",3,7,NA,NA,NA,NA,NA,NA,NA,NA,NA,NA,NA,NA,NA,NA,NA,NA,2011,7,TRUE,FALSE,TRUE,"Summer adult",0.44907063197026,118.830578636404
"Common Tern","RG53","+",NA,"DD","20153","STEHIR",NA,6,265,102.5,2011-07-03,1899-12-31 21:00:00,"Atlit Salt-Pans",32.695,34.932,"Yosef Kiat",NA,NA,NA,"G53",NA,124,NA,NA,"G","5","3",NA,"R",3,7,NA,NA,NA,NA,NA,"IU2",NA,NA,NA,NA,NA,NA,NA,NA,NA,NA,2011,7,TRUE,FALSE,TRUE,"Summer adult",0.386792452830189,105.540472508768
"Common Tern","WIU3",NA,NA,"DD","20154","STEHIR",NA,6,270,111,2011-07-03,1899-12-31 21:00:00,"Atlit Salt-Pans",32.695,34.932,"Yosef Kiat",NA,NA,NA,"IU3",NA,133,NA,NA,"I","U","3",NA,"W",3,7,NA,NA,NA,NA,NA,NA,NA,NA,NA,NA,NA,NA,NA,NA,NA,NA,2011,7,TRUE,FALSE,TRUE,"Summer adult",0.411111111111111,107.9622350495
"Common Tern","WIU4",NA,NA,"DD","20155","STEHIR",NA,6,256,121,2011-07-03,1899-12-31 21:00:00,"Atlit Salt-Pans",32.695,34.932,"Yosef Kiat",NA,NA,NA,"IU4",NA,147,NA,NA,"I","U","4",NA,"W",3,7,NA,NA,NA,NA,NA,NA,NA,NA,NA,NA,NA,NA,NA,NA,NA,NA,2011,7,TRUE,FALSE,TRUE,"Summer adult",0.47265625,138.428019117542
"Common Tern","WIU5",NA,NA,"DD","20156","STEHIR",NA,6,267,108.5,2011-07-03,1899-12-31 21:00:00,"Atlit Salt-Pans",32.695,34.932,"Yosef Kiat",NA,NA,NA,"IU5",NA,138,NA,NA,"I","U","5",NA,"W",3,7,NA,NA,NA,NA,NA,NA,NA,NA,NA,NA,NA,NA,NA,NA,NA,NA,2011,7,TRUE,FALSE,TRUE,"Summer adult",0.406367041198502,109.186971177884
"Common Tern","WIU6",NA,NA,"DD","20157","STEHIR",NA,6,269,116.6,2011-07-03,1899-12-31 21:00:00,"Atlit Salt-Pans",32.695,34.932,"Yosef Kiat",NA,NA,NA,"IU6",NA,130,NA,NA,"I","U","6",NA,"W",3,7,NA,NA,NA,NA,NA,NA,NA,NA,NA,NA,NA,NA,NA,NA,NA,NA,2011,7,TRUE,FALSE,TRUE,"Summer adult",0.433457249070632,114.699051895735
"Common Tern","WIU7",NA,NA,"DD","20158","STEHIR",NA,6,271,109.5,2011-07-03,1899-12-31 21:00:00,"Atlit Salt-Pans",32.695,34.932,"Yosef Kiat",NA,NA,NA,"IU7",NA,153,NA,NA,"I","U","7",NA,"W",3,7,NA,NA,NA,NA,NA,NA,NA,NA,NA,NA,NA,NA,NA,NA,NA,NA,2011,7,TRUE,FALSE,TRUE,"Summer adult",0.404059040590406,105.309797593139
"Common Tern","WIU8",NA,NA,"DD","20159","STEHIR",NA,6,266,115.1,2011-07-03,1899-12-31 22:00:00,"Atlit Salt-Pans",32.695,34.932,"Yosef Kiat",NA,NA,NA,"IU8",NA,136,NA,NA,"I","U","8",NA,"W",3,7,NA,NA,NA,NA,NA,NA,NA,NA,NA,NA,NA,NA,NA,NA,NA,NA,2011,7,TRUE,FALSE,TRUE,"Summer adult",0.432706766917293,117.161276030304
"Common Tern","WIU9",NA,NA,"DD","20160","STEHIR",NA,6,259,107,2011-07-03,1899-12-31 22:00:00,"Atlit Salt-Pans",32.695,34.932,"Yosef Kiat",NA,NA,NA,"IU9",NA,106,NA,NA,"I","U","9",NA,"W",3,7,NA,NA,NA,NA,NA,NA,NA,NA,NA,NA,NA,NA,NA,NA,NA,NA,2011,7,TRUE,FALSE,TRUE,"Summer adult",0.413127413127413,118.140364213209
"Common Tern","WIX0",NA,NA,"DD","20161","STEHIR",NA,6,273,116.5,2011-07-03,1899-12-31 23:00:00,"Atlit Salt-Pans",32.695,34.932,"Yosef Kiat",NA,NA,NA,"IX0",NA,140,NA,NA,"I","X","0",NA,"W",3,7,NA,NA,NA,NA,NA,NA,NA,NA,NA,NA,NA,NA,NA,NA,NA,NA,2011,7,TRUE,FALSE,TRUE,"Summer adult",0.426739926739927,109.558499011731
"Common Tern",NA,NA,NA,"DD","20162","STEHIR",NA,6,271,113.4,2011-07-04,1899-12-31,"Atlit Salt-Pans",32.695,34.932,"Yosef Kiat",NA,NA,NA,NA,NA,147,NA,NA,NA,NA,NA,NA,NA,4,7,NA,NA,NA,NA,NA,NA,NA,NA,NA,NA,NA,NA,NA,NA,NA,NA,2011,7,TRUE,FALSE,TRUE,"Summer adult",0.418450184501845,109.060557507415
"Common Tern","NIPE","+",NA,"DD","20163","STEHIR",NA,6,285,122.5,2011-07-04,1899-12-31,"Atlit Salt-Pans",32.695,34.932,"Yosef Kiat",NA,NA,NA,"IPE",NA,154,NA,NA,"I","P","E",NA,"N",4,7,NA,NA,NA,NA,NA,"IX1",NA,NA,NA,NA,NA,NA,NA,NA,NA,NA,2011,7,TRUE,FALSE,TRUE,"Summer adult",0.429824561403509,101.042959876257
"Common Tern","WIX2",NA,NA,"DD","20164","STEHIR",NA,6,270,112,2011-07-04,1899-12-31,"Atlit Salt-Pans",32.695,34.932,"Yosef Kiat",NA,NA,NA,"IX2",NA,142,NA,NA,"I","X","2",NA,"W",4,7,NA,NA,NA,NA,NA,NA,NA,NA,NA,NA,NA,NA,NA,NA,NA,NA,2011,7,TRUE,FALSE,TRUE,"Summer adult",0.414814814814815,108.934867797694
"Common Tern","WIX3",NA,NA,"DD","20166","STEHIR",NA,6,269,100.4,2011-07-13,1899-12-31 20:30:00,"Atlit Salt-Pans",32.695,34.932,"Yosef Kiat",NA,NA,NA,"IX3",NA,145,NA,NA,"I","X","3",NA,"W",13,7,NA,NA,NA,NA,NA,NA,NA,NA,NA,NA,NA,NA,NA,NA,NA,NA,2011,7,TRUE,FALSE,TRUE,"Summer adult",0.373234200743494,98.7631630388659
"Common Tern","WIX5",NA,NA,"DD","20169","STEHIR",NA,6,267,127.3,2011-07-13,1899-12-31 21:00:00,"Atlit Salt-Pans",32.695,34.932,"Yosef Kiat",NA,NA,NA,"IX5",NA,134,NA,NA,"I","X","5",NA,"W",13,7,NA,NA,NA,NA,NA,NA,NA,NA,NA,NA,NA,NA,NA,NA,NA,NA,2011,7,TRUE,FALSE,TRUE,"Summer adult",0.476779026217228,128.106003971839
"Common Tern","WIX7",NA,NA,"DD","20171","STEHIR",NA,6,262,109,2011-07-13,1899-12-31 21:00:00,"Atlit Salt-Pans",32.695,34.932,"Yosef Kiat",NA,NA,NA,"IX7",NA,135,NA,NA,"I","X","7",NA,"W",13,7,NA,NA,NA,NA,NA,NA,NA,NA,NA,NA,NA,NA,NA,NA,NA,NA,2011,7,TRUE,FALSE,TRUE,"Summer adult",0.416030534351145,116.19690281426
"Common Tern","WIW1",NA,NA,"DD","20175","STEHIR",NA,6,269,108.2,2011-07-13,1899-12-31 21:00:00,"Atlit Salt-Pans",32.695,34.932,"Yosef Kiat",NA,NA,NA,"IW1",NA,132,NA,NA,"I","W","1",NA,"W",13,7,NA,NA,NA,NA,NA,NA,NA,NA,NA,NA,NA,NA,NA,NA,NA,NA,2011,7,TRUE,FALSE,TRUE,"Summer adult",0.402230483271375,106.435998414395
"Common Tern","WIW3",NA,NA,"DD","20177","STEHIR",NA,6,258,112.7,2011-07-13,1899-12-31 21:00:00,"Atlit Salt-Pans",32.695,34.932,"Yosef Kiat",NA,NA,NA,"IW3",NA,133,NA,NA,"I","W","3",NA,"W",13,7,NA,NA,NA,NA,NA,NA,NA,NA,NA,NA,NA,NA,NA,NA,NA,NA,2011,7,TRUE,FALSE,TRUE,"Summer adult",0.436821705426357,125.909897887925
"Common Tern","WIW4",NA,NA,"DD","20178","STEHIR",NA,6,278,114,2011-07-13,1899-12-31 21:00:00,"Atlit Salt-Pans",32.695,34.932,"Yosef Kiat",NA,NA,NA,"IW4",NA,137,NA,NA,"I","W","4",NA,"W",13,7,NA,NA,NA,NA,NA,NA,NA,NA,NA,NA,NA,NA,NA,NA,NA,NA,2011,7,TRUE,FALSE,TRUE,"Summer adult",0.410071942446043,101.437221349264
"Common Tern","WIW5",NA,NA,"DD","20179","STEHIR",NA,6,265,116.4,2011-07-13,1899-12-31 21:00:00,"Atlit Salt-Pans",32.695,34.932,"Yosef Kiat",NA,NA,NA,"IW5",NA,150,NA,NA,"I","W","5",NA,"W",13,7,NA,NA,NA,NA,NA,NA,NA,NA,NA,NA,NA,NA,NA,NA,NA,NA,2011,7,TRUE,FALSE,TRUE,"Summer adult",0.439245283018868,119.852790244104
"Common Tern","WIW9",NA,NA,"DD","20183","STEHIR",NA,6,268,118.1,2011-07-13,1899-12-31 21:00:00,"Atlit Salt-Pans",32.695,34.932,"Yosef Kiat",NA,NA,NA,"IW9",NA,147,NA,NA,"I","W","9",NA,"W",13,7,NA,NA,NA,NA,NA,NA,NA,NA,NA,NA,NA,NA,NA,NA,NA,NA,2011,7,TRUE,FALSE,TRUE,"Summer adult",0.440671641791045,117.501080576283
"Common Tern","RGYN","+",NA,"DD","20189","STEHIR",NA,6,267,117.7,2011-07-13,1899-12-31 21:00:00,"Atlit Salt-Pans",32.695,34.932,"Yosef Kiat",NA,NA,NA,"GYN",NA,132,NA,NA,"G","Y","N",NA,"R",13,7,NA,NA,NA,NA,NA,"IZ5",NA,NA,NA,NA,NA,NA,NA,NA,NA,NA,2011,7,TRUE,FALSE,TRUE,"Summer adult",0.440823970037453,118.445221268543
"Common Tern","WIZ8",NA,NA,"DD","20192","STEHIR",NA,6,257,89.7,2011-07-13,1899-12-31 22:00:00,"Atlit Salt-Pans",32.695,34.932,"Yosef Kiat",NA,NA,NA,"IZ8",NA,130,NA,NA,"I","Z","8",NA,"W",13,7,NA,NA,NA,NA,NA,NA,NA,NA,NA,NA,NA,NA,NA,NA,NA,NA,2011,7,TRUE,FALSE,TRUE,"Summer adult",0.349027237354086,101.407415843142
"Common Tern","WIZ9",NA,NA,"DD","20193","STEHIR",NA,6,263,105,2011-07-13,1899-12-31 22:00:00,"Atlit Salt-Pans",32.695,34.932,"Yosef Kiat",NA,NA,NA,"IZ9",NA,138,NA,NA,"I","Z","9",NA,"W",13,7,NA,NA,NA,NA,NA,NA,NA,NA,NA,NA,NA,NA,NA,NA,NA,NA,2011,7,TRUE,FALSE,TRUE,"Summer adult",0.399239543726236,110.640458391496
"Common Tern","WI5A",NA,NA,"DD","20194","STEHIR",NA,6,264,117.9,2011-07-13,1899-12-31 22:00:00,"Atlit Salt-Pans",32.695,34.932,"Yosef Kiat",NA,NA,NA,"I5A",NA,128,NA,NA,"I","5","A",NA,"W",13,7,NA,NA,NA,NA,NA,NA,NA,NA,NA,NA,NA,NA,NA,NA,NA,NA,2011,7,TRUE,FALSE,TRUE,"Summer adult",0.446590909090909,122.804484251351
"Common Tern","WI5B",NA,NA,"DD","20195","STEHIR",NA,6,275,104.2,2011-07-13,1899-12-31 22:00:00,"Atlit Salt-Pans",32.695,34.932,"Yosef Kiat",NA,NA,NA,"I5B",NA,133,NA,NA,"I","5","B",NA,"W",13,7,NA,NA,NA,NA,NA,NA,NA,NA,NA,NA,NA,NA,NA,NA,NA,NA,2011,7,TRUE,FALSE,TRUE,"Summer adult",0.378909090909091,95.8350584591708
"Common Tern","WI5E",NA,NA,"DD","20198","STEHIR",NA,6,273,111.8,2011-07-13,1899-12-31 22:00:00,"Atlit Salt-Pans",32.695,34.932,"Yosef Kiat",NA,NA,NA,"I5E",NA,144,NA,NA,"I","5","E",NA,"W",13,7,NA,NA,NA,NA,NA,NA,NA,NA,NA,NA,NA,NA,NA,NA,NA,NA,2011,7,TRUE,FALSE,TRUE,"Summer adult",0.40952380952381,105.13854239924
"Common Tern","WI5G",NA,NA,"DD","20200","STEHIR",NA,6,276,106,2011-07-13,1899-12-31 22:00:00,"Atlit Salt-Pans",32.695,34.932,"Yosef Kiat",NA,NA,NA,"I5G",NA,147,NA,NA,"I","5","G",NA,"W",13,7,NA,NA,NA,NA,NA,NA,NA,NA,NA,NA,NA,NA,NA,NA,NA,NA,2011,7,TRUE,FALSE,TRUE,"Summer adult",0.384057971014493,96.4177858226123
"Common Tern","WI5H",NA,NA,"DD","20201","STEHIR",NA,6,267,116,2011-07-13,1899-12-31 22:00:00,"Atlit Salt-Pans",32.695,34.932,"Yosef Kiat",NA,NA,NA,"I5H",NA,147,NA,NA,"I","5","H",NA,"W",13,7,NA,NA,NA,NA,NA,NA,NA,NA,NA,NA,NA,NA,NA,NA,NA,NA,2011,7,TRUE,FALSE,TRUE,"Summer adult",0.434456928838951,116.734457664834
"Common Tern",NA,NA,NA,"DD","20202","STEHIR",NA,22,265,125.8,2011-07-13,1899-12-31 22:00:00,"Atlit Salt-Pans",32.695,34.932,"Yosef Kiat",NA,"Ring replace, KA-11756",NA,NA,NA,144,NA,NA,NA,NA,NA,NA,NA,13,7,NA,NA,NA,NA,NA,NA,NA,NA,NA,NA,NA,NA,NA,NA,NA,NA,2011,7,TRUE,FALSE,TRUE,"Summer adult",0.474716981132075,129.531623820517
"Common Tern","WI5J",NA,NA,"DD","20203","STEHIR",NA,14,268,118.4,2011-07-13,1899-12-31 22:30:00,"Atlit Salt-Pans",32.695,34.932,"Yosef Kiat",NA,"Ring replace, NA101662",NA,"I5J",NA,154,NA,NA,"I","5","J",NA,"W",13,7,NA,NA,NA,NA,NA,NA,NA,NA,NA,NA,NA,NA,NA,NA,NA,NA,2011,7,TRUE,FALSE,TRUE,"Summer adult",0.441791044776119,117.799559189093
"Common Tern","NG12","+",NA,"DD","20204","STEHIR",NA,6,258,119.2,2011-07-13,1899-12-31 22:30:00,"Atlit Salt-Pans",32.695,34.932,"Yosef Kiat",NA,NA,NA,"G12",NA,115,NA,NA,"G","1","2",NA,"N",13,7,NA,NA,NA,NA,NA,"I5K",NA,NA,NA,NA,NA,NA,NA,NA,NA,NA,2011,7,TRUE,FALSE,TRUE,"Summer adult",0.462015503875969,133.171781971967
"Common Tern","WI5L",NA,NA,"DD","20205","STEHIR",NA,6,264,113.4,2011-07-13,1899-12-31 22:30:00,"Atlit Salt-Pans",32.695,34.932,"Yosef Kiat",NA,NA,NA,"I5L",NA,134,NA,NA,"I","5","L",NA,"W",13,7,NA,NA,NA,NA,NA,NA,NA,NA,NA,NA,NA,NA,NA,NA,NA,NA,2011,7,TRUE,FALSE,TRUE,"Summer adult",0.429545454545455,118.117290195956
"Common Tern","RG57","+",NA,"DD","20206","STEHIR",NA,6,253,110.8,2011-07-13,1899-12-31 22:30:00,"Atlit Salt-Pans",32.695,34.932,"Yosef Kiat",NA,NA,NA,"G57",NA,128,NA,NA,"G","5","7",NA,"R",13,7,NA,NA,NA,NA,NA,"I5M",NA,NA,NA,NA,NA,NA,NA,NA,NA,NA,2011,7,TRUE,FALSE,TRUE,"Summer adult",0.437944664031621,131.396658602021
"Common Tern","WI5N",NA,NA,"DD","20207","STEHIR","M",6,261,126.7,2011-07-13,1899-12-31 22:30:00,"Atlit Salt-Pans",32.695,34.932,"Yosef Kiat",NA,NA,NA,"I5N",NA,110,NA,NA,"I","5","N",NA,"W",13,7,NA,NA,NA,NA,NA,NA,NA,NA,NA,NA,NA,NA,NA,NA,NA,NA,2011,7,TRUE,FALSE,TRUE,"Summer adult",0.48544061302682,136.649278369923
"Common Tern","WI50",NA,NA,"DD","20208","STEHIR",NA,6,275,129,2011-07-13,1899-12-31 22:30:00,"Atlit Salt-Pans",32.695,34.932,"Yosef Kiat",NA,NA,NA,"I50",NA,142,NA,NA,"I","5","0",NA,"W",13,7,NA,NA,NA,NA,NA,NA,NA,NA,NA,NA,NA,NA,NA,NA,NA,NA,2011,7,TRUE,FALSE,TRUE,"Summer adult",0.469090909090909,118.644170261353
"Common Tern","GGEW","+",NA,"DD","20211","STEHIR","F",6,265,111.3,2011-07-13,1899-12-31 23:30:00,"Atlit Salt-Pans",32.695,34.932,"Yosef Kiat",NA,NA,NA,"GEW",NA,110,NA,NA,"G","E","W",NA,"G",13,7,NA,NA,NA,NA,NA,"I5S",NA,NA,NA,NA,NA,NA,NA,NA,NA,NA,2011,7,TRUE,FALSE,TRUE,"Summer adult",0.42,114.601508197326
"Common Tern","GGK2","+",NA,"DD","20212","STEHIR",NA,6,265,102.3,2011-07-13,1899-12-31 23:30:00,"Atlit Salt-Pans",32.695,34.932,"Yosef Kiat",NA,NA,NA,"GK2",NA,135,NA,NA,"G","K","2",NA,"G",13,7,NA,NA,NA,NA,NA,"I5T",NA,NA,NA,NA,NA,NA,NA,NA,NA,NA,2011,7,TRUE,FALSE,TRUE,"Summer adult",0.386037735849057,105.334539879483
"Common Tern","WI5U",NA,NA,"DD","20213","STEHIR",NA,6,275,108.7,2011-07-13,1899-12-31 23:30:00,"Atlit Salt-Pans",32.695,34.932,"Yosef Kiat",NA,NA,NA,"I5U",NA,140,NA,NA,"I","5","U",NA,"W",13,7,NA,NA,NA,NA,NA,NA,NA,NA,NA,NA,NA,NA,NA,NA,NA,NA,2011,7,TRUE,FALSE,TRUE,"Summer adult",0.395272727272727,99.9738085845669
"Common Tern","WI5V",NA,NA,"DD","20214","STEHIR",NA,6,261,101.8,2011-07-13,1899-12-31 23:30:00,"Atlit Salt-Pans",32.695,34.932,"Yosef Kiat",NA,NA,NA,"I5V",NA,125,NA,NA,"I","5","V",NA,"W",13,7,NA,NA,NA,NA,NA,NA,NA,NA,NA,NA,NA,NA,NA,NA,NA,NA,2011,7,TRUE,FALSE,TRUE,"Summer adult",0.390038314176245,109.793974254603
"Common Tern","WI5X",NA,NA,"DD","20215","STEHIR",NA,6,279,112,2011-07-13,1899-12-31 23:30:00,"Atlit Salt-Pans",32.695,34.932,"Yosef Kiat",NA,NA,NA,"I5X",NA,141,NA,NA,"I","5","X",NA,"W",13,7,NA,NA,NA,NA,NA,NA,NA,NA,NA,NA,NA,NA,NA,NA,NA,NA,2011,7,TRUE,FALSE,TRUE,"Summer adult",0.401433691756272,98.572750492902
"Common Tern","WI5Y",NA,NA,"DD","20216","STEHIR",NA,6,260,125.8,2011-07-13,1899-12-31 23:30:00,"Atlit Salt-Pans",32.695,34.932,"Yosef Kiat",NA,NA,NA,"I5Y",NA,134,NA,NA,"I","5","Y",NA,"W",13,7,NA,NA,NA,NA,NA,NA,NA,NA,NA,NA,NA,NA,NA,NA,NA,NA,2011,7,TRUE,FALSE,TRUE,"Summer adult",0.483846153846154,137.275639854681
"Common Tern","WI5Z",NA,NA,"DD","20217","STEHIR",NA,6,276,122.7,2011-07-13,1899-12-31 23:30:00,"Atlit Salt-Pans",32.695,34.932,"Yosef Kiat",NA,NA,NA,"I5Z",NA,148,NA,NA,"I","5","Z",NA,"W",13,7,NA,NA,NA,NA,NA,NA,NA,NA,NA,NA,NA,NA,NA,NA,NA,NA,2011,7,TRUE,FALSE,TRUE,"Summer adult",0.444565217391304,111.608135098439
"Common Tern","WI6A",NA,NA,"DD","20218","STEHIR",NA,6,281,117.9,2011-07-13,1899-12-31 23:30:00,"Atlit Salt-Pans",32.695,34.932,"Yosef Kiat",NA,NA,NA,"I6A",NA,124,NA,NA,"I","6","A",NA,"W",13,7,NA,NA,NA,NA,NA,NA,NA,NA,NA,NA,NA,NA,NA,NA,NA,NA,2011,7,TRUE,FALSE,TRUE,"Summer adult",0.419572953736655,101.530442278487
"Common Tern","WI6B",NA,NA,"DD","20219","STEHIR",NA,6,278,107.8,2011-07-13,1899-12-31 23:30:00,"Atlit Salt-Pans",32.695,34.932,"Yosef Kiat",NA,NA,NA,"I6B",NA,132,NA,NA,"I","6","B",NA,"W",13,7,NA,NA,NA,NA,NA,NA,NA,NA,NA,NA,NA,NA,NA,NA,NA,NA,2011,7,TRUE,FALSE,TRUE,"Summer adult",0.387769784172662,95.9204601881632
"Common Tern","WI6C",NA,NA,"DD","20220","STEHIR",NA,6,270,112.9,2011-07-13,1899-12-31 23:30:00,"Atlit Salt-Pans",32.695,34.932,"Yosef Kiat",NA,NA,NA,"I6C",NA,124,NA,NA,"I","6","C",NA,"W",13,7,NA,NA,NA,NA,NA,NA,NA,NA,NA,NA,NA,NA,NA,NA,NA,NA,2011,7,TRUE,FALSE,TRUE,"Summer adult",0.418148148148148,109.810237271068
"Common Tern","WI6D",NA,NA,"DD","20221","STEHIR",NA,6,265,111.2,2011-07-14,1899-12-31 01:30:00,"Atlit Salt-Pans",32.695,34.932,"Yosef Kiat",NA,NA,NA,"I6D",NA,113,NA,NA,"I","6","D",NA,"W",14,7,NA,NA,NA,NA,NA,NA,NA,NA,NA,NA,NA,NA,NA,NA,NA,NA,2011,7,TRUE,FALSE,TRUE,"Summer adult",0.419622641509434,114.498541882683
"Common Tern","WI6E",NA,NA,"DD","20222","STEHIR",NA,6,268,121.4,2011-07-14,1899-12-31 01:30:00,"Atlit Salt-Pans",32.695,34.932,"Yosef Kiat",NA,NA,NA,"I6E",NA,149,NA,NA,"I","6","E",NA,"W",14,7,NA,NA,NA,NA,NA,NA,NA,NA,NA,NA,NA,NA,NA,NA,NA,NA,2011,7,TRUE,FALSE,TRUE,"Summer adult",0.452985074626866,120.784345317195
"Common Tern","WI6F",NA,NA,"DD","20223","STEHIR",NA,6,282,108.3,2011-07-14,1899-12-31 01:30:00,"Atlit Salt-Pans",32.695,34.932,"Yosef Kiat",NA,NA,NA,"I6F",NA,155,NA,NA,"I","6","F",NA,"W",14,7,NA,NA,NA,NA,NA,NA,NA,NA,NA,NA,NA,NA,NA,NA,NA,NA,2011,7,TRUE,FALSE,TRUE,"Summer adult",0.384042553191489,92.258831456015
"Common Tern","WI6G",NA,NA,"DD","20224","STEHIR",NA,6,276,124.5,2011-07-14,1899-12-31 01:30:00,"Atlit Salt-Pans",32.695,34.932,"Yosef Kiat",NA,NA,NA,"I6G",NA,147,NA,NA,"I","6","G",NA,"W",14,7,NA,NA,NA,NA,NA,NA,NA,NA,NA,NA,NA,NA,NA,NA,NA,NA,2011,7,TRUE,FALSE,TRUE,"Summer adult",0.451086956521739,113.245418253917
"Common Tern","WI6H",NA,NA,"DD","20225","STEHIR",NA,6,275,113.4,2011-07-14,1899-12-31 02:30:00,"Atlit Salt-Pans",32.695,34.932,"Yosef Kiat",NA,NA,NA,"I6H",NA,152,NA,NA,"I","6","H",NA,"W",14,7,NA,NA,NA,NA,NA,NA,NA,NA,NA,NA,NA,NA,NA,NA,NA,NA,2011,7,TRUE,FALSE,TRUE,"Summer adult",0.412363636363636,104.296503159981
"Common Tern","WI6J",NA,NA,"DD","20226","STEHIR",NA,6,270,116.2,2011-07-20,1899-12-31 21:00:00,"Atlit Salt-Pans",32.695,34.932,"Yosef Kiat",NA,NA,NA,"I6J",NA,132,NA,NA,"I","6","J",NA,"W",20,7,NA,NA,NA,NA,NA,NA,NA,NA,NA,NA,NA,NA,NA,NA,NA,NA,2011,7,TRUE,FALSE,TRUE,"Summer adult",0.43037037037037,113.019925340107
"Common Tern","WI6K",NA,NA,"DD","20227","STEHIR",NA,6,276,108.7,2011-07-20,1899-12-31 21:00:00,"Atlit Salt-Pans",32.695,34.932,"Yosef Kiat",NA,NA,NA,"I6K",NA,142,NA,NA,"I","6","K",NA,"W",20,7,NA,NA,NA,NA,NA,NA,NA,NA,NA,NA,NA,NA,NA,NA,NA,NA,2011,7,TRUE,FALSE,TRUE,"Summer adult",0.393840579710145,98.8737105558298
"Common Tern","WI6M",NA,NA,"DD","20229","STEHIR",NA,6,274,133.7,2011-07-20,1899-12-31 21:00:00,"Atlit Salt-Pans",32.695,34.932,"Yosef Kiat",NA,NA,NA,"I6M",NA,138,NA,NA,"I","6","M",NA,"W",20,7,NA,NA,NA,NA,NA,NA,NA,NA,NA,NA,NA,NA,NA,NA,NA,NA,2011,7,TRUE,FALSE,TRUE,"Summer adult",0.487956204379562,124.340042344516
"Common Tern","WI60",NA,NA,"DD","20231","STEHIR",NA,6,264,108.7,2011-07-20,1899-12-31 21:00:00,"Atlit Salt-Pans",32.695,34.932,"Yosef Kiat",NA,NA,NA,"I60",NA,137,NA,NA,"I","6","0",NA,"W",20,7,NA,NA,NA,NA,NA,NA,NA,NA,NA,NA,NA,NA,NA,NA,NA,NA,2011,7,TRUE,FALSE,TRUE,"Summer adult",0.411742424242424,113.221776404765
"Common Tern","WI6R",NA,NA,"DD","20233","STEHIR",NA,6,270,125.6,2011-07-20,1899-12-31 22:00:00,"Atlit Salt-Pans",32.695,34.932,"Yosef Kiat",NA,NA,NA,"I6R",NA,120,NA,NA,"I","6","R",NA,"W",20,7,NA,NA,NA,NA,NA,NA,NA,NA,NA,NA,NA,NA,NA,NA,NA,NA,2011,7,TRUE,FALSE,TRUE,"Summer adult",0.465185185185185,122.162673173128
"Common Tern","WI6S",NA,NA,"DD","20234","STEHIR",NA,6,282,113.3,2011-07-20,1899-12-31 22:00:00,"Atlit Salt-Pans",32.695,34.932,"Yosef Kiat",NA,NA,NA,"I6S",NA,141,NA,NA,"I","6","S",NA,"W",20,7,NA,NA,NA,NA,NA,NA,NA,NA,NA,NA,NA,NA,NA,NA,NA,NA,2011,7,TRUE,FALSE,TRUE,"Summer adult",0.40177304964539,96.5182419572161
"Common Tern","WI6V",NA,NA,"DD","20236","STEHIR",NA,6,267,116.1,2011-07-20,1899-12-31 23:00:00,"Atlit Salt-Pans",32.695,34.932,"Yosef Kiat",NA,NA,NA,"I6V",NA,155,NA,NA,"I","6","V",NA,"W",20,7,NA,NA,NA,NA,NA,NA,NA,NA,NA,NA,NA,NA,NA,NA,NA,NA,2011,7,TRUE,FALSE,TRUE,"Summer adult",0.434831460674157,116.835090817993
"Common Tern","WI6U",NA,NA,"DD","20237","STEHIR",NA,6,270,106.8,2011-07-20,1899-12-31 23:00:00,"Atlit Salt-Pans",32.695,34.932,"Yosef Kiat",NA,NA,NA,"I6U",NA,128,NA,NA,"I","6","U",NA,"W",20,7,NA,NA,NA,NA,NA,NA,NA,NA,NA,NA,NA,NA,NA,NA,NA,NA,2011,7,TRUE,FALSE,TRUE,"Summer adult",0.395555555555556,103.877177507086
"Common Tern","WI6X",NA,NA,"DD","20238","STEHIR",NA,6,265,96.5,2011-07-20,1899-12-31 23:00:00,"Atlit Salt-Pans",32.695,34.932,"Yosef Kiat",NA,NA,NA,"I6X",NA,140,NA,NA,"I","6","X",NA,"W",20,7,NA,NA,NA,NA,NA,NA,NA,NA,NA,NA,NA,NA,NA,NA,NA,NA,2011,7,TRUE,FALSE,TRUE,"Summer adult",0.364150943396226,99.3624936302061
"Common Tern","WI6Z",NA,NA,"DD","20240","STEHIR",NA,6,263,138.9,2011-07-20,1899-12-31 23:00:00,"Atlit Salt-Pans",32.695,34.932,"Yosef Kiat",NA,NA,NA,"I6Z",NA,141,NA,NA,"I","6","Z",NA,"W",20,7,NA,NA,NA,NA,NA,NA,NA,NA,NA,NA,NA,NA,NA,NA,NA,NA,2011,7,TRUE,FALSE,TRUE,"Summer adult",0.528136882129278,146.361520672179
"Common Tern","WI7A",NA,NA,"DD","20241","STEHIR",NA,6,279,113.1,2011-07-20,1899-12-31 23:00:00,"Atlit Salt-Pans",32.695,34.932,"Yosef Kiat",NA,NA,NA,"I7A",NA,148,NA,NA,"I","7","A",NA,"W",20,7,NA,NA,NA,NA,NA,NA,NA,NA,NA,NA,NA,NA,NA,NA,NA,NA,2011,7,TRUE,FALSE,TRUE,"Summer adult",0.405376344086021,99.5408757209573
"Common Tern","WI7B",NA,NA,"DD","20242","STEHIR",NA,6,278,120.5,2011-07-20,1899-12-31 23:00:00,"Atlit Salt-Pans",32.695,34.932,"Yosef Kiat",NA,NA,NA,"I7B",NA,130,NA,NA,"I","7","B",NA,"W",20,7,NA,NA,NA,NA,NA,NA,NA,NA,NA,NA,NA,NA,NA,NA,NA,NA,2011,7,TRUE,FALSE,TRUE,"Summer adult",0.433453237410072,107.220922566546
"Common Tern","WI7C",NA,NA,"DD","20243","STEHIR",NA,6,271,115.7,2011-07-20,1899-12-31 23:00:00,"Atlit Salt-Pans",32.695,34.932,"Yosef Kiat",NA,NA,NA,"I7C",NA,110,NA,NA,"I","7","C",NA,"W",20,7,NA,NA,NA,NA,NA,NA,NA,NA,NA,NA,NA,NA,NA,NA,NA,NA,2011,7,TRUE,FALSE,TRUE,"Summer adult",0.426937269372694,111.272544123526
"Common Tern","WI7E",NA,NA,"DD","20245","STEHIR",NA,6,268,125.6,2011-07-21,1899-12-31,"Atlit Salt-Pans",32.695,34.932,"Yosef Kiat",NA,NA,NA,"I7E",NA,140,NA,NA,"I","7","E",NA,"W",21,7,NA,NA,NA,NA,NA,NA,NA,NA,NA,NA,NA,NA,NA,NA,NA,NA,2011,7,TRUE,FALSE,TRUE,"Summer adult",0.46865671641791,124.963045896538
"Common Tern","WI7F",NA,NA,"DD","20246","STEHIR","F",6,266,110.5,2011-07-21,1899-12-31,"Atlit Salt-Pans",32.695,34.932,"Yosef Kiat",NA,NA,NA,"I7F",NA,134,NA,NA,"I","7","F",NA,"W",21,7,NA,NA,NA,NA,NA,NA,NA,NA,NA,NA,NA,NA,NA,NA,NA,NA,2011,7,TRUE,FALSE,TRUE,"Summer adult",0.415413533834586,112.478896623359
"Common Tern","WI7H",NA,NA,"DD","20248","STEHIR",NA,6,263,102,2011-07-21,1899-12-31 01:00:00,"Atlit Salt-Pans",32.695,34.932,"Yosef Kiat",NA,NA,NA,"I7H",NA,118,NA,NA,"I","7","H",NA,"W",21,7,NA,NA,NA,NA,NA,NA,NA,NA,NA,NA,NA,NA,NA,NA,NA,NA,2011,7,TRUE,FALSE,TRUE,"Summer adult",0.387832699619772,107.479302437453
"Common Tern","WI7K",NA,NA,"DD","20250","STEHIR",NA,6,261,115.8,2011-07-21,1899-12-31 02:00:00,"Atlit Salt-Pans",32.695,34.932,"Yosef Kiat",NA,NA,NA,"I7K",NA,125,NA,NA,"I","7","K",NA,"W",21,7,NA,NA,NA,NA,NA,NA,NA,NA,NA,NA,NA,NA,NA,NA,NA,NA,2011,7,TRUE,FALSE,TRUE,"Summer adult",0.44367816091954,124.893342030285
"Common Tern","WI7L",NA,NA,"DD","20251","STEHIR",NA,6,268,101.6,2011-07-21,1899-12-31 02:00:00,"Atlit Salt-Pans",32.695,34.932,"Yosef Kiat",NA,NA,NA,"I7L",NA,128,NA,NA,"I","7","L",NA,"W",21,7,NA,NA,NA,NA,NA,NA,NA,NA,NA,NA,NA,NA,NA,NA,NA,NA,2011,7,TRUE,FALSE,TRUE,"Summer adult",0.37910447761194,101.084756871721
"Common Tern","WI7N",NA,NA,"DD","20253","STEHIR",NA,6,264,107.5,2011-07-21,1899-12-31 02:00:00,"Atlit Salt-Pans",32.695,34.932,"Yosef Kiat",NA,NA,NA,"I7N",NA,136,NA,NA,"I","7","N",NA,"W",21,7,NA,NA,NA,NA,NA,NA,NA,NA,NA,NA,NA,NA,NA,NA,NA,NA,2011,7,TRUE,FALSE,TRUE,"Summer adult",0.40719696969697,111.971857989993
"Common Tern","WI70",NA,NA,"DD","20254","STEHIR",NA,6,263,125.9,2011-07-26,1899-12-31 20:30:00,"Atlit Salt-Pans",32.695,34.932,"Yosef Kiat",NA,NA,NA,"I70",NA,107,NA,NA,"I","7","0",NA,"W",26,7,NA,NA,NA,NA,NA,NA,NA,NA,NA,NA,NA,NA,NA,NA,NA,NA,2011,7,TRUE,FALSE,TRUE,"Summer adult",0.478707224334601,132.66317820466
"Common Tern","YGRS","+",NA,"DD","20255","STEHIR",NA,6,270,121.5,2011-07-26,1899-12-31 20:30:00,"Atlit Salt-Pans",32.695,34.932,"Yosef Kiat",NA,NA,NA,"GRS",NA,136,NA,NA,"G","R","S",NA,"Y",26,7,NA,NA,NA,NA,NA,"I7P",NA,NA,NA,NA,NA,NA,NA,NA,NA,NA,2011,7,TRUE,FALSE,TRUE,"Summer adult",0.45,118.174878905534
"Common Tern","WI7R",NA,NA,"DD","20256","STEHIR",NA,6,267,120.5,2011-07-26,1899-12-31 20:30:00,"Atlit Salt-Pans",32.695,34.932,"Yosef Kiat",NA,NA,NA,"I7R",NA,140,NA,NA,"I","7","R",NA,"W",26,7,NA,NA,NA,NA,NA,NA,NA,NA,NA,NA,NA,NA,NA,NA,NA,NA,2011,7,TRUE,FALSE,TRUE,"Summer adult",0.451310861423221,121.262949557004
"Common Tern","WI7S",NA,NA,"DD","20257","STEHIR",NA,6,282,125.2,2011-07-26,1899-12-31 20:30:00,"Atlit Salt-Pans",32.695,34.932,"Yosef Kiat",NA,NA,NA,"I7S",NA,124,NA,NA,"I","7","S",NA,"W",26,7,NA,NA,NA,NA,NA,NA,NA,NA,NA,NA,NA,NA,NA,NA,NA,NA,2011,7,TRUE,FALSE,TRUE,"Summer adult",0.443971631205674,106.655638950075
"Common Tern","W+XW","+",NA,"DD","20259","STEHIR",NA,5,261,122.6,2011-07-26,1899-12-31 20:30:00,"Atlit Salt-Pans",32.695,34.932,"Yosef Kiat",NA,NA,NA,"+XW",NA,95,NA,NA,"+","X","W",NA,"W",26,7,NA,NA,NA,NA,NA,"I7U",NA,NA,NA,NA,NA,NA,NA,NA,NA,NA,2011,7,TRUE,FALSE,TRUE,"Summer adult",0.469731800766284,132.227320664188
"Common Tern","WI8D",NA,NA,"DD","20267","STEHIR",NA,6,252,113.1,2011-07-26,1899-12-31 22:30:00,"Atlit Salt-Pans",32.695,34.932,"Yosef Kiat",NA,NA,NA,"I8D",NA,98,NA,NA,"I","8","D",NA,"W",26,7,NA,NA,NA,NA,NA,NA,NA,NA,NA,NA,NA,NA,NA,NA,NA,NA,2011,7,TRUE,FALSE,TRUE,"Summer adult",0.448809523809524,135.753267445368
"Common Tern","WI8J",NA,NA,"DD","20272","STEHIR",NA,6,263,106.5,2011-07-26,1899-12-31 23:30:00,"Atlit Salt-Pans",32.695,34.932,"Yosef Kiat",NA,NA,NA,"I8J",NA,116,NA,NA,"I","8","J",NA,"W",26,7,NA,NA,NA,NA,NA,NA,NA,NA,NA,NA,NA,NA,NA,NA,NA,NA,2011,7,TRUE,FALSE,TRUE,"Summer adult",0.404942965779468,112.221036368517
"Common Tern","WI8K",NA,NA,"DD","20273","STEHIR","M",6,262,107.2,2011-07-26,1899-12-31 23:30:00,"Atlit Salt-Pans",32.695,34.932,"Yosef Kiat",NA,NA,NA,"I8K",NA,134,NA,NA,"I","8","K",NA,"W",26,7,NA,NA,NA,NA,NA,NA,NA,NA,NA,NA,NA,NA,NA,NA,NA,NA,2011,7,TRUE,FALSE,TRUE,"Summer adult",0.409160305343511,114.278054877877
"Common Tern","WI8L",NA,NA,"DD","20274","STEHIR",NA,6,265,120.8,2011-07-26,1899-12-31 23:30:00,"Atlit Salt-Pans",32.695,34.932,"Yosef Kiat",NA,NA,NA,"I8L",NA,NA,NA,NA,"I","8","L",NA,"W",26,7,NA,NA,NA,NA,NA,NA,NA,NA,NA,NA,NA,NA,NA,NA,NA,NA,2011,7,TRUE,FALSE,TRUE,"Summer adult",0.455849056603774,124.383308088382
"Common Tern","WI80",NA,NA,"DD","20277","STEHIR",NA,6,285,134,2011-07-27,1899-12-31 01:00:00,"Atlit Salt-Pans",32.695,34.932,"Yosef Kiat",NA,NA,NA,"I80",NA,124,NA,NA,"I","8","0",NA,"W",27,7,NA,NA,NA,NA,NA,NA,NA,NA,NA,NA,NA,NA,NA,NA,NA,NA,2011,7,TRUE,FALSE,TRUE,"Summer adult",0.470175438596491,110.528625497294
"Common Tern","WI8R",NA,NA,"DD","20279","STEHIR",NA,6,272,141.6,2011-07-27,1899-12-31 01:00:00,"Atlit Salt-Pans",32.695,34.932,"Yosef Kiat",NA,NA,NA,"I8R",NA,140,NA,NA,"I","8","R",NA,"W",27,7,NA,NA,NA,NA,NA,NA,NA,NA,NA,NA,NA,NA,NA,NA,NA,NA,2011,7,TRUE,FALSE,TRUE,"Summer adult",0.520588235294118,134.660961089793
"Common Tern","WI8S",NA,NA,"DD","20280","STEHIR",NA,6,293,130.9,2011-07-27,1899-12-31 02:00:00,"Atlit Salt-Pans",32.695,34.932,"Yosef Kiat",NA,NA,NA,"I8S",NA,146,NA,NA,"I","8","S",NA,"W",27,7,NA,NA,NA,NA,NA,NA,NA,NA,NA,NA,NA,NA,NA,NA,NA,NA,2011,7,TRUE,FALSE,TRUE,"Summer adult",0.446757679180887,99.2338572571959
"Common Tern","WI8T",NA,NA,"DD","20281","STEHIR",NA,6,264,115.5,2011-07-27,1899-12-31 02:00:00,"Atlit Salt-Pans",32.695,34.932,"Yosef Kiat",NA,NA,NA,"I8T",NA,122,NA,NA,"I","8","T",NA,"W",27,7,NA,NA,NA,NA,NA,NA,NA,NA,NA,NA,NA,NA,NA,NA,NA,NA,2011,7,TRUE,FALSE,TRUE,"Summer adult",0.4375,120.304647421807
"Common Tern","WI8U",NA,NA,"DD","20282","STEHIR",NA,6,250,115.7,2011-07-27,1899-12-31 02:00:00,"Atlit Salt-Pans",32.695,34.932,"Yosef Kiat",NA,NA,NA,"I8U",NA,NA,NA,NA,"I","8","U",NA,"W",27,7,NA,NA,NA,NA,NA,NA,NA,NA,NA,NA,NA,NA,NA,NA,NA,NA,2011,7,TRUE,FALSE,TRUE,"Summer adult",0.4628,142.28856695818
"Common Tern","WI8V",NA,NA,"DD","20283","STEHIR",NA,6,257,117.1,2011-07-31,1899-12-31 20:30:00,"Atlit Salt-Pans",32.695,34.932,"Yosef Kiat",NA,NA,NA,"I8V",NA,128,NA,NA,"I","8","V",NA,"W",31,7,NA,NA,NA,NA,NA,NA,NA,NA,NA,NA,NA,NA,NA,NA,NA,NA,2011,7,TRUE,FALSE,TRUE,"Summer adult",0.455642023346303,132.383594149743
"Common Tern","WI8Y",NA,NA,"DD","20285","STEHIR",NA,6,260,115.1,2011-07-31,1899-12-31 20:30:00,"Atlit Salt-Pans",32.695,34.932,"Yosef Kiat",NA,NA,NA,"I8Y",NA,NA,NA,NA,"I","8","Y",NA,"W",31,7,NA,NA,NA,NA,NA,NA,NA,NA,NA,NA,NA,NA,NA,NA,NA,NA,2011,7,TRUE,FALSE,TRUE,"Summer adult",0.442692307692308,125.599571917915
"Common Tern","GI4M",NA,NA,"DD","20635","STEHIR",NA,6,272,108.5,2012-06-24,1899-12-31 20:30:00,"Atlit Salt-Pans",32.695,34.932,"Yosef Kiat",NA,NA,NA,"I4M",NA,150,NA,NA,"I","4","M",NA,"G",24,6,NA,NA,NA,NA,NA,NA,NA,NA,NA,NA,NA,NA,NA,NA,NA,NA,2012,6,TRUE,FALSE,TRUE,"Summer adult",0.398897058823529,103.183010439566
"Common Tern","GI4N",NA,NA,"DD","20636","STEHIR",NA,6,267,111.6,2012-06-24,1899-12-31 20:30:00,"Atlit Salt-Pans",32.695,34.932,"Yosef Kiat",NA,NA,NA,"I4N",NA,129,NA,NA,"I","4","N",NA,"G",24,6,NA,NA,NA,NA,NA,NA,NA,NA,NA,NA,NA,NA,NA,NA,NA,NA,2012,6,TRUE,FALSE,TRUE,"Summer adult",0.417977528089888,112.306598925823
"Common Tern","GI40",NA,NA,"DD","20637","STEHIR",NA,6,273,100.9,2012-06-24,1899-12-31 20:30:00,"Atlit Salt-Pans",32.695,34.932,"Yosef Kiat",NA,NA,NA,"I40",NA,148,NA,NA,"I","4","0",NA,"G",24,6,NA,NA,NA,NA,NA,NA,NA,NA,NA,NA,NA,NA,NA,NA,NA,NA,2012,6,TRUE,FALSE,TRUE,"Summer adult",0.36959706959707,94.8880047234646
"Common Tern","GI4P",NA,NA,"DD","20638","STEHIR",NA,6,274,118.7,2012-06-24,1899-12-31 20:30:00,"Atlit Salt-Pans",32.695,34.932,"Yosef Kiat",NA,NA,NA,"I4P",NA,142,NA,NA,"I","4","P",NA,"G",24,6,NA,NA,NA,NA,NA,NA,NA,NA,NA,NA,NA,NA,NA,NA,NA,NA,2012,6,TRUE,FALSE,TRUE,"Summer adult",0.433211678832117,110.390149785296
"Common Tern","GI4R",NA,NA,"DD","20639","STEHIR",NA,6,265,119.8,2012-06-24,1899-12-31 20:30:00,"Atlit Salt-Pans",32.695,34.932,"Yosef Kiat",NA,NA,NA,"I4R",NA,138,NA,NA,"I","4","R",NA,"G",24,6,NA,NA,NA,NA,NA,NA,NA,NA,NA,NA,NA,NA,NA,NA,NA,NA,2012,6,TRUE,FALSE,TRUE,"Summer adult",0.452075471698113,123.353644941955
"Common Tern","WIPV",NA,"R","DD","20333","STEHIR",NA,8,275,104.2,2012-06-24,1899-12-31 20:30:00,"Atlit Salt-Pans",32.695,34.932,"Yosef Kiat",NA,NA,NA,"IPV",NA,NA,NA,NA,"I","P","V",NA,"W",24,6,NA,NA,NA,NA,NA,NA,NA,NA,NA,NA,NA,NA,NA,NA,NA,NA,2012,6,FALSE,TRUE,TRUE,"Summer adult",0.378909090909091,95.8350584591708
"Common Tern","GI4S",NA,NA,"DD","20640","STEHIR",NA,6,269,107,2012-06-24,1899-12-31 20:30:00,"Atlit Salt-Pans",32.695,34.932,"Yosef Kiat",NA,NA,NA,"I4S",NA,135,NA,NA,"I","4","S",NA,"G",24,6,NA,NA,NA,NA,NA,NA,NA,NA,NA,NA,NA,NA,NA,NA,NA,NA,2012,6,TRUE,FALSE,TRUE,"Summer adult",0.397769516728625,105.255562202775
"Common Tern","WI60",NA,"R","DD","20231","STEHIR",NA,8,268,125,2012-06-24,1899-12-31 20:30:00,"Atlit Salt-Pans",32.695,34.932,"Yosef Kiat",NA,NA,NA,"I60",NA,130,NA,NA,"I","6","0",NA,"W",24,6,NA,NA,NA,NA,NA,NA,NA,NA,NA,NA,NA,NA,NA,NA,NA,NA,2012,6,FALSE,TRUE,TRUE,"Summer adult",0.466417910447761,124.366088670917
"Common Tern","GI4T",NA,NA,"DD","20641","STEHIR",NA,6,253,110.7,2012-06-24,1899-12-31 20:30:00,"Atlit Salt-Pans",32.695,34.932,"Yosef Kiat",NA,NA,NA,"I4T",NA,147,NA,NA,"I","4","T",NA,"G",24,6,NA,NA,NA,NA,NA,NA,NA,NA,NA,NA,NA,NA,NA,NA,NA,NA,2012,6,TRUE,FALSE,TRUE,"Summer adult",0.437549407114625,131.278069559961
"Common Tern","GI4U",NA,NA,"DD","20642","STEHIR",NA,6,273,106.6,2012-06-24,1899-12-31 20:30:00,"Atlit Salt-Pans",32.695,34.932,"Yosef Kiat",NA,NA,NA,"I4U",NA,NA,NA,NA,"I","4","U",NA,"G",24,6,NA,NA,NA,NA,NA,NA,NA,NA,NA,NA,NA,NA,NA,NA,NA,NA,2012,6,TRUE,FALSE,TRUE,"Summer adult",0.39047619047619,100.248377636485
"Common Tern","GI4V",NA,NA,"DD","20643","STEHIR",NA,6,272,113.8,2012-06-24,1899-12-31 20:30:00,"Atlit Salt-Pans",32.695,34.932,"Yosef Kiat",NA,NA,NA,"I4V",NA,140,NA,NA,"I","4","V",NA,"G",24,6,NA,NA,NA,NA,NA,NA,NA,NA,NA,NA,NA,NA,NA,NA,NA,NA,2012,6,TRUE,FALSE,TRUE,"Summer adult",0.418382352941176,108.223286525554
"Common Tern","GI4X","+","R","DD","20644","STEHIR",NA,10,274,117.2,2012-06-24,1899-12-31 20:30:00,"Atlit Salt-Pans",32.695,34.932,"Yosef Kiat",NA,NA,NA,"I4X",NA,142,NA,NA,"I","4","X",NA,"G",24,6,NA,NA,NA,NA,NA,"IKV",NA,NA,"DD-16968",NA,NA,NA,NA,NA,NA,NA,2012,6,FALSE,TRUE,TRUE,"Summer adult",0.427737226277372,108.995160529374
"Common Tern","GI4Y",NA,NA,"DD","20645","STEHIR",NA,6,264,123.4,2012-06-24,1899-12-31 20:30:00,"Atlit Salt-Pans",32.695,34.932,"Yosef Kiat",NA,NA,NA,"I4Y",NA,144,NA,NA,"I","4","Y",NA,"G",24,6,NA,NA,NA,NA,NA,NA,NA,NA,NA,NA,NA,NA,NA,NA,NA,NA,2012,6,TRUE,FALSE,TRUE,"Summer adult",0.467424242424242,128.533276985723
"Common Tern","RIJ4","+",NA,"DD","20646","STEHIR",NA,6,280,123.2,2012-06-24,1899-12-31 20:30:00,"Atlit Salt-Pans",32.695,34.932,"Yosef Kiat",NA,NA,NA,"IJ4",NA,141,NA,NA,"I","J","4",NA,"R",24,6,NA,NA,NA,NA,NA,"I4Z",NA,NA,NA,NA,NA,NA,NA,NA,NA,NA,2012,6,TRUE,FALSE,TRUE,"Summer adult",0.44,107.253859031198
"Common Tern","GI5A",NA,NA,"DD","20647","STEHIR",NA,6,278,112.6,2012-06-24,1899-12-31 20:30:00,"Atlit Salt-Pans",32.695,34.932,"Yosef Kiat",NA,NA,NA,"I5A",NA,133,NA,NA,"I","5","A",NA,"G",24,6,NA,NA,NA,NA,NA,NA,NA,NA,NA,NA,NA,NA,NA,NA,NA,NA,2012,6,TRUE,FALSE,TRUE,"Summer adult",0.405035971223022,100.19150108708
"Common Tern","GI5B",NA,NA,"DD","20648","STEHIR",NA,6,269,130.1,2012-06-24,1899-12-31 20:30:00,"Atlit Salt-Pans",32.695,34.932,"Yosef Kiat",NA,NA,NA,"I5B",NA,152,NA,NA,"I","5","B",NA,"G",24,6,NA,NA,NA,NA,NA,NA,NA,NA,NA,NA,NA,NA,NA,NA,NA,NA,2012,6,TRUE,FALSE,TRUE,"Summer adult",0.48364312267658,127.978959276459
"Common Tern","GI5C",NA,NA,"DD","20649","STEHIR",NA,6,272,112.2,2012-06-24,1899-12-31 20:30:00,"Atlit Salt-Pans",32.695,34.932,"Yosef Kiat",NA,NA,NA,"I5C",NA,136,NA,NA,"I","5","C",NA,"G",24,6,NA,NA,NA,NA,NA,NA,NA,NA,NA,NA,NA,NA,NA,NA,NA,NA,2012,6,TRUE,FALSE,TRUE,"Summer adult",0.4125,106.701693744878
"Common Tern","GI5D",NA,NA,"DD","20650","STEHIR",NA,6,268,100.2,2012-06-24,1899-12-31 20:30:00,"Atlit Salt-Pans",32.695,34.932,"Yosef Kiat",NA,NA,NA,"I5D",NA,147,NA,NA,"I","5","D",NA,"G",24,6,NA,NA,NA,NA,NA,NA,NA,NA,NA,NA,NA,NA,NA,NA,NA,NA,2012,6,TRUE,FALSE,TRUE,"Summer adult",0.373880597014925,99.6918566786072
"Common Tern","GI5E",NA,NA,"DD","20651","STEHIR",NA,6,274,119.1,2012-06-24,1899-12-31 20:30:00,"Atlit Salt-Pans",32.695,34.932,"Yosef Kiat",NA,NA,NA,"I5E",NA,NA,NA,NA,"I","5","E",NA,"G",24,6,NA,NA,NA,NA,NA,NA,NA,NA,NA,NA,NA,NA,NA,NA,NA,NA,2012,6,TRUE,FALSE,TRUE,"Summer adult",0.434671532846715,110.762146920209
"Common Tern","GI5F",NA,NA,"DD","20652","STEHIR",NA,6,269,112.4,2012-06-24,1899-12-31 20:30:00,"Atlit Salt-Pans",32.695,34.932,"Yosef Kiat",NA,NA,NA,"I5F",NA,141,NA,NA,"I","5","F",NA,"G",24,6,NA,NA,NA,NA,NA,NA,NA,NA,NA,NA,NA,NA,NA,NA,NA,NA,2012,6,TRUE,FALSE,TRUE,"Summer adult",0.417843866171004,110.567525155065
"Common Tern","GI5G",NA,NA,"DD","20654","STEHIR",NA,6,271,119.2,2012-06-24,1899-12-31 21:30:00,"Atlit Salt-Pans",32.695,34.932,"Yosef Kiat",NA,NA,NA,"I5G",NA,154,NA,NA,"I","5","G",NA,"G",24,6,NA,NA,NA,NA,NA,NA,NA,NA,NA,NA,NA,NA,NA,NA,NA,NA,2012,6,TRUE,FALSE,TRUE,"Summer adult",0.439852398523985,114.638610713261
"Common Tern","GI5H",NA,NA,"DD","20655","STEHIR",NA,6,267,96.7,2012-06-24,1899-12-31 21:30:00,"Atlit Salt-Pans",32.695,34.932,"Yosef Kiat",NA,NA,NA,"I5H",NA,132,NA,NA,"I","5","H",NA,"G",24,6,NA,NA,NA,NA,NA,NA,NA,NA,NA,NA,NA,NA,NA,NA,NA,NA,2012,6,TRUE,FALSE,TRUE,"Summer adult",0.362172284644195,97.3122591050814
"Common Tern","GI5J",NA,NA,"DD","20656","STEHIR",NA,6,259,114.3,2012-06-24,1899-12-31 21:30:00,"Atlit Salt-Pans",32.695,34.932,"Yosef Kiat",NA,NA,NA,"I5J",NA,134,NA,NA,"I","5","J",NA,"G",24,6,NA,NA,NA,NA,NA,NA,NA,NA,NA,NA,NA,NA,NA,NA,NA,NA,2012,6,TRUE,FALSE,TRUE,"Summer adult",0.441312741312741,126.200407752989
"Common Tern","GI5K",NA,NA,"DD","20657","STEHIR",NA,6,263,108.7,2012-06-24,1899-12-31 21:30:00,"Atlit Salt-Pans",32.695,34.932,"Yosef Kiat",NA,NA,NA,"I5K",NA,145,NA,NA,"I","5","K",NA,"G",24,6,NA,NA,NA,NA,NA,NA,NA,NA,NA,NA,NA,NA,NA,NA,NA,NA,2012,6,TRUE,FALSE,TRUE,"Summer adult",0.413307984790875,114.539217401482
"Common Tern","GI5L",NA,NA,"DD","20658","STEHIR",NA,6,269,121.4,2012-06-24,1899-12-31 21:30:00,"Atlit Salt-Pans",32.695,34.932,"Yosef Kiat",NA,NA,NA,"I5L",NA,136,NA,NA,"I","5","L",NA,"G",24,6,NA,NA,NA,NA,NA,NA,NA,NA,NA,NA,NA,NA,NA,NA,NA,NA,2012,6,TRUE,FALSE,TRUE,"Summer adult",0.451301115241636,119.420796742214
"Common Tern","GI5M",NA,NA,"DD","20660","STEHIR",NA,6,271,128.5,2012-06-24,1899-12-31 23:00:00,"Atlit Salt-Pans",32.695,34.932,"Yosef Kiat",NA,NA,NA,"I5M",NA,139,NA,NA,"I","5","M",NA,"G",24,6,NA,NA,NA,NA,NA,NA,NA,NA,NA,NA,NA,NA,NA,NA,NA,NA,2012,6,TRUE,FALSE,TRUE,"Summer adult",0.474169741697417,123.582730508843
"Common Tern","GI5N",NA,NA,"DD","20661","STEHIR",NA,6,281,120.8,2012-06-24,1899-12-31 23:00:00,"Atlit Salt-Pans",32.695,34.932,"Yosef Kiat",NA,NA,NA,"I5N",NA,156,NA,NA,"I","5","N",NA,"G",24,6,NA,NA,NA,NA,NA,NA,NA,NA,NA,NA,NA,NA,NA,NA,NA,NA,2012,6,TRUE,FALSE,TRUE,"Summer adult",0.429893238434164,104.027798365065
"Common Tern","GI50",NA,NA,"DD","20662","STEHIR",NA,6,259,105,2012-06-25,1899-12-31 00:30:00,"Atlit Salt-Pans",32.695,34.932,"Yosef Kiat",NA,NA,NA,"I50",NA,155,NA,NA,"I","5","0",NA,"G",25,6,NA,NA,NA,NA,NA,NA,NA,NA,NA,NA,NA,NA,NA,NA,NA,NA,2012,6,TRUE,FALSE,TRUE,"Summer adult",0.405405405405405,115.932133106421
"Common Tern","GI5T",NA,NA,"DD","20666","STEHIR",NA,6,261,113.9,2012-07-01,1899-12-31 20:30:00,"Atlit Salt-Pans",32.695,34.932,"Yosef Kiat",NA,NA,NA,"I5T",NA,160,NA,NA,"I","5","T",NA,"G",1,7,NA,NA,NA,NA,NA,NA,NA,NA,NA,NA,NA,NA,NA,NA,NA,NA,2012,7,TRUE,FALSE,TRUE,"Summer adult",0.43639846743295,122.844142117871
"Common Tern","GI5Y",NA,NA,"DD","20670","STEHIR",NA,6,277,130.4,2012-07-01,1899-12-31 20:30:00,"Atlit Salt-Pans",32.695,34.932,"Yosef Kiat",NA,NA,NA,"I5Y",NA,133,NA,NA,"I","5","Y",NA,"G",1,7,NA,NA,NA,NA,NA,NA,NA,NA,NA,NA,NA,NA,NA,NA,NA,NA,2012,7,TRUE,FALSE,TRUE,"Summer adult",0.470758122743682,117.311572158502
"Common Tern","GI5Z",NA,NA,"DD","20671","STEHIR",NA,6,265,121.3,2012-07-01,1899-12-31 20:30:00,"Atlit Salt-Pans",32.695,34.932,"Yosef Kiat",NA,NA,NA,"I5Z",NA,148,NA,NA,"I","5","Z",NA,"G",1,7,NA,NA,NA,NA,NA,NA,NA,NA,NA,NA,NA,NA,NA,NA,NA,NA,2012,7,TRUE,FALSE,TRUE,"Summer adult",0.457735849056604,124.898139661596
"Common Tern","GI6A",NA,NA,"DD","20672","STEHIR",NA,6,270,117.1,2012-07-01,1899-12-31 20:30:00,"Atlit Salt-Pans",32.695,34.932,"Yosef Kiat",NA,NA,NA,"I6A",NA,139,NA,NA,"I","6","A",NA,"G",1,7,NA,NA,NA,NA,NA,NA,NA,NA,NA,NA,NA,NA,NA,NA,NA,NA,2012,7,TRUE,FALSE,TRUE,"Summer adult",0.433703703703704,113.895294813481
"Common Tern","GI6B",NA,NA,"DD","20673","STEHIR",NA,6,255,102.2,2012-07-01,1899-12-31 21:00:00,"Atlit Salt-Pans",32.695,34.932,"Yosef Kiat",NA,NA,NA,"I6B",NA,130,NA,NA,"I","6","B",NA,"G",1,7,NA,NA,NA,NA,NA,NA,NA,NA,NA,NA,NA,NA,NA,NA,NA,NA,2012,7,TRUE,FALSE,TRUE,"Summer adult",0.40078431372549,118.323523010131
"Common Tern","GI6C",NA,NA,"DD","20674","STEHIR",NA,6,275,114.5,2012-07-01,1899-12-31 21:00:00,"Atlit Salt-Pans",32.695,34.932,"Yosef Kiat",NA,NA,NA,"I6C",NA,143,NA,NA,"I","6","C",NA,"G",1,7,NA,NA,NA,NA,NA,NA,NA,NA,NA,NA,NA,NA,NA,NA,NA,NA,2012,7,TRUE,FALSE,TRUE,"Summer adult",0.416363636363636,105.308197635077
"Common Tern","GI6D",NA,NA,"DD","20675","STEHIR",NA,6,267,121,2012-07-01,1899-12-31 21:00:00,"Atlit Salt-Pans",32.695,34.932,"Yosef Kiat",NA,NA,NA,"I6D",NA,139,NA,NA,"I","6","D",NA,"G",1,7,NA,NA,NA,NA,NA,NA,NA,NA,NA,NA,NA,NA,NA,NA,NA,NA,2012,7,TRUE,FALSE,TRUE,"Summer adult",0.453183520599251,121.766115322801
"Common Tern","GI6G",NA,NA,"DD","20678","STEHIR",NA,6,252,123.6,2012-07-01,1899-12-31 21:00:00,"Atlit Salt-Pans",32.695,34.932,"Yosef Kiat",NA,NA,NA,"I6G",NA,122,NA,NA,"I","6","G",NA,"G",1,7,NA,NA,NA,NA,NA,NA,NA,NA,NA,NA,NA,NA,NA,NA,NA,NA,2012,7,TRUE,FALSE,TRUE,"Summer adult",0.49047619047619,148.356355934991
"Common Tern","GI6H",NA,NA,"DD","20679","STEHIR",NA,6,265,113.2,2012-07-01,1899-12-31 21:00:00,"Atlit Salt-Pans",32.695,34.932,"Yosef Kiat",NA,NA,NA,"I6H",NA,127,NA,NA,"I","6","H",NA,"G",1,7,NA,NA,NA,NA,NA,NA,NA,NA,NA,NA,NA,NA,NA,NA,NA,NA,2012,7,TRUE,FALSE,TRUE,"Summer adult",0.427169811320755,116.557868175537
"Common Tern","NGA3","+",NA,"DD","20681","STEHIR",NA,6,270,117.7,2012-07-01,1899-12-31 22:00:00,"Atlit Salt-Pans",32.695,34.932,"Yosef Kiat",NA,NA,NA,"GA3",NA,136,NA,NA,"G","A","3",NA,"N",1,7,NA,NA,NA,NA,NA,"I6K",NA,NA,NA,NA,NA,NA,NA,NA,NA,NA,2012,7,TRUE,FALSE,TRUE,"Summer adult",0.435925925925926,114.478874462398
"Common Tern","GI6L",NA,NA,"DD","20682","STEHIR",NA,6,277,105.8,2012-07-01,1899-12-31 23:00:00,"Atlit Salt-Pans",32.695,34.932,"Yosef Kiat",NA,NA,NA,"I6L",NA,132,NA,NA,"I","6","L",NA,"G",1,7,NA,NA,NA,NA,NA,NA,NA,NA,NA,NA,NA,NA,NA,NA,NA,NA,2012,7,TRUE,FALSE,TRUE,"Summer adult",0.381949458483755,95.1807080856557
"Common Tern","GI6N",NA,NA,"DD","20684","STEHIR",NA,6,266,115.8,2012-07-02,1899-12-31,"Atlit Salt-Pans",32.695,34.932,"Yosef Kiat",NA,NA,NA,"I6N",NA,122,NA,NA,"I","6","N",NA,"G",2,7,NA,NA,NA,NA,NA,NA,NA,NA,NA,NA,NA,NA,NA,NA,NA,NA,2012,7,TRUE,FALSE,TRUE,"Summer adult",0.435338345864662,117.873812027014
"Common Tern","GI60",NA,NA,"DD","20685","STEHIR",NA,6,270,119,2012-07-02,1899-12-31,"Atlit Salt-Pans",32.695,34.932,"Yosef Kiat",NA,NA,NA,"I60",NA,138,NA,NA,"I","6","0",NA,"G",2,7,NA,NA,NA,NA,NA,NA,NA,NA,NA,NA,NA,NA,NA,NA,NA,NA,2012,7,TRUE,FALSE,TRUE,"Summer adult",0.440740740740741,115.743297035049
"Common Tern","GI6Z",NA,NA,"DD","20694","STEHIR",NA,6,276,130.7,2012-07-11,1899-12-31 21:30:00,"Atlit Salt-Pans",32.695,34.932,"Yosef Kiat",NA,NA,NA,"I6Z",NA,NA,NA,NA,"I","6","Z",NA,"G",11,7,NA,NA,NA,NA,NA,NA,NA,NA,NA,NA,NA,NA,NA,NA,NA,NA,2012,7,TRUE,FALSE,TRUE,"Summer adult",0.473550724637681,118.884949122787
"Common Tern","GI7E",NA,NA,"DD","20699","STEHIR",NA,6,257,120.2,2012-07-11,1899-12-31 22:30:00,"Atlit Salt-Pans",32.695,34.932,"Yosef Kiat",NA,NA,NA,"I7E",NA,148,NA,NA,"I","7","E",NA,"G",11,7,NA,NA,NA,NA,NA,NA,NA,NA,NA,NA,NA,NA,NA,NA,NA,NA,2012,7,TRUE,FALSE,TRUE,"Summer adult",0.467704280155642,135.888198264724
"Common Tern","GI7F",NA,NA,"DD","20700","STEHIR",NA,6,265,115.6,2012-07-11,1899-12-31 22:30:00,"Atlit Salt-Pans",32.695,34.932,"Yosef Kiat",NA,NA,NA,"I7F",NA,130,NA,NA,"I","7","F",NA,"G",11,7,NA,NA,NA,NA,NA,NA,NA,NA,NA,NA,NA,NA,NA,NA,NA,NA,2012,7,TRUE,FALSE,TRUE,"Summer adult",0.43622641509434,119.029059726962
"Common Tern","GI7J",NA,NA,"DD","20703","STEHIR",NA,6,269,111.3,2012-07-12,1899-12-31 00:30:00,"Atlit Salt-Pans",32.695,34.932,"Yosef Kiat",NA,NA,NA,"I7J",NA,144,NA,NA,"I","7","J",NA,"G",12,7,NA,NA,NA,NA,NA,NA,NA,NA,NA,NA,NA,NA,NA,NA,NA,NA,2012,7,TRUE,FALSE,TRUE,"Summer adult",0.413754646840149,109.485458627747
"Common Tern","GI7K",NA,NA,"DD","20704","STEHIR",NA,6,273,121,2012-07-12,1899-12-31 02:00:00,"Atlit Salt-Pans",32.695,34.932,"Yosef Kiat",NA,NA,NA,"I7K",NA,134,NA,NA,"I","7","K",NA,"G",12,7,NA,NA,NA,NA,NA,NA,NA,NA,NA,NA,NA,NA,NA,NA,NA,NA,2012,7,TRUE,FALSE,TRUE,"Summer adult",0.443223443223443,113.790372364115
"Common Tern","GI7L",NA,NA,"DD","20705","STEHIR",NA,6,262,97.8,2012-07-12,1899-12-31 02:00:00,"Atlit Salt-Pans",32.695,34.932,"Yosef Kiat",NA,NA,NA,"I7L",NA,NA,NA,NA,"I","7","L",NA,"G",12,7,NA,NA,NA,NA,NA,NA,NA,NA,NA,NA,NA,NA,NA,NA,NA,NA,2012,7,TRUE,FALSE,TRUE,"Summer adult",0.373282442748092,104.257404543437
"Common Tern","GI7M",NA,NA,"DD","20706","STEHIR",NA,6,260,97.9,2012-07-12,1899-12-31 02:00:00,"Atlit Salt-Pans",32.695,34.932,"Yosef Kiat",NA,NA,NA,"I7M",NA,NA,NA,NA,"I","7","M",NA,"G",12,7,NA,NA,NA,NA,NA,NA,NA,NA,NA,NA,NA,NA,NA,NA,NA,NA,2012,7,TRUE,FALSE,TRUE,"Summer adult",0.376538461538462,106.830565514891
"Common Tern","GI7N",NA,NA,"DD","20707","STEHIR","M",6,269,104.1,2012-07-12,1899-12-31 02:00:00,"Atlit Salt-Pans",32.695,34.932,"Yosef Kiat",NA,NA,NA,"I7N",NA,135,NA,NA,"I","7","N",NA,"G",12,7,NA,NA,NA,NA,NA,NA,NA,NA,NA,NA,NA,NA,NA,NA,NA,NA,2012,7,TRUE,FALSE,TRUE,"Summer adult",0.386988847583643,102.402841358027
"Common Tern","RG3B","+",NA,"DD","20708","STEHIR",NA,6,275,103.3,2012-07-12,1899-12-31 02:00:00,"Atlit Salt-Pans",32.695,34.932,"Yosef Kiat",NA,NA,NA,"G3B",NA,NA,NA,NA,"G","3","B",NA,"R",12,7,NA,NA,NA,NA,NA,"I70",NA,NA,NA,NA,NA,NA,NA,NA,NA,NA,2012,7,TRUE,FALSE,TRUE,"Summer adult",0.375636363636364,95.0073084340916
"Common Tern","GI7R",NA,NA,"DD","20711","STEHIR",NA,6,263,116,2012-07-18,1899-12-31 21:00:00,"Atlit Salt-Pans",32.695,34.932,"Yosef Kiat",NA,NA,NA,"I7R",NA,158,NA,NA,"I","7","R",NA,"G",18,7,NA,NA,NA,NA,NA,NA,NA,NA,NA,NA,NA,NA,NA,NA,NA,NA,2012,7,TRUE,FALSE,TRUE,"Summer adult",0.44106463878327,122.231363556319
"Common Tern","GI7S",NA,NA,"DD","20712","STEHIR",NA,6,279,112.5,2012-07-18,1899-12-31 21:00:00,"Atlit Salt-Pans",32.695,34.932,"Yosef Kiat",NA,NA,NA,"I7S",NA,130,NA,NA,"I","7","S",NA,"G",18,7,NA,NA,NA,NA,NA,NA,NA,NA,NA,NA,NA,NA,NA,NA,NA,NA,2012,7,TRUE,FALSE,TRUE,"Summer adult",0.403225806451613,99.0128074147453
"Common Tern","GI7T",NA,NA,"DD","20713","STEHIR",NA,6,277,120.6,2012-07-18,1899-12-31 21:00:00,"Atlit Salt-Pans",32.695,34.932,"Yosef Kiat",NA,NA,NA,"I7T",NA,135,NA,NA,"I","7","T",NA,"G",18,7,NA,NA,NA,NA,NA,NA,NA,NA,NA,NA,NA,NA,NA,NA,NA,NA,2012,7,TRUE,FALSE,TRUE,"Summer adult",0.435379061371841,108.495211674197
"Common Tern","GI8D",NA,NA,"DD","20722","STEHIR",NA,6,272,116.5,2012-07-18,1899-12-31 21:30:00,"Atlit Salt-Pans",32.695,34.932,"Yosef Kiat",NA,NA,NA,"I8D",NA,135,NA,NA,"I","8","D",NA,"G",18,7,NA,NA,NA,NA,NA,NA,NA,NA,NA,NA,NA,NA,NA,NA,NA,NA,2012,7,TRUE,FALSE,TRUE,"Summer adult",0.428308823529412,110.790974342944
"Common Tern","GI8K",NA,NA,"DD","20728","STEHIR",NA,6,275,122.5,2012-07-18,1899-12-31 21:30:00,"Atlit Salt-Pans",32.695,34.932,"Yosef Kiat",NA,NA,NA,"I8K",NA,146,NA,NA,"I","8","K",NA,"G",18,7,NA,NA,NA,NA,NA,NA,NA,NA,NA,NA,NA,NA,NA,NA,NA,NA,2012,7,TRUE,FALSE,TRUE,"Summer adult",0.445454545454545,112.665975635781
"Common Tern","GI8L",NA,NA,"DD","20729","STEHIR","F",6,269,126.4,2012-07-18,1899-12-31 21:30:00,"Atlit Salt-Pans",32.695,34.932,"Yosef Kiat",NA,NA,NA,"I8L",NA,121,NA,NA,"I","8","L",NA,"G",18,7,NA,NA,NA,NA,NA,NA,NA,NA,NA,NA,NA,NA,NA,NA,NA,NA,2012,7,TRUE,FALSE,TRUE,"Summer adult",0.469888475836431,124.339280957297
"Common Tern","GI8T",NA,"R","DD","20099","STEHIR",NA,8,256,119.6,2012-07-18,1899-12-31 21:30:00,"Atlit Salt-Pans",32.695,34.932,"Yosef Kiat",NA,NA,NA,"I8T",NA,131,NA,NA,"I","8","T",NA,"G",18,7,NA,NA,NA,NA,NA,NA,NA,NA,NA,NA,NA,NA,NA,NA,NA,NA,2012,7,FALSE,TRUE,TRUE,"Summer adult",0.4671875,136.826372615355
"Common Tern","GI8X",NA,NA,"DD","20739","STEHIR",NA,6,271,114.2,2012-07-18,1899-12-31 21:30:00,"Atlit Salt-Pans",32.695,34.932,"Yosef Kiat",NA,NA,NA,"I8X",NA,129,NA,NA,"I","8","X",NA,"G",18,7,NA,NA,NA,NA,NA,NA,NA,NA,NA,NA,NA,NA,NA,NA,NA,NA,2012,7,TRUE,FALSE,TRUE,"Summer adult",0.42140221402214,109.829944156497
"Common Tern","GI9C",NA,NA,"DD","20744","STEHIR",NA,6,261,106.4,2012-07-19,1899-12-31,"Atlit Salt-Pans",32.695,34.932,"Yosef Kiat",NA,NA,NA,"I9C",NA,121,NA,NA,"I","9","C",NA,"G",19,7,NA,NA,NA,NA,NA,NA,NA,NA,NA,NA,NA,NA,NA,NA,NA,NA,2012,7,TRUE,FALSE,TRUE,"Summer adult",0.407662835249042,114.755195095184
"Common Tern","GI9D",NA,NA,"DD","20745","STEHIR",NA,6,267,109.3,2012-07-19,1899-12-31 01:00:00,"Atlit Salt-Pans",32.695,34.932,"Yosef Kiat",NA,NA,NA,"I9D",NA,122,NA,NA,"I","9","D",NA,"G",19,7,NA,NA,NA,NA,NA,NA,NA,NA,NA,NA,NA,NA,NA,NA,NA,NA,2012,7,TRUE,FALSE,TRUE,"Summer adult",0.40936329588015,109.992036403158
"Common Tern","GI9G",NA,NA,"DD","20748","STEHIR",NA,6,277,112.4,2012-07-19,1899-12-31 01:00:00,"Atlit Salt-Pans",32.695,34.932,"Yosef Kiat",NA,NA,NA,"I9G",NA,130,NA,NA,"I","9","G",NA,"G",19,7,NA,NA,NA,NA,NA,NA,NA,NA,NA,NA,NA,NA,NA,NA,NA,NA,2012,7,TRUE,FALSE,TRUE,"Summer adult",0.405776173285199,101.118256983249
"Common Tern","GI9R",NA,NA,"DD","20757","STEHIR",NA,6,264,96.5,2012-07-19,1899-12-31 01:00:00,"Atlit Salt-Pans",32.695,34.932,"Yosef Kiat",NA,NA,NA,"I9R",NA,117,NA,NA,"I","9","R",NA,"G",19,7,NA,NA,NA,NA,NA,NA,NA,NA,NA,NA,NA,NA,NA,NA,NA,NA,2012,7,TRUE,FALSE,TRUE,"Summer adult",0.365530303030303,100.51427252125
"Common Tern","GI9Y",NA,NA,"DD","20763","STEHIR",NA,6,262,119,2012-07-22,1899-12-31 21:00:00,"Atlit Salt-Pans",32.695,34.932,"Yosef Kiat",NA,NA,NA,"I9Y",NA,124,NA,NA,"I","9","Y",NA,"G",22,7,NA,NA,NA,NA,NA,NA,NA,NA,NA,NA,NA,NA,NA,NA,NA,NA,2012,7,TRUE,FALSE,TRUE,"Summer adult",0.454198473282443,126.857169127495
"Common Tern","GI05",NA,NA,"DD","20770","STEHIR",NA,6,267,101,2012-07-22,1899-12-31 22:30:00,"Atlit Salt-Pans",32.695,34.932,"Yosef Kiat",NA,NA,NA,"I05",NA,124,NA,NA,"I","0","5",NA,"G",22,7,NA,NA,NA,NA,NA,NA,NA,NA,NA,NA,NA,NA,NA,NA,NA,NA,2012,7,TRUE,FALSE,TRUE,"Summer adult",0.378277153558052,101.639484690933
"Common Tern","GI07",NA,NA,"DD","20772","STEHIR",NA,6,262,131.4,2012-07-22,1899-12-31 22:30:00,"Atlit Salt-Pans",32.695,34.932,"Yosef Kiat",NA,NA,NA,"I07",NA,136,NA,NA,"I","0","7",NA,"G",22,7,NA,NA,NA,NA,NA,NA,NA,NA,NA,NA,NA,NA,NA,NA,NA,NA,2012,7,TRUE,FALSE,TRUE,"Summer adult",0.501526717557252,140.075899355906
"Common Tern","GI13",NA,NA,"DD","20778","STEHIR",NA,6,263,122,2012-07-31,1899-12-31 21:00:00,"Atlit Salt-Pans",32.695,34.932,"Yosef Kiat",NA,NA,NA,"I13",NA,120,NA,NA,"I","1","3",NA,"G",31,7,NA,NA,NA,NA,NA,NA,NA,NA,NA,NA,NA,NA,NA,NA,NA,NA,2012,7,TRUE,FALSE,TRUE,"Summer adult",0.463878326996198,128.553675464405
"Common Tern","GI14",NA,NA,"DD","20779","STEHIR",NA,6,257,132,2012-07-31,1899-12-31 21:00:00,"Atlit Salt-Pans",32.695,34.932,"Yosef Kiat",NA,NA,NA,"I14",NA,135,NA,NA,"I","1","4",NA,"G",31,7,NA,NA,NA,NA,NA,NA,NA,NA,NA,NA,NA,NA,NA,NA,NA,NA,2012,7,TRUE,FALSE,TRUE,"Summer adult",0.513618677042802,149.228304250778
"Common Tern","GI17",NA,NA,"DD","20782","STEHIR",NA,6,266,139.2,2012-07-31,1899-12-31 21:00:00,"Atlit Salt-Pans",32.695,34.932,"Yosef Kiat",NA,NA,NA,"I17",NA,141,NA,NA,"I","1","7",NA,"G",31,7,NA,NA,NA,NA,NA,NA,NA,NA,NA,NA,NA,NA,NA,NA,NA,NA,2012,7,TRUE,FALSE,TRUE,"Summer adult",0.523308270676692,141.692872488431
"Common Tern","GI21",NA,NA,"DD","20786","STEHIR",NA,6,273,125.1,2012-07-31,1899-12-31 21:00:00,"Atlit Salt-Pans",32.695,34.932,"Yosef Kiat",NA,NA,NA,"I21",NA,130,NA,NA,"I","2","1",NA,"G",31,7,NA,NA,NA,NA,NA,NA,NA,NA,NA,NA,NA,NA,NA,NA,NA,NA,2012,7,TRUE,FALSE,TRUE,"Summer adult",0.458241758241758,117.646079196288
"Common Tern","GI22",NA,NA,"DD","20787","STEHIR",NA,6,271,122.6,2012-07-31,1899-12-31 21:00:00,"Atlit Salt-Pans",32.695,34.932,"Yosef Kiat",NA,NA,NA,"I22",NA,134,NA,NA,"I","2","2",NA,"G",31,7,NA,NA,NA,NA,NA,NA,NA,NA,NA,NA,NA,NA,NA,NA,NA,NA,2012,7,TRUE,FALSE,TRUE,"Summer adult",0.45239852398524,117.908503971861
"Common Tern","GI23",NA,NA,"DD","20788","STEHIR",NA,6,259,104,2012-07-31,1899-12-31 21:00:00,"Atlit Salt-Pans",32.695,34.932,"Yosef Kiat",NA,NA,NA,"I23",NA,102,NA,NA,"I","2","3",NA,"G",31,7,NA,NA,NA,NA,NA,NA,NA,NA,NA,NA,NA,NA,NA,NA,NA,NA,2012,7,TRUE,FALSE,TRUE,"Summer adult",0.401544401544402,114.828017553026
"Common Tern","GI24",NA,NA,"DD","20789","STEHIR",NA,6,264,110.3,2012-07-31,1899-12-31 21:00:00,"Atlit Salt-Pans",32.695,34.932,"Yosef Kiat",NA,NA,NA,"I24",NA,125,NA,NA,"I","2","4",NA,"G",31,7,NA,NA,NA,NA,NA,NA,NA,NA,NA,NA,NA,NA,NA,NA,NA,NA,2012,7,TRUE,FALSE,TRUE,"Summer adult",0.41780303030303,114.888334291128
"Common Tern","RGZN","+",NA,"DD","20790","STEHIR","M",6,258,94,2012-07-31,1899-12-31 21:00:00,"Atlit Salt-Pans",32.695,34.932,"Yosef Kiat",NA,NA,NA,"GZN",NA,117,NA,NA,"G","Z","N",NA,"R",31,7,NA,NA,NA,NA,NA,"I25",NA,NA,NA,NA,NA,NA,NA,NA,NA,NA,2012,7,TRUE,FALSE,TRUE,"Summer adult",0.364341085271318,105.018015984605
"Common Tern","GI28",NA,NA,"DD","20793","STEHIR",NA,6,258,110.1,2012-07-31,1899-12-31 21:00:00,"Atlit Salt-Pans",32.695,34.932,"Yosef Kiat",NA,NA,NA,"I28",NA,114,NA,NA,"I","2","8",NA,"G",31,7,NA,NA,NA,NA,NA,NA,NA,NA,NA,NA,NA,NA,NA,NA,NA,NA,2012,7,TRUE,FALSE,TRUE,"Summer adult",0.426744186046512,123.005144254309
"Common Tern","GI29",NA,NA,"DD","20794","STEHIR",NA,6,267,122.8,2012-07-31,1899-12-31 21:00:00,"Atlit Salt-Pans",32.695,34.932,"Yosef Kiat",NA,NA,NA,"I29",NA,135,NA,NA,"I","2","9",NA,"G",31,7,NA,NA,NA,NA,NA,NA,NA,NA,NA,NA,NA,NA,NA,NA,NA,NA,2012,7,TRUE,FALSE,TRUE,"Summer adult",0.459925093632959,123.577512079669
"Common Tern","GI32",NA,NA,"DD","20797","STEHIR",NA,6,254,115.5,2012-07-31,1899-12-31 21:00:00,"Atlit Salt-Pans",32.695,34.932,"Yosef Kiat",NA,NA,NA,"I32",NA,115,NA,NA,"I","3","2",NA,"G",31,7,NA,NA,NA,NA,NA,NA,NA,NA,NA,NA,NA,NA,NA,NA,NA,NA,2012,7,TRUE,FALSE,TRUE,"Summer adult",0.454724409448819,135.333122594281
"Common Tern","GI35",NA,NA,"DD","20800","STEHIR",NA,6,261,100.6,2012-07-31,1899-12-31 23:30:00,"Atlit Salt-Pans",32.695,34.932,"Yosef Kiat",NA,NA,NA,"I35",NA,141,NA,NA,"I","3","5",NA,"G",31,7,NA,NA,NA,NA,NA,NA,NA,NA,NA,NA,NA,NA,NA,NA,NA,NA,2012,7,TRUE,FALSE,TRUE,"Summer adult",0.38544061302682,108.499742730973
"Common Tern","GI38",NA,NA,"DD","20803","STEHIR",NA,6,265,111.2,2012-07-31,1899-12-31 23:30:00,"Atlit Salt-Pans",32.695,34.932,"Yosef Kiat",NA,NA,NA,"I38",NA,155,NA,NA,"I","3","8",NA,"G",31,7,NA,NA,NA,NA,NA,NA,NA,NA,NA,NA,NA,NA,NA,NA,NA,NA,2012,7,TRUE,FALSE,TRUE,"Summer adult",0.419622641509434,114.498541882683
"Common Tern","GI39",NA,NA,"DD","20804","STEHIR",NA,6,271,108,2012-07-31,1899-12-31 23:30:00,"Atlit Salt-Pans",32.695,34.932,"Yosef Kiat",NA,NA,NA,"I39",NA,151,NA,NA,"I","3","9",NA,"G",31,7,NA,NA,NA,NA,NA,NA,NA,NA,NA,NA,NA,NA,NA,NA,NA,NA,2012,7,TRUE,FALSE,TRUE,"Summer adult",0.398523985239852,103.867197626109
"Common Tern","GGK2","+","R","DD","20212","STEHIR",NA,10,268,95,2013-06-30,1899-12-31 21:00:00,"Atlit Salt-Pans",32.695,34.932,"Yosef Kiat",NA,NA,NA,"GK2",NA,143,NA,NA,"G","K","2",NA,"G",30,6,NA,NA,NA,NA,NA,"I5T",NA,NA,NA,NA,NA,NA,NA,NA,NA,NA,2013,6,FALSE,TRUE,TRUE,"Summer adult",0.354477611940299,94.5182273898971
"Common Tern","GGTM","+",NA,"DD","20971","STEHIR",NA,6,276,102,2013-06-30,1899-12-31 21:30:00,"Atlit Salt-Pans",32.695,34.932,"Yosef Kiat",NA,NA,NA,"GTM",NA,136,NA,NA,"G","T","M",NA,"G",30,6,NA,NA,NA,NA,NA,"IVE",NA,NA,NA,NA,NA,NA,NA,NA,NA,NA,2013,6,TRUE,FALSE,TRUE,"Summer adult",0.369565217391304,92.7793788104383
"Common Tern","RILU","+",NA,"DD","20972","STEHIR",NA,6,272,117,2013-06-30,1899-12-31 21:30:00,"Atlit Salt-Pans",32.695,34.932,"Yosef Kiat",NA,NA,NA,"ILU",NA,135,NA,NA,"I","L","U",NA,"R",30,6,NA,NA,NA,NA,NA,"IVF",NA,NA,NA,NA,NA,NA,NA,NA,NA,NA,2013,6,TRUE,FALSE,TRUE,"Summer adult",0.430147058823529,111.266472086905
"Common Tern","WIVH",NA,NA,"DD","20974","STEHIR",NA,6,273,119,2013-06-30,1899-12-31 21:30:00,"Atlit Salt-Pans",32.695,34.932,"Yosef Kiat",NA,NA,NA,"IVH",NA,137,NA,NA,"I","V","H",NA,"W",30,6,NA,NA,NA,NA,NA,NA,NA,NA,NA,NA,NA,NA,NA,NA,NA,NA,2013,6,TRUE,FALSE,TRUE,"Summer adult",0.435897435897436,111.909539763055
"Common Tern","WIVJ",NA,NA,"DD","20975","STEHIR",NA,6,269,118,2013-06-30,1899-12-31 21:30:00,"Atlit Salt-Pans",32.695,34.932,"Yosef Kiat",NA,NA,NA,"IVJ",NA,151,NA,NA,"I","V","J",NA,"W",30,6,NA,NA,NA,NA,NA,NA,NA,NA,NA,NA,NA,NA,NA,NA,NA,NA,2013,6,TRUE,FALSE,TRUE,"Summer adult",0.438661710037175,116.076227475958
"Common Tern","WIVL",NA,NA,"DD","20977","STEHIR",NA,6,276,116,2013-06-30,1899-12-31 21:30:00,"Atlit Salt-Pans",32.695,34.932,"Yosef Kiat",NA,NA,NA,"IVL",NA,153,NA,NA,"I","V","L",NA,"W",30,6,NA,NA,NA,NA,NA,NA,NA,NA,NA,NA,NA,NA,NA,NA,NA,NA,2013,6,TRUE,FALSE,TRUE,"Summer adult",0.420289855072464,105.513803353047
"Common Tern","WIVM",NA,NA,"DD","20978","STEHIR",NA,6,270,111,2013-06-30,1899-12-31 22:30:00,"Atlit Salt-Pans",32.695,34.932,"Yosef Kiat",NA,NA,NA,"IVM",NA,143,NA,NA,"I","V","M",NA,"W",30,6,NA,NA,NA,NA,NA,NA,NA,NA,NA,NA,NA,NA,NA,NA,NA,NA,2013,6,TRUE,FALSE,TRUE,"Summer adult",0.411111111111111,107.9622350495
"Common Tern","WIVN",NA,NA,"DD","20979","STEHIR",NA,6,275,121,2013-06-30,1899-12-31 22:30:00,"Atlit Salt-Pans",32.695,34.932,"Yosef Kiat",NA,NA,NA,"IVN",NA,117,NA,NA,"I","V","N",NA,"W",30,6,NA,NA,NA,NA,NA,NA,NA,NA,NA,NA,NA,NA,NA,NA,NA,NA,2013,6,TRUE,FALSE,TRUE,"Summer adult",0.44,111.286392260649
"Common Tern","WIVP",NA,NA,"DD","20980","STEHIR",NA,6,288,115,2013-06-30,1899-12-31 22:30:00,"Atlit Salt-Pans",32.695,34.932,"Yosef Kiat",NA,NA,NA,"IVP",NA,151,NA,NA,"I","V","P",NA,"W",30,6,NA,NA,NA,NA,NA,NA,NA,NA,NA,NA,NA,NA,NA,NA,NA,NA,2013,6,TRUE,FALSE,TRUE,"Summer adult",0.399305555555556,91.8766155031672
"Common Tern","WIVR",NA,NA,"DD","20981","STEHIR",NA,6,288,102,2013-06-30,1899-12-31 22:30:00,"Atlit Salt-Pans",32.695,34.932,"Yosef Kiat",NA,NA,NA,"IVR",NA,125,NA,NA,"I","V","R",NA,"W",30,6,NA,NA,NA,NA,NA,NA,NA,NA,NA,NA,NA,NA,NA,NA,NA,NA,2013,6,TRUE,FALSE,TRUE,"Summer adult",0.354166666666667,81.4905633158527
"Common Tern","WT+F","+",NA,"DD","20982","STEHIR",NA,6,267,112,2013-06-30,1899-12-31 23:30:00,"Atlit Salt-Pans",32.695,34.932,"Yosef Kiat",NA,NA,NA,"T+F",NA,147,NA,NA,"T","+","F",NA,"W",30,6,NA,NA,NA,NA,NA,"IVS",NA,NA,NA,NA,NA,NA,NA,NA,NA,NA,2013,6,TRUE,FALSE,TRUE,"Summer adult",0.419475655430712,112.70913153846
"Common Tern","WIVT",NA,NA,"DD","20983","STEHIR",NA,6,274,132,2013-06-30,1899-12-31 23:30:00,"Atlit Salt-Pans",32.695,34.932,"Yosef Kiat",NA,NA,NA,"IVT",NA,148,NA,NA,"I","V","T",NA,"W",30,6,NA,NA,NA,NA,NA,NA,NA,NA,NA,NA,NA,NA,NA,NA,NA,NA,2013,6,TRUE,FALSE,TRUE,"Summer adult",0.481751824817518,122.759054521138
"Common Tern","RG0M","+",NA,"DD","20984","STEHIR",NA,6,268,112,2013-07-01,1899-12-31,"Atlit Salt-Pans",32.695,34.932,"Yosef Kiat",NA,NA,NA,"G0M",NA,126,NA,NA,"G","0","M",NA,"R",1,7,NA,NA,NA,NA,NA,"IVU",NA,NA,NA,NA,NA,NA,NA,NA,NA,NA,2013,7,TRUE,FALSE,TRUE,"Summer adult",0.417910447761194,111.432015449142
"Common Tern","WISZ",NA,"R","DD","20354","STEHIR",NA,7,272,125,2013-07-01,1899-12-31,"Atlit Salt-Pans",32.695,34.932,"Yosef Kiat",NA,NA,NA,"ISZ",NA,154,NA,NA,"I","S","Z",NA,"W",1,7,NA,NA,NA,NA,NA,NA,NA,NA,NA,NA,NA,NA,NA,NA,NA,NA,2013,7,FALSE,TRUE,TRUE,"Summer adult",0.459558823529412,118.874435990283
"Common Tern","WIWH",NA,NA,"DD","20997","STEHIR",NA,6,268,101,2013-07-10,1899-12-31 21:00:00,"Atlit Salt-Pans",32.695,34.932,"Yosef Kiat",NA,NA,NA,"IWH",NA,133,NA,NA,"I","W","H",NA,"W",10,7,NA,NA,NA,NA,NA,NA,NA,NA,NA,NA,NA,NA,NA,NA,NA,NA,2013,7,TRUE,FALSE,TRUE,"Summer adult",0.376865671641791,100.487799646101
"Common Tern","NG40","+",NA,"DD","20998","STEHIR","M",6,258,114,2013-07-10,1899-12-31 21:00:00,"Atlit Salt-Pans",32.695,34.932,"Yosef Kiat",NA,NA,NA,"G40",NA,112,NA,NA,"G","4","0",NA,"N",10,7,NA,NA,NA,NA,NA,"IWJ",NA,NA,NA,NA,NA,NA,NA,NA,NA,NA,2013,7,TRUE,FALSE,TRUE,"Summer adult",0.441860465116279,127.362274704734
"Common Tern","WIWK",NA,NA,"DD","20999","STEHIR",NA,6,256,97,2013-07-10,1899-12-31 21:00:00,"Atlit Salt-Pans",32.695,34.932,"Yosef Kiat",NA,NA,NA,"IWK",NA,124,NA,NA,"I","W","K",NA,"W",10,7,NA,NA,NA,NA,NA,NA,NA,NA,NA,NA,NA,NA,NA,NA,NA,NA,2013,7,TRUE,FALSE,TRUE,"Summer adult",0.37890625,110.971221937203
"Common Tern","WIWL",NA,NA,"DD","21000","STEHIR",NA,6,267,118,2013-07-10,1899-12-31 21:00:00,"Atlit Salt-Pans",32.695,34.932,"Yosef Kiat",NA,NA,NA,"IWL",NA,137,NA,NA,"I","W","L",NA,"W",10,7,NA,NA,NA,NA,NA,NA,NA,NA,NA,NA,NA,NA,NA,NA,NA,NA,2013,7,TRUE,FALSE,TRUE,"Summer adult",0.441947565543071,118.747120728021
"Common Tern","WIWR",NA,NA,"DD","21004","STEHIR",NA,6,267,119,2013-07-10,1899-12-31 21:00:00,"Atlit Salt-Pans",32.695,34.932,"Yosef Kiat",NA,NA,NA,"IWR",NA,137,NA,NA,"I","W","R",NA,"W",10,7,NA,NA,NA,NA,NA,NA,NA,NA,NA,NA,NA,NA,NA,NA,NA,NA,2013,7,TRUE,FALSE,TRUE,"Summer adult",0.445692883895131,119.753452259614
"Common Tern","WIWS",NA,NA,"DD","21005","STEHIR",NA,6,271,106,2013-07-10,1899-12-31 22:00:00,"Atlit Salt-Pans",32.695,34.932,"Yosef Kiat",NA,NA,NA,"IWS",NA,145,NA,NA,"I","W","S",NA,"W",10,7,NA,NA,NA,NA,NA,NA,NA,NA,NA,NA,NA,NA,NA,NA,NA,NA,2013,7,TRUE,FALSE,TRUE,"Summer adult",0.391143911439114,101.943731003404
"Common Tern","WIWV",NA,NA,"DD","21008","STEHIR",NA,6,260,103,2013-07-10,1899-12-31 22:00:00,"Atlit Salt-Pans",32.695,34.932,"Yosef Kiat",NA,NA,NA,"IWV",NA,111,NA,NA,"I","W","V",NA,"W",10,7,NA,NA,NA,NA,NA,NA,NA,NA,NA,NA,NA,NA,NA,NA,NA,NA,2013,7,TRUE,FALSE,TRUE,"Summer adult",0.396153846153846,112.395794157648
"Common Tern","WIWW",NA,NA,"DD","21009","STEHIR",NA,6,272,123,2013-07-10,1899-12-31 22:00:00,"Atlit Salt-Pans",32.695,34.932,"Yosef Kiat",NA,NA,NA,"IWW",NA,142,NA,NA,"I","W","W",NA,"W",10,7,NA,NA,NA,NA,NA,NA,NA,NA,NA,NA,NA,NA,NA,NA,NA,NA,2013,7,TRUE,FALSE,TRUE,"Summer adult",0.452205882352941,116.972445014438
"Common Tern","WIWZ",NA,NA,"DD","21012","STEHIR",NA,6,270,113,2013-07-10,1899-12-31 22:30:00,"Atlit Salt-Pans",32.695,34.932,"Yosef Kiat",NA,NA,NA,"IWZ",NA,133,NA,NA,"I","W","Z",NA,"W",10,7,NA,NA,NA,NA,NA,NA,NA,NA,NA,NA,NA,NA,NA,NA,NA,NA,2013,7,TRUE,FALSE,TRUE,"Summer adult",0.418518518518519,109.907500545887
"Common Tern","WIYM",NA,NA,"DD","21023","STEHIR",NA,6,266,119,2013-07-10,1899-12-31 23:00:00,"Atlit Salt-Pans",32.695,34.932,"Yosef Kiat",NA,NA,NA,"IYM",NA,135,NA,NA,"I","Y","M",NA,"W",10,7,NA,NA,NA,NA,NA,NA,NA,NA,NA,NA,NA,NA,NA,NA,NA,NA,2013,7,TRUE,FALSE,TRUE,"Summer adult",0.447368421052632,121.131119440541
"Common Tern","NIEX","+",NA,"DD","21025","STEHIR","F",6,268,115,2013-07-11,1899-12-31,"Atlit Salt-Pans",32.695,34.932,"Yosef Kiat",NA,NA,NA,"IEX",NA,145,NA,NA,"I","E","X",NA,"N",11,7,NA,NA,NA,NA,NA,"IYN",NA,NA,NA,NA,NA,NA,NA,NA,NA,NA,2013,7,TRUE,FALSE,TRUE,"Summer adult",0.42910447761194,114.416801577244
"Common Tern","WIYT",NA,NA,"DD","21029","STEHIR",NA,6,272,116,2013-07-11,1899-12-31,"Atlit Salt-Pans",32.695,34.932,"Yosef Kiat",NA,NA,NA,"IYT",NA,143,NA,NA,"I","Y","T",NA,"W",11,7,NA,NA,NA,NA,NA,NA,NA,NA,NA,NA,NA,NA,NA,NA,NA,NA,2013,7,TRUE,FALSE,TRUE,"Summer adult",0.426470588235294,110.315476598983
"Common Tern","WIYV",NA,NA,"DD","21031","STEHIR",NA,6,277,123,2013-07-11,1899-12-31 01:00:00,"Atlit Salt-Pans",32.695,34.932,"Yosef Kiat",NA,NA,NA,"IYV",NA,114,NA,NA,"I","Y","V",NA,"W",11,7,NA,NA,NA,NA,NA,NA,NA,NA,NA,NA,NA,NA,NA,NA,NA,NA,2013,7,TRUE,FALSE,TRUE,"Summer adult",0.444043321299639,110.654320364231
"Common Tern","NI09","+",NA,"DD","21032","STEHIR","F",6,267,114,2013-07-11,1899-12-31 01:00:00,"Atlit Salt-Pans",32.695,34.932,"Yosef Kiat",NA,NA,NA,"I09",NA,124,NA,NA,"I","0","9",NA,"N",11,7,NA,NA,NA,NA,NA,"IYW",NA,NA,NA,NA,NA,NA,NA,NA,NA,NA,2013,7,TRUE,FALSE,TRUE,"Summer adult",0.426966292134831,114.721794601647
"Common Tern","WIYX",NA,NA,"DD","21034","STEHIR",NA,6,260,111,2013-07-11,1899-12-31 02:00:00,"Atlit Salt-Pans",32.695,34.932,"Yosef Kiat",NA,NA,NA,"IYX",NA,135,NA,NA,"I","Y","X",NA,"W",11,7,NA,NA,NA,NA,NA,NA,NA,NA,NA,NA,NA,NA,NA,NA,NA,NA,2013,7,TRUE,FALSE,TRUE,"Summer adult",0.426923076923077,121.125564577659
"Common Tern","WIYY",NA,NA,"DD","21036","STEHIR",NA,6,270,109,2013-07-17,1899-12-31 20:30:00,"Atlit Salt-Pans",32.695,34.932,"Yosef Kiat",NA,NA,NA,"IYY",NA,NA,NA,NA,"I","Y","Y",NA,"W",17,7,NA,NA,NA,NA,NA,NA,NA,NA,NA,NA,NA,NA,NA,NA,NA,NA,2013,7,TRUE,FALSE,TRUE,"Summer adult",0.403703703703704,106.016969553112
"Common Tern","WIC6",NA,NA,"DD","21063","STEHIR",NA,6,271,129,2013-07-17,1899-12-31 22:30:00,"Atlit Salt-Pans",32.695,34.932,"Yosef Kiat",NA,NA,NA,"IC6",NA,140,NA,NA,"I","C","6",NA,"W",17,7,NA,NA,NA,NA,NA,NA,NA,NA,NA,NA,NA,NA,NA,NA,NA,NA,2013,7,TRUE,FALSE,TRUE,"Summer adult",0.476014760147601,124.063597164519
"Common Tern","WID1",NA,NA,"DD","21068","STEHIR",NA,6,264,110,2013-07-18,1899-12-31,"Atlit Salt-Pans",32.695,34.932,"Yosef Kiat",NA,NA,NA,"ID1",NA,NA,NA,NA,"I","D","1",NA,"W",18,7,NA,NA,NA,NA,NA,NA,NA,NA,NA,NA,NA,NA,NA,NA,NA,NA,2013,7,TRUE,FALSE,TRUE,"Summer adult",0.416666666666667,114.575854687435
"Common Tern","WIE0",NA,NA,"DD","21077","STEHIR",NA,6,272,118,2013-07-18,1899-12-31 01:00:00,"Atlit Salt-Pans",32.695,34.932,"Yosef Kiat",NA,NA,NA,"IE0",NA,133,NA,NA,"I","E","0",NA,"W",18,7,NA,NA,NA,NA,NA,NA,NA,NA,NA,NA,NA,NA,NA,NA,NA,NA,2013,7,TRUE,FALSE,TRUE,"Summer adult",0.433823529411765,112.217467574827
"Common Tern","WIE3",NA,NA,"DD","21080","STEHIR",NA,6,277,106,2013-07-18,1899-12-31 02:00:00,"Atlit Salt-Pans",32.695,34.932,"Yosef Kiat",NA,NA,NA,"IE3",NA,135,NA,NA,"I","E","3",NA,"W",18,7,NA,NA,NA,NA,NA,NA,NA,NA,NA,NA,NA,NA,NA,NA,NA,NA,2013,7,TRUE,FALSE,TRUE,"Summer adult",0.382671480144404,95.3606338098252
"Common Tern","GGHR","+",NA,"DD","21081","STEHIR",NA,6,265,108,2013-07-18,1899-12-31 03:00:00,"Atlit Salt-Pans",32.695,34.932,"Yosef Kiat",NA,NA,NA,"GHR",NA,NA,NA,NA,"G","H","R",NA,"G",18,7,NA,NA,NA,NA,NA,"IE4",NA,NA,NA,NA,NA,NA,NA,NA,NA,NA,2013,7,TRUE,FALSE,TRUE,"Summer adult",0.407547169811321,111.203619814117
"Common Tern","WIE7",NA,NA,"DD","21084","STEHIR",NA,6,284,127,2013-07-23,1899-12-31 23:00:00,"Atlit Salt-Pans",32.695,34.932,"Yosef Kiat",NA,NA,NA,"IE7",NA,163,NA,NA,"I","E","7",NA,"W",23,7,NA,NA,NA,NA,NA,NA,NA,NA,NA,NA,NA,NA,NA,NA,NA,NA,2013,7,TRUE,FALSE,TRUE,"Summer adult",0.447183098591549,105.883205278645
"Common Tern","WIE8",NA,NA,"DD","21085","STEHIR",NA,6,252,104,2013-07-23,1899-12-31 23:30:00,"Atlit Salt-Pans",32.695,34.932,"Yosef Kiat",NA,NA,NA,"IE8",NA,117,NA,NA,"I","E","8",NA,"W",23,7,NA,NA,NA,NA,NA,NA,NA,NA,NA,NA,NA,NA,NA,NA,NA,NA,2013,7,TRUE,FALSE,TRUE,"Summer adult",0.412698412698413,124.830590754361
"Common Tern","WIF2",NA,NA,"DD","21089","STEHIR",NA,6,270,112,2013-07-30,1899-12-31 21:00:00,"Atlit Salt-Pans",32.695,34.932,"Yosef Kiat",NA,NA,NA,"IF2",NA,NA,NA,NA,"I","F","2",NA,"W",30,7,NA,NA,NA,NA,NA,NA,NA,NA,NA,NA,NA,NA,NA,NA,NA,NA,2013,7,TRUE,FALSE,TRUE,"Summer adult",0.414814814814815,108.934867797694
"Common Tern","RGEN","+",NA,"DD","21249","STEHIR",NA,6,268,117,2014-06-29,1899-12-31 20:45:00,"Atlit Salt-Pans",32.695,34.932,"Yosef Kiat",NA,NA,NA,"GEN",NA,140,NA,NA,"G","E","N",NA,"R",29,6,NA,NA,NA,NA,NA,"IN2",NA,NA,NA,NA,NA,NA,NA,NA,NA,NA,2014,6,TRUE,FALSE,TRUE,"Summer adult",0.436567164179104,116.406658995978
"Common Tern","BG56","+",NA,"DD","21250","STEHIR",NA,6,263,120,2014-06-29,1899-12-31 20:45:00,"Atlit Salt-Pans",32.695,34.932,"Yosef Kiat",NA,NA,NA,"G56",NA,131,NA,NA,"G","5","6",NA,"B",29,6,NA,NA,NA,NA,NA,"IN3",NA,NA,NA,NA,NA,NA,NA,NA,NA,NA,2014,6,TRUE,FALSE,TRUE,"Summer adult",0.456273764258555,126.446238161709
"Common Tern","GIN4",NA,NA,"DD","21251","STEHIR",NA,6,278,113,2014-06-29,1899-12-31 20:45:00,"Atlit Salt-Pans",32.695,34.932,"Yosef Kiat",NA,NA,NA,"IN4",NA,148,NA,NA,"I","N","4",NA,"G",29,6,NA,NA,NA,NA,NA,NA,NA,NA,NA,NA,NA,NA,NA,NA,NA,NA,2014,6,TRUE,FALSE,TRUE,"Summer adult",0.406474820143885,100.547421161989
"Common Tern","GIN5",NA,NA,"DD","21252","STEHIR",NA,6,254,107,2014-06-29,1899-12-31 20:45:00,"Atlit Salt-Pans",32.695,34.932,"Yosef Kiat",NA,NA,NA,"IN5",NA,124,NA,NA,"I","N","5",NA,"G",29,6,NA,NA,NA,NA,NA,NA,NA,NA,NA,NA,NA,NA,NA,NA,NA,NA,2014,6,TRUE,FALSE,TRUE,"Summer adult",0.421259842519685,125.37354214362
"Common Tern","GIN6",NA,NA,"DD","21253","STEHIR",NA,6,270,110,2014-06-29,1899-12-31 20:45:00,"Atlit Salt-Pans",32.695,34.932,"Yosef Kiat",NA,NA,NA,"IN6",NA,134,NA,NA,"I","N","6",NA,"G",29,6,NA,NA,NA,NA,NA,NA,NA,NA,NA,NA,NA,NA,NA,NA,NA,NA,2014,6,TRUE,FALSE,TRUE,"Summer adult",0.407407407407407,106.989602301306
"Common Tern","GIN7",NA,NA,"DD","21254","STEHIR",NA,6,261,124,2014-06-29,1899-12-31 20:45:00,"Atlit Salt-Pans",32.695,34.932,"Yosef Kiat",NA,NA,NA,"IN7",NA,136,NA,NA,"I","N","7",NA,"G",29,6,NA,NA,NA,NA,NA,NA,NA,NA,NA,NA,NA,NA,NA,NA,NA,NA,2014,6,TRUE,FALSE,TRUE,"Summer adult",0.475095785440613,133.737257441756
"Common Tern","YGLR","+","R","DD","20668","STEHIR",NA,7,277,126,2014-06-29,1899-12-31 20:45:00,"Atlit Salt-Pans",32.695,34.932,"Yosef Kiat",NA,NA,NA,"GLR",NA,153,NA,NA,"G","L","R",NA,"Y",29,6,NA,NA,NA,NA,NA,"I5V",NA,NA,NA,NA,NA,NA,NA,NA,NA,NA,2014,6,FALSE,TRUE,TRUE,"Summer adult",0.454873646209386,113.353206226773
"Common Tern","GIN8",NA,NA,"DD","21255","STEHIR",NA,6,267,117,2014-06-29,1899-12-31 20:45:00,"Atlit Salt-Pans",32.695,34.932,"Yosef Kiat",NA,NA,NA,"IN8",NA,138,NA,NA,"I","N","8",NA,"G",29,6,NA,NA,NA,NA,NA,NA,NA,NA,NA,NA,NA,NA,NA,NA,NA,NA,2014,6,TRUE,FALSE,TRUE,"Summer adult",0.438202247191011,117.740789196427
"Common Tern","GIN9",NA,NA,"DD","21256","STEHIR",NA,5,275,110,2014-06-29,1899-12-31 20:45:00,"Atlit Salt-Pans",32.695,34.932,"Yosef Kiat",NA,NA,NA,"IN9",NA,171,NA,NA,"I","N","9",NA,"G",29,6,NA,NA,NA,NA,NA,NA,NA,NA,NA,NA,NA,NA,NA,NA,NA,NA,2014,6,TRUE,FALSE,TRUE,"Summer adult",0.4,101.169447509681
"Common Tern","GIS2",NA,NA,"DD","21269","STEHIR",NA,6,281,119,2014-06-29,1899-12-31 22:30:00,"Atlit Salt-Pans",32.695,34.932,"Yosef Kiat",NA,NA,NA,"IS2",NA,144,NA,NA,"I","S","2",NA,"G",29,6,NA,NA,NA,NA,NA,NA,NA,NA,NA,NA,NA,NA,NA,NA,NA,NA,2014,6,TRUE,FALSE,TRUE,"Summer adult",0.423487544483986,102.477715276844
"Common Tern","GIS3",NA,NA,"DD","21270","STEHIR",NA,6,276,128,2014-06-29,1899-12-31 22:30:00,"Atlit Salt-Pans",32.695,34.932,"Yosef Kiat",NA,NA,NA,"IS3",NA,156,NA,NA,"I","S","3",NA,"G",29,6,NA,NA,NA,NA,NA,NA,NA,NA,NA,NA,NA,NA,NA,NA,NA,NA,2014,6,TRUE,FALSE,TRUE,"Summer adult",0.463768115942029,116.42902438957
"Common Tern","GIS4",NA,NA,"DD","21271","STEHIR",NA,6,264,116,2014-06-29,1899-12-31 22:30:00,"Atlit Salt-Pans",32.695,34.932,"Yosef Kiat",NA,NA,NA,"IS4",NA,150,NA,NA,"I","S","4",NA,"G",29,6,NA,NA,NA,NA,NA,NA,NA,NA,NA,NA,NA,NA,NA,NA,NA,NA,2014,6,TRUE,FALSE,TRUE,"Summer adult",0.439393939393939,120.825446761295
"Common Tern","NILJ","+",NA,"DD","21272","STEHIR",NA,6,265,115,2014-06-29,1899-12-31 22:30:00,"Atlit Salt-Pans",32.695,34.932,"Yosef Kiat",NA,NA,NA,"ILJ",NA,150,NA,NA,"I","L","J",NA,"N",29,6,NA,NA,NA,NA,NA,"IS5",NA,NA,NA,NA,NA,NA,NA,NA,NA,NA,2014,6,TRUE,FALSE,TRUE,"Summer adult",0.433962264150943,118.411261839106
"Common Tern","GIS6",NA,NA,"DD","21273","STEHIR",NA,6,263,132,2014-06-30,1899-12-31,"Atlit Salt-Pans",32.695,34.932,"Yosef Kiat",NA,NA,NA,"IS6",NA,137,NA,NA,"I","S","6",NA,"G",30,6,NA,NA,NA,NA,NA,NA,NA,NA,NA,NA,NA,NA,NA,NA,NA,NA,2014,6,TRUE,FALSE,TRUE,"Summer adult",0.501901140684411,139.09086197788
"Common Tern","GIS7",NA,NA,"DD","21274","STEHIR",NA,6,260,123,2014-06-30,1899-12-31,"Atlit Salt-Pans",32.695,34.932,"Yosef Kiat",NA,NA,NA,"IS7",NA,142,NA,NA,"I","S","7",NA,"G",30,6,NA,NA,NA,NA,NA,NA,NA,NA,NA,NA,NA,NA,NA,NA,NA,NA,2014,6,TRUE,FALSE,TRUE,"Summer adult",0.473076923076923,134.220220207677
"Common Tern","GIS8",NA,NA,"DD","21275","STEHIR",NA,6,267,144,2014-06-30,1899-12-31,"Atlit Salt-Pans",32.695,34.932,"Yosef Kiat",NA,NA,NA,"IS8",NA,NA,NA,NA,"I","S","8",NA,"G",30,6,NA,NA,NA,NA,NA,NA,NA,NA,NA,NA,NA,NA,NA,NA,NA,NA,2014,6,TRUE,FALSE,TRUE,"Summer adult",0.539325842696629,144.911740549449
"Common Tern","GIS9",NA,NA,"DD","21276","STEHIR",NA,6,276,115,2014-06-30,1899-12-31,"Atlit Salt-Pans",32.695,34.932,"Yosef Kiat",NA,NA,NA,"IS9",NA,NA,NA,NA,"I","S","9",NA,"G",30,6,NA,NA,NA,NA,NA,NA,NA,NA,NA,NA,NA,NA,NA,NA,NA,NA,2014,6,TRUE,FALSE,TRUE,"Summer adult",0.416666666666667,104.604201600004
"Common Tern","GIT1",NA,NA,"DD","21278","STEHIR",NA,6,282,104,2014-06-30,1899-12-31 01:00:00,"Atlit Salt-Pans",32.695,34.932,"Yosef Kiat",NA,NA,NA,"IT1",NA,148,NA,NA,"I","T","1",NA,"G",30,6,NA,NA,NA,NA,NA,NA,NA,NA,NA,NA,NA,NA,NA,NA,NA,NA,2014,6,TRUE,FALSE,TRUE,"Summer adult",0.368794326241135,88.5957384249821
"Common Tern","GIT2",NA,NA,"DD","21279","STEHIR",NA,6,272,105,2014-06-30,1899-12-31 01:00:00,"Atlit Salt-Pans",32.695,34.932,"Yosef Kiat",NA,NA,NA,"IT2",NA,129,NA,NA,"I","T","2",NA,"G",30,6,NA,NA,NA,NA,NA,NA,NA,NA,NA,NA,NA,NA,NA,NA,NA,NA,2014,6,TRUE,FALSE,TRUE,"Summer adult",0.386029411764706,99.8545262318377
"Common Tern","GIT3",NA,NA,"DD","21280","STEHIR",NA,6,267,110,2014-06-30,1899-12-31 01:00:00,"Atlit Salt-Pans",32.695,34.932,"Yosef Kiat",NA,NA,NA,"IT3",NA,140,NA,NA,"I","T","3",NA,"G",30,6,NA,NA,NA,NA,NA,NA,NA,NA,NA,NA,NA,NA,NA,NA,NA,NA,2014,6,TRUE,FALSE,TRUE,"Summer adult",0.411985018726592,110.696468475274
"Common Tern","GIT4",NA,NA,"DD","21281","STEHIR",NA,6,271,119,2014-06-30,1899-12-31 01:00:00,"Atlit Salt-Pans",32.695,34.932,"Yosef Kiat",NA,NA,NA,"IT4",NA,149,NA,NA,"I","T","4",NA,"G",30,6,NA,NA,NA,NA,NA,NA,NA,NA,NA,NA,NA,NA,NA,NA,NA,NA,2014,6,TRUE,FALSE,TRUE,"Summer adult",0.439114391143911,114.446264050991
"Common Tern","WISG",NA,"R","DD","20341","STEHIR",NA,9,266,115,2014-06-30,1899-12-31 01:00:00,"Atlit Salt-Pans",32.695,34.932,"Yosef Kiat",NA,NA,NA,"ISG",NA,142,NA,NA,"I","S","G",NA,"W",30,6,NA,NA,NA,NA,NA,NA,NA,NA,NA,NA,NA,NA,NA,NA,NA,NA,2014,6,FALSE,TRUE,TRUE,"Summer adult",0.432330827067669,117.059485173632
"Common Tern","GIT5",NA,NA,"DD","21282","STEHIR",NA,6,251,109,2014-06-30,1899-12-31 01:00:00,"Atlit Salt-Pans",32.695,34.932,"Yosef Kiat",NA,NA,NA,"IT5",NA,137,NA,NA,"I","T","5",NA,"G",30,6,NA,NA,NA,NA,NA,NA,NA,NA,NA,NA,NA,NA,NA,NA,NA,NA,2014,6,TRUE,FALSE,TRUE,"Summer adult",0.434262948207171,132.427493008236
"Common Tern","GIT6",NA,NA,"DD","21283","STEHIR",NA,6,263,104,2014-06-30,1899-12-31 02:00:00,"Atlit Salt-Pans",32.695,34.932,"Yosef Kiat",NA,NA,NA,"IT6",NA,125,NA,NA,"I","T","6",NA,"G",30,6,NA,NA,NA,NA,NA,NA,NA,NA,NA,NA,NA,NA,NA,NA,NA,NA,2014,6,TRUE,FALSE,TRUE,"Summer adult",0.395437262357414,109.586739740148
"Common Tern","GIT7",NA,NA,"DD","21284","STEHIR",NA,6,264,107,2014-06-30,1899-12-31 02:00:00,"Atlit Salt-Pans",32.695,34.932,"Yosef Kiat",NA,NA,NA,"IT7",NA,133,NA,NA,"I","T","7",NA,"G",30,6,NA,NA,NA,NA,NA,NA,NA,NA,NA,NA,NA,NA,NA,NA,NA,NA,2014,6,TRUE,FALSE,TRUE,"Summer adult",0.40530303030303,111.451058650505
"Common Tern","GIT8",NA,NA,"DD","21285","STEHIR",NA,6,271,104,2014-06-30,1899-12-31 02:00:00,"Atlit Salt-Pans",32.695,34.932,"Yosef Kiat",NA,NA,NA,"IT8",NA,149,NA,NA,"I","T","8",NA,"G",30,6,NA,NA,NA,NA,NA,NA,NA,NA,NA,NA,NA,NA,NA,NA,NA,NA,2014,6,TRUE,FALSE,TRUE,"Summer adult",0.383763837638376,100.020264380698
"Common Tern","GIT9",NA,NA,"DD","21286","STEHIR",NA,6,282,114,2014-06-30,1899-12-31 03:00:00,"Atlit Salt-Pans",32.695,34.932,"Yosef Kiat",NA,NA,NA,"IT9",NA,166,NA,NA,"I","T","9",NA,"G",30,6,NA,NA,NA,NA,NA,NA,NA,NA,NA,NA,NA,NA,NA,NA,NA,NA,2014,6,TRUE,FALSE,TRUE,"Summer adult",0.404255319148936,97.1145594273842
"Common Tern","GIH1",NA,NA,"DD","21289","STEHIR",NA,6,280,119,2014-07-06,1899-12-31 02:30:00,"Atlit Salt-Pans",32.695,34.932,"Yosef Kiat",NA,NA,NA,"IH1",NA,146,NA,NA,"I","H","1",NA,"G",6,7,NA,NA,NA,NA,NA,NA,NA,NA,NA,NA,NA,NA,NA,NA,NA,NA,2014,7,TRUE,FALSE,TRUE,"Summer adult",0.425,103.597477473316
"Common Tern","GIH4",NA,NA,"DD","21292","STEHIR","M",5,253,123,2014-07-09,1899-12-31 21:00:00,"Atlit Salt-Pans",32.695,34.932,"Yosef Kiat",NA,"Sexing by blood testing",NA,"IH4",NA,118,NA,NA,"I","H","4",NA,"G",9,7,NA,NA,NA,NA,NA,NA,NA,NA,NA,NA,NA,NA,NA,NA,NA,NA,2014,7,TRUE,FALSE,TRUE,"Summer adult",0.486166007905138,145.86452173329
"Common Tern","GGSM","+",NA,"DD","21294","STEHIR",NA,6,282,118,2014-07-09,1899-12-31 21:00:00,"Atlit Salt-Pans",32.695,34.932,"Yosef Kiat",NA,NA,NA,"GSM",NA,148,NA,NA,"G","S","M",NA,"G",9,7,NA,NA,NA,NA,NA,"IH6",NA,NA,NA,NA,NA,NA,NA,NA,NA,NA,2014,7,TRUE,FALSE,TRUE,"Summer adult",0.418439716312057,100.522087828345
"Common Tern","GIH7",NA,NA,"DD","21295","STEHIR",NA,6,270,125,2014-07-09,1899-12-31 21:00:00,"Atlit Salt-Pans",32.695,34.932,"Yosef Kiat",NA,NA,NA,"IH7",NA,118,NA,NA,"I","H","7",NA,"G",9,7,NA,NA,NA,NA,NA,NA,NA,NA,NA,NA,NA,NA,NA,NA,NA,NA,2014,7,TRUE,FALSE,TRUE,"Summer adult",0.462962962962963,121.579093524212
"Common Tern","GIH8",NA,NA,"DD","21296","STEHIR",NA,6,275,112,2014-07-10,1899-12-31 01:30:00,"Atlit Salt-Pans",32.695,34.932,"Yosef Kiat",NA,NA,NA,"IH8",NA,135,NA,NA,"I","H","8",NA,"G",10,7,NA,NA,NA,NA,NA,NA,NA,NA,NA,NA,NA,NA,NA,NA,NA,NA,2014,7,TRUE,FALSE,TRUE,"Summer adult",0.407272727272727,103.008892009857
"Common Tern","WIS3",NA,"R","DD","20134","STEHIR",NA,12,265,103,2014-07-10,1899-12-31 01:30:00,"Atlit Salt-Pans",32.695,34.932,"Yosef Kiat",NA,NA,NA,"IS3",NA,140,NA,NA,"I","S","3",NA,"W",10,7,NA,NA,NA,NA,NA,NA,NA,NA,NA,NA,NA,NA,NA,NA,NA,NA,2014,7,FALSE,TRUE,TRUE,"Summer adult",0.388679245283019,106.055304081982
"Common Tern","GIH9",NA,NA,"DD","21297","STEHIR",NA,6,263,113,2014-07-10,1899-12-31 04:00:00,"Atlit Salt-Pans",32.695,34.932,"Yosef Kiat",NA,NA,NA,"IH9",NA,120,NA,NA,"I","H","9",NA,"G",10,7,NA,NA,NA,NA,NA,NA,NA,NA,NA,NA,NA,NA,NA,NA,NA,NA,2014,7,TRUE,FALSE,TRUE,"Summer adult",0.429657794676806,119.070207602276
"Common Tern","GIJ0",NA,NA,"DD","21298","STEHIR",NA,6,263,114,2014-07-10,1899-12-31 04:00:00,"Atlit Salt-Pans",32.695,34.932,"Yosef Kiat",NA,NA,NA,"IJ0",NA,127,NA,NA,"I","J","0",NA,"G",10,7,NA,NA,NA,NA,NA,NA,NA,NA,NA,NA,NA,NA,NA,NA,NA,NA,2014,7,TRUE,FALSE,TRUE,"Summer adult",0.433460076045627,120.123926253624
"Common Tern","GIJ1",NA,NA,"DD","21299","STEHIR",NA,6,261,110,2014-07-10,1899-12-31 04:00:00,"Atlit Salt-Pans",32.695,34.932,"Yosef Kiat",NA,NA,NA,"IJ1",NA,135,NA,NA,"I","J","1",NA,"G",10,7,NA,NA,NA,NA,NA,NA,NA,NA,NA,NA,NA,NA,NA,NA,NA,NA,2014,7,TRUE,FALSE,TRUE,"Summer adult",0.421455938697318,118.637889666074
"Common Tern","GIJ2",NA,NA,"DD","21300","STEHIR",NA,6,283,117,2014-07-10,1899-12-31 04:00:00,"Atlit Salt-Pans",32.695,34.932,"Yosef Kiat",NA,NA,NA,"IJ2",NA,160,NA,NA,"I","J","2",NA,"G",10,7,NA,NA,NA,NA,NA,NA,NA,NA,NA,NA,NA,NA,NA,NA,NA,NA,2014,7,TRUE,FALSE,TRUE,"Summer adult",0.413427561837456,98.6004784775422
"Common Tern","GIJ3",NA,NA,"DD","21301","STEHIR",NA,6,271,110,2014-07-10,1899-12-31 04:00:00,"Atlit Salt-Pans",32.695,34.932,"Yosef Kiat",NA,NA,NA,"IJ3",NA,127,NA,NA,"I","J","3",NA,"G",10,7,NA,NA,NA,NA,NA,NA,NA,NA,NA,NA,NA,NA,NA,NA,NA,NA,2014,7,TRUE,FALSE,TRUE,"Summer adult",0.40590405904059,105.790664248815
"Common Tern","GIJ9",NA,NA,"DD","21307","STEHIR",NA,6,272,131,2014-07-15,1899-12-31 20:30:00,"Atlit Salt-Pans",32.695,34.932,"Yosef Kiat",NA,NA,NA,"IJ9",NA,151,NA,NA,"I","J","9",NA,"G",15,7,NA,NA,NA,NA,NA,NA,NA,NA,NA,NA,NA,NA,NA,NA,NA,NA,2014,7,TRUE,FALSE,TRUE,"Summer adult",0.481617647058824,124.580408917817
"Common Tern","GIK0",NA,NA,"DD","21308","STEHIR",NA,6,267,99,2014-07-15,1899-12-31 20:30:00,"Atlit Salt-Pans",32.695,34.932,"Yosef Kiat",NA,NA,NA,"IK0",NA,135,NA,NA,"I","K","0",NA,"G",15,7,NA,NA,NA,NA,NA,NA,NA,NA,NA,NA,NA,NA,NA,NA,NA,NA,2014,7,TRUE,FALSE,TRUE,"Summer adult",0.370786516853933,99.6268216277463
"Common Tern","GIK1",NA,NA,"DD","21309","STEHIR",NA,6,267,119,2014-07-15,1899-12-31 21:30:00,"Atlit Salt-Pans",32.695,34.932,"Yosef Kiat",NA,NA,NA,"IK1",NA,135,NA,NA,"I","K","1",NA,"G",15,7,NA,NA,NA,NA,NA,NA,NA,NA,NA,NA,NA,NA,NA,NA,NA,NA,2014,7,TRUE,FALSE,TRUE,"Summer adult",0.445692883895131,119.753452259614
"Common Tern","GIK3",NA,NA,"DD","21311","STEHIR",NA,6,247,121,2014-07-15,1899-12-31 23:30:00,"Atlit Salt-Pans",32.695,34.932,"Yosef Kiat",NA,NA,NA,"IK3",NA,NA,NA,NA,"I","K","3",NA,"G",15,7,NA,NA,NA,NA,NA,NA,NA,NA,NA,NA,NA,NA,NA,NA,NA,NA,2014,7,TRUE,FALSE,TRUE,"Summer adult",0.489878542510121,154.384876924948
"Common Tern","GIK4",NA,NA,"DD","21312","STEHIR",NA,6,285,123,2014-07-15,1899-12-31 23:30:00,"Atlit Salt-Pans",32.695,34.932,"Yosef Kiat",NA,NA,NA,"IK4",NA,145,NA,NA,"I","K","4",NA,"G",15,7,NA,NA,NA,NA,NA,NA,NA,NA,NA,NA,NA,NA,NA,NA,NA,NA,2014,7,TRUE,FALSE,TRUE,"Summer adult",0.431578947368421,101.45538012065
"Common Tern","GIK8",NA,NA,"DD","21316","STEHIR","F",6,260,130,2014-07-21,1899-12-31 20:30:00,"Atlit Salt-Pans",32.695,34.932,"Yosef Kiat",NA,"Sexing by blood testing",NA,"IK8",NA,150,NA,NA,"I","K","8",NA,"G",21,7,NA,NA,NA,NA,NA,NA,NA,NA,NA,NA,NA,NA,NA,NA,NA,NA,2014,7,TRUE,FALSE,TRUE,"Summer adult",0.5,141.858769325187
"Common Tern","GIL0",NA,NA,"DD","21318","STEHIR","F",6,267,128,2014-07-21,1899-12-31 21:30:00,"Atlit Salt-Pans",32.695,34.932,"Yosef Kiat",NA,"Sexing by blood testing",NA,"IL0",NA,NA,NA,NA,"I","L","0",NA,"G",21,7,NA,NA,NA,NA,NA,NA,NA,NA,NA,NA,NA,NA,NA,NA,NA,NA,2014,7,TRUE,FALSE,TRUE,"Summer adult",0.47940074906367,128.810436043955
"Common Tern","GIL1",NA,NA,"DD","21319","STEHIR",NA,6,270,132,2014-07-21,1899-12-31 22:00:00,"Atlit Salt-Pans",32.695,34.932,"Yosef Kiat",NA,NA,NA,"IL1",NA,NA,NA,NA,"I","L","1",NA,"G",21,7,NA,NA,NA,NA,NA,NA,NA,NA,NA,NA,NA,NA,NA,NA,NA,NA,2014,7,TRUE,FALSE,TRUE,"Summer adult",0.488888888888889,128.387522761567
"Common Tern","GIL3",NA,NA,"DD","21321","STEHIR","F",6,270,101,2014-07-28,1899-12-31 20:30:00,"Atlit Salt-Pans",32.695,34.932,"Yosef Kiat",NA,"Sexing by blood testing",NA,"IL3",NA,131,NA,NA,"I","L","3",NA,"G",28,7,NA,NA,NA,NA,NA,NA,NA,NA,NA,NA,NA,NA,NA,NA,NA,NA,2014,7,TRUE,FALSE,TRUE,"Summer adult",0.374074074074074,98.2359075675629
"Common Tern","GIL5",NA,NA,"DD","21323","STEHIR",NA,6,274,122,2014-07-28,1899-12-31 20:30:00,"Atlit Salt-Pans",32.695,34.932,"Yosef Kiat",NA,NA,NA,"IL5",NA,147,NA,NA,"I","L","5",NA,"G",28,7,NA,NA,NA,NA,NA,NA,NA,NA,NA,NA,NA,NA,NA,NA,NA,NA,2014,7,TRUE,FALSE,TRUE,"Summer adult",0.445255474452555,113.459126148324
"Common Tern","GIAA",NA,NA,"DD","21328","STEHIR",NA,6,266,110,2014-07-28,1899-12-31 20:30:00,"Atlit Salt-Pans",32.695,34.932,"Yosef Kiat",NA,NA,NA,"IAA",NA,136,NA,NA,"I","A","A",NA,"G",28,7,NA,NA,NA,NA,NA,NA,NA,NA,NA,NA,NA,NA,NA,NA,NA,NA,2014,7,TRUE,FALSE,TRUE,"Summer adult",0.413533834586466,111.969942339996
"Common Tern","GIAB",NA,NA,"DD","21329","STEHIR","F",6,265,138,2014-07-28,1899-12-31 20:30:00,"Atlit Salt-Pans",32.695,34.932,"Yosef Kiat",NA,"Sexing by blood testing",NA,"IAB",NA,150,NA,NA,"I","A","B",NA,"G",28,7,NA,NA,NA,NA,NA,NA,NA,NA,NA,NA,NA,NA,NA,NA,NA,NA,2014,7,TRUE,FALSE,TRUE,"Summer adult",0.520754716981132,142.093514206927
"Common Tern","GIAC",NA,NA,"DD","21330","STEHIR",NA,6,267,114,2014-07-28,1899-12-31 21:30:00,"Atlit Salt-Pans",32.695,34.932,"Yosef Kiat",NA,NA,NA,"IAC",NA,152,NA,NA,"I","A","C",NA,"G",28,7,NA,NA,NA,NA,NA,NA,NA,NA,NA,NA,NA,NA,NA,NA,NA,NA,2014,7,TRUE,FALSE,TRUE,"Summer adult",0.426966292134831,114.721794601647
"Common Tern","GIAH",NA,NA,"DD","21332","STEHIR",NA,6,274,140,2014-07-28,1899-12-31 21:30:00,"Atlit Salt-Pans",32.695,34.932,"Yosef Kiat",NA,NA,NA,"IAH",NA,167,NA,NA,"I","A","H",NA,"G",28,7,NA,NA,NA,NA,NA,NA,NA,NA,NA,NA,NA,NA,NA,NA,NA,NA,2014,7,TRUE,FALSE,TRUE,"Summer adult",0.510948905109489,130.198997219389
"Common Tern","GIAP",NA,NA,"DD","21337","STEHIR",NA,6,275,126,2014-07-28,1899-12-31 23:00:00,"Atlit Salt-Pans",32.695,34.932,"Yosef Kiat",NA,NA,NA,"IAP",NA,153,NA,NA,"I","A","P",NA,"G",28,7,NA,NA,NA,NA,NA,NA,NA,NA,NA,NA,NA,NA,NA,NA,NA,NA,2014,7,TRUE,FALSE,TRUE,"Summer adult",0.458181818181818,115.885003511089
"Common Tern","NIET",NA,NA,"DD","23225","STEHIR",NA,6,273,138,2015-06-26,1899-12-31 03:00:00,"Atlit Salt-Pans",32.695,34.932,"Yosef Kiat",NA,NA,NA,"IET",NA,NA,NA,NA,"I","E","T",NA,"N",26,6,NA,NA,NA,NA,NA,NA,NA,NA,NA,NA,NA,NA,NA,NA,NA,NA,2015,6,TRUE,FALSE,TRUE,"Summer adult",0.505494505494505,129.777449473123
"Common Tern","NIEV",NA,NA,"DD","23226","STEHIR",NA,6,275,107,2015-06-26,1899-12-31 03:00:00,"Atlit Salt-Pans",32.695,34.932,"Yosef Kiat",NA,NA,NA,"IEV",NA,NA,NA,NA,"I","E","V",NA,"N",26,6,NA,NA,NA,NA,NA,NA,NA,NA,NA,NA,NA,NA,NA,NA,NA,NA,2015,6,TRUE,FALSE,TRUE,"Summer adult",0.389090909090909,98.4102807594172
"Common Tern","NIEX","+","R","DD","21025","STEHIR","F",10,274,115,2015-06-29,1899-12-31 20:30:00,"Atlit Salt-Pans",32.695,34.932,"Yosef Kiat",NA,"Sexing by blood testing",NA,"IEX",NA,155,NA,NA,"I","E","X",NA,"N",29,6,NA,NA,NA,NA,NA,"IYN",NA,NA,NA,NA,NA,NA,NA,NA,NA,NA,2015,6,FALSE,TRUE,TRUE,"Summer adult",0.41970802919708,106.949176287355
"Common Tern","NIEZ",NA,NA,"DD","23227","STEHIR",NA,6,268,107,2015-06-29,1899-12-31 20:30:00,"Atlit Salt-Pans",32.695,34.932,"Yosef Kiat",NA,NA,NA,"IEZ",NA,131,NA,NA,"I","E","Z",NA,"N",29,6,NA,NA,NA,NA,NA,NA,NA,NA,NA,NA,NA,NA,NA,NA,NA,NA,2015,6,TRUE,FALSE,TRUE,"Summer adult",0.399253731343284,106.457371902305
"Common Tern","NILJ","+","R","DD","21272","STEHIR",NA,8,272,115,2015-06-30,1899-12-31 02:00:00,"Atlit Salt-Pans",32.695,34.932,"Yosef Kiat",NA,NA,NA,"ILJ",NA,NA,NA,NA,"I","L","J",NA,"N",30,6,NA,NA,NA,NA,NA,NA,NA,NA,NA,NA,NA,NA,NA,NA,NA,NA,2015,6,FALSE,TRUE,TRUE,"Summer adult",0.422794117647059,109.36448111106
"Common Tern","NILK",NA,NA,"DD","23279","STEHIR",NA,6,269,105,2015-06-30,1899-12-31 02:00:00,"Atlit Salt-Pans",32.695,34.932,"Yosef Kiat",NA,NA,NA,"ILK",NA,NA,NA,NA,"I","L","K",NA,"N",30,6,NA,NA,NA,NA,NA,NA,NA,NA,NA,NA,NA,NA,NA,NA,NA,NA,2015,6,TRUE,FALSE,TRUE,"Summer adult",0.390334572490706,103.288168516742
"Common Tern","NILL",NA,NA,"DD","23280","STEHIR",NA,6,252,105,2015-06-30,1899-12-31 02:00:00,"Atlit Salt-Pans",32.695,34.932,"Yosef Kiat",NA,NA,NA,"ILL",NA,NA,NA,NA,"I","L","L",NA,"N",30,6,NA,NA,NA,NA,NA,NA,NA,NA,NA,NA,NA,NA,NA,NA,NA,NA,2015,6,TRUE,FALSE,TRUE,"Summer adult",0.416666666666667,126.03088489623
"Common Tern","WI40",NA,"R","DD","20471","STEHIR","M",12,268,107,2015-06-30,1899-12-31 04:00:00,"Atlit Salt-Pans",32.695,34.932,"Yosef Kiat",NA,"Sexing by blood testing",NA,"I40",NA,128,NA,NA,"I","4","0",NA,"W",30,6,NA,NA,NA,NA,NA,NA,NA,NA,NA,NA,NA,NA,NA,NA,NA,NA,2015,6,FALSE,TRUE,TRUE,"Summer adult",0.399253731343284,106.457371902305
"Common Tern","WIYC",NA,"R","DD","21015","STEHIR","F",7,264,114,2015-07-05,1899-12-31 03:00:00,"Atlit Salt-Pans",32.695,34.932,"Yosef Kiat",NA,"Sexing by blood testing",NA,"IYC",NA,NA,NA,NA,"I","Y","C",NA,"W",5,7,NA,NA,NA,NA,NA,NA,NA,NA,NA,NA,NA,NA,NA,NA,NA,NA,2015,7,FALSE,TRUE,TRUE,"Summer adult",0.431818181818182,118.742249403342
"Common Tern","WIRP",NA,"R","DD","20957","STEHIR",NA,10,268,104,2015-07-05,1899-12-31 03:00:00,"Atlit Salt-Pans",32.695,34.932,"Yosef Kiat",NA,NA,NA,"IRP",NA,NA,NA,NA,"I","R","P",NA,"W",5,7,NA,NA,NA,NA,NA,NA,NA,NA,NA,NA,NA,NA,NA,NA,NA,NA,2015,7,FALSE,TRUE,TRUE,"Summer adult",0.388059701492537,103.472585774203
"Common Tern",NA,NA,NA,"DD","23326","STEHIR",NA,6,277,111,2015-07-05,1899-12-31 03:00:00,"Atlit Salt-Pans",32.695,34.932,"Yosef Kiat",NA,NA,NA,NA,NA,NA,NA,NA,NA,NA,NA,NA,NA,5,7,NA,NA,NA,NA,NA,NA,NA,NA,NA,NA,NA,NA,NA,NA,NA,NA,2015,7,TRUE,FALSE,TRUE,"Summer adult",0.40072202166065,99.8587769140622
"Common Tern","NIHK",NA,"R","DD","23235","STEHIR","M",6,282,136,2015-07-13,1899-12-31 20:30:00,"Atlit Salt-Pans",32.695,34.932,"Yosef Kiat",NA,"Sexing by blood testing",NA,"IHK",NA,NA,NA,NA,"I","H","K",NA,"N",13,7,NA,NA,NA,NA,NA,NA,NA,NA,NA,NA,NA,NA,NA,NA,NA,NA,2015,7,FALSE,TRUE,TRUE,"Summer adult",0.482269503546099,115.855965632669
"Common Tern","NISS",NA,NA,"DD","23329","STEHIR",NA,5,273,114,2015-07-13,1899-12-31 20:30:00,"Atlit Salt-Pans",32.695,34.932,"Yosef Kiat",NA,NA,NA,"ISS",NA,NA,NA,NA,"I","S","S",NA,"N",13,7,NA,NA,NA,NA,NA,NA,NA,NA,NA,NA,NA,NA,NA,NA,NA,NA,2015,7,TRUE,FALSE,TRUE,"Summer adult",0.417582417582418,107.207458260406
"Common Tern","NITC",NA,NA,"DD","23336","STEHIR",NA,6,263,115,2015-07-13,1899-12-31 20:30:00,"Atlit Salt-Pans",32.695,34.932,"Yosef Kiat",NA,NA,NA,"ITC",NA,NA,NA,NA,"I","T","C",NA,"N",13,7,NA,NA,NA,NA,NA,NA,NA,NA,NA,NA,NA,NA,NA,NA,NA,NA,2015,7,TRUE,FALSE,TRUE,"Summer adult",0.437262357414449,121.177644904971
"Common Tern","NITE",NA,NA,"DD","23337","STEHIR",NA,6,262,112,2015-07-13,1899-12-31 21:30:00,"Atlit Salt-Pans",32.695,34.932,"Yosef Kiat",NA,NA,NA,"ITE",NA,NA,NA,NA,"I","T","E",NA,"N",13,7,NA,NA,NA,NA,NA,NA,NA,NA,NA,NA,NA,NA,NA,NA,NA,NA,2015,7,TRUE,FALSE,TRUE,"Summer adult",0.427480916030534,119.39498270823
"Common Tern","NITH",NA,NA,"DD","23338","STEHIR",NA,6,273,142,2015-07-13,1899-12-31 21:30:00,"Atlit Salt-Pans",32.695,34.932,"Yosef Kiat",NA,NA,NA,"ITH",NA,NA,NA,NA,"I","T","H",NA,"N",13,7,NA,NA,NA,NA,NA,NA,NA,NA,NA,NA,NA,NA,NA,NA,NA,NA,2015,7,TRUE,FALSE,TRUE,"Summer adult",0.52014652014652,133.539114675243
"Common Tern","NITJ",NA,NA,"DD","23339","STEHIR",NA,6,265,110,2015-07-13,1899-12-31 21:30:00,"Atlit Salt-Pans",32.695,34.932,"Yosef Kiat",NA,NA,NA,"ITJ",NA,NA,NA,NA,"I","T","J",NA,"N",13,7,NA,NA,NA,NA,NA,NA,NA,NA,NA,NA,NA,NA,NA,NA,NA,NA,2015,7,TRUE,FALSE,TRUE,"Summer adult",0.415094339622642,113.262946106971
"Common Tern","NITK",NA,NA,"DD","23340","STEHIR",NA,6,264,101,2015-07-13,1899-12-31 21:30:00,"Atlit Salt-Pans",32.695,34.932,"Yosef Kiat",NA,NA,NA,"ITK",NA,NA,NA,NA,"I","T","K",NA,"N",13,7,NA,NA,NA,NA,NA,NA,NA,NA,NA,NA,NA,NA,NA,NA,NA,NA,2015,7,TRUE,FALSE,TRUE,"Summer adult",0.382575757575758,105.201466576645
"Common Tern","NISH",NA,"R","DD","23322","STEHIR",NA,6,267,113,2015-07-13,1899-12-31 22:00:00,"Atlit Salt-Pans",32.695,34.932,"Yosef Kiat",NA,NA,NA,"ISH",NA,NA,NA,NA,"I","S","H",NA,"N",13,7,NA,NA,NA,NA,NA,NA,NA,NA,NA,NA,NA,NA,NA,NA,NA,NA,2015,7,FALSE,TRUE,TRUE,"Summer adult",0.423220973782772,113.715463070054
"Common Tern","NITL",NA,NA,"DD","23341","STEHIR",NA,6,263,115,2015-07-13,1899-12-31 22:00:00,"Atlit Salt-Pans",32.695,34.932,"Yosef Kiat",NA,NA,NA,"ITL",NA,NA,NA,NA,"I","T","L",NA,"N",13,7,NA,NA,NA,NA,NA,NA,NA,NA,NA,NA,NA,NA,NA,NA,NA,NA,2015,7,TRUE,FALSE,TRUE,"Summer adult",0.437262357414449,121.177644904971
"Common Tern","NITN",NA,NA,"DD","23342","STEHIR","M",6,263,113,2015-07-13,1899-12-31 22:00:00,"Atlit Salt-Pans",32.695,34.932,"Yosef Kiat",NA,"Sexing by blood testing",NA,"ITN",NA,NA,NA,NA,"I","T","N",NA,"N",13,7,NA,NA,NA,NA,NA,NA,NA,NA,NA,NA,NA,NA,NA,NA,NA,NA,2015,7,TRUE,FALSE,TRUE,"Summer adult",0.429657794676806,119.070207602276
"Common Tern","NITP",NA,NA,"DD","23343","STEHIR",NA,6,257,114,2015-07-13,1899-12-31 22:00:00,"Atlit Salt-Pans",32.695,34.932,"Yosef Kiat",NA,NA,NA,"ITP",NA,NA,NA,NA,"I","T","P",NA,"N",13,7,NA,NA,NA,NA,NA,NA,NA,NA,NA,NA,NA,NA,NA,NA,NA,NA,2015,7,TRUE,FALSE,TRUE,"Summer adult",0.443579766536965,128.878990034763
"Common Tern","NITS",NA,NA,"DD","23344","STEHIR","M",6,272,135,2015-07-13,1899-12-31 22:00:00,"Atlit Salt-Pans",32.695,34.932,"Yosef Kiat",NA,"Sexing by blood testing",NA,"ITS",NA,NA,NA,NA,"I","T","S",NA,"N",13,7,NA,NA,NA,NA,NA,NA,NA,NA,NA,NA,NA,NA,NA,NA,NA,NA,2015,7,TRUE,FALSE,TRUE,"Summer adult",0.496323529411765,128.384390869506
"Common Tern","NITZ",NA,NA,"DD","23348","STEHIR",NA,6,273,118,2015-07-13,1899-12-31 22:00:00,"Atlit Salt-Pans",32.695,34.932,"Yosef Kiat",NA,NA,NA,"ITZ",NA,NA,NA,NA,"I","T","Z",NA,"N",13,7,NA,NA,NA,NA,NA,NA,NA,NA,NA,NA,NA,NA,NA,NA,NA,NA,2015,7,TRUE,FALSE,TRUE,"Summer adult",0.432234432234432,110.969123462526
"Common Tern","NIVA",NA,NA,"DD","23349","STEHIR",NA,6,280,125,2015-07-13,1899-12-31 22:00:00,"Atlit Salt-Pans",32.695,34.932,"Yosef Kiat",NA,NA,NA,"IVA",NA,NA,NA,NA,"I","V","A",NA,"N",13,7,NA,NA,NA,NA,NA,NA,NA,NA,NA,NA,NA,NA,NA,NA,NA,NA,2015,7,TRUE,FALSE,TRUE,"Summer adult",0.446428571428571,108.820879698862
"Common Tern","NIVE",NA,NA,"DD","23352","STEHIR",NA,6,274,114,2015-07-13,1899-12-31 22:00:00,"Atlit Salt-Pans",32.695,34.932,"Yosef Kiat",NA,NA,NA,"IVE",NA,NA,NA,NA,"I","V","E",NA,"N",13,7,NA,NA,NA,NA,NA,NA,NA,NA,NA,NA,NA,NA,NA,NA,NA,NA,2015,7,TRUE,FALSE,TRUE,"Summer adult",0.416058394160584,106.019183450074
"Common Tern","NIVL",NA,NA,"DD","23356","STEHIR",NA,6,267,123,2015-07-13,1899-12-31 23:00:00,"Atlit Salt-Pans",32.695,34.932,"Yosef Kiat",NA,NA,NA,"IVL",NA,NA,NA,NA,"I","V","L",NA,"N",13,7,NA,NA,NA,NA,NA,NA,NA,NA,NA,NA,NA,NA,NA,NA,NA,NA,2015,7,TRUE,FALSE,TRUE,"Summer adult",0.460674157303371,123.778778385988
"Common Tern","NIVN",NA,NA,"DD","23357","STEHIR",NA,6,277,120,2015-07-13,1899-12-31 23:00:00,"Atlit Salt-Pans",32.695,34.932,"Yosef Kiat",NA,NA,NA,"IVN",NA,NA,NA,NA,"I","V","N",NA,"N",13,7,NA,NA,NA,NA,NA,NA,NA,NA,NA,NA,NA,NA,NA,NA,NA,NA,2015,7,TRUE,FALSE,TRUE,"Summer adult",0.433212996389892,107.955434501689
"Common Tern","GGSM","+","R","DD","21294","STEHIR",NA,8,288,124,2015-07-13,1899-12-31 23:30:00,"Atlit Salt-Pans",32.695,34.932,"Yosef Kiat",NA,NA,NA,"GSM",NA,NA,NA,NA,"G","S","M",NA,"G",13,7,NA,NA,NA,NA,NA,"IH6",NA,NA,NA,NA,NA,NA,NA,NA,NA,NA,2015,7,FALSE,TRUE,TRUE,"Summer adult",0.430555555555556,99.0669593251542
"Common Tern","NIVP",NA,NA,"DD","23358","STEHIR","M",6,259,117,2015-07-13,1899-12-31 23:30:00,"Atlit Salt-Pans",32.695,34.932,"Yosef Kiat",NA,"Sexing by blood testing",NA,"IVP",NA,NA,NA,NA,"I","V","P",NA,"N",13,7,NA,NA,NA,NA,NA,NA,NA,NA,NA,NA,NA,NA,NA,NA,NA,NA,2015,7,TRUE,FALSE,TRUE,"Summer adult",0.451737451737452,129.181519747154
"Common Tern","NIVS",NA,NA,"DD","23359","STEHIR","F",6,263,116,2015-07-13,1899-12-31 23:30:00,"Atlit Salt-Pans",32.695,34.932,"Yosef Kiat",NA,NA,NA,"IVS",NA,NA,NA,NA,"I","V","S",NA,"N",13,7,NA,NA,NA,NA,NA,NA,NA,NA,NA,NA,NA,NA,NA,NA,NA,NA,2015,7,TRUE,FALSE,TRUE,"Summer adult",0.44106463878327,122.231363556319
"Common Tern","NIVT",NA,NA,"DD","23360","STEHIR","F",6,276,132,2015-07-13,1899-12-31 23:30:00,"Atlit Salt-Pans",32.695,34.932,"Yosef Kiat",NA,"Sexing by blood testing",NA,"IVT",NA,NA,NA,NA,"I","V","T",NA,"N",13,7,NA,NA,NA,NA,NA,NA,NA,NA,NA,NA,NA,NA,NA,NA,NA,NA,2015,7,TRUE,FALSE,TRUE,"Summer adult",0.478260869565217,120.067431401744
"Common Tern","NIVV",NA,NA,"DD","23361","STEHIR","F",6,269,112,2015-07-13,1899-12-31 23:30:00,"Atlit Salt-Pans",32.695,34.932,"Yosef Kiat",NA,"Sexing by blood testing",NA,"IVV",NA,NA,NA,NA,"I","V","V",NA,"N",13,7,NA,NA,NA,NA,NA,NA,NA,NA,NA,NA,NA,NA,NA,NA,NA,NA,2015,7,TRUE,FALSE,TRUE,"Summer adult",0.41635687732342,110.174046417858
"Common Tern","NIXE",NA,NA,"DD","23367","STEHIR",NA,6,257,112,2015-07-14,1899-12-31,"Atlit Salt-Pans",32.695,34.932,"Yosef Kiat",NA,NA,NA,"IXE",NA,NA,NA,NA,"I","X","E",NA,"N",14,7,NA,NA,NA,NA,NA,NA,NA,NA,NA,NA,NA,NA,NA,NA,NA,NA,2015,7,TRUE,FALSE,TRUE,"Summer adult",0.43579766536965,126.617955121872
"Common Tern","NIXN",NA,NA,"DD","23372","STEHIR",NA,6,267,121,2015-07-14,1899-12-31,"Atlit Salt-Pans",32.695,34.932,"Yosef Kiat",NA,NA,NA,"IXN",NA,NA,NA,NA,"I","X","N",NA,"N",14,7,NA,NA,NA,NA,NA,NA,NA,NA,NA,NA,NA,NA,NA,NA,NA,NA,2015,7,TRUE,FALSE,TRUE,"Summer adult",0.453183520599251,121.766115322801
"Common Tern","NIXS",NA,NA,"DD","23374","STEHIR",NA,6,277,115,2015-07-14,1899-12-31,"Atlit Salt-Pans",32.695,34.932,"Yosef Kiat",NA,NA,NA,"IXS",NA,NA,NA,NA,"I","X","S",NA,"N",14,7,NA,NA,NA,NA,NA,NA,NA,NA,NA,NA,NA,NA,NA,NA,NA,NA,2015,7,TRUE,FALSE,TRUE,"Summer adult",0.415162454873646,103.457291397452
"Common Tern","NIH4",NA,NA,"DD","23458","STEHIR",NA,6,260,110,2015-07-27,1899-12-31 20:45:00,"Atlit Salt-Pans",32.695,34.932,"Yosef Kiat",NA,NA,NA,"IH4",NA,NA,NA,NA,"I","H","4",NA,"N",27,7,NA,NA,NA,NA,NA,NA,NA,NA,NA,NA,NA,NA,NA,NA,NA,NA,2015,7,TRUE,FALSE,TRUE,"Summer adult",0.423076923076923,120.034343275158
"Common Tern","NIH5",NA,NA,"DD","23459","STEHIR",NA,6,258,120,2015-07-27,1899-12-31 20:45:00,"Atlit Salt-Pans",32.695,34.932,"Yosef Kiat",NA,NA,NA,"IH5",NA,NA,NA,NA,"I","H","5",NA,"N",27,7,NA,NA,NA,NA,NA,NA,NA,NA,NA,NA,NA,NA,NA,NA,NA,NA,2015,7,TRUE,FALSE,TRUE,"Summer adult",0.465116279069767,134.065552320772
"Common Tern","NIH7",NA,NA,"DD","23461","STEHIR",NA,6,273,130,2015-07-27,1899-12-31 20:45:00,"Atlit Salt-Pans",32.695,34.932,"Yosef Kiat",NA,NA,NA,"IH7",NA,NA,NA,NA,"I","H","7",NA,"N",27,7,NA,NA,NA,NA,NA,NA,NA,NA,NA,NA,NA,NA,NA,NA,NA,NA,2015,7,TRUE,FALSE,TRUE,"Summer adult",0.476190476190476,122.254119068884
"Common Tern","NIJ5",NA,NA,"DD","23469","STEHIR",NA,6,272,121,2015-07-27,1899-12-31 21:30:00,"Atlit Salt-Pans",32.695,34.932,"Yosef Kiat",NA,NA,NA,"IJ5",NA,NA,NA,NA,"I","J","5",NA,"N",27,7,NA,NA,NA,NA,NA,NA,NA,NA,NA,NA,NA,NA,NA,NA,NA,NA,2015,7,TRUE,FALSE,TRUE,"Summer adult",0.444852941176471,115.070454038594
"Common Tern","NIJ7",NA,NA,"DD","23471","STEHIR",NA,6,261,124,2015-07-27,1899-12-31 21:30:00,"Atlit Salt-Pans",32.695,34.932,"Yosef Kiat",NA,NA,NA,"IJ7",NA,NA,NA,NA,"I","J","7",NA,"N",27,7,NA,NA,NA,NA,NA,NA,NA,NA,NA,NA,NA,NA,NA,NA,NA,NA,2015,7,TRUE,FALSE,TRUE,"Summer adult",0.475095785440613,133.737257441756
"Common Tern","NIJ8",NA,NA,"DD","23472","STEHIR",NA,6,264,114,2015-07-27,1899-12-31 21:30:00,"Atlit Salt-Pans",32.695,34.932,"Yosef Kiat",NA,NA,NA,"IJ8",NA,NA,NA,NA,"I","J","8",NA,"N",27,7,NA,NA,NA,NA,NA,NA,NA,NA,NA,NA,NA,NA,NA,NA,NA,NA,2015,7,TRUE,FALSE,TRUE,"Summer adult",0.431818181818182,118.742249403342
"Common Tern","NILZ",NA,"R","DD","23287","STEHIR",NA,6,255,117,2015-07-27,1899-12-31 22:00:00,"Atlit Salt-Pans",32.695,34.932,"Yosef Kiat",NA,NA,NA,"ILZ",NA,NA,NA,NA,"I","L","Z",NA,"N",27,7,NA,NA,NA,NA,NA,NA,NA,NA,NA,NA,NA,NA,NA,NA,NA,NA,2015,7,FALSE,TRUE,TRUE,"Summer adult",0.458823529411765,135.458436322753
"Common Tern","RILU","+","R","DD","20972","STEHIR",NA,10,273,117,2015-07-27,1899-12-31 22:00:00,"Atlit Salt-Pans",32.695,34.932,"Yosef Kiat",NA,NA,NA,"ILU",NA,NA,NA,NA,"I","L","U",NA,"R",27,7,NA,NA,NA,NA,NA,"IVF",NA,NA,NA,NA,NA,NA,NA,NA,NA,NA,2015,7,FALSE,TRUE,TRUE,"Summer adult",0.428571428571429,110.028707161996
"Common Tern","NIK2",NA,NA,"DD","23476","STEHIR","M",6,256,114,2015-07-27,1899-12-31 22:00:00,"Atlit Salt-Pans",32.695,34.932,"Yosef Kiat",NA,NA,NA,"IK2",NA,NA,NA,NA,"I","K","2",NA,"N",27,7,NA,NA,NA,NA,NA,NA,NA,NA,NA,NA,NA,NA,NA,NA,NA,NA,2015,7,TRUE,FALSE,TRUE,"Summer adult",0.4453125,130.41978660661
"Common Tern","NIK3",NA,NA,"DD","23477","STEHIR","F",6,256,121,2015-07-27,1899-12-31 22:00:00,"Atlit Salt-Pans",32.695,34.932,"Yosef Kiat",NA,"Sexing by blood testing",NA,"IK3",NA,NA,NA,NA,"I","K","3",NA,"N",27,7,NA,NA,NA,NA,NA,NA,NA,NA,NA,NA,NA,NA,NA,NA,NA,NA,2015,7,TRUE,FALSE,TRUE,"Summer adult",0.47265625,138.428019117542
"Common Tern","NIK9",NA,NA,"DD","23483","STEHIR",NA,6,271,122,2015-07-27,1899-12-31 22:00:00,"Atlit Salt-Pans",32.695,34.932,"Yosef Kiat",NA,NA,NA,"IK9",NA,NA,NA,NA,"I","K","9",NA,"N",27,7,NA,NA,NA,NA,NA,NA,NA,NA,NA,NA,NA,NA,NA,NA,NA,NA,2015,7,TRUE,FALSE,TRUE,"Summer adult",0.450184501845018,117.331463985049
"Common Tern","NIL0",NA,NA,"DD","23484","STEHIR",NA,6,274,122,2015-07-27,1899-12-31 22:00:00,"Atlit Salt-Pans",32.695,34.932,"Yosef Kiat",NA,NA,NA,"IL0",NA,NA,NA,NA,"I","L","0",NA,"N",27,7,NA,NA,NA,NA,NA,NA,NA,NA,NA,NA,NA,NA,NA,NA,NA,NA,2015,7,TRUE,FALSE,TRUE,"Summer adult",0.445255474452555,113.459126148324
"Common Tern","NIL1",NA,NA,"DD","23485","STEHIR",NA,6,270,116,2015-07-27,1899-12-31 22:00:00,"Atlit Salt-Pans",32.695,34.932,"Yosef Kiat",NA,NA,NA,"IL1",NA,NA,NA,NA,"I","L","1",NA,"N",27,7,NA,NA,NA,NA,NA,NA,NA,NA,NA,NA,NA,NA,NA,NA,NA,NA,2015,7,TRUE,FALSE,TRUE,"Summer adult",0.42962962962963,112.825398790468
"Common Tern","NIL2",NA,NA,"DD","23486","STEHIR",NA,6,262,114,2015-07-27,1899-12-31 22:00:00,"Atlit Salt-Pans",32.695,34.932,"Yosef Kiat",NA,NA,NA,"IL2",NA,NA,NA,NA,"I","L","2",NA,"N",27,7,NA,NA,NA,NA,NA,NA,NA,NA,NA,NA,NA,NA,NA,NA,NA,NA,2015,7,TRUE,FALSE,TRUE,"Summer adult",0.435114503816794,121.527035970877
"Common Tern","NIL5",NA,NA,"DD","23489","STEHIR","M",6,272,117,2015-07-27,1899-12-31 22:00:00,"Atlit Salt-Pans",32.695,34.932,"Yosef Kiat",NA,"Sexing by blood testing",NA,"IL5",NA,NA,NA,NA,"I","L","5",NA,"N",27,7,NA,NA,NA,NA,NA,NA,NA,NA,NA,NA,NA,NA,NA,NA,NA,NA,2015,7,TRUE,FALSE,TRUE,"Summer adult",0.430147058823529,111.266472086905
"Common Tern","YI83",NA,NA,"DD","24197","STEHIR",NA,6,272,113,2016-06-20,1899-12-31 21:00:00,"Atlit Salt-Pans",32.695,34.932,"Yosef Kiat",NA,NA,NA,"I83",NA,143,NA,NA,"I","8","3",NA,"Y",20,6,NA,NA,NA,NA,NA,NA,NA,NA,NA,NA,NA,NA,NA,NA,NA,NA,2016,6,TRUE,FALSE,TRUE,"Summer adult",0.415441176470588,107.462490135216
"Common Tern","YI84",NA,NA,"DD","24198","STEHIR",NA,6,258,119,2016-06-20,1899-12-31 21:00:00,"Atlit Salt-Pans",32.695,34.932,"Yosef Kiat",NA,NA,NA,"I84",NA,140,NA,NA,"I","8","4",NA,"Y",20,6,NA,NA,NA,NA,NA,NA,NA,NA,NA,NA,NA,NA,NA,NA,NA,NA,2016,6,TRUE,FALSE,TRUE,"Summer adult",0.461240310077519,132.948339384766
"Common Tern","YI85",NA,NA,"DD","24199","STEHIR","M",6,255,113,2016-06-20,1899-12-31 21:00:00,"Atlit Salt-Pans",32.695,34.932,"Yosef Kiat",NA,NA,NA,"I85",NA,144,NA,NA,"I","8","5",NA,"Y",20,6,NA,NA,NA,NA,NA,NA,NA,NA,NA,NA,NA,NA,NA,NA,NA,NA,2016,6,TRUE,FALSE,TRUE,"Summer adult",0.443137254901961,130.827378670693
"Common Tern","YI86",NA,NA,"DD","24200","STEHIR",NA,6,277,115,2016-06-20,1899-12-31 21:00:00,"Atlit Salt-Pans",32.695,34.932,"Yosef Kiat",NA,NA,NA,"I86",NA,156,NA,NA,"I","8","6",NA,"Y",20,6,NA,NA,NA,NA,NA,NA,NA,NA,NA,NA,NA,NA,NA,NA,NA,NA,2016,6,TRUE,FALSE,TRUE,"Summer adult",0.415162454873646,103.457291397452
"Common Tern","YI87",NA,NA,"DD","24201","STEHIR",NA,6,269,114,2016-06-20,1899-12-31 21:00:00,"Atlit Salt-Pans",32.695,34.932,"Yosef Kiat",NA,NA,NA,"I87",NA,141,NA,NA,"I","8","7",NA,"Y",20,6,NA,NA,NA,NA,NA,NA,NA,NA,NA,NA,NA,NA,NA,NA,NA,NA,2016,6,TRUE,FALSE,TRUE,"Summer adult",0.423791821561338,112.141440103892
"Common Tern","YI88",NA,NA,"DD","24202","STEHIR",NA,6,266,108,2016-06-20,1899-12-31 21:00:00,"Atlit Salt-Pans",32.695,34.932,"Yosef Kiat",NA,NA,NA,"I88",NA,149,NA,NA,"I","8","8",NA,"Y",20,6,NA,NA,NA,NA,NA,NA,NA,NA,NA,NA,NA,NA,NA,NA,NA,NA,2016,6,TRUE,FALSE,TRUE,"Summer adult",0.406015037593985,109.934125206541
"Common Tern","YI89",NA,NA,"DD","24203","STEHIR",NA,6,264,106,2016-06-20,1899-12-31 21:00:00,"Atlit Salt-Pans",32.695,34.932,"Yosef Kiat",NA,NA,NA,"I89",NA,138,NA,NA,"I","8","9",NA,"Y",20,6,NA,NA,NA,NA,NA,NA,NA,NA,NA,NA,NA,NA,NA,NA,NA,NA,2016,6,TRUE,FALSE,TRUE,"Summer adult",0.401515151515151,110.409459971528
"Common Tern","YI90",NA,NA,"DD","24204","STEHIR",NA,6,274,122,2016-06-20,1899-12-31 21:00:00,"Atlit Salt-Pans",32.695,34.932,"Yosef Kiat",NA,NA,NA,"I90",NA,156,NA,NA,"I","9","0",NA,"Y",20,6,NA,NA,NA,NA,NA,NA,NA,NA,NA,NA,NA,NA,NA,NA,NA,NA,2016,6,TRUE,FALSE,TRUE,"Summer adult",0.445255474452555,113.459126148324
"Common Tern","WIN5",NA,"R","DD","21189","STEHIR",NA,10,278,121,2016-06-20,1899-12-31 21:00:00,"Atlit Salt-Pans",32.695,34.932,"Yosef Kiat",NA,NA,NA,"IN5",NA,135,NA,NA,"I","N","5",NA,"W",20,6,NA,NA,NA,NA,NA,NA,NA,NA,NA,NA,NA,NA,NA,NA,NA,NA,2016,6,FALSE,TRUE,TRUE,"Summer adult",0.435251798561151,107.665822660183
"Common Tern","YI91",NA,NA,"DD","24205","STEHIR",NA,6,277,100,2016-06-20,1899-12-31 21:00:00,"Atlit Salt-Pans",32.695,34.932,"Yosef Kiat",NA,NA,NA,"I91",NA,147,NA,NA,"I","9","1",NA,"Y",20,6,NA,NA,NA,NA,NA,NA,NA,NA,NA,NA,NA,NA,NA,NA,NA,NA,2016,6,TRUE,FALSE,TRUE,"Summer adult",0.36101083032491,89.9628620847407
"Common Tern","YI92",NA,NA,"DD","24206","STEHIR",NA,6,260,113,2016-06-20,1899-12-31 21:00:00,"Atlit Salt-Pans",32.695,34.932,"Yosef Kiat",NA,NA,NA,"I92",NA,139,NA,NA,"I","9","2",NA,"Y",20,6,NA,NA,NA,NA,NA,NA,NA,NA,NA,NA,NA,NA,NA,NA,NA,NA,2016,6,TRUE,FALSE,TRUE,"Summer adult",0.434615384615385,123.308007182662
"Common Tern","YI93",NA,NA,"DD","24207","STEHIR",NA,6,283,121,2016-06-20,1899-12-31 21:00:00,"Atlit Salt-Pans",32.695,34.932,"Yosef Kiat",NA,NA,NA,"I93",NA,156,NA,NA,"I","9","3",NA,"Y",20,6,NA,NA,NA,NA,NA,NA,NA,NA,NA,NA,NA,NA,NA,NA,NA,NA,2016,6,TRUE,FALSE,TRUE,"Summer adult",0.42756183745583,101.971435006689
"Common Tern","YI94",NA,NA,"DD","24208","STEHIR",NA,6,262,113,2016-06-20,1899-12-31 21:00:00,"Atlit Salt-Pans",32.695,34.932,"Yosef Kiat",NA,NA,NA,"I94",NA,133,NA,NA,"I","9","4",NA,"Y",20,6,NA,NA,NA,NA,NA,NA,NA,NA,NA,NA,NA,NA,NA,NA,NA,NA,2016,6,TRUE,FALSE,TRUE,"Summer adult",0.431297709923664,120.461009339554
"Common Tern","YI95",NA,NA,"DD","24209","STEHIR",NA,6,262,113,2016-06-20,1899-12-31 21:00:00,"Atlit Salt-Pans",32.695,34.932,"Yosef Kiat",NA,NA,NA,"I95",NA,NA,NA,NA,"I","9","5",NA,"Y",20,6,NA,NA,NA,NA,NA,NA,NA,NA,NA,NA,NA,NA,NA,NA,NA,NA,2016,6,TRUE,FALSE,TRUE,"Summer adult",0.431297709923664,120.461009339554
"Common Tern","YI96",NA,NA,"DD","24210","STEHIR",NA,6,258,118,2016-06-20,1899-12-31 21:00:00,"Atlit Salt-Pans",32.695,34.932,"Yosef Kiat",NA,NA,NA,"I96",NA,NA,NA,NA,"I","9","6",NA,"Y",20,6,NA,NA,NA,NA,NA,NA,NA,NA,NA,NA,NA,NA,NA,NA,NA,NA,2016,6,TRUE,FALSE,TRUE,"Summer adult",0.457364341085271,131.83112644876
"Common Tern","YI97",NA,NA,"DD","24211","STEHIR",NA,6,255,105,2016-06-20,1899-12-31 21:00:00,"Atlit Salt-Pans",32.695,34.932,"Yosef Kiat",NA,NA,NA,"I97",NA,134,NA,NA,"I","9","7",NA,"Y",20,6,NA,NA,NA,NA,NA,NA,NA,NA,NA,NA,NA,NA,NA,NA,NA,NA,2016,6,TRUE,FALSE,TRUE,"Summer adult",0.411764705882353,121.565263366573
"Common Tern","YI98",NA,NA,"DD","24212","STEHIR",NA,6,259,103,2016-06-20,1899-12-31 21:00:00,"Atlit Salt-Pans",32.695,34.932,"Yosef Kiat",NA,NA,NA,"I98",NA,134,NA,NA,"I","9","8",NA,"Y",20,6,NA,NA,NA,NA,NA,NA,NA,NA,NA,NA,NA,NA,NA,NA,NA,NA,2016,6,TRUE,FALSE,TRUE,"Summer adult",0.397683397683398,113.723901999632
"Common Tern","YI99",NA,NA,"DD","24213","STEHIR",NA,6,258,103,2016-06-20,1899-12-31 21:00:00,"Atlit Salt-Pans",32.695,34.932,"Yosef Kiat",NA,NA,NA,"I99",NA,135,NA,NA,"I","9","9",NA,"Y",20,6,NA,NA,NA,NA,NA,NA,NA,NA,NA,NA,NA,NA,NA,NA,NA,NA,2016,6,TRUE,FALSE,TRUE,"Summer adult",0.39922480620155,115.072932408663
"Common Tern","YIA0",NA,NA,"DD","24214","STEHIR",NA,6,267,103,2016-06-20,1899-12-31 22:00:00,"Atlit Salt-Pans",32.695,34.932,"Yosef Kiat",NA,NA,NA,"IA0",NA,133,NA,NA,"I","A","0",NA,"Y",20,6,NA,NA,NA,NA,NA,NA,NA,NA,NA,NA,NA,NA,NA,NA,NA,NA,2016,6,TRUE,FALSE,TRUE,"Summer adult",0.385767790262172,103.65214775412
"Common Tern","YIA1",NA,NA,"DD","24215","STEHIR",NA,6,262,120,2016-06-20,1899-12-31 22:00:00,"Atlit Salt-Pans",32.695,34.932,"Yosef Kiat",NA,NA,NA,"IA1",NA,NA,NA,NA,"I","A","1",NA,"Y",20,6,NA,NA,NA,NA,NA,NA,NA,NA,NA,NA,NA,NA,NA,NA,NA,NA,2016,6,TRUE,FALSE,TRUE,"Summer adult",0.458015267175573,127.923195758818
"Common Tern","YIA2",NA,NA,"DD","24216","STEHIR",NA,6,264,111,2016-06-20,1899-12-31 22:00:00,"Atlit Salt-Pans",32.695,34.932,"Yosef Kiat",NA,NA,NA,"IA2",NA,139,NA,NA,"I","A","2",NA,"Y",20,6,NA,NA,NA,NA,NA,NA,NA,NA,NA,NA,NA,NA,NA,NA,NA,NA,2016,6,TRUE,FALSE,TRUE,"Summer adult",0.420454545454545,115.617453366412
"Common Tern","YIA3",NA,NA,"DD","24217","STEHIR",NA,6,272,133,2016-06-20,1899-12-31 23:00:00,"Atlit Salt-Pans",32.695,34.932,"Yosef Kiat",NA,NA,NA,"IA3",NA,139,NA,NA,"I","A","3",NA,"Y",20,6,NA,NA,NA,NA,NA,NA,NA,NA,NA,NA,NA,NA,NA,NA,NA,NA,2016,6,TRUE,FALSE,TRUE,"Summer adult",0.488970588235294,126.482399893661
"Common Tern","YIA4",NA,NA,"DD","24218","STEHIR",NA,6,260,106,2016-06-20,1899-12-31 23:00:00,"Atlit Salt-Pans",32.695,34.932,"Yosef Kiat",NA,NA,NA,"IA4",NA,142,NA,NA,"I","A","4",NA,"Y",20,6,NA,NA,NA,NA,NA,NA,NA,NA,NA,NA,NA,NA,NA,NA,NA,NA,2016,6,TRUE,FALSE,TRUE,"Summer adult",0.407692307692308,115.669458065152
"Common Tern","NILK",NA,"R","DD","23279","STEHIR",NA,8,275,104,2016-06-20,1899-12-31 23:00:00,"Atlit Salt-Pans",32.695,34.932,"Yosef Kiat",NA,NA,NA,"ILK",NA,137,NA,NA,"I","L","K",NA,"N",20,6,NA,NA,NA,NA,NA,NA,NA,NA,NA,NA,NA,NA,NA,NA,NA,NA,2016,6,FALSE,TRUE,TRUE,"Summer adult",0.378181818181818,95.6511140091532
"Common Tern","YIA5",NA,NA,"DD","24219","STEHIR",NA,6,273,117,2016-06-20,1899-12-31 23:00:00,"Atlit Salt-Pans",32.695,34.932,"Yosef Kiat",NA,NA,NA,"IA5",NA,139,NA,NA,"I","A","5",NA,"Y",20,6,NA,NA,NA,NA,NA,NA,NA,NA,NA,NA,NA,NA,NA,NA,NA,NA,2016,6,TRUE,FALSE,TRUE,"Summer adult",0.428571428571429,110.028707161996
"Common Tern","YIA6",NA,NA,"DD","24220","STEHIR",NA,6,272,104,2016-06-20,1899-12-31 23:00:00,"Atlit Salt-Pans",32.695,34.932,"Yosef Kiat",NA,NA,NA,"IA6",NA,NA,NA,NA,"I","A","6",NA,"Y",20,6,NA,NA,NA,NA,NA,NA,NA,NA,NA,NA,NA,NA,NA,NA,NA,NA,2016,6,TRUE,FALSE,TRUE,"Summer adult",0.382352941176471,98.9035307439155
"Common Tern","NTX+","+",NA,"DD","24221","STEHIR",NA,6,259,114,2016-06-20,1899-12-31 23:00:00,"Atlit Salt-Pans",32.695,34.932,"Yosef Kiat",NA,NA,NA,"TX+",NA,NA,NA,NA,"T","X","+",NA,"N",20,6,NA,NA,NA,NA,NA,"IA7",NA,NA,NA,NA,NA,NA,NA,NA,NA,NA,2016,6,TRUE,FALSE,TRUE,"Summer adult",0.44015444015444,125.869173086971
"Common Tern",NA,NA,NA,"DD","24222","STEHIR",NA,6,256,104,2016-06-20,1899-12-31 23:00:00,"Atlit Salt-Pans",32.695,34.932,"Yosef Kiat",NA,NA,NA,NA,NA,NA,NA,NA,NA,NA,NA,NA,NA,20,6,NA,NA,NA,NA,NA,NA,NA,NA,NA,NA,NA,NA,NA,NA,NA,NA,2016,6,TRUE,FALSE,TRUE,"Summer adult",0.40625,118.979454448135
"Common Tern","YIA8",NA,NA,"DD","24223","STEHIR",NA,6,262,108,2016-06-20,1899-12-31 23:00:00,"Atlit Salt-Pans",32.695,34.932,"Yosef Kiat",NA,NA,NA,"IA8",NA,149,NA,NA,"I","A","8",NA,"Y",20,6,NA,NA,NA,NA,NA,NA,NA,NA,NA,NA,NA,NA,NA,NA,NA,NA,2016,6,TRUE,FALSE,TRUE,"Summer adult",0.412213740458015,115.130876182936
"Common Tern","YIA9",NA,NA,"DD","24224","STEHIR",NA,6,273,121,2016-06-20,1899-12-31 23:00:00,"Atlit Salt-Pans",32.695,34.932,"Yosef Kiat",NA,NA,NA,"IA9",NA,NA,NA,NA,"I","A","9",NA,"Y",20,6,NA,NA,NA,NA,NA,NA,NA,NA,NA,NA,NA,NA,NA,NA,NA,NA,2016,6,TRUE,FALSE,TRUE,"Summer adult",0.443223443223443,113.790372364115
"Common Tern","YIB0",NA,NA,"DD","24225","STEHIR",NA,6,282,124,2016-06-20,1899-12-31 23:30:00,"Atlit Salt-Pans",32.695,34.932,"Yosef Kiat",NA,NA,NA,"IB0",NA,157,NA,NA,"I","B","0",NA,"Y",20,6,NA,NA,NA,NA,NA,NA,NA,NA,NA,NA,NA,NA,NA,NA,NA,NA,2016,6,TRUE,FALSE,TRUE,"Summer adult",0.439716312056738,105.633380429786
"Common Tern","YIB1",NA,NA,"DD","24226","STEHIR",NA,6,265,103,2016-06-20,1899-12-31 23:30:00,"Atlit Salt-Pans",32.695,34.932,"Yosef Kiat",NA,NA,NA,"IB1",NA,140,NA,NA,"I","B","1",NA,"Y",20,6,NA,NA,NA,NA,NA,NA,NA,NA,NA,NA,NA,NA,NA,NA,NA,NA,2016,6,TRUE,FALSE,TRUE,"Summer adult",0.388679245283019,106.055304081982
"Common Tern","YIB2",NA,NA,"DD","24227","STEHIR",NA,6,256,108,2016-06-20,1899-12-31 23:30:00,"Atlit Salt-Pans",32.695,34.932,"Yosef Kiat",NA,NA,NA,"IB2",NA,139,NA,NA,"I","B","2",NA,"Y",20,6,NA,NA,NA,NA,NA,NA,NA,NA,NA,NA,NA,NA,NA,NA,NA,NA,2016,6,TRUE,FALSE,TRUE,"Summer adult",0.421875,123.555587311525
"Common Tern","YIB3",NA,NA,"DD","24228","STEHIR",NA,6,265,117,2016-06-20,1899-12-31 23:30:00,"Atlit Salt-Pans",32.695,34.932,"Yosef Kiat",NA,NA,NA,"IB3",NA,134,NA,NA,"I","B","3",NA,"Y",20,6,NA,NA,NA,NA,NA,NA,NA,NA,NA,NA,NA,NA,NA,NA,NA,NA,2016,6,TRUE,FALSE,TRUE,"Summer adult",0.441509433962264,120.47058813196
"Common Tern","YIB4",NA,NA,"DD","24229","STEHIR",NA,6,271,105,2016-06-20,1899-12-31 23:30:00,"Atlit Salt-Pans",32.695,34.932,"Yosef Kiat",NA,NA,NA,"IB4",NA,137,NA,NA,"I","B","4",NA,"Y",20,6,NA,NA,NA,NA,NA,NA,NA,NA,NA,NA,NA,NA,NA,NA,NA,NA,2016,6,TRUE,FALSE,TRUE,"Summer adult",0.387453874538745,100.981997692051
"Common Tern","YIB5",NA,NA,"DD","24230","STEHIR",NA,6,267,111,2016-06-21,1899-12-31 00:15:00,"Atlit Salt-Pans",32.695,34.932,"Yosef Kiat",NA,NA,NA,"IB5",NA,134,NA,NA,"I","B","5",NA,"Y",21,6,NA,NA,NA,NA,NA,NA,NA,NA,NA,NA,NA,NA,NA,NA,NA,NA,2016,6,TRUE,FALSE,TRUE,"Summer adult",0.415730337078652,111.702800006867
"Common Tern","YGAX","+",NA,"DD","24231","STEHIR",NA,6,285,112,2016-06-21,1899-12-31 00:15:00,"Atlit Salt-Pans",32.695,34.932,"Yosef Kiat",NA,NA,NA,"GAX",NA,150,NA,NA,"G","A","X",NA,"Y",21,6,NA,NA,NA,NA,NA,"IB6",NA,NA,NA,NA,NA,NA,NA,NA,NA,NA,2016,6,TRUE,FALSE,TRUE,"Summer adult",0.392982456140351,92.3821347440067
"Common Tern","YIB7",NA,NA,"DD","24232","STEHIR",NA,6,260,95,2016-06-21,1899-12-31 00:15:00,"Atlit Salt-Pans",32.695,34.932,"Yosef Kiat",NA,NA,NA,"IB7",NA,131,NA,NA,"I","B","7",NA,"Y",21,6,NA,NA,NA,NA,NA,NA,NA,NA,NA,NA,NA,NA,NA,NA,NA,NA,2016,6,TRUE,FALSE,TRUE,"Summer adult",0.365384615384615,103.666023737636
"Common Tern","YIB8",NA,NA,"DD","24233","STEHIR",NA,6,269,113,2016-06-21,1899-12-31 00:15:00,"Atlit Salt-Pans",32.695,34.932,"Yosef Kiat",NA,NA,NA,"IB8",NA,147,NA,NA,"I","B","8",NA,"Y",21,6,NA,NA,NA,NA,NA,NA,NA,NA,NA,NA,NA,NA,NA,NA,NA,NA,2016,6,TRUE,FALSE,TRUE,"Summer adult",0.420074349442379,111.157743260875
"Common Tern","YIB9",NA,NA,"DD","24234","STEHIR",NA,6,273,104,2016-06-21,1899-12-31 02:00:00,"Atlit Salt-Pans",32.695,34.932,"Yosef Kiat",NA,NA,NA,"IB9",NA,132,NA,NA,"I","B","9",NA,"Y",21,6,NA,NA,NA,NA,NA,NA,NA,NA,NA,NA,NA,NA,NA,NA,NA,NA,2016,6,TRUE,FALSE,TRUE,"Summer adult",0.380952380952381,97.8032952551072
"Common Tern","YIC0",NA,NA,"DD","24235","STEHIR",NA,6,271,116,2016-06-21,1899-12-31 02:00:00,"Atlit Salt-Pans",32.695,34.932,"Yosef Kiat",NA,NA,NA,"IC0",NA,138,NA,NA,"I","C","0",NA,"Y",21,6,NA,NA,NA,NA,NA,NA,NA,NA,NA,NA,NA,NA,NA,NA,NA,NA,2016,6,TRUE,FALSE,TRUE,"Summer adult",0.428044280442804,111.561064116932
"Common Tern","YIC1",NA,NA,"DD","24236","STEHIR",NA,6,261,100,2016-06-21,1899-12-31 02:00:00,"Atlit Salt-Pans",32.695,34.932,"Yosef Kiat",NA,NA,NA,"IC1",NA,NA,NA,NA,"I","C","1",NA,"Y",21,6,NA,NA,NA,NA,NA,NA,NA,NA,NA,NA,NA,NA,NA,NA,NA,NA,2016,6,TRUE,FALSE,TRUE,"Summer adult",0.383141762452107,107.852626969158
"Common Tern","YIC2",NA,NA,"DD","24237","STEHIR",NA,6,262,114,2016-06-21,1899-12-31 02:00:00,"Atlit Salt-Pans",32.695,34.932,"Yosef Kiat",NA,NA,NA,"IC2",NA,NA,NA,NA,"I","C","2",NA,"Y",21,6,NA,NA,NA,NA,NA,NA,NA,NA,NA,NA,NA,NA,NA,NA,NA,NA,2016,6,TRUE,FALSE,TRUE,"Summer adult",0.435114503816794,121.527035970877
"Common Tern","YIC3",NA,NA,"DD","24238","STEHIR",NA,6,278,113,2016-06-21,1899-12-31 02:00:00,"Atlit Salt-Pans",32.695,34.932,"Yosef Kiat",NA,NA,NA,"IC3",NA,NA,NA,NA,"I","C","3",NA,"Y",21,6,NA,NA,NA,NA,NA,NA,NA,NA,NA,NA,NA,NA,NA,NA,NA,NA,2016,6,TRUE,FALSE,TRUE,"Summer adult",0.406474820143885,100.547421161989
"Common Tern","YIC4",NA,NA,"DD","24239","STEHIR",NA,6,265,111,2016-06-26,1899-12-31 20:30:00,"Atlit Salt-Pans",32.695,34.932,"Yosef Kiat",NA,NA,NA,"IC4",NA,139,NA,NA,"I","C","4",NA,"Y",26,6,NA,NA,NA,NA,NA,NA,NA,NA,NA,NA,NA,NA,NA,NA,NA,NA,2016,6,TRUE,FALSE,TRUE,"Summer adult",0.418867924528302,114.292609253398
"Common Tern","YIC5",NA,NA,"DD","24240","STEHIR",NA,6,262,116,2016-06-26,1899-12-31 20:30:00,"Atlit Salt-Pans",32.695,34.932,"Yosef Kiat",NA,NA,NA,"IC5",NA,136,NA,NA,"I","C","5",NA,"Y",26,6,NA,NA,NA,NA,NA,NA,NA,NA,NA,NA,NA,NA,NA,NA,NA,NA,2016,6,TRUE,FALSE,TRUE,"Summer adult",0.442748091603053,123.659089233524
"Common Tern","YIC6",NA,NA,"DD","24241","STEHIR",NA,6,270,117,2016-06-26,1899-12-31 20:30:00,"Atlit Salt-Pans",32.695,34.932,"Yosef Kiat",NA,NA,NA,"IC6",NA,144,NA,NA,"I","C","6",NA,"Y",26,6,NA,NA,NA,NA,NA,NA,NA,NA,NA,NA,NA,NA,NA,NA,NA,NA,2016,6,TRUE,FALSE,TRUE,"Summer adult",0.433333333333333,113.798031538662
"Common Tern","YIC7",NA,NA,"DD","24242","STEHIR",NA,6,269,116,2016-06-26,1899-12-31 20:30:00,"Atlit Salt-Pans",32.695,34.932,"Yosef Kiat",NA,NA,NA,"IC7",NA,143,NA,NA,"I","C","7",NA,"Y",26,6,NA,NA,NA,NA,NA,NA,NA,NA,NA,NA,NA,NA,NA,NA,NA,NA,2016,6,TRUE,FALSE,TRUE,"Summer adult",0.431226765799257,114.108833789925
"Common Tern",NA,NA,NA,"DD","24243","STEHIR",NA,6,258,114,2016-06-26,1899-12-31 20:30:00,"Atlit Salt-Pans",32.695,34.932,"Yosef Kiat",NA,NA,NA,NA,NA,NA,NA,NA,NA,NA,NA,NA,NA,26,6,NA,NA,NA,NA,NA,NA,NA,NA,NA,NA,NA,NA,NA,NA,NA,NA,2016,6,TRUE,FALSE,TRUE,"Summer adult",0.441860465116279,127.362274704734
"Common Tern","YIC8",NA,NA,"DD","24244","STEHIR",NA,6,262,111,2016-06-26,1899-12-31 20:30:00,"Atlit Salt-Pans",32.695,34.932,"Yosef Kiat",NA,NA,NA,"IC8",NA,142,NA,NA,"I","C","8",NA,"Y",26,6,NA,NA,NA,NA,NA,NA,NA,NA,NA,NA,NA,NA,NA,NA,NA,NA,2016,6,TRUE,FALSE,TRUE,"Summer adult",0.423664122137405,118.328956076907
"Common Tern","YIC9",NA,NA,"DD","24245","STEHIR",NA,6,273,122,2016-06-26,1899-12-31 20:30:00,"Atlit Salt-Pans",32.695,34.932,"Yosef Kiat",NA,NA,NA,"IC9",NA,149,NA,NA,"I","C","9",NA,"Y",26,6,NA,NA,NA,NA,NA,NA,NA,NA,NA,NA,NA,NA,NA,NA,NA,NA,2016,6,TRUE,FALSE,TRUE,"Summer adult",0.446886446886447,114.730788664645
"Common Tern","YIE0",NA,NA,"DD","24246","STEHIR","F",6,260,116,2016-06-26,1899-12-31 20:30:00,"Atlit Salt-Pans",32.695,34.932,"Yosef Kiat",NA,"Sexing by blood testing",NA,"IE0",NA,126,NA,NA,"I","E","0",NA,"Y",26,6,NA,NA,NA,NA,NA,NA,NA,NA,NA,NA,NA,NA,NA,NA,NA,NA,2016,6,TRUE,FALSE,TRUE,"Summer adult",0.446153846153846,126.581671090167
"Common Tern","YIE1",NA,NA,"DD","24247","STEHIR",NA,6,267,123,2016-06-26,1899-12-31 20:30:00,"Atlit Salt-Pans",32.695,34.932,"Yosef Kiat",NA,NA,NA,"IE1",NA,137,NA,NA,"I","E","1",NA,"Y",26,6,NA,NA,NA,NA,NA,NA,NA,NA,NA,NA,NA,NA,NA,NA,NA,NA,2016,6,TRUE,FALSE,TRUE,"Summer adult",0.460674157303371,123.778778385988
"Common Tern","YIE2","+","R","DD","24248","STEHIR",NA,18,264,104,2016-06-26,1899-12-31 20:30:00,"Atlit Salt-Pans",32.695,34.932,"Yosef Kiat",NA,NA,NA,"IE2",NA,NA,NA,NA,"I","E","2",NA,"Y",26,6,NA,NA,NA,NA,NA,"IAF",NA,NA,"DD-18441",NA,NA,NA,NA,NA,NA,NA,2016,6,FALSE,TRUE,TRUE,"Summer adult",0.393939393939394,108.326262613575
"Common Tern","YIE3",NA,NA,"DD","24249","STEHIR","M",6,272,118,2016-06-26,1899-12-31 20:30:00,"Atlit Salt-Pans",32.695,34.932,"Yosef Kiat",NA,"Sexing by blood testing",NA,"IE3",NA,145,NA,NA,"I","E","3",NA,"Y",26,6,NA,NA,NA,NA,NA,NA,NA,NA,NA,NA,NA,NA,NA,NA,NA,NA,2016,6,TRUE,FALSE,TRUE,"Summer adult",0.433823529411765,112.217467574827
"Common Tern","YIE4",NA,NA,"DD","24250","STEHIR",NA,6,267,109,2016-06-26,1899-12-31 20:30:00,"Atlit Salt-Pans",32.695,34.932,"Yosef Kiat",NA,NA,NA,"IE4",NA,149,NA,NA,"I","E","4",NA,"Y",26,6,NA,NA,NA,NA,NA,NA,NA,NA,NA,NA,NA,NA,NA,NA,NA,NA,2016,6,TRUE,FALSE,TRUE,"Summer adult",0.408239700374532,109.69013694368
"Common Tern","YIE5",NA,NA,"DD","24251","STEHIR",NA,6,269,121,2016-06-26,1899-12-31 20:30:00,"Atlit Salt-Pans",32.695,34.932,"Yosef Kiat",NA,NA,NA,"IE5",NA,146,NA,NA,"I","E","5",NA,"Y",26,6,NA,NA,NA,NA,NA,NA,NA,NA,NA,NA,NA,NA,NA,NA,NA,NA,2016,6,TRUE,FALSE,TRUE,"Summer adult",0.449814126394052,119.027318005008
"Common Tern","YIE6",NA,NA,"DD","24252","STEHIR",NA,6,264,106,2016-06-26,1899-12-31 20:30:00,"Atlit Salt-Pans",32.695,34.932,"Yosef Kiat",NA,NA,NA,"IE6",NA,145,NA,NA,"I","E","6",NA,"Y",26,6,NA,NA,NA,NA,NA,NA,NA,NA,NA,NA,NA,NA,NA,NA,NA,NA,2016,6,TRUE,FALSE,TRUE,"Summer adult",0.401515151515151,110.409459971528
"Common Tern","YIE7",NA,NA,"DD","24253","STEHIR",NA,6,273,116,2016-06-26,1899-12-31 20:30:00,"Atlit Salt-Pans",32.695,34.932,"Yosef Kiat",NA,NA,NA,"IE7",NA,140,NA,NA,"I","E","7",NA,"Y",26,6,NA,NA,NA,NA,NA,NA,NA,NA,NA,NA,NA,NA,NA,NA,NA,NA,2016,6,TRUE,FALSE,TRUE,"Summer adult",0.424908424908425,109.088290861466
"Common Tern","YIH1",NA,NA,"DD","24277","STEHIR",NA,6,266,103,2016-06-26,1899-12-31 23:30:00,"Atlit Salt-Pans",32.695,34.932,"Yosef Kiat",NA,NA,NA,"IH1",NA,NA,NA,NA,"I","H","1",NA,"Y",26,6,NA,NA,NA,NA,NA,NA,NA,NA,NA,NA,NA,NA,NA,NA,NA,NA,2016,6,TRUE,FALSE,TRUE,"Summer adult",0.387218045112782,104.844582372905
"Common Tern","YIH2","+","R","DD","21071","STEHIR",NA,9,256,115,2016-06-26,1899-12-31 23:30:00,"Atlit Salt-Pans",32.695,34.932,"Yosef Kiat",NA,NA,NA,"IH2",NA,NA,NA,NA,"I","H","2",NA,"Y",26,6,NA,NA,NA,NA,NA,"ID4",NA,NA,NA,NA,NA,NA,NA,NA,NA,NA,2016,6,FALSE,TRUE,TRUE,"Summer adult",0.44921875,131.563819822457
"Common Tern","YIH4",NA,NA,"DD","24279","STEHIR",NA,6,267,105,2016-06-27,1899-12-31 00:30:00,"Atlit Salt-Pans",32.695,34.932,"Yosef Kiat",NA,NA,NA,"IH4",NA,NA,NA,NA,"I","H","4",NA,"Y",27,6,NA,NA,NA,NA,NA,NA,NA,NA,NA,NA,NA,NA,NA,NA,NA,NA,2016,6,TRUE,FALSE,TRUE,"Summer adult",0.393258426966292,105.664810817307
"Common Tern","NUT+","+",NA,"DD","24280","STEHIR","F",6,273,123,2016-06-27,1899-12-31 00:30:00,"Atlit Salt-Pans",32.695,34.932,"Yosef Kiat",NA,NA,NA,"UT+",NA,NA,NA,NA,"U","T","+",NA,"N",27,6,NA,NA,NA,NA,NA,"IH5",NA,NA,NA,NA,NA,NA,NA,NA,NA,NA,2016,6,TRUE,FALSE,TRUE,"Summer adult",0.450549450549451,115.671204965175
"Common Tern","GICB",NA,"R","DD","21359","STEHIR",NA,7,264,109,2016-07-04,1899-12-31 00:30:00,"Atlit Salt-Pans",32.695,34.932,"Yosef Kiat",NA,NA,NA,"ICB",NA,NA,NA,NA,"I","C","B",NA,"G",4,7,NA,NA,NA,NA,NA,NA,NA,NA,NA,NA,NA,NA,NA,NA,NA,NA,2016,7,FALSE,TRUE,TRUE,"Summer adult",0.412878787878788,113.534256008458
"Common Tern","YIL2",NA,NA,"DD","24307","STEHIR","F",6,273,134,2016-07-04,1899-12-31 00:30:00,"Atlit Salt-Pans",32.695,34.932,"Yosef Kiat",NA,"Sexing by blood testing",NA,"IL2",NA,NA,NA,NA,"I","L","2",NA,"Y",4,7,NA,NA,NA,NA,NA,NA,NA,NA,NA,NA,NA,NA,NA,NA,NA,NA,2016,7,TRUE,FALSE,TRUE,"Summer adult",0.490842490842491,126.015784271004
"Common Tern","YIH6",NA,NA,"DD","24281","STEHIR",NA,6,262,116,2016-07-04,1899-12-31 20:30:00,"Atlit Salt-Pans",32.695,34.932,"Yosef Kiat",NA,NA,NA,"IH6",NA,136,NA,NA,"I","H","6",NA,"Y",4,7,NA,NA,NA,NA,NA,NA,NA,NA,NA,NA,NA,NA,NA,NA,NA,NA,2016,7,TRUE,FALSE,TRUE,"Summer adult",0.442748091603053,123.659089233524
"Common Tern","YIH7",NA,NA,"DD","24282","STEHIR",NA,4,277,117,2016-07-04,1899-12-31 20:30:00,"Atlit Salt-Pans",32.695,34.932,"Yosef Kiat",NA,NA,NA,"IH7",NA,NA,NA,NA,"I","H","7",NA,"Y",4,7,NA,NA,NA,NA,NA,NA,NA,NA,NA,NA,NA,NA,NA,NA,NA,NA,2016,7,TRUE,FALSE,TRUE,"Summer adult",0.422382671480144,105.256548639147
"Common Tern","YIH8",NA,NA,"DD","24283","STEHIR",NA,6,278,119,2016-07-04,1899-12-31 20:30:00,"Atlit Salt-Pans",32.695,34.932,"Yosef Kiat",NA,NA,NA,"IH8",NA,156,NA,NA,"I","H","8",NA,"Y",4,7,NA,NA,NA,NA,NA,NA,NA,NA,NA,NA,NA,NA,NA,NA,NA,NA,2016,7,TRUE,FALSE,TRUE,"Summer adult",0.428057553956835,105.886222285635
"Common Tern","YIH9",NA,NA,"DD","24284","STEHIR",NA,6,265,116,2016-07-04,1899-12-31 20:30:00,"Atlit Salt-Pans",32.695,34.932,"Yosef Kiat",NA,NA,NA,"IH9",NA,NA,NA,NA,"I","H","9",NA,"Y",4,7,NA,NA,NA,NA,NA,NA,NA,NA,NA,NA,NA,NA,NA,NA,NA,NA,2016,7,TRUE,FALSE,TRUE,"Summer adult",0.437735849056604,119.440924985533
"Common Tern","YIJ0",NA,NA,"DD","24285","STEHIR",NA,6,266,111,2016-07-04,1899-12-31 20:30:00,"Atlit Salt-Pans",32.695,34.932,"Yosef Kiat",NA,NA,NA,"IJ0",NA,NA,NA,NA,"I","J","0",NA,"Y",4,7,NA,NA,NA,NA,NA,NA,NA,NA,NA,NA,NA,NA,NA,NA,NA,NA,2016,7,TRUE,FALSE,TRUE,"Summer adult",0.417293233082707,112.987850906723
"Common Tern","YIJ1",NA,NA,"DD","24286","STEHIR",NA,6,263,126,2016-07-04,1899-12-31 20:30:00,"Atlit Salt-Pans",32.695,34.932,"Yosef Kiat",NA,NA,NA,"IJ1",NA,NA,NA,NA,"I","J","1",NA,"Y",4,7,NA,NA,NA,NA,NA,NA,NA,NA,NA,NA,NA,NA,NA,NA,NA,NA,2016,7,TRUE,FALSE,TRUE,"Summer adult",0.479087452471483,132.768550069795
"Common Tern","YIJ2",NA,NA,"DD","24287","STEHIR",NA,6,255,115,2016-07-04,1899-12-31 20:30:00,"Atlit Salt-Pans",32.695,34.932,"Yosef Kiat",NA,NA,NA,"IJ2",NA,NA,NA,NA,"I","J","2",NA,"Y",4,7,NA,NA,NA,NA,NA,NA,NA,NA,NA,NA,NA,NA,NA,NA,NA,NA,2016,7,TRUE,FALSE,TRUE,"Summer adult",0.450980392156863,133.142907496723
"Common Tern","YIJ3",NA,NA,"DD","24288","STEHIR",NA,6,276,125,2016-07-04,1899-12-31 20:30:00,"Atlit Salt-Pans",32.695,34.932,"Yosef Kiat",NA,NA,NA,"IJ3",NA,NA,NA,NA,"I","J","3",NA,"Y",4,7,NA,NA,NA,NA,NA,NA,NA,NA,NA,NA,NA,NA,NA,NA,NA,NA,2016,7,TRUE,FALSE,TRUE,"Summer adult",0.452898550724638,113.700219130439
"Common Tern","YIJ4",NA,NA,"DD","24289","STEHIR","M",6,274,111,2016-07-04,1899-12-31 20:30:00,"Atlit Salt-Pans",32.695,34.932,"Yosef Kiat",NA,NA,NA,"IJ4",NA,NA,NA,NA,"I","J","4",NA,"Y",4,7,NA,NA,NA,NA,NA,NA,NA,NA,NA,NA,NA,NA,NA,NA,NA,NA,2016,7,TRUE,FALSE,TRUE,"Summer adult",0.405109489051095,103.22920493823
"Common Tern","YIJ6",NA,NA,"DD","24291","STEHIR","M",6,268,102,2016-07-04,1899-12-31 20:30:00,"Atlit Salt-Pans",32.695,34.932,"Yosef Kiat",NA,NA,NA,"IJ6",NA,NA,NA,NA,"I","J","6",NA,"Y",4,7,NA,NA,NA,NA,NA,NA,NA,NA,NA,NA,NA,NA,NA,NA,NA,NA,2016,7,TRUE,FALSE,TRUE,"Summer adult",0.380597014925373,101.482728355468
"Common Tern","YIJ7",NA,NA,"DD","24292","STEHIR",NA,6,274,130,2016-07-04,1899-12-31 22:00:00,"Atlit Salt-Pans",32.695,34.932,"Yosef Kiat",NA,NA,NA,"IJ7",NA,NA,NA,NA,"I","J","7",NA,"Y",4,7,NA,NA,NA,NA,NA,NA,NA,NA,NA,NA,NA,NA,NA,NA,NA,NA,2016,7,TRUE,FALSE,TRUE,"Summer adult",0.474452554744526,120.899068846575
"Common Tern","YIJ8",NA,NA,"DD","24293","STEHIR",NA,6,268,113,2016-07-04,1899-12-31 22:00:00,"Atlit Salt-Pans",32.695,34.932,"Yosef Kiat",NA,NA,NA,"IJ8",NA,NA,NA,NA,"I","J","8",NA,"Y",4,7,NA,NA,NA,NA,NA,NA,NA,NA,NA,NA,NA,NA,NA,NA,NA,NA,2016,7,TRUE,FALSE,TRUE,"Summer adult",0.421641791044776,112.426944158509
"Common Tern","YIJ9",NA,NA,"DD","24294","STEHIR",NA,6,280,119,2016-07-04,1899-12-31 22:00:00,"Atlit Salt-Pans",32.695,34.932,"Yosef Kiat",NA,NA,NA,"IJ9",NA,145,NA,NA,"I","J","9",NA,"Y",4,7,NA,NA,NA,NA,NA,NA,NA,NA,NA,NA,NA,NA,NA,NA,NA,NA,2016,7,TRUE,FALSE,TRUE,"Summer adult",0.425,103.597477473316
"Common Tern","YIK0",NA,NA,"DD","24295","STEHIR",NA,6,271,121,2016-07-04,1899-12-31 22:00:00,"Atlit Salt-Pans",32.695,34.932,"Yosef Kiat",NA,NA,NA,"IK0",NA,NA,NA,NA,"I","K","0",NA,"Y",4,7,NA,NA,NA,NA,NA,NA,NA,NA,NA,NA,NA,NA,NA,NA,NA,NA,2016,7,TRUE,FALSE,TRUE,"Summer adult",0.446494464944649,116.369730673697
"Common Tern","YIK1",NA,NA,"DD","24296","STEHIR",NA,6,272,106,2016-07-04,1899-12-31 22:00:00,"Atlit Salt-Pans",32.695,34.932,"Yosef Kiat",NA,NA,NA,"IK1",NA,148,NA,NA,"I","K","1",NA,"Y",4,7,NA,NA,NA,NA,NA,NA,NA,NA,NA,NA,NA,NA,NA,NA,NA,NA,2016,7,TRUE,FALSE,TRUE,"Summer adult",0.389705882352941,100.80552171976
"Common Tern","YIK2",NA,NA,"DD","24297","STEHIR",NA,6,273,123,2016-07-04,1899-12-31 22:00:00,"Atlit Salt-Pans",32.695,34.932,"Yosef Kiat",NA,NA,NA,"IK2",NA,NA,NA,NA,"I","K","2",NA,"Y",4,7,NA,NA,NA,NA,NA,NA,NA,NA,NA,NA,NA,NA,NA,NA,NA,NA,2016,7,TRUE,FALSE,TRUE,"Summer adult",0.450549450549451,115.671204965175
"Common Tern","YIK3",NA,NA,"DD","24298","STEHIR",NA,6,265,122,2016-07-04,1899-12-31 22:00:00,"Atlit Salt-Pans",32.695,34.932,"Yosef Kiat",NA,NA,NA,"IK3",NA,151,NA,NA,"I","K","3",NA,"Y",4,7,NA,NA,NA,NA,NA,NA,NA,NA,NA,NA,NA,NA,NA,NA,NA,NA,2016,7,TRUE,FALSE,TRUE,"Summer adult",0.460377358490566,125.618903864095
"Common Tern","YIK4",NA,NA,"DD","24299","STEHIR",NA,6,279,115,2016-07-04,1899-12-31 22:00:00,"Atlit Salt-Pans",32.695,34.932,"Yosef Kiat",NA,NA,NA,"IK4",NA,114,NA,NA,"I","K","4",NA,"Y",4,7,NA,NA,NA,NA,NA,NA,NA,NA,NA,NA,NA,NA,NA,NA,NA,NA,2016,7,TRUE,FALSE,TRUE,"Summer adult",0.412186379928315,101.213092023962
"Common Tern","YIK5",NA,NA,"DD","24300","STEHIR",NA,5,273,118,2016-07-04,1899-12-31 22:30:00,"Atlit Salt-Pans",32.695,34.932,"Yosef Kiat",NA,NA,NA,"IK5",NA,NA,NA,NA,"I","K","5",NA,"Y",4,7,NA,NA,NA,NA,NA,NA,NA,NA,NA,NA,NA,NA,NA,NA,NA,NA,2016,7,TRUE,FALSE,TRUE,"Summer adult",0.432234432234432,110.969123462526
"Common Tern","YIK6",NA,NA,"DD","24301","STEHIR",NA,6,274,117,2016-07-04,1899-12-31 22:30:00,"Atlit Salt-Pans",32.695,34.932,"Yosef Kiat",NA,NA,NA,"IK6",NA,NA,NA,NA,"I","K","6",NA,"Y",4,7,NA,NA,NA,NA,NA,NA,NA,NA,NA,NA,NA,NA,NA,NA,NA,NA,2016,7,TRUE,FALSE,TRUE,"Summer adult",0.427007299270073,108.809161961918
"Common Tern","YIK7",NA,NA,"DD","24302","STEHIR","F",6,276,118,2016-07-04,1899-12-31 22:30:00,"Atlit Salt-Pans",32.695,34.932,"Yosef Kiat",NA,NA,NA,"IK7",NA,NA,NA,NA,"I","K","7",NA,"Y",4,7,NA,NA,NA,NA,NA,NA,NA,NA,NA,NA,NA,NA,NA,NA,NA,NA,2016,7,TRUE,FALSE,TRUE,"Summer adult",0.427536231884058,107.333006859134
"Common Tern","YIK8",NA,NA,"DD","24303","STEHIR","F",6,273,122,2016-07-04,1899-12-31 22:30:00,"Atlit Salt-Pans",32.695,34.932,"Yosef Kiat",NA,"Sexing by blood testing",NA,"IK8",NA,158,NA,NA,"I","K","8",NA,"Y",4,7,NA,NA,NA,NA,NA,NA,NA,NA,NA,NA,NA,NA,NA,NA,NA,NA,2016,7,TRUE,FALSE,TRUE,"Summer adult",0.446886446886447,114.730788664645
"Common Tern","YIK9","+","R","DD","24304","STEHIR",NA,17,276,120,2016-07-04,1899-12-31 23:30:00,"Atlit Salt-Pans",32.695,34.932,"Yosef Kiat",NA,NA,NA,"IK9",NA,NA,NA,NA,"I","K","9",NA,"Y",4,7,NA,NA,NA,NA,NA,"INC",NA,NA,"DD-18654",NA,NA,NA,NA,NA,NA,NA,2016,7,FALSE,TRUE,TRUE,"Summer adult",0.434782608695652,109.152210365221
"Common Tern","YIL0",NA,NA,"DD","24305","STEHIR","M",6,268,115,2016-07-04,1899-12-31 23:30:00,"Atlit Salt-Pans",32.695,34.932,"Yosef Kiat",NA,"Sexing by blood testing",NA,"IL0",NA,127,NA,NA,"I","L","0",NA,"Y",4,7,NA,NA,NA,NA,NA,NA,NA,NA,NA,NA,NA,NA,NA,NA,NA,NA,2016,7,TRUE,FALSE,TRUE,"Summer adult",0.42910447761194,114.416801577244
"Common Tern","YIL1",NA,NA,"DD","24306","STEHIR",NA,6,276,111,2016-07-04,1899-12-31 23:30:00,"Atlit Salt-Pans",32.695,34.932,"Yosef Kiat",NA,NA,NA,"IL1",NA,NA,NA,NA,"I","L","1",NA,"Y",4,7,NA,NA,NA,NA,NA,NA,NA,NA,NA,NA,NA,NA,NA,NA,NA,NA,2016,7,TRUE,FALSE,TRUE,"Summer adult",0.402173913043478,100.96579458783
"Common Tern","YIR6",NA,NA,"DD","24352","STEHIR",NA,6,262,126,2016-07-21,1899-12-31 20:30:00,"Atlit Salt-Pans",32.695,34.932,"Yosef Kiat",NA,NA,NA,"IR6",NA,NA,NA,NA,"I","R","6",NA,"Y",21,7,NA,NA,NA,NA,NA,NA,NA,NA,NA,NA,NA,NA,NA,NA,NA,NA,2016,7,TRUE,FALSE,TRUE,"Summer adult",0.480916030534351,134.319355546759
"Common Tern","GIK7",NA,"R","DD","21315","STEHIR",NA,7,264,122,2016-07-21,1899-12-31 21:30:00,"Atlit Salt-Pans",32.695,34.932,"Yosef Kiat",NA,NA,NA,"IK7",NA,NA,NA,NA,"I","K","7",NA,"G",21,7,NA,NA,NA,NA,NA,NA,NA,NA,NA,NA,NA,NA,NA,NA,NA,NA,2016,7,FALSE,TRUE,TRUE,"Summer adult",0.462121212121212,127.075038835155
"Common Tern","YIU2",NA,NA,"DD","24378","STEHIR","M",6,255,93,2016-07-21,1899-12-31 21:30:00,"Atlit Salt-Pans",32.695,34.932,"Yosef Kiat",NA,NA,NA,"IU2",NA,NA,NA,NA,"I","U","2",NA,"Y",21,7,NA,NA,NA,NA,NA,NA,NA,NA,NA,NA,NA,NA,NA,NA,NA,NA,2016,7,TRUE,FALSE,TRUE,"Summer adult",0.364705882352941,107.672090410394
"Common Tern","GGV6","+",NA,"DD","24380","STEHIR","F",6,261,114,2016-07-21,1899-12-31 21:30:00,"Atlit Salt-Pans",32.695,34.932,"Yosef Kiat",NA,NA,NA,"GV6",NA,NA,NA,NA,"G","V","6",NA,"G",21,7,NA,NA,NA,NA,NA,"IU4",NA,NA,NA,NA,NA,NA,NA,NA,NA,NA,2016,7,TRUE,FALSE,TRUE,"Summer adult",0.436781609195402,122.95199474484
"Common Tern","YIU5",NA,NA,"DD","24381","STEHIR",NA,6,265,117,2016-07-21,1899-12-31 21:30:00,"Atlit Salt-Pans",32.695,34.932,"Yosef Kiat",NA,NA,NA,"IU5",NA,NA,NA,NA,"I","U","5",NA,"Y",21,7,NA,NA,NA,NA,NA,NA,NA,NA,NA,NA,NA,NA,NA,NA,NA,NA,2016,7,TRUE,FALSE,TRUE,"Summer adult",0.441509433962264,120.47058813196
"Common Tern","YIU6",NA,NA,"DD","24382","STEHIR",NA,6,268,122,2016-07-21,1899-12-31 21:30:00,"Atlit Salt-Pans",32.695,34.932,"Yosef Kiat",NA,NA,NA,"IU6",NA,NA,NA,NA,"I","U","6",NA,"Y",21,7,NA,NA,NA,NA,NA,NA,NA,NA,NA,NA,NA,NA,NA,NA,NA,NA,2016,7,TRUE,FALSE,TRUE,"Summer adult",0.455223880597015,121.381302542815
"Common Tern","YIU7",NA,NA,"DD","24383","STEHIR","M",6,260,109,2016-07-21,1899-12-31 21:30:00,"Atlit Salt-Pans",32.695,34.932,"Yosef Kiat",NA,"Sexing by blood testing",NA,"IU7",NA,NA,NA,NA,"I","U","7",NA,"Y",21,7,NA,NA,NA,NA,NA,NA,NA,NA,NA,NA,NA,NA,NA,NA,NA,NA,2016,7,TRUE,FALSE,TRUE,"Summer adult",0.419230769230769,118.943121972657
"Common Tern","YIU8",NA,NA,"DD","24384","STEHIR","M",6,279,125,2016-07-21,1899-12-31 21:30:00,"Atlit Salt-Pans",32.695,34.932,"Yosef Kiat",NA,NA,NA,"IU8",NA,NA,NA,NA,"I","U","8",NA,"Y",21,7,NA,NA,NA,NA,NA,NA,NA,NA,NA,NA,NA,NA,NA,NA,NA,NA,2016,7,TRUE,FALSE,TRUE,"Summer adult",0.448028673835125,110.014230460828
"Common Tern","YIV0",NA,NA,"DD","24386","STEHIR",NA,6,268,114,2016-07-21,1899-12-31 22:30:00,"Atlit Salt-Pans",32.695,34.932,"Yosef Kiat",NA,NA,NA,"IV0",NA,NA,NA,NA,"I","V","0",NA,"Y",21,7,NA,NA,NA,NA,NA,NA,NA,NA,NA,NA,NA,NA,NA,NA,NA,NA,2016,7,TRUE,FALSE,TRUE,"Summer adult",0.425373134328358,113.421872867876
"Common Tern","YIV2",NA,NA,"DD","24388","STEHIR",NA,6,264,108,2016-07-21,1899-12-31 22:30:00,"Atlit Salt-Pans",32.695,34.932,"Yosef Kiat",NA,NA,NA,"IV2",NA,NA,NA,NA,"I","V","2",NA,"Y",21,7,NA,NA,NA,NA,NA,NA,NA,NA,NA,NA,NA,NA,NA,NA,NA,NA,2016,7,TRUE,FALSE,TRUE,"Summer adult",0.409090909090909,112.492657329482
"Common Tern","YIV3",NA,NA,"DD","24389","STEHIR",NA,6,258,105,2016-07-21,1899-12-31 22:30:00,"Atlit Salt-Pans",32.695,34.932,"Yosef Kiat",NA,NA,NA,"IV3",NA,NA,NA,NA,"I","V","3",NA,"Y",21,7,NA,NA,NA,NA,NA,NA,NA,NA,NA,NA,NA,NA,NA,NA,NA,NA,2016,7,TRUE,FALSE,TRUE,"Summer adult",0.406976744186047,117.307358280676
"Common Tern","YIV5",NA,NA,"DD","24391","STEHIR",NA,6,257,112,2016-07-21,1899-12-31 23:30:00,"Atlit Salt-Pans",32.695,34.932,"Yosef Kiat",NA,NA,NA,"IV5",NA,NA,NA,NA,"I","V","5",NA,"Y",21,7,NA,NA,NA,NA,NA,NA,NA,NA,NA,NA,NA,NA,NA,NA,NA,NA,2016,7,TRUE,FALSE,TRUE,"Summer adult",0.43579766536965,126.617955121872
"Common Tern","YIV6",NA,NA,"DD","24392","STEHIR",NA,6,270,109,2016-07-22,1899-12-31 00:15:00,"Atlit Salt-Pans",32.695,34.932,"Yosef Kiat",NA,NA,NA,"IV6",NA,NA,NA,NA,"I","V","6",NA,"Y",22,7,NA,NA,NA,NA,NA,NA,NA,NA,NA,NA,NA,NA,NA,NA,NA,NA,2016,7,TRUE,FALSE,TRUE,"Summer adult",0.403703703703704,106.016969553112
"Common Tern","YIV8",NA,NA,"DD","24394","STEHIR",NA,6,271,122,2016-07-31,1899-12-31 21:00:00,"Atlit Salt-Pans",32.695,34.932,"Yosef Kiat",NA,NA,NA,"IV8",NA,NA,NA,NA,"I","V","8",NA,"Y",31,7,NA,NA,NA,NA,NA,NA,NA,NA,NA,NA,NA,NA,NA,NA,NA,NA,2016,7,TRUE,FALSE,TRUE,"Summer adult",0.450184501845018,117.331463985049
"Common Tern","YIV9",NA,NA,"DD","24395","STEHIR",NA,6,250,110,2016-07-31,1899-12-31 21:00:00,"Atlit Salt-Pans",32.695,34.932,"Yosef Kiat",NA,NA,NA,"IV9",NA,NA,NA,NA,"I","V","9",NA,"Y",31,7,NA,NA,NA,NA,NA,NA,NA,NA,NA,NA,NA,NA,NA,NA,NA,NA,2016,7,TRUE,FALSE,TRUE,"Summer adult",0.44,135.278672129643
"Common Tern","YIX0",NA,NA,"DD","24396","STEHIR",NA,6,265,127,2016-07-31,1899-12-31 21:00:00,"Atlit Salt-Pans",32.695,34.932,"Yosef Kiat",NA,NA,NA,"IX0",NA,NA,NA,NA,"I","X","0",NA,"Y",31,7,NA,NA,NA,NA,NA,NA,NA,NA,NA,NA,NA,NA,NA,NA,NA,NA,2016,7,TRUE,FALSE,TRUE,"Summer adult",0.479245283018868,130.76721959623
"Common Tern","YIX1",NA,NA,"DD","24397","STEHIR",NA,6,266,110,2016-07-31,1899-12-31 21:00:00,"Atlit Salt-Pans",32.695,34.932,"Yosef Kiat",NA,NA,NA,"IX1",NA,NA,NA,NA,"I","X","1",NA,"Y",31,7,NA,NA,NA,NA,NA,NA,NA,NA,NA,NA,NA,NA,NA,NA,NA,NA,2016,7,TRUE,FALSE,TRUE,"Summer adult",0.413533834586466,111.969942339996
"Common Tern","YIX2",NA,NA,"DD","24398","STEHIR",NA,6,266,105,2016-07-31,1899-12-31 21:00:00,"Atlit Salt-Pans",32.695,34.932,"Yosef Kiat",NA,NA,NA,"IX2",NA,NA,NA,NA,"I","X","2",NA,"Y",31,7,NA,NA,NA,NA,NA,NA,NA,NA,NA,NA,NA,NA,NA,NA,NA,NA,2016,7,TRUE,FALSE,TRUE,"Summer adult",0.394736842105263,106.880399506359
"Common Tern","YIX3",NA,NA,"DD","24399","STEHIR",NA,6,266,120,2016-07-31,1899-12-31 21:00:00,"Atlit Salt-Pans",32.695,34.932,"Yosef Kiat",NA,NA,NA,"IX3",NA,NA,NA,NA,"I","X","3",NA,"Y",31,7,NA,NA,NA,NA,NA,NA,NA,NA,NA,NA,NA,NA,NA,NA,NA,NA,2016,7,TRUE,FALSE,TRUE,"Summer adult",0.451127819548872,122.149028007268
"Common Tern","YIX4","+","R","DD","24400","STEHIR",NA,15,260,123,2016-07-31,1899-12-31 21:00:00,"Atlit Salt-Pans",32.695,34.932,"Yosef Kiat",NA,NA,NA,"IX4",NA,NA,NA,NA,"I","X","4",NA,"Y",31,7,NA,NA,NA,NA,NA,"ILB",NA,NA,"DD-16966",NA,NA,NA,NA,NA,NA,NA,2016,7,FALSE,TRUE,TRUE,"Summer adult",0.473076923076923,134.220220207677
"Common Tern","NIP8",NA,"R","DD","23524","STEHIR",NA,8,268,108,2016-07-31,1899-12-31 21:00:00,"Atlit Salt-Pans",32.695,34.932,"Yosef Kiat",NA,NA,NA,"IP8",NA,NA,NA,NA,"I","P","8",NA,"N",31,7,NA,NA,NA,NA,NA,NA,NA,NA,NA,NA,NA,NA,NA,NA,NA,NA,2016,7,FALSE,TRUE,TRUE,"Summer adult",0.402985074626866,107.452300611672
"Common Tern","YIX5",NA,NA,"DD","24401","STEHIR",NA,6,281,137,2016-07-31,1899-12-31 21:00:00,"Atlit Salt-Pans",32.695,34.932,"Yosef Kiat",NA,NA,NA,"IX5",NA,NA,NA,NA,"I","X","5",NA,"Y",31,7,NA,NA,NA,NA,NA,NA,NA,NA,NA,NA,NA,NA,NA,NA,NA,NA,2016,7,TRUE,FALSE,TRUE,"Summer adult",0.487544483985765,117.978546159056
"Common Tern","YIX6",NA,NA,"DD","24402","STEHIR",NA,6,259,111,2016-07-31,1899-12-31 21:00:00,"Atlit Salt-Pans",32.695,34.932,"Yosef Kiat",NA,NA,NA,"IX6",NA,NA,NA,NA,"I","X","6",NA,"Y",31,7,NA,NA,NA,NA,NA,NA,NA,NA,NA,NA,NA,NA,NA,NA,NA,NA,2016,7,TRUE,FALSE,TRUE,"Summer adult",0.428571428571429,122.556826426787
"Common Tern","YIX7",NA,NA,"DD","24403","STEHIR","M",6,261,121,2016-07-31,1899-12-31 22:00:00,"Atlit Salt-Pans",32.695,34.932,"Yosef Kiat",NA,NA,NA,"IX7",NA,NA,NA,NA,"I","X","7",NA,"Y",31,7,NA,NA,NA,NA,NA,NA,NA,NA,NA,NA,NA,NA,NA,NA,NA,NA,2016,7,TRUE,FALSE,TRUE,"Summer adult",0.46360153256705,130.501678632681
"Common Tern","YIX8",NA,NA,"DD","24404","STEHIR",NA,6,260,120,2016-07-31,1899-12-31 22:00:00,"Atlit Salt-Pans",32.695,34.932,"Yosef Kiat",NA,NA,NA,"IX8",NA,NA,NA,NA,"I","X","8",NA,"Y",31,7,NA,NA,NA,NA,NA,NA,NA,NA,NA,NA,NA,NA,NA,NA,NA,NA,2016,7,TRUE,FALSE,TRUE,"Summer adult",0.461538461538462,130.946556300172
"Common Tern","YIY0",NA,NA,"DD","24406","STEHIR",NA,6,275,123,2016-07-31,1899-12-31 22:00:00,"Atlit Salt-Pans",32.695,34.932,"Yosef Kiat",NA,NA,NA,"IY0",NA,NA,NA,NA,"I","Y","0",NA,"Y",31,7,NA,NA,NA,NA,NA,NA,NA,NA,NA,NA,NA,NA,NA,NA,NA,NA,2016,7,TRUE,FALSE,TRUE,"Summer adult",0.447272727272727,113.125836760825
"Common Tern","YIY3",NA,NA,"DD","24409","STEHIR",NA,6,251,107,2016-07-31,1899-12-31 23:00:00,"Atlit Salt-Pans",32.695,34.932,"Yosef Kiat",NA,NA,NA,"IY3",NA,NA,NA,NA,"I","Y","3",NA,"Y",31,7,NA,NA,NA,NA,NA,NA,NA,NA,NA,NA,NA,NA,NA,NA,NA,NA,2016,7,TRUE,FALSE,TRUE,"Summer adult",0.426294820717131,129.997630751204
"Common Tern","RIAF",NA,NA,"DD","25261","STEHIR",NA,6,270,109,2017-06-27,NA,"Atlit Salt-Pans",32.695,34.932,"Yosef Kiat",NA,NA,NA,"IAF",NA,130,NA,NA,"I","A","F",NA,"R",27,6,NA,NA,NA,NA,NA,NA,NA,NA,NA,NA,NA,NA,NA,NA,NA,NA,2017,6,TRUE,FALSE,TRUE,"Summer adult",0.403703703703704,106.016969553112
"Common Tern","RIAG",NA,NA,"DD","25262","STEHIR",NA,6,258,108,2017-06-27,NA,"Atlit Salt-Pans",32.695,34.932,"Yosef Kiat",NA,NA,NA,"IAG",NA,134,NA,NA,"I","A","G",NA,"R",27,6,NA,NA,NA,NA,NA,NA,NA,NA,NA,NA,NA,NA,NA,NA,NA,NA,2017,6,TRUE,FALSE,TRUE,"Summer adult",0.418604651162791,120.658997088695
"Common Tern","RIAM",NA,NA,"DD","25263","STEHIR",NA,6,266,116,2017-06-27,NA,"Atlit Salt-Pans",32.695,34.932,"Yosef Kiat",NA,NA,NA,"IAM",NA,138,NA,NA,"I","A","M",NA,"R",27,6,NA,NA,NA,NA,NA,NA,NA,NA,NA,NA,NA,NA,NA,NA,NA,NA,2017,6,TRUE,FALSE,TRUE,"Summer adult",0.43609022556391,118.077393740359
"Common Tern","RIAR",NA,NA,"DD","25264","STEHIR","F",6,252,107,2017-06-27,NA,"Atlit Salt-Pans",32.695,34.932,"Yosef Kiat",NA,NA,NA,"IAR",NA,131,NA,NA,"I","A","R",NA,"R",27,6,NA,NA,NA,NA,NA,NA,NA,NA,NA,NA,NA,NA,NA,NA,NA,NA,2017,6,TRUE,FALSE,TRUE,"Summer adult",0.424603174603175,128.431473179968
"Common Tern","RIAU",NA,NA,"DD","25265","STEHIR",NA,6,271,114,2017-06-27,NA,"Atlit Salt-Pans",32.695,34.932,"Yosef Kiat",NA,NA,NA,"IAU",NA,129,NA,NA,"I","A","U",NA,"R",27,6,NA,NA,NA,NA,NA,NA,NA,NA,NA,NA,NA,NA,NA,NA,NA,NA,2017,6,TRUE,FALSE,TRUE,"Summer adult",0.420664206642066,109.637597494227
"Common Tern","RIAY",NA,NA,"DD","25266","STEHIR",NA,6,248,116,2017-06-27,NA,"Atlit Salt-Pans",32.695,34.932,"Yosef Kiat",NA,NA,NA,"IAY",NA,142,NA,NA,"I","A","Y",NA,"R",27,6,NA,NA,NA,NA,NA,NA,NA,NA,NA,NA,NA,NA,NA,NA,NA,NA,2017,6,TRUE,FALSE,TRUE,"Summer adult",0.467741935483871,146.193588741907
"Common Tern","RIBF",NA,NA,"DD","25267","STEHIR","F",6,269,136,2017-06-27,NA,"Atlit Salt-Pans",32.695,34.932,"Yosef Kiat",NA,NA,NA,"IBF",NA,141,NA,NA,"I","B","F",NA,"R",27,6,NA,NA,NA,NA,NA,NA,NA,NA,NA,NA,NA,NA,NA,NA,NA,NA,2017,6,TRUE,FALSE,TRUE,"Summer adult",0.505576208178439,133.782770650257
"Common Tern","RIBG",NA,NA,"DD","25268","STEHIR",NA,6,277,129,2017-06-27,NA,"Atlit Salt-Pans",32.695,34.932,"Yosef Kiat",NA,NA,NA,"IBG",NA,155,NA,NA,"I","B","G",NA,"R",27,6,NA,NA,NA,NA,NA,NA,NA,NA,NA,NA,NA,NA,NA,NA,NA,NA,2017,6,TRUE,FALSE,TRUE,"Summer adult",0.465703971119134,116.052092089316
"Common Tern","RIBM",NA,NA,"DD","25269","STEHIR",NA,6,276,112,2017-06-27,NA,"Atlit Salt-Pans",32.695,34.932,"Yosef Kiat",NA,NA,NA,"IBM",NA,142,NA,NA,"I","B","M",NA,"R",27,6,NA,NA,NA,NA,NA,NA,NA,NA,NA,NA,NA,NA,NA,NA,NA,NA,2017,6,TRUE,FALSE,TRUE,"Summer adult",0.405797101449275,101.875396340873
"Common Tern","RIBR",NA,NA,"DD","25270","STEHIR",NA,6,266,116,2017-06-27,NA,"Atlit Salt-Pans",32.695,34.932,"Yosef Kiat",NA,NA,NA,"IBR",NA,135,NA,NA,"I","B","R",NA,"R",27,6,NA,NA,NA,NA,NA,NA,NA,NA,NA,NA,NA,NA,NA,NA,NA,NA,2017,6,TRUE,FALSE,TRUE,"Summer adult",0.43609022556391,118.077393740359
"Common Tern","RIBU",NA,NA,"DD","25271","STEHIR",NA,6,267,117,2017-06-27,NA,"Atlit Salt-Pans",32.695,34.932,"Yosef Kiat",NA,NA,NA,"IBU",NA,142,NA,NA,"I","B","U",NA,"R",27,6,NA,NA,NA,NA,NA,NA,NA,NA,NA,NA,NA,NA,NA,NA,NA,NA,2017,6,TRUE,FALSE,TRUE,"Summer adult",0.438202247191011,117.740789196427
"Common Tern","RIBY",NA,NA,"DD","25272","STEHIR",NA,6,267,115,2017-06-27,NA,"Atlit Salt-Pans",32.695,34.932,"Yosef Kiat",NA,NA,NA,"IBY",NA,NA,NA,NA,"I","B","Y",NA,"R",27,6,NA,NA,NA,NA,NA,NA,NA,NA,NA,NA,NA,NA,NA,NA,NA,NA,2017,6,TRUE,FALSE,TRUE,"Summer adult",0.430711610486891,115.728126133241
"Common Tern","RICF",NA,NA,"DD","25273","STEHIR",NA,6,266,125,2017-06-27,NA,"Atlit Salt-Pans",32.695,34.932,"Yosef Kiat",NA,NA,NA,"ICF",NA,NA,NA,NA,"I","C","F",NA,"R",27,6,NA,NA,NA,NA,NA,NA,NA,NA,NA,NA,NA,NA,NA,NA,NA,NA,2017,6,TRUE,FALSE,TRUE,"Summer adult",0.469924812030075,127.238570840904
"Common Tern","RICG",NA,NA,"DD","25274","STEHIR","F",6,268,114,2017-06-27,NA,"Atlit Salt-Pans",32.695,34.932,"Yosef Kiat",NA,NA,NA,"ICG",NA,NA,NA,NA,"I","C","G",NA,"R",27,6,NA,NA,NA,NA,NA,NA,NA,NA,NA,NA,NA,NA,NA,NA,NA,NA,2017,6,TRUE,FALSE,TRUE,"Summer adult",0.425373134328358,113.421872867876
"Common Tern","RICM",NA,NA,"DD","25275","STEHIR",NA,6,275,110,2017-06-27,NA,"Atlit Salt-Pans",32.695,34.932,"Yosef Kiat",NA,NA,NA,"ICM",NA,165,NA,NA,"I","C","M",NA,"R",27,6,NA,NA,NA,NA,NA,NA,NA,NA,NA,NA,NA,NA,NA,NA,NA,NA,2017,6,TRUE,FALSE,TRUE,"Summer adult",0.4,101.169447509681
"Common Tern","RICR",NA,NA,"DD","25276","STEHIR",NA,6,257,103,2017-06-27,NA,"Atlit Salt-Pans",32.695,34.932,"Yosef Kiat",NA,NA,NA,"ICR",NA,NA,NA,NA,"I","C","R",NA,"R",27,6,NA,NA,NA,NA,NA,NA,NA,NA,NA,NA,NA,NA,NA,NA,NA,NA,2017,6,TRUE,FALSE,TRUE,"Summer adult",0.400778210116732,116.443298013865
"Common Tern","RICU",NA,NA,"DD","25277","STEHIR",NA,6,268,100,2017-06-27,NA,"Atlit Salt-Pans",32.695,34.932,"Yosef Kiat",NA,NA,NA,"ICU",NA,148,NA,NA,"I","C","U",NA,"R",27,6,NA,NA,NA,NA,NA,NA,NA,NA,NA,NA,NA,NA,NA,NA,NA,NA,2017,6,TRUE,FALSE,TRUE,"Summer adult",0.373134328358209,99.4928709367338
"Common Tern","RICY",NA,NA,"DD","25278","STEHIR","M",6,271,114,2017-06-27,NA,"Atlit Salt-Pans",32.695,34.932,"Yosef Kiat",NA,NA,NA,"ICY",NA,131,NA,NA,"I","C","Y",NA,"R",27,6,NA,NA,NA,NA,NA,NA,NA,NA,NA,NA,NA,NA,NA,NA,NA,NA,2017,6,TRUE,FALSE,TRUE,"Summer adult",0.420664206642066,109.637597494227
"Common Tern","RIEF",NA,NA,"DD","25279","STEHIR",NA,6,266,103,2017-06-27,NA,"Atlit Salt-Pans",32.695,34.932,"Yosef Kiat",NA,NA,NA,"IEF",NA,NA,NA,NA,"I","E","F",NA,"R",27,6,NA,NA,NA,NA,NA,NA,NA,NA,NA,NA,NA,NA,NA,NA,NA,NA,2017,6,TRUE,FALSE,TRUE,"Summer adult",0.387218045112782,104.844582372905
"Common Tern","RIEG",NA,NA,"DD","25280","STEHIR",NA,6,268,115,2017-06-27,NA,"Atlit Salt-Pans",32.695,34.932,"Yosef Kiat",NA,NA,NA,"IEG",NA,146,NA,NA,"I","E","G",NA,"R",27,6,NA,NA,NA,NA,NA,NA,NA,NA,NA,NA,NA,NA,NA,NA,NA,NA,2017,6,TRUE,FALSE,TRUE,"Summer adult",0.42910447761194,114.416801577244
"Common Tern","NIRY",NA,"R","DD","23649","STEHIR","M",7,266,104,2017-06-27,NA,"Atlit Salt-Pans",32.695,34.932,"Yosef Kiat",NA,NA,NA,"IRY",NA,NA,NA,NA,"I","R","Y",NA,"N",27,6,NA,NA,NA,NA,NA,NA,NA,NA,NA,NA,NA,NA,NA,NA,NA,NA,2017,6,FALSE,TRUE,TRUE,"Summer adult",0.390977443609023,105.862490939632
"Common Tern","NIH8",NA,"R","DD","23462","STEHIR",NA,7,264,105,2017-06-27,NA,"Atlit Salt-Pans",32.695,34.932,"Yosef Kiat",NA,NA,NA,"IH8",NA,NA,NA,NA,"I","H","8",NA,"N",27,6,NA,NA,NA,NA,NA,NA,NA,NA,NA,NA,NA,NA,NA,NA,NA,NA,2017,6,FALSE,TRUE,TRUE,"Summer adult",0.397727272727273,109.367861292552
"Common Tern","YIS6",NA,"R","DD","24362","STEHIR",NA,8,250,110,2017-06-27,NA,"Atlit Salt-Pans",32.695,34.932,"Yosef Kiat",NA,NA,NA,"IS6",NA,NA,NA,NA,"I","S","6",NA,"Y",27,6,NA,NA,NA,NA,NA,NA,NA,NA,NA,NA,NA,NA,NA,NA,NA,NA,2017,6,FALSE,TRUE,TRUE,"Summer adult",0.44,135.278672129643
"Common Tern","RIEM",NA,NA,"DD","25281","STEHIR",NA,6,266,110,2017-06-27,NA,"Atlit Salt-Pans",32.695,34.932,"Yosef Kiat",NA,NA,NA,"IEM",NA,NA,NA,NA,"I","E","M",NA,"R",27,6,NA,NA,NA,NA,NA,NA,NA,NA,NA,NA,NA,NA,NA,NA,NA,NA,2017,6,TRUE,FALSE,TRUE,"Summer adult",0.413533834586466,111.969942339996
"Common Tern","RIER",NA,NA,"DD","25282","STEHIR","F",6,267,105,2017-06-27,NA,"Atlit Salt-Pans",32.695,34.932,"Yosef Kiat",NA,NA,NA,"IER",NA,NA,NA,NA,"I","E","R",NA,"R",27,6,NA,NA,NA,NA,NA,NA,NA,NA,NA,NA,NA,NA,NA,NA,NA,NA,2017,6,TRUE,FALSE,TRUE,"Summer adult",0.393258426966292,105.664810817307
"Common Tern","RIEU",NA,NA,"DD","25283","STEHIR",NA,6,263,120,2017-06-27,NA,"Atlit Salt-Pans",32.695,34.932,"Yosef Kiat",NA,NA,NA,"IEU",NA,146,NA,NA,"I","E","U",NA,"R",27,6,NA,NA,NA,NA,NA,NA,NA,NA,NA,NA,NA,NA,NA,NA,NA,NA,2017,6,TRUE,FALSE,TRUE,"Summer adult",0.456273764258555,126.446238161709
"Common Tern","RIEY",NA,NA,"DD","25284","STEHIR",NA,6,272,126,2017-06-27,NA,"Atlit Salt-Pans",32.695,34.932,"Yosef Kiat",NA,NA,NA,"IEY",NA,NA,NA,NA,"I","E","Y",NA,"R",27,6,NA,NA,NA,NA,NA,NA,NA,NA,NA,NA,NA,NA,NA,NA,NA,NA,2017,6,TRUE,FALSE,TRUE,"Summer adult",0.463235294117647,119.825431478205
"Common Tern","RIHF",NA,NA,"DD","25285","STEHIR",NA,6,273,112,2017-06-27,NA,"Atlit Salt-Pans",32.695,34.932,"Yosef Kiat",NA,NA,NA,"IHF",NA,144,NA,NA,"I","H","F",NA,"R",27,6,NA,NA,NA,NA,NA,NA,NA,NA,NA,NA,NA,NA,NA,NA,NA,NA,2017,6,TRUE,FALSE,TRUE,"Summer adult",0.41025641025641,105.326625659346
"Common Tern","RIHG",NA,NA,"DD","25286","STEHIR",NA,6,262,117,2017-06-27,NA,"Atlit Salt-Pans",32.695,34.932,"Yosef Kiat",NA,NA,NA,"IHG",NA,130,NA,NA,"I","H","G",NA,"R",27,6,NA,NA,NA,NA,NA,NA,NA,NA,NA,NA,NA,NA,NA,NA,NA,NA,2017,6,TRUE,FALSE,TRUE,"Summer adult",0.446564885496183,124.725115864848
"Common Tern","RIHM",NA,NA,"DD","25287","STEHIR",NA,6,265,110,2017-06-27,NA,"Atlit Salt-Pans",32.695,34.932,"Yosef Kiat",NA,NA,NA,"IHM",NA,135,NA,NA,"I","H","M",NA,"R",27,6,NA,NA,NA,NA,NA,NA,NA,NA,NA,NA,NA,NA,NA,NA,NA,NA,2017,6,TRUE,FALSE,TRUE,"Summer adult",0.415094339622642,113.262946106971
"Common Tern","RIHR",NA,NA,"DD","25288","STEHIR",NA,6,273,114,2017-06-28,NA,"Atlit Salt-Pans",32.695,34.932,"Yosef Kiat",NA,NA,NA,"IHR",NA,144,NA,NA,"I","H","R",NA,"R",28,6,NA,NA,NA,NA,NA,NA,NA,NA,NA,NA,NA,NA,NA,NA,NA,NA,2017,6,TRUE,FALSE,TRUE,"Summer adult",0.417582417582418,107.207458260406
"Common Tern","RIHU",NA,NA,"DD","25289","STEHIR",NA,6,263,107,2017-06-28,NA,"Atlit Salt-Pans",32.695,34.932,"Yosef Kiat",NA,NA,NA,"IHU",NA,145,NA,NA,"I","H","U",NA,"R",28,6,NA,NA,NA,NA,NA,NA,NA,NA,NA,NA,NA,NA,NA,NA,NA,NA,2017,6,TRUE,FALSE,TRUE,"Summer adult",0.406844106463878,112.747895694191
"Common Tern","YIK0",NA,"R","DD","24295","STEHIR",NA,8,273,117,2017-06-28,NA,"Atlit Salt-Pans",32.695,34.932,"Yosef Kiat",NA,NA,NA,"IK0",NA,142,NA,NA,"I","K","0",NA,"Y",28,6,NA,NA,NA,NA,NA,NA,NA,NA,NA,NA,NA,NA,NA,NA,NA,NA,2017,6,FALSE,TRUE,TRUE,"Summer adult",0.428571428571429,110.028707161996
"Common Tern","RIHY",NA,NA,"DD","25290","STEHIR",NA,6,265,131,2017-06-28,NA,"Atlit Salt-Pans",32.695,34.932,"Yosef Kiat",NA,NA,NA,"IHY",NA,137,NA,NA,"I","H","Y",NA,"R",28,6,NA,NA,NA,NA,NA,NA,NA,NA,NA,NA,NA,NA,NA,NA,NA,NA,2017,6,TRUE,FALSE,TRUE,"Summer adult",0.494339622641509,134.885872181938
"Common Tern","RIJF",NA,NA,"DD","25291","STEHIR",NA,6,267,112,2017-07-05,1899-12-31 20:45:00,"Atlit Salt-Pans",32.695,34.932,"Yosef Kiat",NA,NA,NA,"IJF",NA,NA,NA,NA,"I","J","F",NA,"R",5,7,NA,NA,NA,NA,NA,NA,NA,NA,NA,NA,NA,NA,NA,NA,NA,NA,2017,7,TRUE,FALSE,TRUE,"Summer adult",0.419475655430712,112.70913153846
"Common Tern","RIJG",NA,NA,"DD","25292","STEHIR",NA,6,273,124,2017-07-05,1899-12-31 20:45:00,"Atlit Salt-Pans",32.695,34.932,"Yosef Kiat",NA,NA,NA,"IJG",NA,NA,NA,NA,"I","J","G",NA,"R",5,7,NA,NA,NA,NA,NA,NA,NA,NA,NA,NA,NA,NA,NA,NA,NA,NA,2017,7,TRUE,FALSE,TRUE,"Summer adult",0.454212454212454,116.611621265705
"Common Tern","RIJM",NA,NA,"DD","25293","STEHIR",NA,6,274,122,2017-07-05,1899-12-31 20:45:00,"Atlit Salt-Pans",32.695,34.932,"Yosef Kiat",NA,NA,NA,"IJM",NA,NA,NA,NA,"I","J","M",NA,"R",5,7,NA,NA,NA,NA,NA,NA,NA,NA,NA,NA,NA,NA,NA,NA,NA,NA,2017,7,TRUE,FALSE,TRUE,"Summer adult",0.445255474452555,113.459126148324
"Common Tern","RIJR",NA,NA,"DD","25294","STEHIR",NA,6,267,103,2017-07-05,1899-12-31 20:45:00,"Atlit Salt-Pans",32.695,34.932,"Yosef Kiat",NA,"Rump and upper-tail coverts: grey",NA,"IJR",NA,NA,NA,NA,"I","J","R",NA,"R",5,7,NA,NA,NA,NA,NA,NA,NA,NA,NA,NA,NA,NA,NA,NA,NA,NA,2017,7,TRUE,FALSE,TRUE,"Summer adult",0.385767790262172,103.65214775412
"Common Tern","RIJU",NA,NA,"DD","25295","STEHIR",NA,6,258,104,2017-07-05,1899-12-31 20:45:00,"Atlit Salt-Pans",32.695,34.932,"Yosef Kiat",NA,NA,NA,"IJU",NA,NA,NA,NA,"I","J","U",NA,"R",5,7,NA,NA,NA,NA,NA,NA,NA,NA,NA,NA,NA,NA,NA,NA,NA,NA,2017,7,TRUE,FALSE,TRUE,"Summer adult",0.403100775193798,116.190145344669
"Common Tern","RIJY",NA,NA,"DD","25296","STEHIR",NA,6,254,116,2017-07-05,1899-12-31 20:45:00,"Atlit Salt-Pans",32.695,34.932,"Yosef Kiat",NA,NA,NA,"IJY",NA,NA,NA,NA,"I","J","Y",NA,"R",5,7,NA,NA,NA,NA,NA,NA,NA,NA,NA,NA,NA,NA,NA,NA,NA,NA,2017,7,TRUE,FALSE,TRUE,"Summer adult",0.456692913385827,135.918980267849
"Common Tern","NIZC",NA,"R","DD","23381","STEHIR",NA,7,265,120,2017-07-05,1899-12-31 20:45:00,"Atlit Salt-Pans",32.695,34.932,"Yosef Kiat",NA,NA,NA,"IZC",NA,NA,NA,NA,"I","Z","C",NA,"N",5,7,NA,NA,NA,NA,NA,NA,NA,NA,NA,NA,NA,NA,NA,NA,NA,NA,2017,7,FALSE,TRUE,TRUE,"Summer adult",0.452830188679245,123.559577571241
"Common Tern","RIKF",NA,NA,"DD","25297","STEHIR",NA,6,274,123,2017-07-05,1899-12-31 20:45:00,"Atlit Salt-Pans",32.695,34.932,"Yosef Kiat",NA,NA,NA,"IKF",NA,NA,NA,NA,"I","K","F",NA,"R",5,7,NA,NA,NA,NA,NA,NA,NA,NA,NA,NA,NA,NA,NA,NA,NA,NA,2017,7,TRUE,FALSE,TRUE,"Summer adult",0.448905109489051,114.389118985606
"Common Tern","RIKG",NA,NA,"DD","25298","STEHIR",NA,6,270,126,2017-07-05,1899-12-31 20:45:00,"Atlit Salt-Pans",32.695,34.932,"Yosef Kiat",NA,NA,NA,"IKG",NA,NA,NA,NA,"I","K","G",NA,"R",5,7,NA,NA,NA,NA,NA,NA,NA,NA,NA,NA,NA,NA,NA,NA,NA,NA,2017,7,TRUE,FALSE,TRUE,"Summer adult",0.466666666666667,122.551726272405
"Common Tern","RIKM",NA,NA,"DD","25299","STEHIR",NA,6,266,108,2017-07-05,1899-12-31 20:45:00,"Atlit Salt-Pans",32.695,34.932,"Yosef Kiat",NA,NA,NA,"IKM",NA,NA,NA,NA,"I","K","M",NA,"R",5,7,NA,NA,NA,NA,NA,NA,NA,NA,NA,NA,NA,NA,NA,NA,NA,NA,2017,7,TRUE,FALSE,TRUE,"Summer adult",0.406015037593985,109.934125206541
"Common Tern","RIKR",NA,NA,"DD","25300","STEHIR","F",6,266,104,2017-07-05,1899-12-31 20:45:00,"Atlit Salt-Pans",32.695,34.932,"Yosef Kiat",NA,NA,NA,"IKR",NA,NA,NA,NA,"I","K","R",NA,"R",5,7,NA,NA,NA,NA,NA,NA,NA,NA,NA,NA,NA,NA,NA,NA,NA,NA,2017,7,TRUE,FALSE,TRUE,"Summer adult",0.390977443609023,105.862490939632
"Common Tern","RIKU",NA,NA,"DD","25301","STEHIR",NA,6,273,106,2017-07-05,1899-12-31 20:45:00,"Atlit Salt-Pans",32.695,34.932,"Yosef Kiat",NA,NA,NA,"IKU",NA,NA,NA,NA,"I","K","U",NA,"R",5,7,NA,NA,NA,NA,NA,NA,NA,NA,NA,NA,NA,NA,NA,NA,NA,NA,2017,7,TRUE,FALSE,TRUE,"Summer adult",0.388278388278388,99.684127856167
"Common Tern","RIKY",NA,NA,"DD","25302","STEHIR",NA,6,272,114,2017-07-05,1899-12-31 20:45:00,"Atlit Salt-Pans",32.695,34.932,"Yosef Kiat",NA,NA,NA,"IKY",NA,NA,NA,NA,"I","K","Y",NA,"R",5,7,NA,NA,NA,NA,NA,NA,NA,NA,NA,NA,NA,NA,NA,NA,NA,NA,2017,7,TRUE,FALSE,TRUE,"Summer adult",0.419117647058824,108.413485623138
"Common Tern","RILF",NA,NA,"DD","25303","STEHIR",NA,6,267,125,2017-07-05,1899-12-31 20:45:00,"Atlit Salt-Pans",32.695,34.932,"Yosef Kiat",NA,NA,NA,"ILF",NA,NA,NA,NA,"I","L","F",NA,"R",5,7,NA,NA,NA,NA,NA,NA,NA,NA,NA,NA,NA,NA,NA,NA,NA,NA,2017,7,TRUE,FALSE,TRUE,"Summer adult",0.468164794007491,125.791441449175
"Common Tern","RILG",NA,NA,"DD","25304","STEHIR",NA,6,268,110,2017-07-05,1899-12-31 20:45:00,"Atlit Salt-Pans",32.695,34.932,"Yosef Kiat",NA,NA,NA,"ILG",NA,NA,NA,NA,"I","L","G",NA,"R",5,7,NA,NA,NA,NA,NA,NA,NA,NA,NA,NA,NA,NA,NA,NA,NA,NA,2017,7,TRUE,FALSE,TRUE,"Summer adult",0.41044776119403,109.442158030407
"Common Tern","RILM",NA,NA,"DD","25305","STEHIR",NA,6,274,132,2017-07-05,1899-12-31 20:45:00,"Atlit Salt-Pans",32.695,34.932,"Yosef Kiat",NA,NA,NA,"ILM",NA,NA,NA,NA,"I","L","M",NA,"R",5,7,NA,NA,NA,NA,NA,NA,NA,NA,NA,NA,NA,NA,NA,NA,NA,NA,2017,7,TRUE,FALSE,TRUE,"Summer adult",0.481751824817518,122.759054521138
"Common Tern","NIXZ",NA,"R","DD","23378","STEHIR","F",7,275,118,2017-07-05,1899-12-31 21:45:00,"Atlit Salt-Pans",32.695,34.932,"Yosef Kiat",NA,NA,NA,"IXZ",NA,NA,NA,NA,"I","X","Z",NA,"N",5,7,NA,NA,NA,NA,NA,NA,NA,NA,NA,NA,NA,NA,NA,NA,NA,NA,2017,7,FALSE,TRUE,TRUE,"Summer adult",0.429090909090909,108.527225510385
"Common Tern","RILR",NA,NA,"DD","25306","STEHIR",NA,6,260,97,2017-07-05,1899-12-31 21:45:00,"Atlit Salt-Pans",32.695,34.932,"Yosef Kiat",NA,NA,NA,"ILR",NA,NA,NA,NA,"I","L","R",NA,"R",5,7,NA,NA,NA,NA,NA,NA,NA,NA,NA,NA,NA,NA,NA,NA,NA,NA,2017,7,TRUE,FALSE,TRUE,"Summer adult",0.373076923076923,105.848466342639
"Common Tern","RILU","+","R","DD","20972","STEHIR",NA,14,274,119,2017-07-05,1899-12-31 21:45:00,"Atlit Salt-Pans",32.695,34.932,"Yosef Kiat",NA,NA,NA,"ILU",NA,NA,NA,NA,"I","L","U",NA,"R",5,7,NA,NA,NA,NA,NA,"IVF",NA,NA,NA,NA,NA,NA,NA,NA,NA,NA,2017,7,FALSE,TRUE,TRUE,"Summer adult",0.434306569343066,110.66914763648
"Common Tern","RILY",NA,NA,"DD","25307","STEHIR",NA,6,273,118,2017-07-05,1899-12-31 21:45:00,"Atlit Salt-Pans",32.695,34.932,"Yosef Kiat",NA,NA,NA,"ILY",NA,NA,NA,NA,"I","L","Y",NA,"R",5,7,NA,NA,NA,NA,NA,NA,NA,NA,NA,NA,NA,NA,NA,NA,NA,NA,2017,7,TRUE,FALSE,TRUE,"Summer adult",0.432234432234432,110.969123462526
"Common Tern","RINF",NA,NA,"DD","25308","STEHIR",NA,6,263,110,2017-07-05,1899-12-31 22:30:00,"Atlit Salt-Pans",32.695,34.932,"Yosef Kiat",NA,NA,NA,"INF",NA,NA,NA,NA,"I","N","F",NA,"R",5,7,NA,NA,NA,NA,NA,NA,NA,NA,NA,NA,NA,NA,NA,NA,NA,NA,2017,7,TRUE,FALSE,TRUE,"Summer adult",0.418250950570342,115.909051648234
"Common Tern","RING",NA,NA,"DD","25309","STEHIR",NA,6,260,110,2017-07-05,1899-12-31 22:30:00,"Atlit Salt-Pans",32.695,34.932,"Yosef Kiat",NA,NA,NA,"ING",NA,NA,NA,NA,"I","N","G",NA,"R",5,7,NA,NA,NA,NA,NA,NA,NA,NA,NA,NA,NA,NA,NA,NA,NA,NA,2017,7,TRUE,FALSE,TRUE,"Summer adult",0.423076923076923,120.034343275158
"Common Tern","RINM",NA,NA,"DD","25310","STEHIR",NA,6,253,113,2017-07-05,1899-12-31 22:30:00,"Atlit Salt-Pans",32.695,34.932,"Yosef Kiat",NA,NA,NA,"INM",NA,NA,NA,NA,"I","N","M",NA,"R",5,7,NA,NA,NA,NA,NA,NA,NA,NA,NA,NA,NA,NA,NA,NA,NA,NA,2017,7,TRUE,FALSE,TRUE,"Summer adult",0.446640316205534,134.005617527332
"Common Tern","RINR",NA,NA,"DD","25311","STEHIR","F",6,261,124,2017-07-05,1899-12-31 22:30:00,"Atlit Salt-Pans",32.695,34.932,"Yosef Kiat",NA,NA,NA,"INR",NA,NA,NA,NA,"I","N","R",NA,"R",5,7,NA,NA,NA,NA,NA,NA,NA,NA,NA,NA,NA,NA,NA,NA,NA,NA,2017,7,TRUE,FALSE,TRUE,"Summer adult",0.475095785440613,133.737257441756
"Common Tern","RINU",NA,NA,"DD","25312","STEHIR",NA,6,258,106,2017-07-05,1899-12-31 22:30:00,"Atlit Salt-Pans",32.695,34.932,"Yosef Kiat",NA,"Rump and upper-tail coverts: grey",NA,"INU",NA,NA,NA,NA,"I","N","U",NA,"R",5,7,NA,NA,NA,NA,NA,NA,NA,NA,NA,NA,NA,NA,NA,NA,NA,NA,2017,7,TRUE,FALSE,TRUE,"Summer adult",0.410852713178295,118.424571216682
"Common Tern","RINY",NA,NA,"DD","25313","STEHIR",NA,6,254,105,2017-07-05,1899-12-31 22:30:00,"Atlit Salt-Pans",32.695,34.932,"Yosef Kiat",NA,NA,NA,"INY",NA,NA,NA,NA,"I","N","Y",NA,"R",5,7,NA,NA,NA,NA,NA,NA,NA,NA,NA,NA,NA,NA,NA,NA,NA,NA,2017,7,TRUE,FALSE,TRUE,"Summer adult",0.413385826771654,123.030111449346
"Common Tern","GI8C",NA,"R","DD","20721","STEHIR",NA,13,275,124,2017-07-05,1899-12-31 22:30:00,"Atlit Salt-Pans",32.695,34.932,"Yosef Kiat",NA,NA,NA,"I8C",NA,NA,NA,NA,"I","8","C",NA,"G",5,7,NA,NA,NA,NA,NA,NA,NA,NA,NA,NA,NA,NA,NA,NA,NA,NA,2017,7,FALSE,TRUE,TRUE,"Summer adult",0.450909090909091,114.045559010913
"Common Tern","GIHG",NA,"R","DD","22631","STEHIR",NA,10,271,108,2017-07-05,1899-12-31 22:30:00,"Atlit Salt-Pans",32.695,34.932,"Yosef Kiat",NA,NA,NA,"IHG",NA,NA,NA,NA,"I","H","G",NA,"G",5,7,NA,NA,NA,NA,NA,NA,NA,NA,NA,NA,NA,NA,NA,NA,NA,NA,2017,7,FALSE,TRUE,TRUE,"Summer adult",0.398523985239852,103.867197626109
"Common Tern","RIPF",NA,NA,"DD","25314","STEHIR",NA,6,264,107,2017-07-05,1899-12-31 22:30:00,"Atlit Salt-Pans",32.695,34.932,"Yosef Kiat",NA,NA,NA,"IPF",NA,NA,NA,NA,"I","P","F",NA,"R",5,7,NA,NA,NA,NA,NA,NA,NA,NA,NA,NA,NA,NA,NA,NA,NA,NA,2017,7,TRUE,FALSE,TRUE,"Summer adult",0.40530303030303,111.451058650505
"Common Tern","YIEU",NA,"R","DD","20230","STEHIR",NA,15,260,123,2017-07-05,1899-12-31 22:30:00,"Atlit Salt-Pans",32.695,34.932,"Yosef Kiat",NA,NA,NA,"IEU",NA,NA,NA,NA,"I","E","U",NA,"Y",5,7,NA,NA,NA,NA,NA,NA,NA,NA,NA,NA,NA,NA,NA,NA,NA,NA,2017,7,FALSE,TRUE,TRUE,"Summer adult",0.473076923076923,134.220220207677
"Common Tern","RIPG",NA,NA,"DD","25315","STEHIR",NA,6,279,116,2017-07-05,1899-12-31 22:30:00,"Atlit Salt-Pans",32.695,34.932,"Yosef Kiat",NA,NA,NA,"IPG",NA,NA,NA,NA,"I","P","G",NA,"R",5,7,NA,NA,NA,NA,NA,NA,NA,NA,NA,NA,NA,NA,NA,NA,NA,NA,2017,7,TRUE,FALSE,TRUE,"Summer adult",0.415770609318996,102.093205867648
"Common Tern","RIPM",NA,NA,"DD","25316","STEHIR",NA,6,263,129,2017-07-05,1899-12-31 22:30:00,"Atlit Salt-Pans",32.695,34.932,"Yosef Kiat",NA,NA,NA,"IPM",NA,NA,NA,NA,"I","P","M",NA,"R",5,7,NA,NA,NA,NA,NA,NA,NA,NA,NA,NA,NA,NA,NA,NA,NA,NA,2017,7,TRUE,FALSE,TRUE,"Summer adult",0.490494296577947,135.929706023838
"Common Tern","GIN8",NA,"R","DD","21255","STEHIR",NA,12,270,118,2017-07-05,1899-12-31 22:30:00,"Atlit Salt-Pans",32.695,34.932,"Yosef Kiat",NA,NA,NA,"IN8",NA,NA,NA,NA,"I","N","8",NA,"G",5,7,NA,NA,NA,NA,NA,NA,NA,NA,NA,NA,NA,NA,NA,NA,NA,NA,2017,7,FALSE,TRUE,TRUE,"Summer adult",0.437037037037037,114.770664286856
"Common Tern",NA,NA,NA,"DD","25317","STEHIR",NA,6,263,114,2017-07-05,1899-12-31 22:30:00,"Atlit Salt-Pans",32.695,34.932,"Yosef Kiat",NA,NA,NA,NA,NA,NA,NA,NA,NA,NA,NA,NA,NA,5,7,NA,NA,NA,NA,NA,NA,NA,NA,NA,NA,NA,NA,NA,NA,NA,NA,2017,7,TRUE,FALSE,TRUE,"Summer adult",0.433460076045627,120.123926253624
"Common Tern","RIPR",NA,NA,"DD","25318","STEHIR",NA,6,263,109,2017-07-05,1899-12-31 23:30:00,"Atlit Salt-Pans",32.695,34.932,"Yosef Kiat",NA,NA,NA,"IPR",NA,NA,NA,NA,"I","P","R",NA,"R",5,7,NA,NA,NA,NA,NA,NA,NA,NA,NA,NA,NA,NA,NA,NA,NA,NA,2017,7,TRUE,FALSE,TRUE,"Summer adult",0.414448669201521,114.855332996886
"Common Tern","RIPU",NA,NA,"DD","25319","STEHIR",NA,6,267,121,2017-07-05,1899-12-31 23:30:00,"Atlit Salt-Pans",32.695,34.932,"Yosef Kiat",NA,NA,NA,"IPU",NA,NA,NA,NA,"I","P","U",NA,"R",5,7,NA,NA,NA,NA,NA,NA,NA,NA,NA,NA,NA,NA,NA,NA,NA,NA,2017,7,TRUE,FALSE,TRUE,"Summer adult",0.453183520599251,121.766115322801
"Common Tern","RIPY",NA,NA,"DD","25320","STEHIR",NA,6,274,116,2017-07-05,1899-12-31 23:30:00,"Atlit Salt-Pans",32.695,34.932,"Yosef Kiat",NA,NA,NA,"IPY",NA,NA,NA,NA,"I","P","Y",NA,"R",5,7,NA,NA,NA,NA,NA,NA,NA,NA,NA,NA,NA,NA,NA,NA,NA,NA,2017,7,TRUE,FALSE,TRUE,"Summer adult",0.423357664233577,107.879169124636
"Common Tern","RISF",NA,NA,"DD","25321","STEHIR",NA,6,273,119,2017-07-05,1899-12-31 23:30:00,"Atlit Salt-Pans",32.695,34.932,"Yosef Kiat",NA,NA,NA,"ISF",NA,NA,NA,NA,"I","S","F",NA,"R",5,7,NA,NA,NA,NA,NA,NA,NA,NA,NA,NA,NA,NA,NA,NA,NA,NA,2017,7,TRUE,FALSE,TRUE,"Summer adult",0.435897435897436,111.909539763055
"Common Tern","RISG",NA,NA,"DD","25322","STEHIR",NA,6,265,118,2017-07-05,1899-12-31 23:30:00,"Atlit Salt-Pans",32.695,34.932,"Yosef Kiat",NA,NA,NA,"ISG",NA,NA,NA,NA,"I","S","G",NA,"R",5,7,NA,NA,NA,NA,NA,NA,NA,NA,NA,NA,NA,NA,NA,NA,NA,NA,2017,7,TRUE,FALSE,TRUE,"Summer adult",0.445283018867925,121.500251278387
"Common Tern","RISM",NA,NA,"DD","25323","STEHIR",NA,6,270,140,2017-07-05,1899-12-31 23:30:00,"Atlit Salt-Pans",32.695,34.932,"Yosef Kiat",NA,NA,NA,"ISM",NA,NA,NA,NA,"I","S","M",NA,"R",5,7,NA,NA,NA,NA,NA,NA,NA,NA,NA,NA,NA,NA,NA,NA,NA,NA,2017,7,TRUE,FALSE,TRUE,"Summer adult",0.518518518518518,136.168584747117
"Common Tern","RISR",NA,NA,"DD","25324","STEHIR",NA,6,270,119,2017-07-05,1899-12-31 23:30:00,"Atlit Salt-Pans",32.695,34.932,"Yosef Kiat",NA,NA,NA,"ISR",NA,NA,NA,NA,"I","S","R",NA,"R",5,7,NA,NA,NA,NA,NA,NA,NA,NA,NA,NA,NA,NA,NA,NA,NA,NA,2017,7,TRUE,FALSE,TRUE,"Summer adult",0.440740740740741,115.743297035049
"Common Tern","NIP4",NA,"R","DD","23518","STEHIR","F",7,265,106,2017-07-05,1899-12-31 23:30:00,"Atlit Salt-Pans",32.695,34.932,"Yosef Kiat",NA,NA,NA,"IP4",NA,NA,NA,NA,"I","P","4",NA,"N",5,7,NA,NA,NA,NA,NA,NA,NA,NA,NA,NA,NA,NA,NA,NA,NA,NA,2017,7,FALSE,TRUE,TRUE,"Summer adult",0.4,109.144293521263
"Common Tern","RISU",NA,NA,"DD","25325","STEHIR",NA,6,256,111,2017-07-05,1899-12-31 23:30:00,"Atlit Salt-Pans",32.695,34.932,"Yosef Kiat",NA,NA,NA,"ISU",NA,NA,NA,NA,"I","S","U",NA,"R",5,7,NA,NA,NA,NA,NA,NA,NA,NA,NA,NA,NA,NA,NA,NA,NA,NA,2017,7,TRUE,FALSE,TRUE,"Summer adult",0.43359375,126.987686959067
"Common Tern","RISY",NA,NA,"DD","25326","STEHIR",NA,6,265,116,2017-07-05,1899-12-31 23:30:00,"Atlit Salt-Pans",32.695,34.932,"Yosef Kiat",NA,NA,NA,"ISY",NA,NA,NA,NA,"I","S","Y",NA,"R",5,7,NA,NA,NA,NA,NA,NA,NA,NA,NA,NA,NA,NA,NA,NA,NA,NA,2017,7,TRUE,FALSE,TRUE,"Summer adult",0.437735849056604,119.440924985533
"Common Tern","RITF",NA,NA,"DD","25327","STEHIR",NA,6,263,103,2017-07-05,1899-12-31 23:30:00,"Atlit Salt-Pans",32.695,34.932,"Yosef Kiat",NA,NA,NA,"ITF",NA,NA,NA,NA,"I","T","F",NA,"R",5,7,NA,NA,NA,NA,NA,NA,NA,NA,NA,NA,NA,NA,NA,NA,NA,NA,2017,7,TRUE,FALSE,TRUE,"Summer adult",0.391634980988593,108.533021088801
"Common Tern","RITG",NA,NA,"DD","25328","STEHIR",NA,6,270,98,2017-07-05,1899-12-31 23:30:00,"Atlit Salt-Pans",32.695,34.932,"Yosef Kiat",NA,NA,NA,"ITG",NA,NA,NA,NA,"I","T","G",NA,"R",5,7,NA,NA,NA,NA,NA,NA,NA,NA,NA,NA,NA,NA,NA,NA,NA,NA,2017,7,TRUE,FALSE,TRUE,"Summer adult",0.362962962962963,95.3180093229818
"Common Tern","RITM",NA,NA,"DD","25329","STEHIR",NA,6,259,128,2017-07-05,1899-12-31 23:30:00,"Atlit Salt-Pans",32.695,34.932,"Yosef Kiat",NA,NA,NA,"ITM",NA,NA,NA,NA,"I","T","M",NA,"R",5,7,NA,NA,NA,NA,NA,NA,NA,NA,NA,NA,NA,NA,NA,NA,NA,NA,2017,7,TRUE,FALSE,TRUE,"Summer adult",0.494208494208494,141.326790834494
"Common Tern","YI85",NA,"R","DD","24199","STEHIR","M",8,257,102,2017-07-06,1899-12-31 00:30:00,"Atlit Salt-Pans",32.695,34.932,"Yosef Kiat",NA,NA,NA,"I85",NA,NA,NA,NA,"I","8","5",NA,"Y",6,7,NA,NA,NA,NA,NA,NA,NA,NA,NA,NA,NA,NA,NA,NA,NA,NA,2017,7,FALSE,TRUE,TRUE,"Summer adult",0.396887159533074,115.312780557419
"Common Tern","RITR",NA,NA,"DD","25330","STEHIR",NA,6,273,104,2017-07-06,1899-12-31 00:30:00,"Atlit Salt-Pans",32.695,34.932,"Yosef Kiat",NA,NA,NA,"ITR",NA,NA,NA,NA,"I","T","R",NA,"R",6,7,NA,NA,NA,NA,NA,NA,NA,NA,NA,NA,NA,NA,NA,NA,NA,NA,2017,7,TRUE,FALSE,TRUE,"Summer adult",0.380952380952381,97.8032952551072
"Common Tern","RITU",NA,NA,"DD","25331","STEHIR",NA,6,265,103,2017-07-06,1899-12-31 00:30:00,"Atlit Salt-Pans",32.695,34.932,"Yosef Kiat",NA,NA,NA,"ITU",NA,NA,NA,NA,"I","T","U",NA,"R",6,7,NA,NA,NA,NA,NA,NA,NA,NA,NA,NA,NA,NA,NA,NA,NA,NA,2017,7,TRUE,FALSE,TRUE,"Summer adult",0.388679245283019,106.055304081982
"Common Tern","RITY",NA,NA,"DD","25332","STEHIR",NA,6,260,103,2017-07-06,1899-12-31 00:30:00,"Atlit Salt-Pans",32.695,34.932,"Yosef Kiat",NA,NA,NA,"ITY",NA,NA,NA,NA,"I","T","Y",NA,"R",6,7,NA,NA,NA,NA,NA,NA,NA,NA,NA,NA,NA,NA,NA,NA,NA,NA,2017,7,TRUE,FALSE,TRUE,"Summer adult",0.396153846153846,112.395794157648
"Common Tern","RIVF",NA,NA,"DD","25333","STEHIR",NA,6,270,113,2017-07-06,1899-12-31 00:30:00,"Atlit Salt-Pans",32.695,34.932,"Yosef Kiat",NA,NA,NA,"IVF",NA,NA,NA,NA,"I","V","F",NA,"R",6,7,NA,NA,NA,NA,NA,NA,NA,NA,NA,NA,NA,NA,NA,NA,NA,NA,2017,7,TRUE,FALSE,TRUE,"Summer adult",0.418518518518519,109.907500545887
"Common Tern","RIVM",NA,NA,"DD","25335","STEHIR",NA,6,265,113,2017-07-06,1899-12-31 00:30:00,"Atlit Salt-Pans",32.695,34.932,"Yosef Kiat",NA,NA,NA,"IVM",NA,NA,NA,NA,"I","V","M",NA,"R",6,7,NA,NA,NA,NA,NA,NA,NA,NA,NA,NA,NA,NA,NA,NA,NA,NA,2017,7,TRUE,FALSE,TRUE,"Summer adult",0.426415094339623,116.351935546252
"Common Tern","RIVR",NA,NA,"DD","25336","STEHIR",NA,6,261,114,2017-07-06,1899-12-31 00:30:00,"Atlit Salt-Pans",32.695,34.932,"Yosef Kiat",NA,NA,NA,"IVR",NA,NA,NA,NA,"I","V","R",NA,"R",6,7,NA,NA,NA,NA,NA,NA,NA,NA,NA,NA,NA,NA,NA,NA,NA,NA,2017,7,TRUE,FALSE,TRUE,"Summer adult",0.436781609195402,122.95199474484
"Common Tern","YIR8",NA,"R","DD","24354","STEHIR",NA,8,269,106,2017-07-06,1899-12-31 00:30:00,"Atlit Salt-Pans",32.695,34.932,"Yosef Kiat",NA,NA,NA,"IR8",NA,NA,NA,NA,"I","R","8",NA,"Y",6,7,NA,NA,NA,NA,NA,NA,NA,NA,NA,NA,NA,NA,NA,NA,NA,NA,2017,7,FALSE,TRUE,TRUE,"Summer adult",0.394052044609665,104.271865359759
"Common Tern","RIVU",NA,NA,"DD","25337","STEHIR",NA,6,256,112,2017-07-06,1899-12-31 00:30:00,"Atlit Salt-Pans",32.695,34.932,"Yosef Kiat",NA,NA,NA,"IVU",NA,NA,NA,NA,"I","V","U",NA,"R",6,7,NA,NA,NA,NA,NA,NA,NA,NA,NA,NA,NA,NA,NA,NA,NA,NA,2017,7,TRUE,FALSE,TRUE,"Summer adult",0.4375,128.131720174915
"Common Tern","RIVY",NA,NA,"DD","25338","STEHIR",NA,6,273,115,2017-07-06,1899-12-31 00:30:00,"Atlit Salt-Pans",32.695,34.932,"Yosef Kiat",NA,NA,NA,"IVY",NA,NA,NA,NA,"I","V","Y",NA,"R",6,7,NA,NA,NA,NA,NA,NA,NA,NA,NA,NA,NA,NA,NA,NA,NA,NA,2017,7,TRUE,FALSE,TRUE,"Summer adult",0.421245421245421,108.147874560936
"Common Tern","RIXF",NA,NA,"DD","25339","STEHIR",NA,6,272,104,2017-07-06,1899-12-31 00:30:00,"Atlit Salt-Pans",32.695,34.932,"Yosef Kiat",NA,NA,NA,"IXF",NA,NA,NA,NA,"I","X","F",NA,"R",6,7,NA,NA,NA,NA,NA,NA,NA,NA,NA,NA,NA,NA,NA,NA,NA,NA,2017,7,TRUE,FALSE,TRUE,"Summer adult",0.382352941176471,98.9035307439155
"Common Tern","RIXG",NA,NA,"DD","25340","STEHIR",NA,6,259,104,2017-07-06,1899-12-31 00:30:00,"Atlit Salt-Pans",32.695,34.932,"Yosef Kiat",NA,NA,NA,"IXG",NA,NA,NA,NA,"I","X","G",NA,"R",6,7,NA,NA,NA,NA,NA,NA,NA,NA,NA,NA,NA,NA,NA,NA,NA,NA,2017,7,TRUE,FALSE,TRUE,"Summer adult",0.401544401544402,114.828017553026
"Common Tern","W+XW","+","R","DD","20259","STEHIR",NA,17,266,114,2017-07-06,1899-12-31 00:30:00,"Atlit Salt-Pans",32.695,34.932,"Yosef Kiat",NA,NA,NA,"+XW",NA,NA,NA,NA,"+","X","W",NA,"W",6,7,NA,NA,NA,NA,NA,"I7U",NA,NA,NA,NA,NA,NA,NA,NA,NA,NA,2017,7,FALSE,TRUE,TRUE,"Summer adult",0.428571428571429,116.041576606905
"Common Tern","GICE",NA,"R","DD","21363","STEHIR","F",9,267,131,2017-07-06,1899-12-31 00:30:00,"Atlit Salt-Pans",32.695,34.932,"Yosef Kiat",NA,NA,NA,"ICE",NA,NA,NA,NA,"I","C","E",NA,"G",6,7,NA,NA,NA,NA,NA,NA,NA,NA,NA,NA,NA,NA,NA,NA,NA,NA,2017,7,FALSE,TRUE,TRUE,"Summer adult",0.49063670411985,131.829430638735
"Common Tern","NIB4",NA,"R","DD","23408","STEHIR",NA,7,273,110,2017-07-06,1899-12-31 01:30:00,"Atlit Salt-Pans",32.695,34.932,"Yosef Kiat",NA,NA,NA,"IB4",NA,NA,NA,NA,"I","B","4",NA,"N",6,7,NA,NA,NA,NA,NA,NA,NA,NA,NA,NA,NA,NA,NA,NA,NA,NA,2017,7,FALSE,TRUE,TRUE,"Summer adult",0.402930402930403,103.445793058287
"Common Tern","RIXM",NA,NA,"DD","25341","STEHIR",NA,6,266,114,2017-07-06,1899-12-31 01:30:00,"Atlit Salt-Pans",32.695,34.932,"Yosef Kiat",NA,NA,NA,"IXM",NA,NA,NA,NA,"I","X","M",NA,"R",6,7,NA,NA,NA,NA,NA,NA,NA,NA,NA,NA,NA,NA,NA,NA,NA,NA,2017,7,TRUE,FALSE,TRUE,"Summer adult",0.428571428571429,116.041576606905
"Common Tern","RIXR",NA,NA,"DD","25342","STEHIR",NA,6,272,97,2017-07-06,1899-12-31 02:30:00,"Atlit Salt-Pans",32.695,34.932,"Yosef Kiat",NA,NA,NA,"IXR",NA,NA,NA,NA,"I","X","R",NA,"R",6,7,NA,NA,NA,NA,NA,NA,NA,NA,NA,NA,NA,NA,NA,NA,NA,NA,2017,7,TRUE,FALSE,TRUE,"Summer adult",0.356617647058824,92.2465623284596
"Common Tern","RIXU",NA,NA,"DD","25343","STEHIR","M",6,272,115,2017-07-06,1899-12-31 02:30:00,"Atlit Salt-Pans",32.695,34.932,"Yosef Kiat",NA,NA,NA,"IXU",NA,NA,NA,NA,"I","X","U",NA,"R",6,7,NA,NA,NA,NA,NA,NA,NA,NA,NA,NA,NA,NA,NA,NA,NA,NA,2017,7,TRUE,FALSE,TRUE,"Summer adult",0.422794117647059,109.36448111106
"Common Tern","RIJJ",NA,NA,"DD","25365","STEHIR",NA,6,262,104,2017-07-13,1899-12-31 20:45:00,"Atlit Salt-Pans",32.695,34.932,"Yosef Kiat",NA,NA,NA,"IJJ",NA,NA,NA,NA,"I","J","J",NA,"R",13,7,NA,NA,NA,NA,NA,NA,NA,NA,NA,NA,NA,NA,NA,NA,NA,NA,2017,7,TRUE,FALSE,TRUE,"Summer adult",0.396946564885496,110.866769657642
"Common Tern","RIJK",NA,NA,"DD","25366","STEHIR",NA,6,264,109,2017-07-13,1899-12-31 20:45:00,"Atlit Salt-Pans",32.695,34.932,"Yosef Kiat",NA,NA,NA,"IJK",NA,NA,NA,NA,"I","J","K",NA,"R",13,7,NA,NA,NA,NA,NA,NA,NA,NA,NA,NA,NA,NA,NA,NA,NA,NA,2017,7,TRUE,FALSE,TRUE,"Summer adult",0.412878787878788,113.534256008458
"Common Tern","RIJL",NA,NA,"DD","25367","STEHIR",NA,6,281,112,2017-07-13,1899-12-31 20:45:00,"Atlit Salt-Pans",32.695,34.932,"Yosef Kiat",NA,NA,NA,"IJL",NA,NA,NA,NA,"I","J","L",NA,"R",13,7,NA,NA,NA,NA,NA,NA,NA,NA,NA,NA,NA,NA,NA,NA,NA,NA,2017,7,TRUE,FALSE,TRUE,"Summer adult",0.398576512455516,96.4496143782061
"Common Tern","RIJS",NA,NA,"DD","25370","STEHIR",NA,6,258,115,2017-07-13,1899-12-31 22:00:00,"Atlit Salt-Pans",32.695,34.932,"Yosef Kiat",NA,NA,NA,"IJS",NA,NA,NA,NA,"I","J","S",NA,"R",13,7,NA,NA,NA,NA,NA,NA,NA,NA,NA,NA,NA,NA,NA,NA,NA,NA,2017,7,TRUE,FALSE,TRUE,"Summer adult",0.445736434108527,128.47948764074
"Common Tern","RIJT",NA,NA,"DD","25371","STEHIR",NA,6,267,125,2017-07-13,1899-12-31 22:00:00,"Atlit Salt-Pans",32.695,34.932,"Yosef Kiat",NA,NA,NA,"IJT",NA,NA,NA,NA,"I","J","T",NA,"R",13,7,NA,NA,NA,NA,NA,NA,NA,NA,NA,NA,NA,NA,NA,NA,NA,NA,2017,7,TRUE,FALSE,TRUE,"Summer adult",0.468164794007491,125.791441449175
"Common Tern","RIJV",NA,NA,"DD","25372","STEHIR",NA,6,260,111,2017-07-13,1899-12-31 22:00:00,"Atlit Salt-Pans",32.695,34.932,"Yosef Kiat",NA,NA,NA,"IJV",NA,NA,NA,NA,"I","J","V",NA,"R",13,7,NA,NA,NA,NA,NA,NA,NA,NA,NA,NA,NA,NA,NA,NA,NA,NA,2017,7,TRUE,FALSE,TRUE,"Summer adult",0.426923076923077,121.125564577659
"Common Tern","NIF7",NA,"R","DD","23441","STEHIR",NA,7,267,116,2017-07-13,1899-12-31 22:45:00,"Atlit Salt-Pans",32.695,34.932,"Yosef Kiat",NA,NA,NA,"IF7",NA,NA,NA,NA,"I","F","7",NA,"N",13,7,NA,NA,NA,NA,NA,NA,NA,NA,NA,NA,NA,NA,NA,NA,NA,NA,2017,7,FALSE,TRUE,TRUE,"Summer adult",0.434456928838951,116.734457664834
"Common Tern","NIU3",NA,"R","DD","23559","STEHIR",NA,7,257,108,2017-07-13,1899-12-31 22:45:00,"Atlit Salt-Pans",32.695,34.932,"Yosef Kiat",NA,NA,NA,"IU3",NA,NA,NA,NA,"I","U","3",NA,"N",13,7,NA,NA,NA,NA,NA,NA,NA,NA,NA,NA,NA,NA,NA,NA,NA,NA,2017,7,FALSE,TRUE,TRUE,"Summer adult",0.420233463035019,122.095885296091
"Common Tern","RIKB",NA,NA,"DD","25376","STEHIR",NA,6,276,115,2017-07-13,1899-12-31 22:45:00,"Atlit Salt-Pans",32.695,34.932,"Yosef Kiat",NA,NA,NA,"IKB",NA,NA,NA,NA,"I","K","B",NA,"R",13,7,NA,NA,NA,NA,NA,NA,NA,NA,NA,NA,NA,NA,NA,NA,NA,NA,2017,7,TRUE,FALSE,TRUE,"Summer adult",0.416666666666667,104.604201600004
"Common Tern","RIKC",NA,NA,"DD","25377","STEHIR",NA,6,270,112,2017-07-13,1899-12-31 22:45:00,"Atlit Salt-Pans",32.695,34.932,"Yosef Kiat",NA,NA,NA,"IKC",NA,NA,NA,NA,"I","K","C",NA,"R",13,7,NA,NA,NA,NA,NA,NA,NA,NA,NA,NA,NA,NA,NA,NA,NA,NA,2017,7,TRUE,FALSE,TRUE,"Summer adult",0.414814814814815,108.934867797694
"Common Tern","RIKE",NA,NA,"DD","25378","STEHIR",NA,6,274,117,2017-07-13,1899-12-31 22:45:00,"Atlit Salt-Pans",32.695,34.932,"Yosef Kiat",NA,NA,NA,"IKE",NA,NA,NA,NA,"I","K","E",NA,"R",13,7,NA,NA,NA,NA,NA,NA,NA,NA,NA,NA,NA,NA,NA,NA,NA,NA,2017,7,TRUE,FALSE,TRUE,"Summer adult",0.427007299270073,108.809161961918
"Common Tern","RIKH",NA,NA,"DD","25379","STEHIR",NA,6,276,116,2017-07-13,1899-12-31 22:45:00,"Atlit Salt-Pans",32.695,34.932,"Yosef Kiat",NA,NA,NA,"IKH",NA,NA,NA,NA,"I","K","H",NA,"R",13,7,NA,NA,NA,NA,NA,NA,NA,NA,NA,NA,NA,NA,NA,NA,NA,NA,2017,7,TRUE,FALSE,TRUE,"Summer adult",0.420289855072464,105.513803353047
"Common Tern","RIKL",NA,NA,"DD","25382","STEHIR","F",6,270,113,2017-07-14,1899-12-31 01:30:00,"Atlit Salt-Pans",32.695,34.932,"Yosef Kiat",NA,NA,NA,"IKL",NA,NA,NA,NA,"I","K","L",NA,"R",14,7,NA,NA,NA,NA,NA,NA,NA,NA,NA,NA,NA,NA,NA,NA,NA,NA,2017,7,TRUE,FALSE,TRUE,"Summer adult",0.418518518518519,109.907500545887
"Common Tern","NIGM",NA,NA,"DD","25434","STEHIR",NA,6,272,136,2017-07-27,1899-12-31 23:30:00,"Atlit Salt-Pans",32.695,34.932,"Yosef Kiat",NA,NA,NA,"IGM",NA,NA,NA,NA,"I","G","M",NA,"N",27,7,NA,NA,NA,NA,NA,NA,NA,NA,NA,NA,NA,NA,NA,NA,NA,NA,2017,7,TRUE,FALSE,TRUE,"Summer adult",0.5,129.335386357428
"Common Tern","NIGN",NA,NA,"DD","25435","STEHIR",NA,6,265,119,2017-07-27,1899-12-31 23:30:00,"Atlit Salt-Pans",32.695,34.932,"Yosef Kiat",NA,NA,NA,"IGN",NA,NA,NA,NA,"I","G","N",NA,"N",27,7,NA,NA,NA,NA,NA,NA,NA,NA,NA,NA,NA,NA,NA,NA,NA,NA,2017,7,TRUE,FALSE,TRUE,"Summer adult",0.449056603773585,122.529914424814
"Common Tern","NIGP",NA,NA,"DD","25436","STEHIR",NA,6,270,122,2017-07-27,1899-12-31 23:30:00,"Atlit Salt-Pans",32.695,34.932,"Yosef Kiat",NA,NA,NA,"IGP",NA,NA,NA,NA,"I","G","P",NA,"N",27,7,NA,NA,NA,NA,NA,NA,NA,NA,NA,NA,NA,NA,NA,NA,NA,NA,2017,7,TRUE,FALSE,TRUE,"Summer adult",0.451851851851852,118.66119527963
"Common Tern","WSC+","+","R","DD","23663","STEHIR",NA,7,253,104,2017-07-27,1899-12-31 23:30:00,"Atlit Salt-Pans",32.695,34.932,"Yosef Kiat",NA,"Rump and upper-tail coverts: grey",NA,"SC+",NA,NA,NA,NA,"S","C","+",NA,"N",27,7,NA,NA,NA,NA,NA,"IUP",NA,NA,NA,NA,NA,NA,NA,NA,NA,NA,2017,7,FALSE,TRUE,TRUE,"Summer adult",0.411067193675889,123.332603741969
"Common Tern","NIP6",NA,"R","DD","23520","STEHIR",NA,7,264,116,2017-07-28,1899-12-31 00:30:00,"Atlit Salt-Pans",32.695,34.932,"Yosef Kiat",NA,NA,NA,"IP6",NA,NA,NA,NA,"I","P","6",NA,"N",28,7,NA,NA,NA,NA,NA,NA,NA,NA,NA,NA,NA,NA,NA,NA,NA,NA,2017,7,FALSE,TRUE,TRUE,"Summer adult",0.439393939393939,120.825446761295
"Common Tern","NIB4",NA,"R","DD","23408","STEHIR",NA,7,271,108,2017-07-28,1899-12-31 00:30:00,"Atlit Salt-Pans",32.695,34.932,"Yosef Kiat",NA,NA,NA,"IB4",NA,NA,NA,NA,"I","B","4",NA,"N",28,7,NA,NA,NA,NA,NA,NA,NA,NA,NA,NA,NA,NA,NA,NA,NA,NA,2017,7,FALSE,TRUE,TRUE,"Summer adult",0.398523985239852,103.867197626109
"Common Tern","NIGT",NA,NA,"DD","25439","STEHIR",NA,6,272,106,2017-07-28,1899-12-31 00:30:00,"Atlit Salt-Pans",32.695,34.932,"Yosef Kiat",NA,NA,NA,"IGT",NA,NA,NA,NA,"I","G","T",NA,"N",28,7,NA,NA,NA,NA,NA,NA,NA,NA,NA,NA,NA,NA,NA,NA,NA,NA,2017,7,TRUE,FALSE,TRUE,"Summer adult",0.389705882352941,100.80552171976
"Common Tern","NIJ2",NA,"R","DD","23466","STEHIR",NA,9,264,120,2018-06-24,1899-12-31 20:00:00,"Atlit Salt-Pans",32.695,34.932,"Yosef Kiat",NA,NA,NA,"IJ2",NA,NA,NA,NA,"I","J","2",NA,"N",24,6,NA,NA,NA,NA,NA,NA,NA,NA,NA,NA,NA,NA,NA,NA,NA,NA,2018,6,FALSE,TRUE,TRUE,"Summer adult",0.454545454545455,124.991841477202
"Common Tern","YI95",NA,"R","DD","24209","STEHIR",NA,10,270,119,2018-06-24,1899-12-31 20:00:00,"Atlit Salt-Pans",32.695,34.932,"Yosef Kiat",NA,NA,NA,"I95",NA,NA,NA,NA,"I","9","5",NA,"Y",24,6,NA,NA,NA,NA,NA,NA,NA,NA,NA,NA,NA,NA,NA,NA,NA,NA,2018,6,FALSE,TRUE,TRUE,"Summer adult",0.440740740740741,115.743297035049
"Common Tern","NIS4",NA,"R","DD","23540","STEHIR",NA,9,269,116,2018-06-24,1899-12-31 20:00:00,"Atlit Salt-Pans",32.695,34.932,"Yosef Kiat",NA,NA,NA,"IS4",NA,NA,NA,NA,"I","S","4",NA,"N",24,6,NA,NA,NA,NA,NA,NA,NA,NA,NA,NA,NA,NA,NA,NA,NA,NA,2018,6,FALSE,TRUE,TRUE,"Summer adult",0.431226765799257,114.108833789925
"Common Tern","RI65",NA,"R","DD","25161","STEHIR",NA,8,275,98,2018-06-24,1899-12-31 20:00:00,"Atlit Salt-Pans",32.695,34.932,"Yosef Kiat",NA,NA,NA,"I65",NA,NA,NA,NA,"I","6","5",NA,"R",24,6,NA,NA,NA,NA,NA,NA,NA,NA,NA,NA,NA,NA,NA,NA,NA,NA,2018,6,FALSE,TRUE,TRUE,"Summer adult",0.356363636363636,90.1327805086251
"Common Tern","NIEL",NA,"R","DD","23221","STEHIR",NA,12,273,110,2018-06-24,1899-12-31 20:00:00,"Atlit Salt-Pans",32.695,34.932,"Yosef Kiat",NA,NA,NA,"IEL",NA,NA,NA,NA,"I","E","L",NA,"N",24,6,NA,NA,NA,NA,NA,NA,NA,NA,NA,NA,NA,NA,NA,NA,NA,NA,2018,6,FALSE,TRUE,TRUE,"Summer adult",0.402930402930403,103.445793058287
"Common Tern","YIY4",NA,"R","DD","24410","STEHIR",NA,10,268,108,2018-06-24,1899-12-31 20:00:00,"Atlit Salt-Pans",32.695,34.932,"Yosef Kiat",NA,NA,NA,"IY4",NA,NA,NA,NA,"I","Y","4",NA,"Y",24,6,NA,NA,NA,NA,NA,NA,NA,NA,NA,NA,NA,NA,NA,NA,NA,NA,2018,6,FALSE,TRUE,TRUE,"Summer adult",0.402985074626866,107.452300611672
"Common Tern","RI72",NA,"R","DD","25168","STEHIR",NA,8,273,111,2018-06-24,1899-12-31 20:00:00,"Atlit Salt-Pans",32.695,34.932,"Yosef Kiat",NA,NA,NA,"I72",NA,NA,NA,NA,"I","7","2",NA,"R",24,6,NA,NA,NA,NA,NA,NA,NA,NA,NA,NA,NA,NA,NA,NA,NA,NA,2018,6,FALSE,TRUE,TRUE,"Summer adult",0.406593406593407,104.386209358816
"Common Tern","NG1S",NA,NA,"DD","27973","STEHIR",NA,6,270,110,2018-06-24,1899-12-31 21:30:00,"Atlit Salt-Pans",32.695,34.932,"Yosef Kiat",NA,NA,NA,"G1S",NA,NA,NA,NA,"G","1","S",NA,"N",24,6,NA,NA,NA,NA,NA,NA,NA,NA,NA,NA,NA,NA,NA,NA,NA,NA,2018,6,TRUE,FALSE,TRUE,"Summer adult",0.407407407407407,106.989602301306
"Common Tern","NG1T",NA,NA,"DD","27974","STEHIR",NA,6,282,122,2018-06-24,1899-12-31 21:30:00,"Atlit Salt-Pans",32.695,34.932,"Yosef Kiat",NA,NA,NA,"G1T",NA,NA,NA,NA,"G","1","T",NA,"N",24,6,NA,NA,NA,NA,NA,NA,NA,NA,NA,NA,NA,NA,NA,NA,NA,NA,2018,6,TRUE,FALSE,TRUE,"Summer adult",0.432624113475177,103.929616229306
"Common Tern","NG1U",NA,NA,"DD","27975","STEHIR",NA,6,273,100,2018-06-24,1899-12-31 21:30:00,"Atlit Salt-Pans",32.695,34.932,"Yosef Kiat",NA,NA,NA,"G1U",NA,NA,NA,NA,"G","1","U",NA,"N",24,6,NA,NA,NA,NA,NA,NA,NA,NA,NA,NA,NA,NA,NA,NA,NA,NA,2018,6,TRUE,FALSE,TRUE,"Summer adult",0.366300366300366,94.0416300529877
"Common Tern","NG1V",NA,NA,"DD","27976","STEHIR",NA,6,271,137,2018-06-24,1899-12-31 21:30:00,"Atlit Salt-Pans",32.695,34.932,"Yosef Kiat",NA,NA,NA,"G1V",NA,NA,NA,NA,"G","1","V",NA,"N",24,6,NA,NA,NA,NA,NA,NA,NA,NA,NA,NA,NA,NA,NA,NA,NA,NA,2018,6,TRUE,FALSE,TRUE,"Summer adult",0.505535055350554,131.757463655342
"Common Tern","NG1W",NA,NA,"DD","27977","STEHIR",NA,6,271,105,2018-06-24,1899-12-31 22:30:00,"Atlit Salt-Pans",32.695,34.932,"Yosef Kiat",NA,NA,NA,"G1W",NA,NA,NA,NA,"G","1","W",NA,"N",24,6,NA,NA,NA,NA,NA,NA,NA,NA,NA,NA,NA,NA,NA,NA,NA,NA,2018,6,TRUE,FALSE,TRUE,"Summer adult",0.387453874538745,100.981997692051
"Common Tern","NG1X",NA,NA,"DD","27978","STEHIR",NA,6,268,120,2018-06-24,1899-12-31 22:30:00,"Atlit Salt-Pans",32.695,34.932,"Yosef Kiat",NA,NA,NA,"G1X",NA,NA,NA,NA,"G","1","X",NA,"N",24,6,NA,NA,NA,NA,NA,NA,NA,NA,NA,NA,NA,NA,NA,NA,NA,NA,2018,6,TRUE,FALSE,TRUE,"Summer adult",0.447761194029851,119.391445124081
"Common Tern","NG1Y",NA,NA,"DD","27979","STEHIR",NA,6,270,126,2018-06-24,1899-12-31 22:30:00,"Atlit Salt-Pans",32.695,34.932,"Yosef Kiat",NA,NA,NA,"G1Y",NA,NA,NA,NA,"G","1","Y",NA,"N",24,6,NA,NA,NA,NA,NA,NA,NA,NA,NA,NA,NA,NA,NA,NA,NA,NA,2018,6,TRUE,FALSE,TRUE,"Summer adult",0.466666666666667,122.551726272405
"Common Tern","NG1Z",NA,NA,"DD","27980","STEHIR",NA,6,267,126,2018-06-24,1899-12-31 22:30:00,"Atlit Salt-Pans",32.695,34.932,"Yosef Kiat",NA,NA,NA,"G1Z",NA,NA,NA,NA,"G","1","Z",NA,"N",24,6,NA,NA,NA,NA,NA,NA,NA,NA,NA,NA,NA,NA,NA,NA,NA,NA,2018,6,TRUE,FALSE,TRUE,"Summer adult",0.471910112359551,126.797772980768
"Common Tern","NG2A",NA,NA,"DD","27981","STEHIR",NA,6,275,106,2018-06-24,1899-12-31 23:30:00,"Atlit Salt-Pans",32.695,34.932,"Yosef Kiat",NA,NA,NA,"G2A",NA,NA,NA,NA,"G","2","A",NA,"N",24,6,NA,NA,NA,NA,NA,NA,NA,NA,NA,NA,NA,NA,NA,NA,NA,NA,2018,6,TRUE,FALSE,TRUE,"Summer adult",0.385454545454545,97.4905585093292
"Common Tern","NG2G",NA,NA,"DD","27986","STEHIR",NA,6,262,104,2018-07-03,1899-12-31 22:00:00,"Atlit Salt-Pans",32.695,34.932,"Yosef Kiat",NA,"Dark",NA,"G2G",NA,134,NA,NA,"G","2","G",NA,"N",3,7,NA,NA,NA,NA,NA,NA,NA,NA,NA,NA,NA,NA,NA,NA,NA,NA,2018,7,TRUE,FALSE,TRUE,"Summer adult",0.396946564885496,110.866769657642
"Common Tern","NIF8",NA,"R","DD","23442","STEHIR",NA,9,266,108,2018-07-03,1899-12-31 22:00:00,"Atlit Salt-Pans",32.695,34.932,"Yosef Kiat",NA,NA,NA,"IF8",NA,139,NA,NA,"I","F","8",NA,"N",3,7,NA,NA,NA,NA,NA,NA,NA,NA,NA,NA,NA,NA,NA,NA,NA,NA,2018,7,FALSE,TRUE,TRUE,"Summer adult",0.406015037593985,109.934125206541
"Common Tern","NG2T",NA,NA,"DD","27996","STEHIR",NA,6,266,104,2018-07-04,1899-12-31 02:00:00,"Atlit Salt-Pans",32.695,34.932,"Yosef Kiat",NA,NA,NA,"G2T",NA,NA,NA,NA,"G","2","T",NA,"N",4,7,NA,NA,NA,NA,NA,NA,NA,NA,NA,NA,NA,NA,NA,NA,NA,NA,2018,7,TRUE,FALSE,TRUE,"Summer adult",0.390977443609023,105.862490939632
"Common Tern","GIXZ",NA,"R","DD","22574","STEHIR",NA,12,270,100,2018-07-04,1899-12-31 02:00:00,"Atlit Salt-Pans",32.695,34.932,"Yosef Kiat",NA,NA,NA,"IXZ",NA,NA,NA,NA,"I","X","Z",NA,"G",4,7,NA,NA,NA,NA,NA,NA,NA,NA,NA,NA,NA,NA,NA,NA,NA,NA,2018,7,FALSE,TRUE,TRUE,"Summer adult",0.37037037037037,97.2632748193692
"Common Tern","RIPF",NA,"R","DD","25314","STEHIR",NA,8,271,104,2018-07-04,1899-12-31 02:00:00,"Atlit Salt-Pans",32.695,34.932,"Yosef Kiat",NA,NA,NA,"IPF",NA,NA,NA,NA,"I","P","F",NA,"R",4,7,NA,NA,NA,NA,NA,NA,NA,NA,NA,NA,NA,NA,NA,NA,NA,NA,2018,7,FALSE,TRUE,TRUE,"Summer adult",0.383763837638376,100.020264380698
"Common Tern","NG3W","+","R","DD","28021","STEHIR",NA,22,257,113,2018-07-10,1899-12-31 20:30:00,"Atlit Salt-Pans",32.695,34.932,"Yosef Kiat",NA,NA,NA,"G3W",NA,NA,NA,NA,"G","3","W",NA,"N",10,7,NA,NA,NA,NA,NA,"IBN",NA,NA,"DD-16917",NA,NA,NA,NA,NA,NA,NA,2018,7,FALSE,TRUE,TRUE,"Summer adult",0.439688715953307,127.748472578318
"Common Tern","NIY6",NA,"R","DD","23592","STEHIR","M",9,258,107,2018-07-10,1899-12-31 20:30:00,"Atlit Salt-Pans",32.695,34.932,"Yosef Kiat",NA,NA,NA,"IY6",NA,NA,NA,NA,"I","Y","6",NA,"N",10,7,NA,NA,NA,NA,NA,NA,NA,NA,NA,NA,NA,NA,NA,NA,NA,NA,2018,7,FALSE,TRUE,TRUE,"Summer adult",0.414728682170543,119.541784152689
"Common Tern","NG4L",NA,NA,"DD","28034","STEHIR",NA,6,264,119,2018-07-10,1899-12-31 21:30:00,"Atlit Salt-Pans",32.695,34.932,"Yosef Kiat",NA,NA,NA,"G4L",NA,NA,NA,NA,"G","4","L",NA,"N",10,7,NA,NA,NA,NA,NA,NA,NA,NA,NA,NA,NA,NA,NA,NA,NA,NA,2018,7,TRUE,FALSE,TRUE,"Summer adult",0.450757575757576,123.950242798225
"Common Tern","NIXJ",NA,"R","DD","23369","STEHIR",NA,9,261,117,2018-07-10,1899-12-31 21:30:00,"Atlit Salt-Pans",32.695,34.932,"Yosef Kiat",NA,NA,NA,"IXJ",NA,NA,NA,NA,"I","X","J",NA,"N",10,7,NA,NA,NA,NA,NA,NA,NA,NA,NA,NA,NA,NA,NA,NA,NA,NA,2018,7,FALSE,TRUE,TRUE,"Summer adult",0.448275862068966,126.187573553915
"Common Tern","RIC3",NA,"R","DD","25470","STEHIR",NA,6,268,114,2018-07-10,1899-12-31 23:00:00,"Atlit Salt-Pans",32.695,34.932,"Yosef Kiat",NA,NA,NA,"IC3",NA,NA,NA,NA,"I","C","3",NA,"R",10,7,NA,NA,NA,NA,NA,NA,NA,NA,NA,NA,NA,NA,NA,NA,NA,NA,2018,7,FALSE,TRUE,TRUE,"Summer adult",0.425373134328358,113.421872867876
"Common Tern","NG5A",NA,NA,"DD","28047","STEHIR",NA,6,267,143,2018-07-11,1899-12-31,"Atlit Salt-Pans",32.695,34.932,"Yosef Kiat",NA,NA,NA,"G5A",NA,NA,NA,NA,"G","5","A",NA,"N",11,7,NA,NA,NA,NA,NA,NA,NA,NA,NA,NA,NA,NA,NA,NA,NA,NA,2018,7,TRUE,FALSE,TRUE,"Summer adult",0.535580524344569,143.905409017856
"Common Tern","NIKP",NA,"R","DD","23268","STEHIR",NA,12,259,109,2018-07-19,1899-12-31 21:30:00,"Atlit Salt-Pans",32.695,34.932,"Yosef Kiat",NA,NA,NA,"IKP",NA,NA,NA,NA,"I","K","P",NA,"N",19,7,NA,NA,NA,NA,NA,NA,NA,NA,NA,NA,NA,NA,NA,NA,NA,NA,2018,7,FALSE,TRUE,TRUE,"Summer adult",0.420849420849421,120.348595319998
"Common Tern","NG7N",NA,NA,"DD","28101","STEHIR",NA,6,264,121,2018-07-19,1899-12-31 21:30:00,"Atlit Salt-Pans",32.695,34.932,"Yosef Kiat",NA,NA,NA,"G7N",NA,NA,NA,NA,"G","7","N",NA,"N",19,7,NA,NA,NA,NA,NA,NA,NA,NA,NA,NA,NA,NA,NA,NA,NA,NA,2018,7,TRUE,FALSE,TRUE,"Summer adult",0.458333333333333,126.033440156179
"Common Tern","YIJ5",NA,"R","DD","24290","STEHIR",NA,7,260,117,2018-07-19,1899-12-31 23:00:00,"Atlit Salt-Pans",32.695,34.932,"Yosef Kiat",NA,NA,NA,"IJ5",NA,NA,NA,NA,"I","J","5",NA,"Y",19,7,NA,NA,NA,NA,NA,NA,NA,NA,NA,NA,NA,NA,NA,NA,NA,NA,2018,7,FALSE,TRUE,TRUE,"Summer adult",0.45,127.672892392668
"Common Tern","NG8C",NA,NA,"DD","28114","STEHIR",NA,6,275,123,2018-07-19,1899-12-31 23:30:00,"Atlit Salt-Pans",32.695,34.932,"Yosef Kiat",NA,NA,NA,"G8C",NA,NA,NA,NA,"G","8","C",NA,"N",19,7,NA,NA,NA,NA,NA,NA,NA,NA,NA,NA,NA,NA,NA,NA,NA,NA,2018,7,TRUE,FALSE,TRUE,"Summer adult",0.447272727272727,113.125836760825
"Common Tern","NG8U",NA,NA,"DD","28128","STEHIR",NA,6,270,114,2018-07-20,1899-12-31 01:00:00,"Atlit Salt-Pans",32.695,34.932,"Yosef Kiat",NA,NA,NA,"G8U",NA,NA,NA,NA,"G","8","U",NA,"N",20,7,NA,NA,NA,NA,NA,NA,NA,NA,NA,NA,NA,NA,NA,NA,NA,NA,2018,7,TRUE,FALSE,TRUE,"Summer adult",0.422222222222222,110.880133294081
"Common Tern","NG9C",NA,NA,"DD","28136","STEHIR","F",6,267,116,2018-07-20,1899-12-31 01:00:00,"Atlit Salt-Pans",32.695,34.932,"Yosef Kiat",NA,NA,NA,"G9C",NA,NA,NA,NA,"G","9","C",NA,"N",20,7,NA,NA,NA,NA,NA,NA,NA,NA,NA,NA,NA,NA,NA,NA,NA,NA,2018,7,TRUE,FALSE,TRUE,"Summer adult",0.434456928838951,116.734457664834
"Common Tern","NG9P",NA,NA,"DD","28147","STEHIR",NA,6,266,125,2018-07-30,1899-12-31 20:45:00,"Atlit Salt-Pans",32.695,34.932,"Yosef Kiat",NA,NA,NA,"G9P",NA,NA,NA,NA,"G","9","P",NA,"N",30,7,NA,NA,NA,NA,NA,NA,NA,NA,NA,NA,NA,NA,NA,NA,NA,NA,2018,7,TRUE,FALSE,TRUE,"Summer adult",0.469924812030075,127.238570840904
"Common Tern","YIA6",NA,"R","DD","24220","STEHIR",NA,10,263,115,2018-07-30,1899-12-31 20:45:00,"Atlit Salt-Pans",32.695,34.932,"Yosef Kiat",NA,NA,NA,"IA6",NA,NA,NA,NA,"I","A","6",NA,"Y",30,7,NA,NA,NA,NA,NA,NA,NA,NA,NA,NA,NA,NA,NA,NA,NA,NA,2018,7,FALSE,TRUE,TRUE,"Summer adult",0.437262357414449,121.177644904971
"Common Tern","NIK1",NA,"R","DD","23475","STEHIR",NA,9,274,106,2018-07-30,1899-12-31 20:45:00,"Atlit Salt-Pans",32.695,34.932,"Yosef Kiat",NA,NA,NA,"IK1",NA,NA,NA,NA,"I","K","1",NA,"N",30,7,NA,NA,NA,NA,NA,NA,NA,NA,NA,NA,NA,NA,NA,NA,NA,NA,2018,7,FALSE,TRUE,TRUE,"Summer adult",0.386861313868613,98.5792407518229
"Common Tern","NGEG",NA,NA,"DD","28160","STEHIR",NA,6,255,111,2018-07-30,1899-12-31 20:45:00,"Atlit Salt-Pans",32.695,34.932,"Yosef Kiat",NA,NA,NA,"GEG",NA,NA,NA,NA,"G","E","G",NA,"N",30,7,NA,NA,NA,NA,NA,NA,NA,NA,NA,NA,NA,NA,NA,NA,NA,NA,2018,7,TRUE,FALSE,TRUE,"Summer adult",0.435294117647059,128.511849844663
"Common Tern","NGFG",NA,NA,"DD","28161","STEHIR",NA,6,260,129,2018-07-30,1899-12-31 20:45:00,"Atlit Salt-Pans",32.695,34.932,"Yosef Kiat",NA,NA,NA,"GFG",NA,NA,NA,NA,"G","F","G",NA,"N",30,7,NA,NA,NA,NA,NA,NA,NA,NA,NA,NA,NA,NA,NA,NA,NA,NA,2018,7,TRUE,FALSE,TRUE,"Summer adult",0.496153846153846,140.767548022685
"Common Tern","NGJG",NA,NA,"DD","28164","STEHIR",NA,6,268,106,2018-07-30,1899-12-31 20:45:00,"Atlit Salt-Pans",32.695,34.932,"Yosef Kiat",NA,NA,NA,"GJG",NA,NA,NA,NA,"G","J","G",NA,"N",30,7,NA,NA,NA,NA,NA,NA,NA,NA,NA,NA,NA,NA,NA,NA,NA,NA,2018,7,TRUE,FALSE,TRUE,"Summer adult",0.395522388059701,105.462443192938
"Common Tern","NGLG",NA,NA,"DD","28166","STEHIR",NA,6,269,137,2018-07-30,1899-12-31 21:30:00,"Atlit Salt-Pans",32.695,34.932,"Yosef Kiat",NA,NA,NA,"GLG",NA,NA,NA,NA,"G","L","G",NA,"N",30,7,NA,NA,NA,NA,NA,NA,NA,NA,NA,NA,NA,NA,NA,NA,NA,NA,2018,7,TRUE,FALSE,TRUE,"Summer adult",0.509293680297398,134.766467493273
"Common Tern","NGTG",NA,NA,"DD","28172","STEHIR",NA,6,272,119,2018-07-30,1899-12-31 22:30:00,"Atlit Salt-Pans",32.695,34.932,"Yosef Kiat",NA,NA,NA,"GTG",NA,NA,NA,NA,"G","T","G",NA,"N",30,7,NA,NA,NA,NA,NA,NA,NA,NA,NA,NA,NA,NA,NA,NA,NA,NA,2018,7,TRUE,FALSE,TRUE,"Summer adult",0.4375,113.168463062749
"Common Tern","NGWG",NA,NA,"DD","28175","STEHIR",NA,6,281,126,2018-07-30,1899-12-31 22:30:00,"Atlit Salt-Pans",32.695,34.932,"Yosef Kiat",NA,NA,NA,"GWG",NA,NA,NA,NA,"G","W","G",NA,"N",30,7,NA,NA,NA,NA,NA,NA,NA,NA,NA,NA,NA,NA,NA,NA,NA,NA,2018,7,TRUE,FALSE,TRUE,"Summer adult",0.448398576512456,108.505816175482
"Common Tern","NGXG",NA,NA,"DD","28176","STEHIR",NA,6,282,132,2018-07-30,1899-12-31 22:30:00,"Atlit Salt-Pans",32.695,34.932,"Yosef Kiat",NA,NA,NA,"GXG",NA,NA,NA,NA,"G","X","G",NA,"N",30,7,NA,NA,NA,NA,NA,NA,NA,NA,NA,NA,NA,NA,NA,NA,NA,NA,2018,7,TRUE,FALSE,TRUE,"Summer adult",0.468085106382979,112.448437231708
"Common Tern","NGFH",NA,NA,"DD","28183","STEHIR",NA,6,266,114,2018-07-30,1899-12-31 23:00:00,"Atlit Salt-Pans",32.695,34.932,"Yosef Kiat",NA,NA,NA,"GFH",NA,NA,NA,NA,"G","F","H",NA,"N",30,7,NA,NA,NA,NA,NA,NA,NA,NA,NA,NA,NA,NA,NA,NA,NA,NA,2018,7,TRUE,FALSE,TRUE,"Summer adult",0.428571428571429,116.041576606905
"Common Tern","NGLH",NA,NA,"DD","28188","STEHIR","F",6,260,105,2018-07-31,1899-12-31 01:00:00,"Atlit Salt-Pans",32.695,34.932,"Yosef Kiat",NA,NA,NA,"GLH",NA,NA,NA,NA,"G","L","H",NA,"N",31,7,NA,NA,NA,NA,NA,NA,NA,NA,NA,NA,NA,NA,NA,NA,NA,NA,2018,7,TRUE,FALSE,TRUE,"Summer adult",0.403846153846154,114.578236762651
"Common Tern","WGBY","+","R","DD","20669","STEHIR",NA,17,269,114,2019-07-02,1899-12-31 20:30:00,"Atlit Salt-Pans",32.695,34.932,"Yosef Kiat",NA,NA,NA,"GBY",NA,NA,NA,NA,"G","B","Y",NA,"W",2,7,NA,NA,NA,NA,NA,"I5X",NA,NA,NA,NA,NA,NA,NA,NA,NA,NA,2019,7,FALSE,TRUE,TRUE,"Summer adult",0.423791821561338,112.141440103892
"Common Tern","RIJB",NA,"R","DD","25361","STEHIR",NA,7,280,120,2019-07-02,1899-12-31 20:30:00,"Atlit Salt-Pans",32.695,34.932,"Yosef Kiat",NA,NA,NA,"IJB",NA,130,NA,NA,"I","J","B",NA,"R",2,7,NA,NA,NA,NA,NA,NA,NA,NA,NA,NA,NA,NA,NA,NA,NA,NA,2019,7,FALSE,TRUE,TRUE,"Summer adult",0.428571428571429,104.468044510907
"Common Tern","YIX6",NA,"R","DD","24402","STEHIR",NA,12,259,100,2019-07-02,1899-12-31 20:30:00,"Atlit Salt-Pans",32.695,34.932,"Yosef Kiat",NA,NA,NA,"IX6",NA,NA,NA,NA,"I","X","6",NA,"Y",2,7,NA,NA,NA,NA,NA,NA,NA,NA,NA,NA,NA,NA,NA,NA,NA,NA,2019,7,FALSE,TRUE,TRUE,"Summer adult",0.386100386100386,110.411555339448
"Common Tern","WGCY",NA,NA,"DD","29607","STEHIR",NA,6,269,121,2019-07-02,1899-12-31 20:30:00,"Atlit Salt-Pans",32.695,34.932,"Yosef Kiat",NA,NA,NA,"GCY",NA,146,NA,NA,"G","C","Y",NA,"W",2,7,NA,NA,NA,NA,NA,NA,NA,NA,NA,NA,NA,NA,NA,NA,NA,NA,2019,7,TRUE,FALSE,TRUE,"Summer adult",0.449814126394052,119.027318005008
"Common Tern","WGFY",NA,NA,"DD","29609","STEHIR",NA,6,271,120,2019-07-02,1899-12-31 20:30:00,"Atlit Salt-Pans",32.695,34.932,"Yosef Kiat",NA,NA,NA,"GFY",NA,NA,NA,NA,"G","F","Y",NA,"W",2,7,NA,NA,NA,NA,NA,NA,NA,NA,NA,NA,NA,NA,NA,NA,NA,NA,2019,7,TRUE,FALSE,TRUE,"Summer adult",0.44280442804428,115.407997362344
"Common Tern","WGGY",NA,NA,"DD","29610","STEHIR",NA,5,264,123,2019-07-02,1899-12-31 20:30:00,"Atlit Salt-Pans",32.695,34.932,"Yosef Kiat",NA,NA,NA,"GGY",NA,NA,NA,NA,"G","G","Y",NA,"W",2,7,NA,NA,NA,NA,NA,NA,NA,NA,NA,NA,NA,NA,NA,NA,NA,NA,2019,7,TRUE,FALSE,TRUE,"Summer adult",0.465909090909091,128.116637514132
"Common Tern","WGHY",NA,NA,"DD","29611","STEHIR",NA,5,273,112,2019-07-02,1899-12-31 20:30:00,"Atlit Salt-Pans",32.695,34.932,"Yosef Kiat",NA,NA,NA,"GHY",NA,NA,NA,NA,"G","H","Y",NA,"W",2,7,NA,NA,NA,NA,NA,NA,NA,NA,NA,NA,NA,NA,NA,NA,NA,NA,2019,7,TRUE,FALSE,TRUE,"Summer adult",0.41025641025641,105.326625659346
"Common Tern","WGKY",NA,NA,"DD","29613","STEHIR",NA,6,268,109,2019-07-02,1899-12-31 20:30:00,"Atlit Salt-Pans",32.695,34.932,"Yosef Kiat",NA,NA,NA,"GKY",NA,NA,NA,NA,"G","K","Y",NA,"W",2,7,NA,NA,NA,NA,NA,NA,NA,NA,NA,NA,NA,NA,NA,NA,NA,NA,2019,7,TRUE,FALSE,TRUE,"Summer adult",0.406716417910448,108.44722932104
"Common Tern","RIJZ",NA,"R","DD","25374","STEHIR",NA,7,264,116,2019-07-02,1899-12-31 22:00:00,"Atlit Salt-Pans",32.695,34.932,"Yosef Kiat",NA,NA,NA,"IJZ",NA,NA,NA,NA,"I","J","Z",NA,"R",2,7,NA,NA,NA,NA,NA,NA,NA,NA,NA,NA,NA,NA,NA,NA,NA,NA,2019,7,FALSE,TRUE,TRUE,"Summer adult",0.439393939393939,120.825446761295
"Common Tern","NTX+","+","R","DD","24221","STEHIR",NA,12,259,105,2019-07-03,1899-12-31 01:00:00,"Atlit Salt-Pans",32.695,34.932,"Yosef Kiat",NA,NA,NA,"TX+",NA,NA,NA,NA,"T","X","+",NA,"N",3,7,NA,NA,NA,NA,NA,"IA7",NA,NA,NA,NA,NA,NA,NA,NA,NA,NA,2019,7,FALSE,TRUE,TRUE,"Summer adult",0.405405405405405,115.932133106421
"Common Tern","YGA9",NA,NA,"DD","29658","STEHIR",NA,6,267,133,2019-07-03,1899-12-31 01:00:00,"Atlit Salt-Pans",32.695,34.932,"Yosef Kiat",NA,NA,NA,"GA9",NA,NA,NA,NA,"G","A","9",NA,"Y",3,7,NA,NA,NA,NA,NA,NA,NA,NA,NA,NA,NA,NA,NA,NA,NA,NA,2019,7,TRUE,FALSE,TRUE,"Summer adult",0.49812734082397,133.842093701922
"Common Tern","YGB0",NA,NA,"DD","29659","STEHIR",NA,6,262,118,2019-07-03,1899-12-31 01:00:00,"Atlit Salt-Pans",32.695,34.932,"Yosef Kiat",NA,NA,NA,"GB0",NA,NA,NA,NA,"G","B","0",NA,"Y",3,7,NA,NA,NA,NA,NA,NA,NA,NA,NA,NA,NA,NA,NA,NA,NA,NA,2019,7,TRUE,FALSE,TRUE,"Summer adult",0.450381679389313,125.791142496171
"Common Tern","YGB1",NA,NA,"DD","29660","STEHIR",NA,6,267,117,2019-07-03,1899-12-31 01:00:00,"Atlit Salt-Pans",32.695,34.932,"Yosef Kiat",NA,NA,NA,"GB1",NA,NA,NA,NA,"G","B","1",NA,"Y",3,7,NA,NA,NA,NA,NA,NA,NA,NA,NA,NA,NA,NA,NA,NA,NA,NA,2019,7,TRUE,FALSE,TRUE,"Summer adult",0.438202247191011,117.740789196427
"Common Tern","YGB2",NA,NA,"DD","29661","STEHIR",NA,6,263,103,2019-07-03,1899-12-31 01:00:00,"Atlit Salt-Pans",32.695,34.932,"Yosef Kiat",NA,NA,NA,"GB2",NA,NA,NA,NA,"G","B","2",NA,"Y",3,7,NA,NA,NA,NA,NA,NA,NA,NA,NA,NA,NA,NA,NA,NA,NA,NA,2019,7,TRUE,FALSE,TRUE,"Summer adult",0.391634980988593,108.533021088801
"Common Tern","YGB3",NA,NA,"DD","29662","STEHIR",NA,6,276,102,2019-07-03,1899-12-31 01:00:00,"Atlit Salt-Pans",32.695,34.932,"Yosef Kiat",NA,NA,NA,"GB3",NA,NA,NA,NA,"G","B","3",NA,"Y",3,7,NA,NA,NA,NA,NA,NA,NA,NA,NA,NA,NA,NA,NA,NA,NA,NA,2019,7,TRUE,FALSE,TRUE,"Summer adult",0.369565217391304,92.7793788104383
"Common Tern","YGB4",NA,NA,"DD","29663","STEHIR",NA,6,267,108,2019-07-03,1899-12-31 01:00:00,"Atlit Salt-Pans",32.695,34.932,"Yosef Kiat",NA,NA,NA,"GB4",NA,NA,NA,NA,"G","B","4",NA,"Y",3,7,NA,NA,NA,NA,NA,NA,NA,NA,NA,NA,NA,NA,NA,NA,NA,NA,2019,7,TRUE,FALSE,TRUE,"Summer adult",0.404494382022472,108.683805412087
"Common Tern","YGB5",NA,NA,"DD","29664","STEHIR",NA,6,269,126,2019-07-03,1899-12-31 01:00:00,"Atlit Salt-Pans",32.695,34.932,"Yosef Kiat",NA,NA,NA,"GB5",NA,NA,NA,NA,"G","B","5",NA,"Y",3,7,NA,NA,NA,NA,NA,NA,NA,NA,NA,NA,NA,NA,NA,NA,NA,NA,2019,7,TRUE,FALSE,TRUE,"Summer adult",0.468401486988848,123.945802220091
"Common Tern","YGB6",NA,NA,"DD","29665","STEHIR",NA,6,259,101,2019-07-03,1899-12-31 01:00:00,"Atlit Salt-Pans",32.695,34.932,"Yosef Kiat",NA,NA,NA,"GB6",NA,NA,NA,NA,"G","B","6",NA,"Y",3,7,NA,NA,NA,NA,NA,NA,NA,NA,NA,NA,NA,NA,NA,NA,NA,NA,2019,7,TRUE,FALSE,TRUE,"Summer adult",0.38996138996139,111.515670892843
"Common Tern","YGB7",NA,NA,"DD","29666","STEHIR",NA,6,265,107,2019-07-03,1899-12-31 01:00:00,"Atlit Salt-Pans",32.695,34.932,"Yosef Kiat",NA,NA,NA,"GB7",NA,NA,NA,NA,"G","B","7",NA,"Y",3,7,NA,NA,NA,NA,NA,NA,NA,NA,NA,NA,NA,NA,NA,NA,NA,NA,2019,7,TRUE,FALSE,TRUE,"Summer adult",0.40377358490566,110.17395666769
"Common Tern","YGB8",NA,NA,"DD","29667","STEHIR",NA,5,259,106,2019-07-03,1899-12-31 01:00:00,"Atlit Salt-Pans",32.695,34.932,"Yosef Kiat",NA,NA,NA,"GB8",NA,NA,NA,NA,"G","B","8",NA,"Y",3,7,NA,NA,NA,NA,NA,NA,NA,NA,NA,NA,NA,NA,NA,NA,NA,NA,2019,7,TRUE,FALSE,TRUE,"Summer adult",0.409266409266409,117.036248659815
"Common Tern","YGB9",NA,NA,"DD","29668","STEHIR",NA,6,266,102,2019-07-03,1899-12-31 01:00:00,"Atlit Salt-Pans",32.695,34.932,"Yosef Kiat",NA,NA,NA,"GB9",NA,NA,NA,NA,"G","B","9",NA,"Y",3,7,NA,NA,NA,NA,NA,NA,NA,NA,NA,NA,NA,NA,NA,NA,NA,NA,2019,7,TRUE,FALSE,TRUE,"Summer adult",0.383458646616541,103.826673806178
"Common Tern","YGC0",NA,NA,"DD","29669","STEHIR",NA,6,263,113,2019-07-03,1899-12-31 01:00:00,"Atlit Salt-Pans",32.695,34.932,"Yosef Kiat",NA,NA,NA,"GC0",NA,NA,NA,NA,"G","C","0",NA,"Y",3,7,NA,NA,NA,NA,NA,NA,NA,NA,NA,NA,NA,NA,NA,NA,NA,NA,2019,7,TRUE,FALSE,TRUE,"Summer adult",0.429657794676806,119.070207602276
"Common Tern","YGC2",NA,NA,"DD","29671","STEHIR",NA,6,268,126,2019-07-03,1899-12-31 01:00:00,"Atlit Salt-Pans",32.695,34.932,"Yosef Kiat",NA,NA,NA,"GC2",NA,NA,NA,NA,"G","C","2",NA,"Y",3,7,NA,NA,NA,NA,NA,NA,NA,NA,NA,NA,NA,NA,NA,NA,NA,NA,2019,7,TRUE,FALSE,TRUE,"Summer adult",0.470149253731343,125.361017380285
"Common Tern","YGC3",NA,NA,"DD","29672","STEHIR",NA,6,270,112,2019-07-03,1899-12-31 01:00:00,"Atlit Salt-Pans",32.695,34.932,"Yosef Kiat",NA,NA,NA,"GC3",NA,NA,NA,NA,"G","C","3",NA,"Y",3,7,NA,NA,NA,NA,NA,NA,NA,NA,NA,NA,NA,NA,NA,NA,NA,NA,2019,7,TRUE,FALSE,TRUE,"Summer adult",0.414814814814815,108.934867797694
"Common Tern","YGC4",NA,NA,"DD","29673","STEHIR",NA,6,258,100,2019-07-03,1899-12-31 02:30:00,"Atlit Salt-Pans",32.695,34.932,"Yosef Kiat",NA,NA,NA,"GC4",NA,NA,NA,NA,"G","C","4",NA,"Y",3,7,NA,NA,NA,NA,NA,NA,NA,NA,NA,NA,NA,NA,NA,NA,NA,NA,2019,7,TRUE,FALSE,TRUE,"Summer adult",0.387596899224806,111.721293600644
"Common Tern","NGK8",NA,"R","DD","27900","STEHIR",NA,8,265,110,2019-07-08,1899-12-31 20:45:00,"Atlit Salt-Pans",32.695,34.932,"Yosef Kiat",NA,NA,NA,"GK8",NA,NA,NA,NA,"G","K","8",NA,"N",8,7,NA,NA,NA,NA,NA,NA,NA,NA,NA,NA,NA,NA,NA,NA,NA,NA,2019,7,FALSE,TRUE,TRUE,"Summer adult",0.415094339622642,113.262946106971
"Common Tern","WIXA",NA,"R","DD","20391","STEHIR",NA,22,270,104,2019-07-08,1899-12-31 20:45:00,"Atlit Salt-Pans",32.695,34.932,"Yosef Kiat",NA,NA,NA,"IXA",NA,NA,NA,NA,"I","X","A",NA,"W",8,7,NA,NA,NA,NA,NA,NA,NA,NA,NA,NA,NA,NA,NA,NA,NA,NA,2019,7,FALSE,TRUE,TRUE,"Summer adult",0.385185185185185,101.153805812144
"Common Tern","YGF8",NA,NA,"DD","29697","STEHIR","M",6,263,127,2019-07-08,1899-12-31 21:30:00,"Atlit Salt-Pans",32.695,34.932,"Yosef Kiat",NA,NA,NA,"GF8",NA,NA,NA,NA,"G","F","8",NA,"Y",8,7,NA,NA,NA,NA,NA,NA,NA,NA,NA,NA,NA,NA,NA,NA,NA,NA,2019,7,TRUE,FALSE,TRUE,"Summer adult",0.482889733840304,133.822268721142
"Common Tern","YGF9",NA,NA,"DD","29698","STEHIR","M",6,265,115,2019-07-08,1899-12-31 21:30:00,"Atlit Salt-Pans",32.695,34.932,"Yosef Kiat",NA,NA,NA,"GF9",NA,NA,NA,NA,"G","F","9",NA,"Y",8,7,NA,NA,NA,NA,NA,NA,NA,NA,NA,NA,NA,NA,NA,NA,NA,NA,2019,7,TRUE,FALSE,TRUE,"Summer adult",0.433962264150943,118.411261839106
"Common Tern","YGG1",NA,NA,"DD","29700","STEHIR",NA,6,258,109,2019-07-08,1899-12-31 21:30:00,"Atlit Salt-Pans",32.695,34.932,"Yosef Kiat",NA,NA,NA,"GG1",NA,NA,NA,NA,"G","G","1",NA,"Y",8,7,NA,NA,NA,NA,NA,NA,NA,NA,NA,NA,NA,NA,NA,NA,NA,NA,2019,7,TRUE,FALSE,TRUE,"Summer adult",0.422480620155039,121.776210024702
"Common Tern","YGG5",NA,NA,"DD","29704","STEHIR",NA,6,270,124,2019-07-08,1899-12-31 21:30:00,"Atlit Salt-Pans",32.695,34.932,"Yosef Kiat",NA,NA,NA,"GG5",NA,NA,NA,NA,"G","G","5",NA,"Y",8,7,NA,NA,NA,NA,NA,NA,NA,NA,NA,NA,NA,NA,NA,NA,NA,NA,2019,7,TRUE,FALSE,TRUE,"Summer adult",0.459259259259259,120.606460776018
"Common Tern","YGG7",NA,NA,"DD","29706","STEHIR",NA,6,269,129,2019-07-08,1899-12-31 21:30:00,"Atlit Salt-Pans",32.695,34.932,"Yosef Kiat",NA,NA,NA,"GG7",NA,NA,NA,NA,"G","G","7",NA,"Y",8,7,NA,NA,NA,NA,NA,NA,NA,NA,NA,NA,NA,NA,NA,NA,NA,NA,2019,7,TRUE,FALSE,TRUE,"Summer adult",0.479553903345725,126.89689274914
"Common Tern","NIFZ",NA,"R","DD","25423","STEHIR",NA,7,264,112,2019-07-08,1899-12-31 21:30:00,"Atlit Salt-Pans",32.695,34.932,"Yosef Kiat",NA,NA,NA,"IFZ",NA,NA,NA,NA,"I","F","Z",NA,"N",8,7,NA,NA,NA,NA,NA,NA,NA,NA,NA,NA,NA,NA,NA,NA,NA,NA,2019,7,FALSE,TRUE,TRUE,"Summer adult",0.424242424242424,116.659052045388
"Common Tern","YGG9",NA,NA,"DD","29708","STEHIR","F",6,260,112,2019-07-08,1899-12-31 21:30:00,"Atlit Salt-Pans",32.695,34.932,"Yosef Kiat",NA,NA,NA,"GG9",NA,NA,NA,NA,"G","G","9",NA,"Y",8,7,NA,NA,NA,NA,NA,NA,NA,NA,NA,NA,NA,NA,NA,NA,NA,NA,2019,7,TRUE,FALSE,TRUE,"Summer adult",0.430769230769231,122.216785880161
"Common Tern","YGH5",NA,NA,"DD","29714","STEHIR",NA,6,269,108,2019-07-08,1899-12-31 23:00:00,"Atlit Salt-Pans",32.695,34.932,"Yosef Kiat",NA,NA,NA,"GH5",NA,NA,NA,NA,"G","H","5",NA,"Y",8,7,NA,NA,NA,NA,NA,NA,NA,NA,NA,NA,NA,NA,NA,NA,NA,NA,2019,7,TRUE,FALSE,TRUE,"Summer adult",0.401486988847584,106.239259045792
"Common Tern","YGH7",NA,NA,"DD","29716","STEHIR",NA,6,272,107,2019-07-08,1899-12-31 23:00:00,"Atlit Salt-Pans",32.695,34.932,"Yosef Kiat",NA,NA,NA,"GH7",NA,NA,NA,NA,"G","H","7",NA,"Y",8,7,NA,NA,NA,NA,NA,NA,NA,NA,NA,NA,NA,NA,NA,NA,NA,NA,2019,7,TRUE,FALSE,TRUE,"Summer adult",0.393382352941176,101.756517207682
"Common Tern","RIHR",NA,"R","DD","25288","STEHIR",NA,10,267,115,2019-07-15,1899-12-31 20:45:00,"Atlit Salt-Pans",32.695,34.932,"Yosef Kiat",NA,NA,NA,"IHR",NA,NA,NA,NA,"I","H","R",NA,"R",15,7,NA,NA,NA,NA,NA,NA,NA,NA,NA,NA,NA,NA,NA,NA,NA,NA,2019,7,FALSE,TRUE,TRUE,"Summer adult",0.430711610486891,115.728126133241
"Common Tern","WGNU",NA,"R","DD","29529","STEHIR",NA,6,268,104,2019-07-15,1899-12-31 20:45:00,"Atlit Salt-Pans",32.695,34.932,"Yosef Kiat",NA,NA,NA,"GNU",NA,NA,NA,NA,"G","N","U",NA,"W",15,7,NA,NA,NA,NA,NA,NA,NA,NA,NA,NA,NA,NA,NA,NA,NA,NA,2019,7,FALSE,TRUE,TRUE,"Summer adult",0.388059701492537,103.472585774203
"Common Tern","YGK9","+","R","DD","20041","STEHIR",NA,22,260,111,2019-07-15,1899-12-31 20:45:00,"Atlit Salt-Pans",32.695,34.932,"Yosef Kiat",NA,NA,NA,"GK9",NA,NA,NA,NA,"G","K","9",NA,"Y",15,7,NA,NA,NA,NA,NA,"I1V",NA,NA,NA,NA,NA,NA,NA,NA,NA,NA,2019,7,FALSE,TRUE,TRUE,"Summer adult",0.426923076923077,121.125564577659
"Common Tern","WITH",NA,"R","DD","20361","STEHIR",NA,19,274,119,2019-07-15,1899-12-31 20:45:00,"Atlit Salt-Pans",32.695,34.932,"Yosef Kiat",NA,NA,NA,"ITH",NA,NA,NA,NA,"I","T","H",NA,"W",15,7,NA,NA,NA,NA,NA,NA,NA,NA,NA,NA,NA,NA,NA,NA,NA,NA,2019,7,FALSE,TRUE,TRUE,"Summer adult",0.434306569343066,110.66914763648
"Common Tern","YGL3",NA,NA,"DD","29741","STEHIR",NA,6,262,108,2019-07-15,1899-12-31 20:45:00,"Atlit Salt-Pans",32.695,34.932,"Yosef Kiat",NA,NA,NA,"GL3",NA,NA,NA,NA,"G","L","3",NA,"Y",15,7,NA,NA,NA,NA,NA,NA,NA,NA,NA,NA,NA,NA,NA,NA,NA,NA,2019,7,TRUE,FALSE,TRUE,"Summer adult",0.412213740458015,115.130876182936
"Common Tern","YGM5",NA,NA,"DD","29753","STEHIR",NA,6,269,104,2019-07-15,1899-12-31 20:45:00,"Atlit Salt-Pans",32.695,34.932,"Yosef Kiat",NA,NA,NA,"GM5",NA,NA,NA,NA,"G","M","5",NA,"Y",15,7,NA,NA,NA,NA,NA,NA,NA,NA,NA,NA,NA,NA,NA,NA,NA,NA,2019,7,TRUE,FALSE,TRUE,"Summer adult",0.386617100371747,102.304471673726
"Common Tern","YGM7",NA,NA,"DD","29755","STEHIR","F",6,261,122,2019-07-15,1899-12-31 20:45:00,"Atlit Salt-Pans",32.695,34.932,"Yosef Kiat",NA,NA,NA,"GM7",NA,NA,NA,NA,"G","M","7",NA,"Y",15,7,NA,NA,NA,NA,NA,NA,NA,NA,NA,NA,NA,NA,NA,NA,NA,NA,2019,7,TRUE,FALSE,TRUE,"Summer adult",0.467432950191571,131.580204902373
"Common Tern","RI95",NA,"R","DD","25191","STEHIR",NA,10,262,106,2019-07-15,1899-12-31 21:30:00,"Atlit Salt-Pans",32.695,34.932,"Yosef Kiat",NA,NA,NA,"I95",NA,NA,NA,NA,"I","9","5",NA,"R",15,7,NA,NA,NA,NA,NA,NA,NA,NA,NA,NA,NA,NA,NA,NA,NA,NA,2019,7,FALSE,TRUE,TRUE,"Summer adult",0.404580152671756,112.998822920289
"Common Tern","YGN6",NA,NA,"DD","29764","STEHIR","M",6,271,108,2019-07-15,1899-12-31 21:30:00,"Atlit Salt-Pans",32.695,34.932,"Yosef Kiat",NA,NA,NA,"GN6",NA,NA,NA,NA,"G","N","6",NA,"Y",15,7,NA,NA,NA,NA,NA,NA,NA,NA,NA,NA,NA,NA,NA,NA,NA,NA,2019,7,TRUE,FALSE,TRUE,"Summer adult",0.398523985239852,103.867197626109
"Common Tern","YGN7",NA,NA,"DD","29765","STEHIR",NA,6,267,108,2019-07-15,1899-12-31 21:30:00,"Atlit Salt-Pans",32.695,34.932,"Yosef Kiat",NA,NA,NA,"GN7",NA,NA,NA,NA,"G","N","7",NA,"Y",15,7,NA,NA,NA,NA,NA,NA,NA,NA,NA,NA,NA,NA,NA,NA,NA,NA,2019,7,TRUE,FALSE,TRUE,"Summer adult",0.404494382022472,108.683805412087
"Common Tern","YGN9",NA,NA,"DD","29767","STEHIR",NA,6,269,127,2019-07-15,1899-12-31 21:30:00,"Atlit Salt-Pans",32.695,34.932,"Yosef Kiat",NA,NA,NA,"GN9",NA,NA,NA,NA,"G","N","9",NA,"Y",15,7,NA,NA,NA,NA,NA,NA,NA,NA,NA,NA,NA,NA,NA,NA,NA,NA,2019,7,TRUE,FALSE,TRUE,"Summer adult",0.472118959107807,124.929499063107
"Common Tern","YGP0",NA,NA,"DD","29768","STEHIR",NA,6,269,107,2019-07-15,1899-12-31 21:30:00,"Atlit Salt-Pans",32.695,34.932,"Yosef Kiat",NA,"Right tarsus is amputated",NA,"GP0",NA,NA,NA,NA,"G","P","0",NA,"Y",15,7,NA,NA,NA,NA,NA,NA,NA,NA,NA,NA,NA,NA,NA,NA,NA,NA,2019,7,TRUE,FALSE,TRUE,"Summer adult",0.397769516728625,105.255562202775
"Common Tern","YGP1",NA,NA,"DD","29769","STEHIR",NA,6,273,116,2019-07-15,1899-12-31 21:30:00,"Atlit Salt-Pans",32.695,34.932,"Yosef Kiat",NA,NA,NA,"GP1",NA,NA,NA,NA,"G","P","1",NA,"Y",15,7,NA,NA,NA,NA,NA,NA,NA,NA,NA,NA,NA,NA,NA,NA,NA,NA,2019,7,TRUE,FALSE,TRUE,"Summer adult",0.424908424908425,109.088290861466
"Common Tern","YGP2",NA,NA,"DD","29770","STEHIR",NA,6,268,121,2019-07-15,1899-12-31 21:30:00,"Atlit Salt-Pans",32.695,34.932,"Yosef Kiat",NA,NA,NA,"GP2",NA,NA,NA,NA,"G","P","2",NA,"Y",15,7,NA,NA,NA,NA,NA,NA,NA,NA,NA,NA,NA,NA,NA,NA,NA,NA,2019,7,TRUE,FALSE,TRUE,"Summer adult",0.451492537313433,120.386373833448
"Common Tern","YGP3",NA,NA,"DD","29771","STEHIR",NA,6,265,105,2019-07-15,1899-12-31 21:30:00,"Atlit Salt-Pans",32.695,34.932,"Yosef Kiat",NA,NA,NA,"GP3",NA,NA,NA,NA,"G","P","3",NA,"Y",15,7,NA,NA,NA,NA,NA,NA,NA,NA,NA,NA,NA,NA,NA,NA,NA,NA,2019,7,TRUE,FALSE,TRUE,"Summer adult",0.39622641509434,108.114630374836
"Common Tern","YGP4",NA,NA,"DD","29772","STEHIR",NA,6,262,112,2019-07-15,1899-12-31 21:30:00,"Atlit Salt-Pans",32.695,34.932,"Yosef Kiat",NA,NA,NA,"GP4",NA,NA,NA,NA,"G","P","4",NA,"Y",15,7,NA,NA,NA,NA,NA,NA,NA,NA,NA,NA,NA,NA,NA,NA,NA,NA,2019,7,TRUE,FALSE,TRUE,"Summer adult",0.427480916030534,119.39498270823
"Common Tern","NIGN",NA,"R","DD","25435","STEHIR",NA,10,264,101,2019-07-15,1899-12-31 21:30:00,"Atlit Salt-Pans",32.695,34.932,"Yosef Kiat",NA,NA,NA,"IGN",NA,NA,NA,NA,"I","G","N",NA,"N",15,7,NA,NA,NA,NA,NA,NA,NA,NA,NA,NA,NA,NA,NA,NA,NA,NA,2019,7,FALSE,TRUE,TRUE,"Summer adult",0.382575757575758,105.201466576645
"Common Tern","WGTZ",NA,"R","DD","29642","STEHIR",NA,6,270,101,2019-07-15,1899-12-31 23:00:00,"Atlit Salt-Pans",32.695,34.932,"Yosef Kiat",NA,NA,NA,"GTZ",NA,NA,NA,NA,"G","T","Z",NA,"W",15,7,NA,NA,NA,NA,NA,NA,NA,NA,NA,NA,NA,NA,NA,NA,NA,NA,2019,7,FALSE,TRUE,TRUE,"Summer adult",0.374074074074074,98.2359075675629
"Common Tern","YGP9",NA,NA,"DD","29777","STEHIR",NA,6,266,119,2019-07-15,1899-12-31 23:00:00,"Atlit Salt-Pans",32.695,34.932,"Yosef Kiat",NA,NA,NA,"GP9",NA,NA,NA,NA,"G","P","9",NA,"Y",15,7,NA,NA,NA,NA,NA,NA,NA,NA,NA,NA,NA,NA,NA,NA,NA,NA,2019,7,TRUE,FALSE,TRUE,"Summer adult",0.447368421052632,121.131119440541
"Common Tern","YGR3",NA,NA,"DD","29781","STEHIR","M",6,274,119,2019-07-15,1899-12-31 23:00:00,"Atlit Salt-Pans",32.695,34.932,"Yosef Kiat",NA,NA,NA,"GR3",NA,NA,NA,NA,"G","R","3",NA,"Y",15,7,NA,NA,NA,NA,NA,NA,NA,NA,NA,NA,NA,NA,NA,NA,NA,NA,2019,7,TRUE,FALSE,TRUE,"Summer adult",0.434306569343066,110.66914763648
"Common Tern","YGR6",NA,NA,"DD","29784","STEHIR",NA,6,257,115,2019-07-15,1899-12-31 23:00:00,"Atlit Salt-Pans",32.695,34.932,"Yosef Kiat",NA,NA,NA,"GR6",NA,NA,NA,NA,"G","R","6",NA,"Y",15,7,NA,NA,NA,NA,NA,NA,NA,NA,NA,NA,NA,NA,NA,NA,NA,NA,2019,7,TRUE,FALSE,TRUE,"Summer adult",0.447470817120623,130.009507491208
"Common Tern","YGR7",NA,NA,"DD","29785","STEHIR",NA,6,263,113,2019-07-15,1899-12-31 23:00:00,"Atlit Salt-Pans",32.695,34.932,"Yosef Kiat",NA,NA,NA,"GR7",NA,NA,NA,NA,"G","R","7",NA,"Y",15,7,NA,NA,NA,NA,NA,NA,NA,NA,NA,NA,NA,NA,NA,NA,NA,NA,2019,7,TRUE,FALSE,TRUE,"Summer adult",0.429657794676806,119.070207602276
"Common Tern","YGS4",NA,NA,"DD","29792","STEHIR",NA,6,265,125,2019-07-16,1899-12-31,"Atlit Salt-Pans",32.695,34.932,"Yosef Kiat",NA,NA,NA,"GS4",NA,NA,NA,NA,"G","S","4",NA,"Y",16,7,NA,NA,NA,NA,NA,NA,NA,NA,NA,NA,NA,NA,NA,NA,NA,NA,2019,7,TRUE,FALSE,TRUE,"Summer adult",0.471698113207547,128.707893303376
"Common Tern","YGS5",NA,NA,"DD","29793","STEHIR",NA,6,280,106,2019-07-16,1899-12-31,"Atlit Salt-Pans",32.695,34.932,"Yosef Kiat",NA,NA,NA,"GS5",NA,NA,NA,NA,"G","S","5",NA,"Y",16,7,NA,NA,NA,NA,NA,NA,NA,NA,NA,NA,NA,NA,NA,NA,NA,NA,2019,7,TRUE,FALSE,TRUE,"Summer adult",0.378571428571429,92.2801059846346
"Common Tern","YGS8",NA,NA,"DD","29796","STEHIR",NA,6,266,130,2019-07-16,1899-12-31,"Atlit Salt-Pans",32.695,34.932,"Yosef Kiat",NA,NA,NA,"GS8",NA,NA,NA,NA,"G","S","8",NA,"Y",16,7,NA,NA,NA,NA,NA,NA,NA,NA,NA,NA,NA,NA,NA,NA,NA,NA,2019,7,TRUE,FALSE,TRUE,"Summer adult",0.488721804511278,132.32811367454
"Common Tern","YGS9",NA,NA,"DD","29797","STEHIR",NA,6,267,114,2019-07-16,1899-12-31,"Atlit Salt-Pans",32.695,34.932,"Yosef Kiat",NA,NA,NA,"GS9",NA,NA,NA,NA,"G","S","9",NA,"Y",16,7,NA,NA,NA,NA,NA,NA,NA,NA,NA,NA,NA,NA,NA,NA,NA,NA,2019,7,TRUE,FALSE,TRUE,"Summer adult",0.426966292134831,114.721794601647
"Common Tern","YGT1",NA,NA,"DD","29799","STEHIR",NA,6,273,126,2019-07-16,1899-12-31,"Atlit Salt-Pans",32.695,34.932,"Yosef Kiat",NA,NA,NA,"GT1",NA,NA,NA,NA,"G","T","1",NA,"Y",16,7,NA,NA,NA,NA,NA,NA,NA,NA,NA,NA,NA,NA,NA,NA,NA,NA,2019,7,TRUE,FALSE,TRUE,"Summer adult",0.461538461538462,118.492453866765
"Common Tern","YGT3",NA,NA,"DD","29801","STEHIR",NA,6,268,120,2019-07-16,1899-12-31,"Atlit Salt-Pans",32.695,34.932,"Yosef Kiat",NA,NA,NA,"GT3",NA,NA,NA,NA,"G","T","3",NA,"Y",16,7,NA,NA,NA,NA,NA,NA,NA,NA,NA,NA,NA,NA,NA,NA,NA,NA,2019,7,TRUE,FALSE,TRUE,"Summer adult",0.447761194029851,119.391445124081
"Common Tern","YGV3",NA,NA,"DD","29822","STEHIR",NA,6,264,104,2019-07-21,1899-12-31 20:45:00,"Atlit Salt-Pans",32.695,34.932,"Yosef Kiat",NA,NA,NA,"GV3",NA,NA,NA,NA,"G","V","3",NA,"Y",21,7,NA,NA,NA,NA,NA,NA,NA,NA,NA,NA,NA,NA,NA,NA,NA,NA,2019,7,TRUE,FALSE,TRUE,"Summer adult",0.393939393939394,108.326262613575
"Common Tern","YGV4",NA,NA,"DD","29823","STEHIR",NA,6,276,126,2019-07-21,1899-12-31 20:45:00,"Atlit Salt-Pans",32.695,34.932,"Yosef Kiat",NA,NA,NA,"GV4",NA,NA,NA,NA,"G","V","4",NA,"Y",21,7,NA,NA,NA,NA,NA,NA,NA,NA,NA,NA,NA,NA,NA,NA,NA,NA,2019,7,TRUE,FALSE,TRUE,"Summer adult",0.456521739130435,114.609820883483
"Common Tern","YGV5",NA,NA,"DD","29824","STEHIR",NA,6,253,101,2019-07-21,1899-12-31 20:45:00,"Atlit Salt-Pans",32.695,34.932,"Yosef Kiat",NA,NA,NA,"GV5",NA,NA,NA,NA,"G","V","5",NA,"Y",21,7,NA,NA,NA,NA,NA,NA,NA,NA,NA,NA,NA,NA,NA,NA,NA,NA,2019,7,TRUE,FALSE,TRUE,"Summer adult",0.399209486166008,119.774932480181
"Common Tern","WGFS",NA,"R","DD","29478","STEHIR",NA,6,263,102,2019-07-21,1899-12-31 20:45:00,"Atlit Salt-Pans",32.695,34.932,"Yosef Kiat",NA,NA,NA,"GFS",NA,NA,NA,NA,"G","F","S",NA,"W",21,7,NA,NA,NA,NA,NA,NA,NA,NA,NA,NA,NA,NA,NA,NA,NA,NA,2019,7,FALSE,TRUE,TRUE,"Summer adult",0.387832699619772,107.479302437453
"Common Tern","YGV7",NA,NA,"DD","29826","STEHIR",NA,6,263,115,2019-07-21,1899-12-31 20:45:00,"Atlit Salt-Pans",32.695,34.932,"Yosef Kiat",NA,NA,NA,"GV7",NA,NA,NA,NA,"G","V","7",NA,"Y",21,7,NA,NA,NA,NA,NA,NA,NA,NA,NA,NA,NA,NA,NA,NA,NA,NA,2019,7,TRUE,FALSE,TRUE,"Summer adult",0.437262357414449,121.177644904971
"Common Tern","YGV8",NA,NA,"DD","29827","STEHIR","F",6,285,124,2019-07-21,1899-12-31 20:45:00,"Atlit Salt-Pans",32.695,34.932,"Yosef Kiat",NA,NA,NA,"GV8",NA,NA,NA,NA,"G","V","8",NA,"Y",21,7,NA,NA,NA,NA,NA,NA,NA,NA,NA,NA,NA,NA,NA,NA,NA,NA,2019,7,TRUE,FALSE,TRUE,"Summer adult",0.435087719298246,102.280220609436
"Common Tern","YGW1",NA,NA,"DD","29830","STEHIR",NA,6,268,103,2019-07-21,1899-12-31 20:45:00,"Atlit Salt-Pans",32.695,34.932,"Yosef Kiat",NA,NA,NA,"GW1",NA,NA,NA,NA,"G","W","1",NA,"Y",21,7,NA,NA,NA,NA,NA,NA,NA,NA,NA,NA,NA,NA,NA,NA,NA,NA,2019,7,TRUE,FALSE,TRUE,"Summer adult",0.384328358208955,102.477657064836
"Common Tern","YGW2",NA,NA,"DD","29831","STEHIR",NA,6,262,115,2019-07-21,1899-12-31 20:45:00,"Atlit Salt-Pans",32.695,34.932,"Yosef Kiat",NA,NA,NA,"GW2",NA,NA,NA,NA,"G","W","2",NA,"Y",21,7,NA,NA,NA,NA,NA,NA,NA,NA,NA,NA,NA,NA,NA,NA,NA,NA,2019,7,TRUE,FALSE,TRUE,"Summer adult",0.438931297709924,122.593062602201
"Common Tern","GIG1",NA,"R","DD","22638","STEHIR",NA,14,269,115,2019-07-21,1899-12-31 22:30:00,"Atlit Salt-Pans",32.695,34.932,"Yosef Kiat",NA,NA,NA,"IG1",NA,NA,NA,NA,"I","G","1",NA,"G",21,7,NA,NA,NA,NA,NA,NA,NA,NA,NA,NA,NA,NA,NA,NA,NA,NA,2019,7,FALSE,TRUE,TRUE,"Summer adult",0.427509293680297,113.125136946908
"Common Tern","YGAM",NA,NA,"DD","29878","STEHIR",NA,6,274,111,2019-07-21,1899-12-31 22:30:00,"Atlit Salt-Pans",32.695,34.932,"Yosef Kiat",NA,NA,NA,"GAM",NA,NA,NA,NA,"G","A","M",NA,"Y",21,7,NA,NA,NA,NA,NA,NA,NA,NA,NA,NA,NA,NA,NA,NA,NA,NA,2019,7,TRUE,FALSE,TRUE,"Summer adult",0.405109489051095,103.22920493823
"Common Tern","YGAN",NA,NA,"DD","29879","STEHIR",NA,6,278,107,2019-07-21,1899-12-31 22:30:00,"Atlit Salt-Pans",32.695,34.932,"Yosef Kiat",NA,NA,NA,"GAN",NA,NA,NA,NA,"G","A","N",NA,"Y",21,7,NA,NA,NA,NA,NA,NA,NA,NA,NA,NA,NA,NA,NA,NA,NA,NA,2019,7,TRUE,FALSE,TRUE,"Summer adult",0.384892086330935,95.2086200383439
"Common Tern","YGAT",NA,NA,"DD","29883","STEHIR",NA,6,268,109,2019-07-21,1899-12-31 23:30:00,"Atlit Salt-Pans",32.695,34.932,"Yosef Kiat",NA,NA,NA,"GAT",NA,NA,NA,NA,"G","A","T",NA,"Y",21,7,NA,NA,NA,NA,NA,NA,NA,NA,NA,NA,NA,NA,NA,NA,NA,NA,2019,7,TRUE,FALSE,TRUE,"Summer adult",0.406716417910448,108.44722932104
"Common Tern","RG65",NA,NA,"DD","30721","STEHIR",NA,6,270,135,2020-06-25,1899-12-31 20:30:00,"Atlit Salt-Pans",32.695,34.932,"Yosef Kiat",NA,NA,NA,"G65",NA,NA,NA,NA,"G","6","5",NA,"R",25,6,NA,NA,NA,NA,NA,NA,NA,NA,NA,NA,NA,NA,NA,NA,NA,NA,2020,6,TRUE,FALSE,TRUE,"Summer adult",0.5,131.305421006148
"Common Tern","NGYY",NA,"R","DD","28612","STEHIR",NA,8,266,117,2020-06-25,1899-12-31 20:30:00,"Atlit Salt-Pans",32.695,34.932,"Yosef Kiat",NA,NA,NA,"GYY",NA,NA,NA,NA,"G","Y","Y",NA,"N",25,6,NA,NA,NA,NA,NA,NA,NA,NA,NA,NA,NA,NA,NA,NA,NA,NA,2020,6,FALSE,TRUE,TRUE,"Summer adult",0.43984962406015,119.095302307086
"Common Tern","RG66",NA,NA,"DD","30722","STEHIR",NA,6,264,127,2020-06-25,1899-12-31 20:30:00,"Atlit Salt-Pans",32.695,34.932,"Yosef Kiat",NA,NA,NA,"G66",NA,NA,NA,NA,"G","6","6",NA,"R",25,6,NA,NA,NA,NA,NA,NA,NA,NA,NA,NA,NA,NA,NA,NA,NA,NA,2020,6,TRUE,FALSE,TRUE,"Summer adult",0.481060606060606,132.283032230039
"Common Tern","RIEG",NA,"R","DD","25280","STEHIR",NA,12,268,103,2020-06-25,1899-12-31 20:30:00,"Atlit Salt-Pans",32.695,34.932,"Yosef Kiat",NA,NA,NA,"IEG",NA,NA,NA,NA,"I","E","G",NA,"R",25,6,NA,NA,NA,NA,NA,NA,NA,NA,NA,NA,NA,NA,NA,NA,NA,NA,2020,6,FALSE,TRUE,TRUE,"Summer adult",0.384328358208955,102.477657064836
"Common Tern","RG67",NA,NA,"DD","30723","STEHIR",NA,6,260,105,2020-06-25,1899-12-31 20:30:00,"Atlit Salt-Pans",32.695,34.932,"Yosef Kiat",NA,NA,NA,"G67",NA,NA,NA,NA,"G","6","7",NA,"R",25,6,NA,NA,NA,NA,NA,NA,NA,NA,NA,NA,NA,NA,NA,NA,NA,NA,2020,6,TRUE,FALSE,TRUE,"Summer adult",0.403846153846154,114.578236762651
"Common Tern","RG68",NA,NA,"DD","30724","STEHIR","M",6,269,113,2020-06-25,1899-12-31 20:30:00,"Atlit Salt-Pans",32.695,34.932,"Yosef Kiat",NA,NA,NA,"G68",NA,NA,NA,NA,"G","6","8",NA,"R",25,6,NA,NA,NA,NA,NA,NA,NA,NA,NA,NA,NA,NA,NA,NA,NA,NA,2020,6,TRUE,FALSE,TRUE,"Summer adult",0.420074349442379,111.157743260875
"Common Tern","RG69",NA,NA,"DD","30725","STEHIR",NA,6,268,113,2020-06-25,1899-12-31 20:30:00,"Atlit Salt-Pans",32.695,34.932,"Yosef Kiat",NA,NA,NA,"G69",NA,NA,NA,NA,"G","6","9",NA,"R",25,6,NA,NA,NA,NA,NA,NA,NA,NA,NA,NA,NA,NA,NA,NA,NA,NA,2020,6,TRUE,FALSE,TRUE,"Summer adult",0.421641791044776,112.426944158509
"Common Tern","RICR",NA,"R","DD","25276","STEHIR",NA,12,262,122,2020-06-25,1899-12-31 20:30:00,"Atlit Salt-Pans",32.695,34.932,"Yosef Kiat",NA,NA,NA,"ICR",NA,NA,NA,NA,"I","C","R",NA,"R",25,6,NA,NA,NA,NA,NA,NA,NA,NA,NA,NA,NA,NA,NA,NA,NA,NA,2020,6,FALSE,TRUE,TRUE,"Summer adult",0.465648854961832,130.055249021465
"Common Tern","YGLF",NA,"R","DD","30068","STEHIR",NA,8,282,111,2020-06-25,1899-12-31 20:30:00,"Atlit Salt-Pans",32.695,34.932,"Yosef Kiat",NA,NA,NA,"GLF",NA,NA,NA,NA,"G","L","F",NA,"Y",25,6,NA,NA,NA,NA,NA,NA,NA,NA,NA,NA,NA,NA,NA,NA,NA,NA,2020,6,FALSE,TRUE,TRUE,"Summer adult",0.393617021276596,94.5589131266636
"Common Tern","NG3X",NA,"R","DD","28022","STEHIR",NA,7,255,108,2020-06-25,1899-12-31 20:30:00,"Atlit Salt-Pans",32.695,34.932,"Yosef Kiat",NA,NA,NA,"G3X",NA,NA,NA,NA,"G","3","X",NA,"N",25,6,NA,NA,NA,NA,NA,NA,NA,NA,NA,NA,NA,NA,NA,NA,NA,NA,2020,6,FALSE,TRUE,TRUE,"Summer adult",0.423529411764706,125.038556605618
"Common Tern","RG70",NA,NA,"DD","30726","STEHIR",NA,6,253,122,2020-06-25,1899-12-31 20:30:00,"Atlit Salt-Pans",32.695,34.932,"Yosef Kiat",NA,NA,NA,"G70",NA,NA,NA,NA,"G","7","0",NA,"R",25,6,NA,NA,NA,NA,NA,NA,NA,NA,NA,NA,NA,NA,NA,NA,NA,NA,2020,6,TRUE,FALSE,TRUE,"Summer adult",0.482213438735178,144.678631312694
"Common Tern","RG71",NA,NA,"DD","30727","STEHIR",NA,6,273,111,2020-06-25,1899-12-31 20:30:00,"Atlit Salt-Pans",32.695,34.932,"Yosef Kiat",NA,NA,NA,"G71",NA,NA,NA,NA,"G","7","1",NA,"R",25,6,NA,NA,NA,NA,NA,NA,NA,NA,NA,NA,NA,NA,NA,NA,NA,NA,2020,6,TRUE,FALSE,TRUE,"Summer adult",0.406593406593407,104.386209358816
"Common Tern","RG72",NA,NA,"DD","30728","STEHIR",NA,6,274,105,2020-06-25,1899-12-31 20:30:00,"Atlit Salt-Pans",32.695,34.932,"Yosef Kiat",NA,NA,NA,"G72",NA,NA,NA,NA,"G","7","2",NA,"R",25,6,NA,NA,NA,NA,NA,NA,NA,NA,NA,NA,NA,NA,NA,NA,NA,NA,2020,6,TRUE,FALSE,TRUE,"Summer adult",0.383211678832117,97.6492479145415
"Common Tern","NGPH",NA,"R","DD","28191","STEHIR",NA,7,278,117,2020-06-25,1899-12-31 20:30:00,"Atlit Salt-Pans",32.695,34.932,"Yosef Kiat",NA,NA,NA,"GPH",NA,NA,NA,NA,"G","P","H",NA,"N",25,6,NA,NA,NA,NA,NA,NA,NA,NA,NA,NA,NA,NA,NA,NA,NA,NA,2020,6,FALSE,TRUE,TRUE,"Summer adult",0.420863309352518,104.106621911086
"Common Tern","RG73",NA,NA,"DD","30729","STEHIR",NA,6,267,119,2020-06-25,1899-12-31 20:30:00,"Atlit Salt-Pans",32.695,34.932,"Yosef Kiat",NA,NA,NA,"G73",NA,NA,NA,NA,"G","7","3",NA,"R",25,6,NA,NA,NA,NA,NA,NA,NA,NA,NA,NA,NA,NA,NA,NA,NA,NA,2020,6,TRUE,FALSE,TRUE,"Summer adult",0.445692883895131,119.753452259614
"Common Tern","RG74",NA,NA,"DD","30730","STEHIR",NA,6,262,110,2020-06-25,1899-12-31 20:30:00,"Atlit Salt-Pans",32.695,34.932,"Yosef Kiat",NA,NA,NA,"G74",NA,NA,NA,NA,"G","7","4",NA,"R",25,6,NA,NA,NA,NA,NA,NA,NA,NA,NA,NA,NA,NA,NA,NA,NA,NA,2020,6,TRUE,FALSE,TRUE,"Summer adult",0.419847328244275,117.262929445583
"Common Tern","RG75",NA,NA,"DD","30731","STEHIR","M",6,275,107,2020-06-25,1899-12-31 20:30:00,"Atlit Salt-Pans",32.695,34.932,"Yosef Kiat",NA,NA,NA,"G75",NA,NA,NA,NA,"G","7","5",NA,"R",25,6,NA,NA,NA,NA,NA,NA,NA,NA,NA,NA,NA,NA,NA,NA,NA,NA,2020,6,TRUE,FALSE,TRUE,"Summer adult",0.389090909090909,98.4102807594172
"Common Tern","RG76",NA,NA,"DD","30732","STEHIR","M",6,270,109,2020-06-25,1899-12-31 20:30:00,"Atlit Salt-Pans",32.695,34.932,"Yosef Kiat",NA,NA,NA,"G76",NA,NA,NA,NA,"G","7","6",NA,"R",25,6,NA,NA,NA,NA,NA,NA,NA,NA,NA,NA,NA,NA,NA,NA,NA,NA,2020,6,TRUE,FALSE,TRUE,"Summer adult",0.403703703703704,106.016969553112
"Common Tern","RG77",NA,NA,"DD","30733","STEHIR",NA,6,263,106,2020-06-25,1899-12-31 20:30:00,"Atlit Salt-Pans",32.695,34.932,"Yosef Kiat",NA,NA,NA,"G77",NA,NA,NA,NA,"G","7","7",NA,"R",25,6,NA,NA,NA,NA,NA,NA,NA,NA,NA,NA,NA,NA,NA,NA,NA,NA,2020,6,TRUE,FALSE,TRUE,"Summer adult",0.403041825095057,111.694177042843
"Common Tern","RG78",NA,NA,"DD","30734","STEHIR",NA,6,252,116,2020-06-25,1899-12-31 20:30:00,"Atlit Salt-Pans",32.695,34.932,"Yosef Kiat",NA,NA,NA,"G78",NA,NA,NA,NA,"G","7","8",NA,"R",25,6,NA,NA,NA,NA,NA,NA,NA,NA,NA,NA,NA,NA,NA,NA,NA,NA,2020,6,TRUE,FALSE,TRUE,"Summer adult",0.46031746031746,139.234120456788
"Common Tern","RG79",NA,NA,"DD","30735","STEHIR",NA,6,276,103,2020-06-25,1899-12-31 20:30:00,"Atlit Salt-Pans",32.695,34.932,"Yosef Kiat",NA,NA,NA,"G79",NA,NA,NA,NA,"G","7","9",NA,"R",25,6,NA,NA,NA,NA,NA,NA,NA,NA,NA,NA,NA,NA,NA,NA,NA,NA,2020,6,TRUE,FALSE,TRUE,"Summer adult",0.373188405797101,93.6889805634818
"Common Tern","RG80",NA,NA,"DD","30736","STEHIR",NA,6,268,115,2020-06-25,1899-12-31 20:30:00,"Atlit Salt-Pans",32.695,34.932,"Yosef Kiat",NA,NA,NA,"G80",NA,NA,NA,NA,"G","8","0",NA,"R",25,6,NA,NA,NA,NA,NA,NA,NA,NA,NA,NA,NA,NA,NA,NA,NA,NA,2020,6,TRUE,FALSE,TRUE,"Summer adult",0.42910447761194,114.416801577244
"Common Tern","RG81","+","R","DD","22783","STEHIR",NA,16,259,93,2020-06-25,1899-12-31 20:30:00,"Atlit Salt-Pans",32.695,34.932,"Yosef Kiat",NA,"Hole in the webbed feet",NA,"G81",NA,NA,NA,NA,"G","8","1",NA,"R",25,6,NA,NA,NA,NA,NA,"IWG",NA,NA,NA,NA,NA,NA,NA,NA,NA,NA,2020,6,FALSE,TRUE,TRUE,"Summer adult",0.359073359073359,102.682746465687
"Common Tern","RG82",NA,NA,"DD","30737","STEHIR",NA,6,271,135,2020-06-25,1899-12-31 20:30:00,"Atlit Salt-Pans",32.695,34.932,"Yosef Kiat",NA,NA,NA,"G82",NA,NA,NA,NA,"G","8","2",NA,"R",25,6,NA,NA,NA,NA,NA,NA,NA,NA,NA,NA,NA,NA,NA,NA,NA,NA,2020,6,TRUE,FALSE,TRUE,"Summer adult",0.498154981549816,129.833997032637
"Common Tern","RG83",NA,NA,"DD","30738","STEHIR",NA,6,265,107,2020-06-25,1899-12-31 20:30:00,"Atlit Salt-Pans",32.695,34.932,"Yosef Kiat",NA,NA,NA,"G83",NA,NA,NA,NA,"G","8","3",NA,"R",25,6,NA,NA,NA,NA,NA,NA,NA,NA,NA,NA,NA,NA,NA,NA,NA,NA,2020,6,TRUE,FALSE,TRUE,"Summer adult",0.40377358490566,110.17395666769
"Common Tern","RG84",NA,NA,"DD","30739","STEHIR",NA,6,263,119,2020-06-25,1899-12-31 20:30:00,"Atlit Salt-Pans",32.695,34.932,"Yosef Kiat",NA,NA,NA,"G84",NA,NA,NA,NA,"G","8","4",NA,"R",25,6,NA,NA,NA,NA,NA,NA,NA,NA,NA,NA,NA,NA,NA,NA,NA,NA,2020,6,TRUE,FALSE,TRUE,"Summer adult",0.452471482889734,125.392519510362
"Common Tern","RG85",NA,NA,"DD","30740","STEHIR",NA,6,269,106,2020-06-25,1899-12-31 20:30:00,"Atlit Salt-Pans",32.695,34.932,"Yosef Kiat",NA,NA,NA,"G85",NA,NA,NA,NA,"G","8","5",NA,"R",25,6,NA,NA,NA,NA,NA,NA,NA,NA,NA,NA,NA,NA,NA,NA,NA,NA,2020,6,TRUE,FALSE,TRUE,"Summer adult",0.394052044609665,104.271865359759
"Common Tern","RG86",NA,NA,"DD","30741","STEHIR",NA,6,263,113,2020-06-25,1899-12-31 20:30:00,"Atlit Salt-Pans",32.695,34.932,"Yosef Kiat",NA,NA,NA,"G86",NA,NA,NA,NA,"G","8","6",NA,"R",25,6,NA,NA,NA,NA,NA,NA,NA,NA,NA,NA,NA,NA,NA,NA,NA,NA,2020,6,TRUE,FALSE,TRUE,"Summer adult",0.429657794676806,119.070207602276
"Common Tern","RG88",NA,NA,"DD","30742","STEHIR",NA,6,277,118,2020-06-25,1899-12-31 20:30:00,"Atlit Salt-Pans",32.695,34.932,"Yosef Kiat",NA,NA,NA,"G88",NA,NA,NA,NA,"G","8","8",NA,"R",25,6,NA,NA,NA,NA,NA,NA,NA,NA,NA,NA,NA,NA,NA,NA,NA,NA,2020,6,TRUE,FALSE,TRUE,"Summer adult",0.425992779783394,106.156177259994
"Common Tern","RG87",NA,NA,"DD","30743","STEHIR",NA,6,274,131,2020-06-25,1899-12-31 20:30:00,"Atlit Salt-Pans",32.695,34.932,"Yosef Kiat",NA,NA,NA,"G87",NA,NA,NA,NA,"G","8","7",NA,"R",25,6,NA,NA,NA,NA,NA,NA,NA,NA,NA,NA,NA,NA,NA,NA,NA,NA,2020,6,TRUE,FALSE,TRUE,"Summer adult",0.478102189781022,121.829061683857
"Common Tern","YGKM",NA,"R","DD","30052","STEHIR",NA,8,255,104,2020-06-25,1899-12-31 20:30:00,"Atlit Salt-Pans",32.695,34.932,"Yosef Kiat",NA,NA,NA,"GKM",NA,NA,NA,NA,"G","K","M",NA,"Y",25,6,NA,NA,NA,NA,NA,NA,NA,NA,NA,NA,NA,NA,NA,NA,NA,NA,2020,6,FALSE,TRUE,TRUE,"Summer adult",0.407843137254902,120.407498953558
"Common Tern","RG89",NA,NA,"DD","30744","STEHIR",NA,6,264,125,2020-06-25,1899-12-31 20:30:00,"Atlit Salt-Pans",32.695,34.932,"Yosef Kiat",NA,NA,NA,"G89",NA,NA,NA,NA,"G","8","9",NA,"R",25,6,NA,NA,NA,NA,NA,NA,NA,NA,NA,NA,NA,NA,NA,NA,NA,NA,2020,6,TRUE,FALSE,TRUE,"Summer adult",0.473484848484849,130.199834872085
"Common Tern","RG90",NA,NA,"DD","30745","STEHIR",NA,6,272,124,2020-06-25,1899-12-31 20:30:00,"Atlit Salt-Pans",32.695,34.932,"Yosef Kiat",NA,NA,NA,"G90",NA,NA,NA,NA,"G","9","0",NA,"R",25,6,NA,NA,NA,NA,NA,NA,NA,NA,NA,NA,NA,NA,NA,NA,NA,NA,2020,6,TRUE,FALSE,TRUE,"Summer adult",0.455882352941176,117.923440502361
"Common Tern","NGVH",NA,"R","DD","28196","STEHIR",NA,7,268,120,2020-06-25,1899-12-31 21:00:00,"Atlit Salt-Pans",32.695,34.932,"Yosef Kiat",NA,"Hole in the webbed feet",NA,"GVH",NA,NA,NA,NA,"G","V","H",NA,"N",25,6,NA,NA,NA,NA,NA,NA,NA,NA,NA,NA,NA,NA,NA,NA,NA,NA,2020,6,FALSE,TRUE,TRUE,"Summer adult",0.447761194029851,119.391445124081
"Common Tern","RG98",NA,NA,"DD","30753","STEHIR","F",6,265,107,2020-06-25,1899-12-31 21:00:00,"Atlit Salt-Pans",32.695,34.932,"Yosef Kiat",NA,NA,NA,"G98",NA,NA,NA,NA,"G","9","8",NA,"R",25,6,NA,NA,NA,NA,NA,NA,NA,NA,NA,NA,NA,NA,NA,NA,NA,NA,2020,6,TRUE,FALSE,TRUE,"Summer adult",0.40377358490566,110.17395666769
"Common Tern","RG99",NA,NA,"DD","30754","STEHIR",NA,6,267,119,2020-06-25,1899-12-31 21:00:00,"Atlit Salt-Pans",32.695,34.932,"Yosef Kiat",NA,NA,NA,"G99",NA,NA,NA,NA,"G","9","9",NA,"R",25,6,NA,NA,NA,NA,NA,NA,NA,NA,NA,NA,NA,NA,NA,NA,NA,NA,2020,6,TRUE,FALSE,TRUE,"Summer adult",0.445692883895131,119.753452259614
"Common Tern","RINM",NA,"R","DD","25310","STEHIR",NA,12,256,107,2020-06-25,1899-12-31 21:00:00,"Atlit Salt-Pans",32.695,34.932,"Yosef Kiat",NA,NA,NA,"INM",NA,NA,NA,NA,"I","N","M",NA,"R",25,6,NA,NA,NA,NA,NA,NA,NA,NA,NA,NA,NA,NA,NA,NA,NA,NA,2020,6,FALSE,TRUE,TRUE,"Summer adult",0.41796875,122.411554095678
"Common Tern","RG0C",NA,NA,"DD","30758","STEHIR",NA,6,267,114,2020-06-25,1899-12-31 21:00:00,"Atlit Salt-Pans",32.695,34.932,"Yosef Kiat",NA,NA,NA,"G0C",NA,NA,NA,NA,"G","0","C",NA,"R",25,6,NA,NA,NA,NA,NA,NA,NA,NA,NA,NA,NA,NA,NA,NA,NA,NA,2020,6,TRUE,FALSE,TRUE,"Summer adult",0.426966292134831,114.721794601647
"Common Tern","RG0E",NA,NA,"DD","30759","STEHIR","M",6,266,112,2020-06-25,1899-12-31 21:00:00,"Atlit Salt-Pans",32.695,34.932,"Yosef Kiat",NA,NA,NA,"G0E",NA,NA,NA,NA,"G","0","E",NA,"R",25,6,NA,NA,NA,NA,NA,NA,NA,NA,NA,NA,NA,NA,NA,NA,NA,NA,2020,6,TRUE,FALSE,TRUE,"Summer adult",0.421052631578947,114.00575947345
"Common Tern","RG0F",NA,NA,"DD","30760","STEHIR",NA,6,267,110,2020-06-25,1899-12-31 21:00:00,"Atlit Salt-Pans",32.695,34.932,"Yosef Kiat",NA,NA,NA,"G0F",NA,NA,NA,NA,"G","0","F",NA,"R",25,6,NA,NA,NA,NA,NA,NA,NA,NA,NA,NA,NA,NA,NA,NA,NA,NA,2020,6,TRUE,FALSE,TRUE,"Summer adult",0.411985018726592,110.696468475274
"Common Tern","RG0G",NA,NA,"DD","30761","STEHIR","F",6,260,106,2020-06-25,1899-12-31 21:00:00,"Atlit Salt-Pans",32.695,34.932,"Yosef Kiat",NA,NA,NA,"G0G",NA,NA,NA,NA,"G","0","G",NA,"R",25,6,NA,NA,NA,NA,NA,NA,NA,NA,NA,NA,NA,NA,NA,NA,NA,NA,2020,6,TRUE,FALSE,TRUE,"Summer adult",0.407692307692308,115.669458065152
"Common Tern","RG0H",NA,NA,"DD","30762","STEHIR",NA,6,277,111,2020-06-25,1899-12-31 21:00:00,"Atlit Salt-Pans",32.695,34.932,"Yosef Kiat",NA,NA,NA,"G0H",NA,NA,NA,NA,"G","0","H",NA,"R",25,6,NA,NA,NA,NA,NA,NA,NA,NA,NA,NA,NA,NA,NA,NA,NA,NA,2020,6,TRUE,FALSE,TRUE,"Summer adult",0.40072202166065,99.8587769140622
"Common Tern","RG0J",NA,NA,"DD","30763","STEHIR",NA,6,266,126,2020-06-25,1899-12-31 21:00:00,"Atlit Salt-Pans",32.695,34.932,"Yosef Kiat",NA,NA,NA,"G0J",NA,NA,NA,NA,"G","0","J",NA,"R",25,6,NA,NA,NA,NA,NA,NA,NA,NA,NA,NA,NA,NA,NA,NA,NA,NA,2020,6,TRUE,FALSE,TRUE,"Summer adult",0.473684210526316,128.256479407631
"Common Tern","RG0K",NA,NA,"DD","30764","STEHIR",NA,6,266,123,2020-06-25,1899-12-31 21:00:00,"Atlit Salt-Pans",32.695,34.932,"Yosef Kiat",NA,NA,NA,"G0K",NA,NA,NA,NA,"G","0","K",NA,"R",25,6,NA,NA,NA,NA,NA,NA,NA,NA,NA,NA,NA,NA,NA,NA,NA,NA,2020,6,TRUE,FALSE,TRUE,"Summer adult",0.462406015037594,125.20275370745
"Common Tern","RG0L",NA,NA,"DD","30765","STEHIR",NA,6,268,121,2020-06-25,1899-12-31 22:30:00,"Atlit Salt-Pans",32.695,34.932,"Yosef Kiat",NA,NA,NA,"G0L",NA,NA,NA,NA,"G","0","L",NA,"R",25,6,NA,NA,NA,NA,NA,NA,NA,NA,NA,NA,NA,NA,NA,NA,NA,NA,2020,6,TRUE,FALSE,TRUE,"Summer adult",0.451492537313433,120.386373833448
"Common Tern","RG0M","+","R","DD","20984","STEHIR",NA,20,260,117,2020-06-25,1899-12-31 22:30:00,"Atlit Salt-Pans",32.695,34.932,"Yosef Kiat",NA,NA,NA,"G0M",NA,NA,NA,NA,"G","0","M",NA,"R",25,6,NA,NA,NA,NA,NA,"IVU",NA,NA,NA,NA,NA,NA,NA,NA,NA,NA,2020,6,FALSE,TRUE,TRUE,"Summer adult",0.45,127.672892392668
"Common Tern","RG0N",NA,NA,"DD","30766","STEHIR",NA,6,272,131,2020-06-25,1899-12-31 22:30:00,"Atlit Salt-Pans",32.695,34.932,"Yosef Kiat",NA,NA,NA,"G0N",NA,NA,NA,NA,"G","0","N",NA,"R",25,6,NA,NA,NA,NA,NA,NA,NA,NA,NA,NA,NA,NA,NA,NA,NA,NA,2020,6,TRUE,FALSE,TRUE,"Summer adult",0.481617647058824,124.580408917817
"Common Tern","RG0P",NA,NA,"DD","30767","STEHIR",NA,6,272,110,2020-06-25,1899-12-31 22:30:00,"Atlit Salt-Pans",32.695,34.932,"Yosef Kiat",NA,NA,NA,"G0P",NA,NA,NA,NA,"G","0","P",NA,"R",25,6,NA,NA,NA,NA,NA,NA,NA,NA,NA,NA,NA,NA,NA,NA,NA,NA,2020,6,TRUE,FALSE,TRUE,"Summer adult",0.404411764705882,104.609503671449
"Common Tern","RG0R",NA,NA,"DD","30768","STEHIR",NA,6,271,109,2020-06-25,1899-12-31 22:30:00,"Atlit Salt-Pans",32.695,34.932,"Yosef Kiat",NA,NA,NA,"G0R",NA,NA,NA,NA,"G","0","R",NA,"R",25,6,NA,NA,NA,NA,NA,NA,NA,NA,NA,NA,NA,NA,NA,NA,NA,NA,2020,6,TRUE,FALSE,TRUE,"Summer adult",0.402214022140221,104.828930937462
"Common Tern","RG0S",NA,NA,"DD","30769","STEHIR","M",6,273,112,2020-06-25,1899-12-31 22:30:00,"Atlit Salt-Pans",32.695,34.932,"Yosef Kiat",NA,NA,NA,"G0S",NA,NA,NA,NA,"G","0","S",NA,"R",25,6,NA,NA,NA,NA,NA,NA,NA,NA,NA,NA,NA,NA,NA,NA,NA,NA,2020,6,TRUE,FALSE,TRUE,"Summer adult",0.41025641025641,105.326625659346
"Common Tern","RG0T",NA,NA,"DD","30770","STEHIR",NA,6,259,120,2020-06-25,1899-12-31 22:30:00,"Atlit Salt-Pans",32.695,34.932,"Yosef Kiat",NA,NA,NA,"G0T",NA,NA,NA,NA,"G","0","T",NA,"R",25,6,NA,NA,NA,NA,NA,NA,NA,NA,NA,NA,NA,NA,NA,NA,NA,NA,2020,6,TRUE,FALSE,TRUE,"Summer adult",0.463320463320463,132.493866407338
"Common Tern","RG0U",NA,NA,"DD","30771","STEHIR",NA,6,268,111,2020-06-25,1899-12-31 22:30:00,"Atlit Salt-Pans",32.695,34.932,"Yosef Kiat",NA,NA,NA,"G0U",NA,NA,NA,NA,"G","0","U",NA,"R",25,6,NA,NA,NA,NA,NA,NA,NA,NA,NA,NA,NA,NA,NA,NA,NA,NA,2020,6,TRUE,FALSE,TRUE,"Summer adult",0.414179104477612,110.437086739774
"Common Tern","RG0V",NA,NA,"DD","30772","STEHIR",NA,6,268,117,2020-06-25,1899-12-31 22:30:00,"Atlit Salt-Pans",32.695,34.932,"Yosef Kiat",NA,NA,NA,"G0V",NA,NA,NA,NA,"G","0","V",NA,"R",25,6,NA,NA,NA,NA,NA,NA,NA,NA,NA,NA,NA,NA,NA,NA,NA,NA,2020,6,TRUE,FALSE,TRUE,"Summer adult",0.436567164179104,116.406658995978
"Common Tern","NG5V",NA,"R","DD","28063","STEHIR",NA,7,259,108,2020-06-25,1899-12-31 22:30:00,"Atlit Salt-Pans",32.695,34.932,"Yosef Kiat",NA,NA,NA,"G5V",NA,NA,NA,NA,"G","5","V",NA,"N",25,6,NA,NA,NA,NA,NA,NA,NA,NA,NA,NA,NA,NA,NA,NA,NA,NA,2020,6,FALSE,TRUE,TRUE,"Summer adult",0.416988416988417,119.244479766604
"Common Tern","RG0W",NA,NA,"DD","30773","STEHIR",NA,6,263,121,2020-06-25,1899-12-31 22:30:00,"Atlit Salt-Pans",32.695,34.932,"Yosef Kiat",NA,NA,NA,"G0W",NA,NA,NA,NA,"G","0","W",NA,"R",25,6,NA,NA,NA,NA,NA,NA,NA,NA,NA,NA,NA,NA,NA,NA,NA,NA,2020,6,TRUE,FALSE,TRUE,"Summer adult",0.460076045627376,127.499956813057
"Common Tern","RG0X",NA,NA,"DD","30774","STEHIR",NA,6,268,108,2020-06-25,1899-12-31 22:30:00,"Atlit Salt-Pans",32.695,34.932,"Yosef Kiat",NA,NA,NA,"G0X",NA,NA,NA,NA,"G","0","X",NA,"R",25,6,NA,NA,NA,NA,NA,NA,NA,NA,NA,NA,NA,NA,NA,NA,NA,NA,2020,6,TRUE,FALSE,TRUE,"Summer adult",0.402985074626866,107.452300611672
"Common Tern","NI03",NA,"R","DD","23712","STEHIR","F",14,283,117,2020-06-25,1899-12-31 23:30:00,"Atlit Salt-Pans",32.695,34.932,"Yosef Kiat",NA,"Leg's vesicle sample (photo)",NA,"I03",NA,NA,NA,NA,"I","0","3",NA,"N",25,6,NA,NA,NA,NA,NA,NA,NA,NA,NA,NA,NA,NA,NA,NA,NA,NA,2020,6,FALSE,TRUE,TRUE,"Summer adult",0.413427561837456,98.6004784775422
"Common Tern","NG4S",NA,"R","DD","28039","STEHIR",NA,7,268,107,2020-06-25,1899-12-31 23:30:00,"Atlit Salt-Pans",32.695,34.932,"Yosef Kiat",NA,NA,NA,"G4S",NA,NA,NA,NA,"G","4","S",NA,"N",25,6,NA,NA,NA,NA,NA,NA,NA,NA,NA,NA,NA,NA,NA,NA,NA,NA,2020,6,FALSE,TRUE,TRUE,"Summer adult",0.399253731343284,106.457371902305
"Common Tern","NG7M",NA,"R","DD","28100","STEHIR",NA,7,271,126,2020-06-25,1899-12-31 23:30:00,"Atlit Salt-Pans",32.695,34.932,"Yosef Kiat",NA,NA,NA,"G7M",NA,NA,NA,NA,"G","7","M",NA,"N",25,6,NA,NA,NA,NA,NA,NA,NA,NA,NA,NA,NA,NA,NA,NA,NA,NA,2020,6,FALSE,TRUE,TRUE,"Summer adult",0.464944649446494,121.178397230461
"Common Tern","YG5P",NA,"R","DD","30233","STEHIR","F",6,273,117,2020-06-25,1899-12-31 23:30:00,"Atlit Salt-Pans",32.695,34.932,"Yosef Kiat",NA,NA,NA,"G5P",NA,NA,NA,NA,"G","5","P",NA,"Y",25,6,NA,NA,NA,NA,NA,NA,NA,NA,NA,NA,NA,NA,NA,NA,NA,NA,2020,6,FALSE,TRUE,TRUE,"Summer adult",0.428571428571429,110.028707161996
"Common Tern","RG1E",NA,NA,"DD","30780","STEHIR",NA,6,266,114,2020-06-25,1899-12-31 23:30:00,"Atlit Salt-Pans",32.695,34.932,"Yosef Kiat",NA,NA,NA,"G1E",NA,NA,NA,NA,"G","1","E",NA,"R",25,6,NA,NA,NA,NA,NA,NA,NA,NA,NA,NA,NA,NA,NA,NA,NA,NA,2020,6,TRUE,FALSE,TRUE,"Summer adult",0.428571428571429,116.041576606905
"Common Tern","RG1F",NA,NA,"DD","30781","STEHIR",NA,6,279,118,2020-06-25,1899-12-31 23:30:00,"Atlit Salt-Pans",32.695,34.932,"Yosef Kiat",NA,NA,NA,"G1F",NA,NA,NA,NA,"G","1","F",NA,"R",25,6,NA,NA,NA,NA,NA,NA,NA,NA,NA,NA,NA,NA,NA,NA,NA,NA,2020,6,TRUE,FALSE,TRUE,"Summer adult",0.422939068100358,103.853433555022
"Common Tern","RG1G",NA,NA,"DD","30782","STEHIR",NA,6,253,104,2020-06-25,1899-12-31 23:30:00,"Atlit Salt-Pans",32.695,34.932,"Yosef Kiat",NA,NA,NA,"G1G",NA,NA,NA,NA,"G","1","G",NA,"R",25,6,NA,NA,NA,NA,NA,NA,NA,NA,NA,NA,NA,NA,NA,NA,NA,NA,2020,6,TRUE,FALSE,TRUE,"Summer adult",0.411067193675889,123.332603741969
"Common Tern","RG1H",NA,NA,"DD","30783","STEHIR",NA,6,269,110,2020-06-25,1899-12-31 23:30:00,"Atlit Salt-Pans",32.695,34.932,"Yosef Kiat",NA,NA,NA,"G1H",NA,NA,NA,NA,"G","1","H",NA,"R",25,6,NA,NA,NA,NA,NA,NA,NA,NA,NA,NA,NA,NA,NA,NA,NA,NA,2020,6,TRUE,FALSE,TRUE,"Summer adult",0.408921933085502,108.206652731825
"Common Tern","RG1J",NA,NA,"DD","30784","STEHIR",NA,6,267,100,2020-06-25,1899-12-31 23:30:00,"Atlit Salt-Pans",32.695,34.932,"Yosef Kiat",NA,NA,NA,"G1J",NA,NA,NA,NA,"G","1","J",NA,"R",25,6,NA,NA,NA,NA,NA,NA,NA,NA,NA,NA,NA,NA,NA,NA,NA,NA,2020,6,TRUE,FALSE,TRUE,"Summer adult",0.374531835205993,100.63315315934
"Common Tern","RG1K",NA,NA,"DD","30785","STEHIR",NA,6,267,111,2020-06-25,1899-12-31 23:30:00,"Atlit Salt-Pans",32.695,34.932,"Yosef Kiat",NA,NA,NA,"G1K",NA,NA,NA,NA,"G","1","K",NA,"R",25,6,NA,NA,NA,NA,NA,NA,NA,NA,NA,NA,NA,NA,NA,NA,NA,NA,2020,6,TRUE,FALSE,TRUE,"Summer adult",0.415730337078652,111.702800006867
"Common Tern","RG1L",NA,NA,"DD","30786","STEHIR",NA,6,286,114,2020-06-25,1899-12-31 23:30:00,"Atlit Salt-Pans",32.695,34.932,"Yosef Kiat",NA,NA,NA,"G1L",NA,NA,NA,NA,"G","1","L",NA,"R",25,6,NA,NA,NA,NA,NA,NA,NA,NA,NA,NA,NA,NA,NA,NA,NA,NA,2020,6,TRUE,FALSE,TRUE,"Summer adult",0.398601398601399,93.0331516295006
"Common Tern","RG1M",NA,NA,"DD","30787","STEHIR",NA,6,271,104,2020-06-25,1899-12-31 23:30:00,"Atlit Salt-Pans",32.695,34.932,"Yosef Kiat",NA,NA,NA,"G1M",NA,NA,NA,NA,"G","1","M",NA,"R",25,6,NA,NA,NA,NA,NA,NA,NA,NA,NA,NA,NA,NA,NA,NA,NA,NA,2020,6,TRUE,FALSE,TRUE,"Summer adult",0.383763837638376,100.020264380698
"Common Tern","RG1N",NA,NA,"DD","30788","STEHIR",NA,6,268,103,2020-06-25,1899-12-31 23:30:00,"Atlit Salt-Pans",32.695,34.932,"Yosef Kiat",NA,NA,NA,"G1N",NA,NA,NA,NA,"G","1","N",NA,"R",25,6,NA,NA,NA,NA,NA,NA,NA,NA,NA,NA,NA,NA,NA,NA,NA,NA,2020,6,TRUE,FALSE,TRUE,"Summer adult",0.384328358208955,102.477657064836
"Common Tern","RG1P",NA,NA,"DD","30789","STEHIR",NA,6,263,120,2020-06-25,1899-12-31 23:30:00,"Atlit Salt-Pans",32.695,34.932,"Yosef Kiat",NA,NA,NA,"G1P",NA,NA,NA,NA,"G","1","P",NA,"R",25,6,NA,NA,NA,NA,NA,NA,NA,NA,NA,NA,NA,NA,NA,NA,NA,NA,2020,6,TRUE,FALSE,TRUE,"Summer adult",0.456273764258555,126.446238161709
"Common Tern","RG1R",NA,NA,"DD","30790","STEHIR",NA,6,267,100,2020-06-25,1899-12-31 23:30:00,"Atlit Salt-Pans",32.695,34.932,"Yosef Kiat",NA,NA,NA,"G1R",NA,NA,NA,NA,"G","1","R",NA,"R",25,6,NA,NA,NA,NA,NA,NA,NA,NA,NA,NA,NA,NA,NA,NA,NA,NA,2020,6,TRUE,FALSE,TRUE,"Summer adult",0.374531835205993,100.63315315934
"Common Tern","RG1S",NA,NA,"DD","30791","STEHIR",NA,6,273,122,2020-06-25,1899-12-31 23:30:00,"Atlit Salt-Pans",32.695,34.932,"Yosef Kiat",NA,NA,NA,"G1S",NA,NA,NA,NA,"G","1","S",NA,"R",25,6,NA,NA,NA,NA,NA,NA,NA,NA,NA,NA,NA,NA,NA,NA,NA,NA,2020,6,TRUE,FALSE,TRUE,"Summer adult",0.446886446886447,114.730788664645
"Common Tern","RG1T",NA,NA,"DD","30792","STEHIR",NA,6,264,112,2020-06-25,1899-12-31 23:30:00,"Atlit Salt-Pans",32.695,34.932,"Yosef Kiat",NA,NA,NA,"G1T",NA,NA,NA,NA,"G","1","T",NA,"R",25,6,NA,NA,NA,NA,NA,NA,NA,NA,NA,NA,NA,NA,NA,NA,NA,NA,2020,6,TRUE,FALSE,TRUE,"Summer adult",0.424242424242424,116.659052045388
"Common Tern","NG3P",NA,"R","DD","28015","STEHIR",NA,7,260,109,2020-06-25,1899-12-31 23:30:00,"Atlit Salt-Pans",32.695,34.932,"Yosef Kiat",NA,NA,NA,"G3P",NA,NA,NA,NA,"G","3","P",NA,"N",25,6,NA,NA,NA,NA,NA,NA,NA,NA,NA,NA,NA,NA,NA,NA,NA,NA,2020,6,FALSE,TRUE,TRUE,"Summer adult",0.419230769230769,118.943121972657
"Common Tern","RG2H",NA,NA,"DD","30805","STEHIR",NA,6,272,113,2020-06-26,1899-12-31 01:00:00,"Atlit Salt-Pans",32.695,34.932,"Yosef Kiat",NA,NA,NA,"G2H",NA,NA,NA,NA,"G","2","H",NA,"R",26,6,NA,NA,NA,NA,NA,NA,NA,NA,NA,NA,NA,NA,NA,NA,NA,NA,2020,6,TRUE,FALSE,TRUE,"Summer adult",0.415441176470588,107.462490135216
"Common Tern","RG3Z",NA,NA,"DD","30841","STEHIR",NA,6,270,100,2020-06-30,1899-12-31 20:30:00,"Atlit Salt-Pans",32.695,34.932,"Yosef Kiat",NA,NA,NA,"G3Z",NA,NA,NA,NA,"G","3","Z",NA,"R",30,6,NA,NA,NA,NA,NA,NA,NA,NA,NA,NA,NA,NA,NA,NA,NA,NA,2020,6,TRUE,FALSE,TRUE,"Summer adult",0.37037037037037,97.2632748193692
"Common Tern","RG4A",NA,NA,"DD","30842","STEHIR",NA,6,262,118,2020-06-30,1899-12-31 20:30:00,"Atlit Salt-Pans",32.695,34.932,"Yosef Kiat",NA,NA,NA,"G4A",NA,NA,NA,NA,"G","4","A",NA,"R",30,6,NA,NA,NA,NA,NA,NA,NA,NA,NA,NA,NA,NA,NA,NA,NA,NA,2020,6,TRUE,FALSE,TRUE,"Summer adult",0.450381679389313,125.791142496171
"Common Tern","NIH0",NA,"R","DD","23454","STEHIR",NA,13,274,117,2020-06-30,1899-12-31 20:30:00,"Atlit Salt-Pans",32.695,34.932,"Yosef Kiat",NA,NA,NA,"IH0",NA,NA,NA,NA,"I","H","0",NA,"N",30,6,NA,NA,NA,NA,NA,NA,NA,NA,NA,NA,NA,NA,NA,NA,NA,NA,2020,6,FALSE,TRUE,TRUE,"Summer adult",0.427007299270073,108.809161961918
"Common Tern","RG4B",NA,NA,"DD","30843","STEHIR",NA,6,267,121,2020-06-30,1899-12-31 20:30:00,"Atlit Salt-Pans",32.695,34.932,"Yosef Kiat",NA,NA,NA,"G4B",NA,NA,NA,NA,"G","4","B",NA,"R",30,6,NA,NA,NA,NA,NA,NA,NA,NA,NA,NA,NA,NA,NA,NA,NA,NA,2020,6,TRUE,FALSE,TRUE,"Summer adult",0.453183520599251,121.766115322801
"Common Tern","RG4C",NA,NA,"DD","30844","STEHIR",NA,6,270,112,2020-06-30,1899-12-31 20:30:00,"Atlit Salt-Pans",32.695,34.932,"Yosef Kiat",NA,NA,NA,"G4C",NA,NA,NA,NA,"G","4","C",NA,"R",30,6,NA,NA,NA,NA,NA,NA,NA,NA,NA,NA,NA,NA,NA,NA,NA,NA,2020,6,TRUE,FALSE,TRUE,"Summer adult",0.414814814814815,108.934867797694
"Common Tern","RG4E",NA,NA,"DD","30845","STEHIR",NA,6,272,109,2020-06-30,1899-12-31 20:30:00,"Atlit Salt-Pans",32.695,34.932,"Yosef Kiat",NA,NA,NA,"G4E",NA,NA,NA,NA,"G","4","E",NA,"R",30,6,NA,NA,NA,NA,NA,NA,NA,NA,NA,NA,NA,NA,NA,NA,NA,NA,2020,6,TRUE,FALSE,TRUE,"Summer adult",0.400735294117647,103.658508183527
"Common Tern","RG4F",NA,NA,"DD","30846","STEHIR",NA,6,263,108,2020-06-30,1899-12-31 20:30:00,"Atlit Salt-Pans",32.695,34.932,"Yosef Kiat",NA,NA,NA,"G4F",NA,NA,NA,NA,"G","4","F",NA,"R",30,6,NA,NA,NA,NA,NA,NA,NA,NA,NA,NA,NA,NA,NA,NA,NA,NA,2020,6,TRUE,FALSE,TRUE,"Summer adult",0.4106463878327,113.801614345538
"Common Tern","RG4G",NA,NA,"DD","30847","STEHIR",NA,6,270,112,2020-06-30,1899-12-31 20:30:00,"Atlit Salt-Pans",32.695,34.932,"Yosef Kiat",NA,"Hole in the webbed feet",NA,"G4G",NA,NA,NA,NA,"G","4","G",NA,"R",30,6,NA,NA,NA,NA,NA,NA,NA,NA,NA,NA,NA,NA,NA,NA,NA,NA,2020,6,TRUE,FALSE,TRUE,"Summer adult",0.414814814814815,108.934867797694
"Common Tern","RG4H",NA,NA,"DD","30848","STEHIR",NA,6,273,104,2020-06-30,1899-12-31 20:30:00,"Atlit Salt-Pans",32.695,34.932,"Yosef Kiat",NA,NA,NA,"G4H",NA,NA,NA,NA,"G","4","H",NA,"R",30,6,NA,NA,NA,NA,NA,NA,NA,NA,NA,NA,NA,NA,NA,NA,NA,NA,2020,6,TRUE,FALSE,TRUE,"Summer adult",0.380952380952381,97.8032952551072
"Common Tern","RG4J",NA,NA,"DD","30849","STEHIR",NA,6,276,110,2020-06-30,1899-12-31 20:30:00,"Atlit Salt-Pans",32.695,34.932,"Yosef Kiat",NA,NA,NA,"G4J",NA,NA,NA,NA,"G","4","J",NA,"R",30,6,NA,NA,NA,NA,NA,NA,NA,NA,NA,NA,NA,NA,NA,NA,NA,NA,2020,6,TRUE,FALSE,TRUE,"Summer adult",0.398550724637681,100.056192834786
"Common Tern","RG4K",NA,NA,"DD","30850","STEHIR",NA,6,269,114,2020-06-30,1899-12-31 20:30:00,"Atlit Salt-Pans",32.695,34.932,"Yosef Kiat",NA,NA,NA,"G4K",NA,NA,NA,NA,"G","4","K",NA,"R",30,6,NA,NA,NA,NA,NA,NA,NA,NA,NA,NA,NA,NA,NA,NA,NA,NA,2020,6,TRUE,FALSE,TRUE,"Summer adult",0.423791821561338,112.141440103892
"Common Tern","RG4L",NA,NA,"DD","30851","STEHIR",NA,6,276,128,2020-06-30,1899-12-31 20:30:00,"Atlit Salt-Pans",32.695,34.932,"Yosef Kiat",NA,NA,NA,"G4L",NA,NA,NA,NA,"G","4","L",NA,"R",30,6,NA,NA,NA,NA,NA,NA,NA,NA,NA,NA,NA,NA,NA,NA,NA,NA,2020,6,TRUE,FALSE,TRUE,"Summer adult",0.463768115942029,116.42902438957
"Common Tern","RG4M",NA,NA,"DD","30852","STEHIR",NA,6,267,118,2020-06-30,1899-12-31 20:30:00,"Atlit Salt-Pans",32.695,34.932,"Yosef Kiat",NA,NA,NA,"G4M",NA,NA,NA,NA,"G","4","M",NA,"R",30,6,NA,NA,NA,NA,NA,NA,NA,NA,NA,NA,NA,NA,NA,NA,NA,NA,2020,6,TRUE,FALSE,TRUE,"Summer adult",0.441947565543071,118.747120728021
"Common Tern","RG4N",NA,NA,"DD","30853","STEHIR","M",6,274,122,2020-06-30,1899-12-31 20:30:00,"Atlit Salt-Pans",32.695,34.932,"Yosef Kiat",NA,NA,NA,"G4N",NA,NA,NA,NA,"G","4","N",NA,"R",30,6,NA,NA,NA,NA,NA,NA,NA,NA,NA,NA,NA,NA,NA,NA,NA,NA,2020,6,TRUE,FALSE,TRUE,"Summer adult",0.445255474452555,113.459126148324
"Common Tern","RG4P",NA,NA,"DD","30854","STEHIR",NA,6,268,111,2020-06-30,1899-12-31 20:30:00,"Atlit Salt-Pans",32.695,34.932,"Yosef Kiat",NA,NA,NA,"G4P",NA,NA,NA,NA,"G","4","P",NA,"R",30,6,NA,NA,NA,NA,NA,NA,NA,NA,NA,NA,NA,NA,NA,NA,NA,NA,2020,6,TRUE,FALSE,TRUE,"Summer adult",0.414179104477612,110.437086739774
"Common Tern","RG4R",NA,NA,"DD","30855","STEHIR",NA,6,275,109,2020-06-30,1899-12-31 20:30:00,"Atlit Salt-Pans",32.695,34.932,"Yosef Kiat",NA,NA,NA,"G4R",NA,NA,NA,NA,"G","4","R",NA,"R",30,6,NA,NA,NA,NA,NA,NA,NA,NA,NA,NA,NA,NA,NA,NA,NA,NA,2020,6,TRUE,FALSE,TRUE,"Summer adult",0.396363636363636,100.249725259593
"Common Tern","RG4S",NA,NA,"DD","30856","STEHIR",NA,6,276,112,2020-06-30,1899-12-31 20:30:00,"Atlit Salt-Pans",32.695,34.932,"Yosef Kiat",NA,NA,NA,"G4S",NA,NA,NA,NA,"G","4","S",NA,"R",30,6,NA,NA,NA,NA,NA,NA,NA,NA,NA,NA,NA,NA,NA,NA,NA,NA,2020,6,TRUE,FALSE,TRUE,"Summer adult",0.405797101449275,101.875396340873
"Common Tern","RG4T",NA,NA,"DD","30857","STEHIR",NA,6,268,114,2020-06-30,1899-12-31 20:30:00,"Atlit Salt-Pans",32.695,34.932,"Yosef Kiat",NA,NA,NA,"G4T",NA,NA,NA,NA,"G","4","T",NA,"R",30,6,NA,NA,NA,NA,NA,NA,NA,NA,NA,NA,NA,NA,NA,NA,NA,NA,2020,6,TRUE,FALSE,TRUE,"Summer adult",0.425373134328358,113.421872867876
"Common Tern","RG4U",NA,NA,"DD","30858","STEHIR","M",6,265,107,2020-06-30,1899-12-31 20:30:00,"Atlit Salt-Pans",32.695,34.932,"Yosef Kiat",NA,NA,NA,"G4U",NA,NA,NA,NA,"G","4","U",NA,"R",30,6,NA,NA,NA,NA,NA,NA,NA,NA,NA,NA,NA,NA,NA,NA,NA,NA,2020,6,TRUE,FALSE,TRUE,"Summer adult",0.40377358490566,110.17395666769
"Common Tern","RG4V",NA,NA,"DD","30859","STEHIR",NA,6,268,107,2020-06-30,1899-12-31 20:30:00,"Atlit Salt-Pans",32.695,34.932,"Yosef Kiat",NA,NA,NA,"G4V",NA,NA,NA,NA,"G","4","V",NA,"R",30,6,NA,NA,NA,NA,NA,NA,NA,NA,NA,NA,NA,NA,NA,NA,NA,NA,2020,6,TRUE,FALSE,TRUE,"Summer adult",0.399253731343284,106.457371902305
"Common Tern","RG4W",NA,NA,"DD","30860","STEHIR",NA,6,262,102,2020-06-30,1899-12-31 20:30:00,"Atlit Salt-Pans",32.695,34.932,"Yosef Kiat",NA,NA,NA,"G4W",NA,NA,NA,NA,"G","4","W",NA,"R",30,6,NA,NA,NA,NA,NA,NA,NA,NA,NA,NA,NA,NA,NA,NA,NA,NA,2020,6,TRUE,FALSE,TRUE,"Summer adult",0.389312977099237,108.734716394995
"Common Tern","RG5C",NA,NA,"DD","30866","STEHIR",NA,6,261,105,2020-06-30,1899-12-31 21:15:00,"Atlit Salt-Pans",32.695,34.932,"Yosef Kiat",NA,NA,NA,"G5C",NA,NA,NA,NA,"G","5","C",NA,"R",30,6,NA,NA,NA,NA,NA,NA,NA,NA,NA,NA,NA,NA,NA,NA,NA,NA,2020,6,TRUE,FALSE,TRUE,"Summer adult",0.402298850574713,113.245258317616
"Common Tern","RG5E",NA,NA,"DD","30867","STEHIR",NA,6,267,101,2020-06-30,1899-12-31 21:15:00,"Atlit Salt-Pans",32.695,34.932,"Yosef Kiat",NA,NA,NA,"G5E",NA,NA,NA,NA,"G","5","E",NA,"R",30,6,NA,NA,NA,NA,NA,NA,NA,NA,NA,NA,NA,NA,NA,NA,NA,NA,2020,6,TRUE,FALSE,TRUE,"Summer adult",0.378277153558052,101.639484690933
"Common Tern","RG5F",NA,NA,"DD","30868","STEHIR","F",6,253,120,2020-06-30,1899-12-31 21:15:00,"Atlit Salt-Pans",32.695,34.932,"Yosef Kiat",NA,NA,NA,"G5F",NA,NA,NA,NA,"G","5","F",NA,"R",30,6,NA,NA,NA,NA,NA,NA,NA,NA,NA,NA,NA,NA,NA,NA,NA,NA,2020,6,TRUE,FALSE,TRUE,"Summer adult",0.474308300395257,142.306850471503
"Common Tern","RG5G",NA,NA,"DD","30869","STEHIR",NA,6,272,114,2020-06-30,1899-12-31 21:15:00,"Atlit Salt-Pans",32.695,34.932,"Yosef Kiat",NA,NA,NA,"G5G",NA,NA,NA,NA,"G","5","G",NA,"R",30,6,NA,NA,NA,NA,NA,NA,NA,NA,NA,NA,NA,NA,NA,NA,NA,NA,2020,6,TRUE,FALSE,TRUE,"Summer adult",0.419117647058824,108.413485623138
"Common Tern","RG5H",NA,NA,"DD","30870","STEHIR",NA,6,276,109,2020-06-30,1899-12-31 21:15:00,"Atlit Salt-Pans",32.695,34.932,"Yosef Kiat",NA,NA,NA,"G5H",NA,NA,NA,NA,"G","5","H",NA,"R",30,6,NA,NA,NA,NA,NA,NA,NA,NA,NA,NA,NA,NA,NA,NA,NA,NA,2020,6,TRUE,FALSE,TRUE,"Summer adult",0.394927536231884,99.1465910817429
"Common Tern","RG5J",NA,NA,"DD","30871","STEHIR",NA,6,261,108,2020-06-30,1899-12-31 21:15:00,"Atlit Salt-Pans",32.695,34.932,"Yosef Kiat",NA,NA,NA,"G5J",NA,NA,NA,NA,"G","5","J",NA,"R",30,6,NA,NA,NA,NA,NA,NA,NA,NA,NA,NA,NA,NA,NA,NA,NA,NA,2020,6,TRUE,FALSE,TRUE,"Summer adult",0.413793103448276,116.480837126691
"Common Tern","RG5K",NA,NA,"DD","30872","STEHIR",NA,6,263,95,2020-06-30,1899-12-31 21:15:00,"Atlit Salt-Pans",32.695,34.932,"Yosef Kiat",NA,NA,NA,"G5K",NA,NA,NA,NA,"G","5","K",NA,"R",30,6,NA,NA,NA,NA,NA,NA,NA,NA,NA,NA,NA,NA,NA,NA,NA,NA,2020,6,TRUE,FALSE,TRUE,"Summer adult",0.361216730038023,100.10327187802
"Common Tern","RG7S",NA,NA,"DD","30922","STEHIR",NA,6,269,97,2020-07-01,1899-12-31 01:00:00,"Atlit Salt-Pans",32.695,34.932,"Yosef Kiat",NA,NA,NA,"G7S",NA,NA,NA,NA,"G","7","S",NA,"R",1,7,NA,NA,NA,NA,NA,NA,NA,NA,NA,NA,NA,NA,NA,NA,NA,NA,2020,7,TRUE,FALSE,TRUE,"Summer adult",0.360594795539033,95.4185937726095
"Common Tern","NTX+","+","R","DD","24221","STEHIR",NA,14,259,109,2020-07-01,1899-12-31 01:00:00,"Atlit Salt-Pans",32.695,34.932,"Yosef Kiat",NA,NA,NA,"TX+",NA,NA,NA,NA,"T","X","+",NA,"N",1,7,NA,NA,NA,NA,NA,"IA7",NA,NA,NA,NA,NA,NA,NA,NA,NA,NA,2020,7,FALSE,TRUE,TRUE,"Summer adult",0.420849420849421,120.348595319998
"Common Tern","RG7T",NA,NA,"DD","30923","STEHIR",NA,6,262,111,2020-07-01,1899-12-31 01:00:00,"Atlit Salt-Pans",32.695,34.932,"Yosef Kiat",NA,"Leg's vesicle sample (photo)",NA,"G7T",NA,NA,NA,NA,"G","7","T",NA,"R",1,7,NA,NA,NA,NA,NA,NA,NA,NA,NA,NA,NA,NA,NA,NA,NA,NA,2020,7,TRUE,FALSE,TRUE,"Summer adult",0.423664122137405,118.328956076907
"Common Tern","NG7R",NA,"R","DD","28103","STEHIR",NA,7,258,105,2020-07-01,1899-12-31 01:45:00,"Atlit Salt-Pans",32.695,34.932,"Yosef Kiat",NA,NA,NA,"G7R",NA,NA,NA,NA,"G","7","R",NA,"N",1,7,NA,NA,NA,NA,NA,NA,NA,NA,NA,NA,NA,NA,NA,NA,NA,NA,2020,7,FALSE,TRUE,TRUE,"Summer adult",0.406976744186047,117.307358280676
"Common Tern","RG7U",NA,NA,"DD","30924","STEHIR",NA,6,262,110,2020-07-01,1899-12-31 01:45:00,"Atlit Salt-Pans",32.695,34.932,"Yosef Kiat",NA,NA,NA,"G7U",NA,NA,NA,NA,"G","7","U",NA,"R",1,7,NA,NA,NA,NA,NA,NA,NA,NA,NA,NA,NA,NA,NA,NA,NA,NA,2020,7,TRUE,FALSE,TRUE,"Summer adult",0.419847328244275,117.262929445583
"Common Tern","RG7V",NA,NA,"DD","30925","STEHIR",NA,6,265,110,2020-07-01,1899-12-31 01:45:00,"Atlit Salt-Pans",32.695,34.932,"Yosef Kiat",NA,NA,NA,"G7V",NA,NA,NA,NA,"G","7","V",NA,"R",1,7,NA,NA,NA,NA,NA,NA,NA,NA,NA,NA,NA,NA,NA,NA,NA,NA,2020,7,TRUE,FALSE,TRUE,"Summer adult",0.415094339622642,113.262946106971
"Common Tern","RG7W",NA,NA,"DD","30926","STEHIR",NA,6,267,103,2020-07-01,1899-12-31 01:45:00,"Atlit Salt-Pans",32.695,34.932,"Yosef Kiat",NA,NA,NA,"G7W",NA,NA,NA,NA,"G","7","W",NA,"R",1,7,NA,NA,NA,NA,NA,NA,NA,NA,NA,NA,NA,NA,NA,NA,NA,NA,2020,7,TRUE,FALSE,TRUE,"Summer adult",0.385767790262172,103.65214775412
"Common Tern","RG7X",NA,NA,"DD","30927","STEHIR",NA,6,271,108,2020-07-01,1899-12-31 01:45:00,"Atlit Salt-Pans",32.695,34.932,"Yosef Kiat",NA,NA,NA,"G7X",NA,NA,NA,NA,"G","7","X",NA,"R",1,7,NA,NA,NA,NA,NA,NA,NA,NA,NA,NA,NA,NA,NA,NA,NA,NA,2020,7,TRUE,FALSE,TRUE,"Summer adult",0.398523985239852,103.867197626109
"Common Tern","RG7Y",NA,NA,"DD","30928","STEHIR","F",6,257,102,2020-07-01,1899-12-31 01:45:00,"Atlit Salt-Pans",32.695,34.932,"Yosef Kiat",NA,NA,NA,"G7Y",NA,NA,NA,NA,"G","7","Y",NA,"R",1,7,NA,NA,NA,NA,NA,NA,NA,NA,NA,NA,NA,NA,NA,NA,NA,NA,2020,7,TRUE,FALSE,TRUE,"Summer adult",0.396887159533074,115.312780557419
"Common Tern","RG7Z",NA,NA,"DD","30929","STEHIR",NA,6,268,112,2020-07-01,1899-12-31 01:45:00,"Atlit Salt-Pans",32.695,34.932,"Yosef Kiat",NA,NA,NA,"G7Z",NA,NA,NA,NA,"G","7","Z",NA,"R",1,7,NA,NA,NA,NA,NA,NA,NA,NA,NA,NA,NA,NA,NA,NA,NA,NA,2020,7,TRUE,FALSE,TRUE,"Summer adult",0.417910447761194,111.432015449142
"Common Tern","NG8E",NA,"R","DD","28115","STEHIR",NA,7,271,122,2020-07-06,1899-12-31 20:45:00,"Atlit Salt-Pans",32.695,34.932,"Yosef Kiat",NA,NA,NA,"G8E",NA,NA,NA,NA,"G","8","E",NA,"N",6,7,NA,NA,NA,NA,NA,NA,NA,NA,NA,NA,NA,NA,NA,NA,NA,NA,2020,7,FALSE,TRUE,TRUE,"Summer adult",0.450184501845018,117.331463985049
"Common Tern","NG9R",NA,"R","DD","28148","STEHIR",NA,7,273,126,2020-07-06,1899-12-31 20:45:00,"Atlit Salt-Pans",32.695,34.932,"Yosef Kiat",NA,NA,NA,"G9R",NA,NA,NA,NA,"G","9","R",NA,"N",6,7,NA,NA,NA,NA,NA,NA,NA,NA,NA,NA,NA,NA,NA,NA,NA,NA,2020,7,FALSE,TRUE,TRUE,"Summer adult",0.461538461538462,118.492453866765
"Common Tern","YGKG",NA,"R","DD","30047","STEHIR",NA,8,268,111,2020-07-06,1899-12-31 20:45:00,"Atlit Salt-Pans",32.695,34.932,"Yosef Kiat",NA,NA,NA,"GKG",NA,NA,NA,NA,"G","K","G",NA,"Y",6,7,NA,NA,NA,NA,NA,NA,NA,NA,NA,NA,NA,NA,NA,NA,NA,NA,2020,7,FALSE,TRUE,TRUE,"Summer adult",0.414179104477612,110.437086739774
"Common Tern","RG8G",NA,NA,"DD","30935","STEHIR",NA,6,278,113,2020-07-06,1899-12-31 20:45:00,"Atlit Salt-Pans",32.695,34.932,"Yosef Kiat",NA,NA,NA,"G8G",NA,NA,NA,NA,"G","8","G",NA,"R",6,7,NA,NA,NA,NA,NA,NA,NA,NA,NA,NA,NA,NA,NA,NA,NA,NA,2020,7,TRUE,FALSE,TRUE,"Summer adult",0.406474820143885,100.547421161989
"Common Tern","RG8H",NA,NA,"DD","30936","STEHIR",NA,6,272,120,2020-07-06,1899-12-31 20:45:00,"Atlit Salt-Pans",32.695,34.932,"Yosef Kiat",NA,NA,NA,"G8H",NA,NA,NA,NA,"G","8","H",NA,"R",6,7,NA,NA,NA,NA,NA,NA,NA,NA,NA,NA,NA,NA,NA,NA,NA,NA,2020,7,TRUE,FALSE,TRUE,"Summer adult",0.441176470588235,114.119458550672
"Common Tern","RG8J",NA,NA,"DD","30937","STEHIR",NA,6,265,132,2020-07-06,1899-12-31 20:45:00,"Atlit Salt-Pans",32.695,34.932,"Yosef Kiat",NA,NA,NA,"G8J",NA,NA,NA,NA,"G","8","J",NA,"R",6,7,NA,NA,NA,NA,NA,NA,NA,NA,NA,NA,NA,NA,NA,NA,NA,NA,2020,7,TRUE,FALSE,TRUE,"Summer adult",0.49811320754717,135.915535328365
"Common Tern","RG8K",NA,NA,"DD","30938","STEHIR",NA,6,283,118,2020-07-06,1899-12-31 20:45:00,"Atlit Salt-Pans",32.695,34.932,"Yosef Kiat",NA,NA,NA,"G8K",NA,NA,NA,NA,"G","8","K",NA,"R",6,7,NA,NA,NA,NA,NA,NA,NA,NA,NA,NA,NA,NA,NA,NA,NA,NA,2020,7,TRUE,FALSE,TRUE,"Summer adult",0.416961130742049,99.4432176098289
"Common Tern","RG8L",NA,NA,"DD","30939","STEHIR",NA,6,270,125,2020-07-06,1899-12-31 20:45:00,"Atlit Salt-Pans",32.695,34.932,"Yosef Kiat",NA,NA,NA,"G8L",NA,NA,NA,NA,"G","8","L",NA,"R",6,7,NA,NA,NA,NA,NA,NA,NA,NA,NA,NA,NA,NA,NA,NA,NA,NA,2020,7,TRUE,FALSE,TRUE,"Summer adult",0.462962962962963,121.579093524212
"Common Tern","RG8M",NA,NA,"DD","30940","STEHIR",NA,6,272,117,2020-07-06,1899-12-31 20:45:00,"Atlit Salt-Pans",32.695,34.932,"Yosef Kiat",NA,NA,NA,"G8M",NA,NA,NA,NA,"G","8","M",NA,"R",6,7,NA,NA,NA,NA,NA,NA,NA,NA,NA,NA,NA,NA,NA,NA,NA,NA,2020,7,TRUE,FALSE,TRUE,"Summer adult",0.430147058823529,111.266472086905
"Common Tern","RG8N",NA,NA,"DD","30941","STEHIR",NA,6,273,135,2020-07-06,1899-12-31 20:45:00,"Atlit Salt-Pans",32.695,34.932,"Yosef Kiat",NA,NA,NA,"G8N",NA,NA,NA,NA,"G","8","N",NA,"R",6,7,NA,NA,NA,NA,NA,NA,NA,NA,NA,NA,NA,NA,NA,NA,NA,NA,2020,7,TRUE,FALSE,TRUE,"Summer adult",0.494505494505495,126.956200571533
"Common Tern","RG8P",NA,NA,"DD","30942","STEHIR",NA,6,265,121,2020-07-06,1899-12-31 20:45:00,"Atlit Salt-Pans",32.695,34.932,"Yosef Kiat",NA,NA,NA,"G8P",NA,NA,NA,NA,"G","8","P",NA,"R",6,7,NA,NA,NA,NA,NA,NA,NA,NA,NA,NA,NA,NA,NA,NA,NA,NA,2020,7,TRUE,FALSE,TRUE,"Summer adult",0.456603773584906,124.589240717668
"Common Tern","RG8R",NA,NA,"DD","30943","STEHIR",NA,6,271,109,2020-07-06,1899-12-31 20:45:00,"Atlit Salt-Pans",32.695,34.932,"Yosef Kiat",NA,NA,NA,"G8R",NA,NA,NA,NA,"G","8","R",NA,"R",6,7,NA,NA,NA,NA,NA,NA,NA,NA,NA,NA,NA,NA,NA,NA,NA,NA,2020,7,TRUE,FALSE,TRUE,"Summer adult",0.402214022140221,104.828930937462
"Common Tern","RG8S",NA,NA,"DD","30944","STEHIR",NA,6,277,129,2020-07-06,1899-12-31 20:45:00,"Atlit Salt-Pans",32.695,34.932,"Yosef Kiat",NA,NA,NA,"G8S",NA,NA,NA,NA,"G","8","S",NA,"R",6,7,NA,NA,NA,NA,NA,NA,NA,NA,NA,NA,NA,NA,NA,NA,NA,NA,2020,7,TRUE,FALSE,TRUE,"Summer adult",0.465703971119134,116.052092089316
"Common Tern","RG8T",NA,NA,"DD","30945","STEHIR",NA,6,277,122,2020-07-06,1899-12-31 20:45:00,"Atlit Salt-Pans",32.695,34.932,"Yosef Kiat",NA,NA,NA,"G8T",NA,NA,NA,NA,"G","8","T",NA,"R",6,7,NA,NA,NA,NA,NA,NA,NA,NA,NA,NA,NA,NA,NA,NA,NA,NA,2020,7,TRUE,FALSE,TRUE,"Summer adult",0.44043321299639,109.754691743384
"Common Tern","RG8U",NA,NA,"DD","30946","STEHIR",NA,6,280,115,2020-07-06,1899-12-31 20:45:00,"Atlit Salt-Pans",32.695,34.932,"Yosef Kiat",NA,NA,NA,"G8U",NA,NA,NA,NA,"G","8","U",NA,"R",6,7,NA,NA,NA,NA,NA,NA,NA,NA,NA,NA,NA,NA,NA,NA,NA,NA,2020,7,TRUE,FALSE,TRUE,"Summer adult",0.410714285714286,100.115209322953
"Common Tern","RG8V",NA,NA,"DD","30947","STEHIR",NA,6,284,128,2020-07-06,1899-12-31 20:45:00,"Atlit Salt-Pans",32.695,34.932,"Yosef Kiat",NA,NA,NA,"G8V",NA,NA,NA,NA,"G","8","V",NA,"R",6,7,NA,NA,NA,NA,NA,NA,NA,NA,NA,NA,NA,NA,NA,NA,NA,NA,2020,7,TRUE,FALSE,TRUE,"Summer adult",0.450704225352113,106.716931304461
"Common Tern","RG8W",NA,NA,"DD","30948","STEHIR",NA,6,268,113,2020-07-06,1899-12-31 20:45:00,"Atlit Salt-Pans",32.695,34.932,"Yosef Kiat",NA,NA,NA,"G8W",NA,NA,NA,NA,"G","8","W",NA,"R",6,7,NA,NA,NA,NA,NA,NA,NA,NA,NA,NA,NA,NA,NA,NA,NA,NA,2020,7,TRUE,FALSE,TRUE,"Summer adult",0.421641791044776,112.426944158509
"Common Tern","WGJU",NA,"R","DD","29525","STEHIR","F",8,266,114,2020-07-06,1899-12-31 21:30:00,"Atlit Salt-Pans",32.695,34.932,"Yosef Kiat",NA,NA,NA,"GJU",NA,NA,NA,NA,"G","J","U",NA,"W",6,7,NA,NA,NA,NA,NA,NA,NA,NA,NA,NA,NA,NA,NA,NA,NA,NA,2020,7,FALSE,TRUE,TRUE,"Summer adult",0.428571428571429,116.041576606905
"Common Tern","RG9E",NA,NA,"DD","30955","STEHIR",NA,6,264,113,2020-07-06,1899-12-31 21:30:00,"Atlit Salt-Pans",32.695,34.932,"Yosef Kiat",NA,NA,NA,"G9E",NA,NA,NA,NA,"G","9","E",NA,"R",6,7,NA,NA,NA,NA,NA,NA,NA,NA,NA,NA,NA,NA,NA,NA,NA,NA,2020,7,TRUE,FALSE,TRUE,"Summer adult",0.428030303030303,117.700650724365
"Common Tern","RG9F",NA,NA,"DD","30956","STEHIR",NA,6,249,110,2020-07-06,1899-12-31 21:30:00,"Atlit Salt-Pans",32.695,34.932,"Yosef Kiat",NA,NA,NA,"G9F",NA,NA,NA,NA,"G","9","F",NA,"R",6,7,NA,NA,NA,NA,NA,NA,NA,NA,NA,NA,NA,NA,NA,NA,NA,NA,2020,7,TRUE,FALSE,TRUE,"Summer adult",0.441767068273092,136.941632544458
"Common Tern","RG9G",NA,NA,"DD","30957","STEHIR",NA,6,267,106,2020-07-06,1899-12-31 21:30:00,"Atlit Salt-Pans",32.695,34.932,"Yosef Kiat",NA,NA,NA,"G9G",NA,NA,NA,NA,"G","9","G",NA,"R",6,7,NA,NA,NA,NA,NA,NA,NA,NA,NA,NA,NA,NA,NA,NA,NA,NA,2020,7,TRUE,FALSE,TRUE,"Summer adult",0.397003745318352,106.6711423489
"Common Tern","RG9H",NA,NA,"DD","30958","STEHIR",NA,6,280,125,2020-07-06,1899-12-31 21:30:00,"Atlit Salt-Pans",32.695,34.932,"Yosef Kiat",NA,NA,NA,"G9H",NA,NA,NA,NA,"G","9","H",NA,"R",6,7,NA,NA,NA,NA,NA,NA,NA,NA,NA,NA,NA,NA,NA,NA,NA,NA,2020,7,TRUE,FALSE,TRUE,"Summer adult",0.446428571428571,108.820879698862
"Common Tern","RG9J",NA,NA,"DD","30959","STEHIR",NA,6,269,114,2020-07-06,1899-12-31 21:30:00,"Atlit Salt-Pans",32.695,34.932,"Yosef Kiat",NA,NA,NA,"G9J",NA,NA,NA,NA,"G","9","J",NA,"R",6,7,NA,NA,NA,NA,NA,NA,NA,NA,NA,NA,NA,NA,NA,NA,NA,NA,2020,7,TRUE,FALSE,TRUE,"Summer adult",0.423791821561338,112.141440103892
"Common Tern","RG9K",NA,NA,"DD","30960","STEHIR",NA,6,261,113,2020-07-06,1899-12-31 21:30:00,"Atlit Salt-Pans",32.695,34.932,"Yosef Kiat",NA,NA,NA,"G9K",NA,NA,NA,NA,"G","9","K",NA,"R",6,7,NA,NA,NA,NA,NA,NA,NA,NA,NA,NA,NA,NA,NA,NA,NA,NA,2020,7,TRUE,FALSE,TRUE,"Summer adult",0.432950191570881,121.873468475149
"Common Tern","RG9L",NA,NA,"DD","30961","STEHIR",NA,6,260,107,2020-07-06,1899-12-31 21:30:00,"Atlit Salt-Pans",32.695,34.932,"Yosef Kiat",NA,NA,NA,"G9L",NA,NA,NA,NA,"G","9","L",NA,"R",6,7,NA,NA,NA,NA,NA,NA,NA,NA,NA,NA,NA,NA,NA,NA,NA,NA,2020,7,TRUE,FALSE,TRUE,"Summer adult",0.411538461538462,116.760679367654
"Common Tern","WGVV",NA,"R","DD","29557","STEHIR",NA,8,263,102,2020-07-06,1899-12-31 21:30:00,"Atlit Salt-Pans",32.695,34.932,"Yosef Kiat",NA,NA,NA,"GVV",NA,NA,NA,NA,"G","V","V",NA,"W",6,7,NA,NA,NA,NA,NA,NA,NA,NA,NA,NA,NA,NA,NA,NA,NA,NA,2020,7,FALSE,TRUE,TRUE,"Summer adult",0.387832699619772,107.479302437453
"Common Tern","NGAJ",NA,"R","DD","28201","STEHIR",NA,7,271,113,2020-07-06,1899-12-31 22:15:00,"Atlit Salt-Pans",32.695,34.932,"Yosef Kiat",NA,NA,NA,"GAJ",NA,NA,NA,NA,"G","A","J",NA,"N",6,7,NA,NA,NA,NA,NA,NA,NA,NA,NA,NA,NA,NA,NA,NA,NA,NA,2020,7,FALSE,TRUE,TRUE,"Summer adult",0.416974169741697,108.675864182874
"Common Tern","YIA5",NA,"R","DD","24219","STEHIR",NA,14,274,108,2020-07-06,1899-12-31 22:15:00,"Atlit Salt-Pans",32.695,34.932,"Yosef Kiat",NA,NA,NA,"IA5",NA,NA,NA,NA,"I","A","5",NA,"Y",6,7,NA,NA,NA,NA,NA,NA,NA,NA,NA,NA,NA,NA,NA,NA,NA,NA,2020,7,FALSE,TRUE,TRUE,"Summer adult",0.394160583941606,100.439226426386
"Common Tern","RG9V",NA,NA,"DD","30969","STEHIR",NA,6,284,123,2020-07-06,1899-12-31 22:15:00,"Atlit Salt-Pans",32.695,34.932,"Yosef Kiat",NA,NA,NA,"G9V",NA,NA,NA,NA,"G","9","V",NA,"R",6,7,NA,NA,NA,NA,NA,NA,NA,NA,NA,NA,NA,NA,NA,NA,NA,NA,2020,7,TRUE,FALSE,TRUE,"Summer adult",0.433098591549296,102.54830117538
"Common Tern","RG9W",NA,NA,"DD","30970","STEHIR",NA,6,268,108,2020-07-06,1899-12-31 22:15:00,"Atlit Salt-Pans",32.695,34.932,"Yosef Kiat",NA,NA,NA,"G9W",NA,NA,NA,NA,"G","9","W",NA,"R",6,7,NA,NA,NA,NA,NA,NA,NA,NA,NA,NA,NA,NA,NA,NA,NA,NA,2020,7,TRUE,FALSE,TRUE,"Summer adult",0.402985074626866,107.452300611672
"Common Tern","RG9X",NA,NA,"DD","30971","STEHIR",NA,6,273,125,2020-07-06,1899-12-31 22:15:00,"Atlit Salt-Pans",32.695,34.932,"Yosef Kiat",NA,NA,NA,"G9X",NA,NA,NA,NA,"G","9","X",NA,"R",6,7,NA,NA,NA,NA,NA,NA,NA,NA,NA,NA,NA,NA,NA,NA,NA,NA,2020,7,TRUE,FALSE,TRUE,"Summer adult",0.457875457875458,117.552037566235
"Common Tern","RG9Y",NA,NA,"DD","30972","STEHIR",NA,6,262,115,2020-07-06,1899-12-31 22:15:00,"Atlit Salt-Pans",32.695,34.932,"Yosef Kiat",NA,NA,NA,"G9Y",NA,NA,NA,NA,"G","9","Y",NA,"R",6,7,NA,NA,NA,NA,NA,NA,NA,NA,NA,NA,NA,NA,NA,NA,NA,NA,2020,7,TRUE,FALSE,TRUE,"Summer adult",0.438931297709924,122.593062602201
"Common Tern","RG9Z",NA,NA,"DD","30973","STEHIR",NA,6,275,106,2020-07-06,1899-12-31 22:15:00,"Atlit Salt-Pans",32.695,34.932,"Yosef Kiat",NA,NA,NA,"G9Z",NA,NA,NA,NA,"G","9","Z",NA,"R",6,7,NA,NA,NA,NA,NA,NA,NA,NA,NA,NA,NA,NA,NA,NA,NA,NA,2020,7,TRUE,FALSE,TRUE,"Summer adult",0.385454545454545,97.4905585093292
"Common Tern","RGAG",NA,NA,"DD","30974","STEHIR",NA,6,261,105,2020-07-06,1899-12-31 22:15:00,"Atlit Salt-Pans",32.695,34.932,"Yosef Kiat",NA,NA,NA,"GAG",NA,NA,NA,NA,"G","A","G",NA,"R",6,7,NA,NA,NA,NA,NA,NA,NA,NA,NA,NA,NA,NA,NA,NA,NA,NA,2020,7,TRUE,FALSE,TRUE,"Summer adult",0.402298850574713,113.245258317616
"Common Tern","RGBG",NA,NA,"DD","30975","STEHIR",NA,6,274,108,2020-07-06,1899-12-31 22:15:00,"Atlit Salt-Pans",32.695,34.932,"Yosef Kiat",NA,NA,NA,"GBG",NA,NA,NA,NA,"G","B","G",NA,"R",6,7,NA,NA,NA,NA,NA,NA,NA,NA,NA,NA,NA,NA,NA,NA,NA,NA,2020,7,TRUE,FALSE,TRUE,"Summer adult",0.394160583941606,100.439226426386
"Common Tern","RGCG",NA,NA,"DD","30976","STEHIR","M",6,273,135,2020-07-06,1899-12-31 22:15:00,"Atlit Salt-Pans",32.695,34.932,"Yosef Kiat",NA,NA,NA,"GCG",NA,NA,NA,NA,"G","C","G",NA,"R",6,7,NA,NA,NA,NA,NA,NA,NA,NA,NA,NA,NA,NA,NA,NA,NA,NA,2020,7,TRUE,FALSE,TRUE,"Summer adult",0.494505494505495,126.956200571533
"Common Tern","RGEG",NA,NA,"DD","30977","STEHIR",NA,6,264,117,2020-07-06,1899-12-31 22:15:00,"Atlit Salt-Pans",32.695,34.932,"Yosef Kiat",NA,NA,NA,"GEG",NA,NA,NA,NA,"G","E","G",NA,"R",6,7,NA,NA,NA,NA,NA,NA,NA,NA,NA,NA,NA,NA,NA,NA,NA,NA,2020,7,TRUE,FALSE,TRUE,"Summer adult",0.443181818181818,121.867045440272
"Common Tern","RGFG",NA,NA,"DD","30978","STEHIR",NA,6,263,106,2020-07-06,1899-12-31 22:15:00,"Atlit Salt-Pans",32.695,34.932,"Yosef Kiat",NA,NA,NA,"GFG",NA,NA,NA,NA,"G","F","G",NA,"R",6,7,NA,NA,NA,NA,NA,NA,NA,NA,NA,NA,NA,NA,NA,NA,NA,NA,2020,7,TRUE,FALSE,TRUE,"Summer adult",0.403041825095057,111.694177042843
"Common Tern","RGGG",NA,NA,"DD","30979","STEHIR",NA,6,260,96,2020-07-06,1899-12-31 22:15:00,"Atlit Salt-Pans",32.695,34.932,"Yosef Kiat",NA,NA,NA,"GGG",NA,NA,NA,NA,"G","G","G",NA,"R",6,7,NA,NA,NA,NA,NA,NA,NA,NA,NA,NA,NA,NA,NA,NA,NA,NA,2020,7,TRUE,FALSE,TRUE,"Summer adult",0.369230769230769,104.757245040138
"Common Tern","RGHG",NA,NA,"DD","30980","STEHIR",NA,6,270,118,2020-07-06,1899-12-31 22:15:00,"Atlit Salt-Pans",32.695,34.932,"Yosef Kiat",NA,NA,NA,"GHG",NA,NA,NA,NA,"G","H","G",NA,"R",6,7,NA,NA,NA,NA,NA,NA,NA,NA,NA,NA,NA,NA,NA,NA,NA,NA,2020,7,TRUE,FALSE,TRUE,"Summer adult",0.437037037037037,114.770664286856
"Common Tern","RGJG",NA,NA,"DD","30981","STEHIR",NA,6,255,102,2020-07-06,1899-12-31 22:15:00,"Atlit Salt-Pans",32.695,34.932,"Yosef Kiat",NA,NA,NA,"GJG",NA,NA,NA,NA,"G","J","G",NA,"R",6,7,NA,NA,NA,NA,NA,NA,NA,NA,NA,NA,NA,NA,NA,NA,NA,NA,2020,7,TRUE,FALSE,TRUE,"Summer adult",0.4,118.091970127528
"Common Tern","RGKG",NA,NA,"DD","30982","STEHIR",NA,6,266,106,2020-07-06,1899-12-31 22:15:00,"Atlit Salt-Pans",32.695,34.932,"Yosef Kiat",NA,NA,NA,"GKG",NA,NA,NA,NA,"G","K","G",NA,"R",6,7,NA,NA,NA,NA,NA,NA,NA,NA,NA,NA,NA,NA,NA,NA,NA,NA,2020,7,TRUE,FALSE,TRUE,"Summer adult",0.398496240601504,107.898308073087
"Common Tern","RGLG",NA,NA,"DD","30983","STEHIR",NA,6,269,107,2020-07-06,1899-12-31 22:15:00,"Atlit Salt-Pans",32.695,34.932,"Yosef Kiat",NA,NA,NA,"GLG",NA,NA,NA,NA,"G","L","G",NA,"R",6,7,NA,NA,NA,NA,NA,NA,NA,NA,NA,NA,NA,NA,NA,NA,NA,NA,2020,7,TRUE,FALSE,TRUE,"Summer adult",0.397769516728625,105.255562202775
"Common Tern","RGMG",NA,NA,"DD","30984","STEHIR",NA,6,267,103,2020-07-06,1899-12-31 22:15:00,"Atlit Salt-Pans",32.695,34.932,"Yosef Kiat",NA,NA,NA,"GMG",NA,NA,NA,NA,"G","M","G",NA,"R",6,7,NA,NA,NA,NA,NA,NA,NA,NA,NA,NA,NA,NA,NA,NA,NA,NA,2020,7,TRUE,FALSE,TRUE,"Summer adult",0.385767790262172,103.65214775412
"Common Tern","RGNG",NA,NA,"DD","30985","STEHIR",NA,6,269,115,2020-07-06,1899-12-31 23:30:00,"Atlit Salt-Pans",32.695,34.932,"Yosef Kiat",NA,NA,NA,"GNG",NA,NA,NA,NA,"G","N","G",NA,"R",6,7,NA,NA,NA,NA,NA,NA,NA,NA,NA,NA,NA,NA,NA,NA,NA,NA,2020,7,TRUE,FALSE,TRUE,"Summer adult",0.427509293680297,113.125136946908
"Common Tern","RINM",NA,"R","DD","25310","STEHIR",NA,12,258,101,2020-07-07,1899-12-31 00:30:00,"Atlit Salt-Pans",32.695,34.932,"Yosef Kiat",NA,NA,NA,"INM",NA,NA,NA,NA,"I","N","M",NA,"R",7,7,NA,NA,NA,NA,NA,NA,NA,NA,NA,NA,NA,NA,NA,NA,NA,NA,2020,7,FALSE,TRUE,TRUE,"Summer adult",0.391472868217054,112.83850653665
"Common Tern","NIJ5",NA,"R","DD","23469","STEHIR",NA,16,262,115,2020-07-07,1899-12-31 00:30:00,"Atlit Salt-Pans",32.695,34.932,"Yosef Kiat",NA,NA,NA,"IJ5",NA,NA,NA,NA,"I","J","5",NA,"N",7,7,NA,NA,NA,NA,NA,NA,NA,NA,NA,NA,NA,NA,NA,NA,NA,NA,2020,7,FALSE,TRUE,TRUE,"Summer adult",0.438931297709924,122.593062602201
"Common Tern","RGTG",NA,NA,"DD","30989","STEHIR",NA,6,265,133,2020-07-07,1899-12-31 00:30:00,"Atlit Salt-Pans",32.695,34.932,"Yosef Kiat",NA,NA,NA,"GTG",NA,NA,NA,NA,"G","T","G",NA,"R",7,7,NA,NA,NA,NA,NA,NA,NA,NA,NA,NA,NA,NA,NA,NA,NA,NA,2020,7,TRUE,FALSE,TRUE,"Summer adult",0.50188679245283,136.945198474792
"Common Tern","RGUG",NA,NA,"DD","30990","STEHIR","F",6,260,109,2020-07-07,1899-12-31 00:30:00,"Atlit Salt-Pans",32.695,34.932,"Yosef Kiat",NA,NA,NA,"GUG",NA,NA,NA,NA,"G","U","G",NA,"R",7,7,NA,NA,NA,NA,NA,NA,NA,NA,NA,NA,NA,NA,NA,NA,NA,NA,2020,7,TRUE,FALSE,TRUE,"Summer adult",0.419230769230769,118.943121972657
"Common Tern","RGVG",NA,NA,"DD","30991","STEHIR","F",6,273,115,2020-07-07,1899-12-31 00:30:00,"Atlit Salt-Pans",32.695,34.932,"Yosef Kiat",NA,NA,NA,"GVG",NA,NA,NA,NA,"G","V","G",NA,"R",7,7,NA,NA,NA,NA,NA,NA,NA,NA,NA,NA,NA,NA,NA,NA,NA,NA,2020,7,TRUE,FALSE,TRUE,"Summer adult",0.421245421245421,108.147874560936
"Common Tern","RGWG",NA,NA,"DD","30992","STEHIR",NA,6,255,118,2020-07-07,1899-12-31 00:30:00,"Atlit Salt-Pans",32.695,34.932,"Yosef Kiat",NA,NA,NA,"GWG",NA,NA,NA,NA,"G","W","G",NA,"R",7,7,NA,NA,NA,NA,NA,NA,NA,NA,NA,NA,NA,NA,NA,NA,NA,NA,2020,7,TRUE,FALSE,TRUE,"Summer adult",0.462745098039216,136.616200735768
"Common Tern","RGYG",NA,NA,"DD","30994","STEHIR",NA,6,267,119,2020-07-07,1899-12-31 00:30:00,"Atlit Salt-Pans",32.695,34.932,"Yosef Kiat",NA,NA,NA,"GYG",NA,NA,NA,NA,"G","Y","G",NA,"R",7,7,NA,NA,NA,NA,NA,NA,NA,NA,NA,NA,NA,NA,NA,NA,NA,NA,2020,7,TRUE,FALSE,TRUE,"Summer adult",0.445692883895131,119.753452259614
"Common Tern","RGEJ",NA,NA,"DD","32018","STEHIR","M",6,270,110,2020-07-21,1899-12-31 21:30:00,"Atlit Salt-Pans",32.695,34.932,"Yosef Kiat",NA,NA,NA,"GEJ",NA,NA,NA,NA,"G","E","J",NA,"R",21,7,NA,NA,NA,NA,NA,NA,NA,NA,NA,NA,NA,NA,NA,NA,NA,NA,2020,7,TRUE,FALSE,TRUE,"Summer adult",0.407407407407407,106.989602301306
"Common Tern","RGFJ",NA,NA,"DD","32019","STEHIR",NA,6,265,108,2020-07-21,1899-12-31 21:30:00,"Atlit Salt-Pans",32.695,34.932,"Yosef Kiat",NA,NA,NA,"GFJ",NA,NA,NA,NA,"G","F","J",NA,"R",21,7,NA,NA,NA,NA,NA,NA,NA,NA,NA,NA,NA,NA,NA,NA,NA,NA,2020,7,TRUE,FALSE,TRUE,"Summer adult",0.407547169811321,111.203619814117
"Common Tern","RGGJ",NA,NA,"DD","32020","STEHIR",NA,6,255,102,2020-07-21,1899-12-31 21:30:00,"Atlit Salt-Pans",32.695,34.932,"Yosef Kiat",NA,NA,NA,"GGJ",NA,NA,NA,NA,"G","G","J",NA,"R",21,7,NA,NA,NA,NA,NA,NA,NA,NA,NA,NA,NA,NA,NA,NA,NA,NA,2020,7,TRUE,FALSE,TRUE,"Summer adult",0.4,118.091970127528
"Common Tern","RGHJ",NA,NA,"DD","32021","STEHIR",NA,6,269,103,2020-07-21,1899-12-31 21:30:00,"Atlit Salt-Pans",32.695,34.932,"Yosef Kiat",NA,NA,NA,"GHJ",NA,NA,NA,NA,"G","H","J",NA,"R",21,7,NA,NA,NA,NA,NA,NA,NA,NA,NA,NA,NA,NA,NA,NA,NA,NA,2020,7,TRUE,FALSE,TRUE,"Summer adult",0.382899628252788,101.320774830709
"Common Tern","RGJJ",NA,NA,"DD","32022","STEHIR",NA,6,273,123,2020-07-21,1899-12-31 21:30:00,"Atlit Salt-Pans",32.695,34.932,"Yosef Kiat",NA,NA,NA,"GJJ",NA,NA,NA,NA,"G","J","J",NA,"R",21,7,NA,NA,NA,NA,NA,NA,NA,NA,NA,NA,NA,NA,NA,NA,NA,NA,2020,7,TRUE,FALSE,TRUE,"Summer adult",0.450549450549451,115.671204965175
"Common Tern","NG5F",NA,"R","DD","28050","STEHIR",NA,7,263,108,2020-07-21,1899-12-31 23:00:00,"Atlit Salt-Pans",32.695,34.932,"Yosef Kiat",NA,NA,NA,"G5F",NA,NA,NA,NA,"G","5","F",NA,"N",21,7,NA,NA,NA,NA,NA,NA,NA,NA,NA,NA,NA,NA,NA,NA,NA,NA,2020,7,FALSE,TRUE,TRUE,"Summer adult",0.4106463878327,113.801614345538
"Common Tern","RGSJ",NA,NA,"DD","32029","STEHIR",NA,6,269,131,2020-07-21,1899-12-31 23:00:00,"Atlit Salt-Pans",32.695,34.932,"Yosef Kiat",NA,NA,NA,"GSJ",NA,NA,NA,NA,"G","S","J",NA,"R",21,7,NA,NA,NA,NA,NA,NA,NA,NA,NA,NA,NA,NA,NA,NA,NA,NA,2020,7,TRUE,FALSE,TRUE,"Summer adult",0.486988847583643,128.864286435174
"Common Tern","RGTJ",NA,NA,"DD","32030","STEHIR",NA,6,265,134,2020-07-21,1899-12-31 23:00:00,"Atlit Salt-Pans",32.695,34.932,"Yosef Kiat",NA,NA,NA,"GTJ",NA,NA,NA,NA,"G","T","J",NA,"R",21,7,NA,NA,NA,NA,NA,NA,NA,NA,NA,NA,NA,NA,NA,NA,NA,NA,2020,7,TRUE,FALSE,TRUE,"Summer adult",0.505660377358491,137.974861621219
"Common Tern","RGUJ",NA,NA,"DD","32031","STEHIR",NA,6,268,123,2020-07-21,1899-12-31 23:00:00,"Atlit Salt-Pans",32.695,34.932,"Yosef Kiat",NA,NA,NA,"GUJ",NA,NA,NA,NA,"G","U","J",NA,"R",21,7,NA,NA,NA,NA,NA,NA,NA,NA,NA,NA,NA,NA,NA,NA,NA,NA,2020,7,TRUE,FALSE,TRUE,"Summer adult",0.458955223880597,122.376231252183
"Common Tern","RGVJ",NA,NA,"DD","32032","STEHIR",NA,6,260,115,2020-07-21,1899-12-31 23:00:00,"Atlit Salt-Pans",32.695,34.932,"Yosef Kiat",NA,NA,NA,"GVJ",NA,NA,NA,NA,"G","V","J",NA,"R",21,7,NA,NA,NA,NA,NA,NA,NA,NA,NA,NA,NA,NA,NA,NA,NA,NA,2020,7,TRUE,FALSE,TRUE,"Summer adult",0.442307692307692,125.490449787665
"Common Tern","NG7S",NA,"R","DD","28104","STEHIR",NA,7,256,117,2020-07-21,1899-12-31 23:00:00,"Atlit Salt-Pans",32.695,34.932,"Yosef Kiat",NA,NA,NA,"G7S",NA,NA,NA,NA,"G","7","S",NA,"N",21,7,NA,NA,NA,NA,NA,NA,NA,NA,NA,NA,NA,NA,NA,NA,NA,NA,2020,7,FALSE,TRUE,TRUE,"Summer adult",0.45703125,133.851886254152
"Common Tern","RGWJ",NA,NA,"DD","32033","STEHIR",NA,6,260,116,2020-07-21,1899-12-31 23:00:00,"Atlit Salt-Pans",32.695,34.932,"Yosef Kiat",NA,NA,NA,"GWJ",NA,NA,NA,NA,"G","W","J",NA,"R",21,7,NA,NA,NA,NA,NA,NA,NA,NA,NA,NA,NA,NA,NA,NA,NA,NA,2020,7,TRUE,FALSE,TRUE,"Summer adult",0.446153846153846,126.581671090167
"Common Tern","RGXJ",NA,NA,"DD","32034","STEHIR",NA,6,264,104,2020-07-21,1899-12-31 23:00:00,"Atlit Salt-Pans",32.695,34.932,"Yosef Kiat",NA,NA,NA,"GXJ",NA,NA,NA,NA,"G","X","J",NA,"R",21,7,NA,NA,NA,NA,NA,NA,NA,NA,NA,NA,NA,NA,NA,NA,NA,NA,2020,7,TRUE,FALSE,TRUE,"Summer adult",0.393939393939394,108.326262613575
"Common Tern","GIH7",NA,"R","DD","21295","STEHIR",NA,18,275,111,2020-07-22,1899-12-31,"Atlit Salt-Pans",32.695,34.932,"Yosef Kiat",NA,NA,NA,"IH7",NA,NA,NA,NA,"I","H","7",NA,"G",22,7,NA,NA,NA,NA,NA,NA,NA,NA,NA,NA,NA,NA,NA,NA,NA,NA,2020,7,FALSE,TRUE,TRUE,"Summer adult",0.403636363636364,102.089169759769
"Common Tern","RGYJ",NA,NA,"DD","32035","STEHIR",NA,6,267,110,2020-07-22,1899-12-31,"Atlit Salt-Pans",32.695,34.932,"Yosef Kiat",NA,NA,NA,"GYJ",NA,NA,NA,NA,"G","Y","J",NA,"R",22,7,NA,NA,NA,NA,NA,NA,NA,NA,NA,NA,NA,NA,NA,NA,NA,NA,2020,7,TRUE,FALSE,TRUE,"Summer adult",0.411985018726592,110.696468475274
"Common Tern","RGZJ",NA,NA,"DD","32036","STEHIR",NA,6,254,106,2020-07-22,1899-12-31,"Atlit Salt-Pans",32.695,34.932,"Yosef Kiat",NA,NA,NA,"GZJ",NA,NA,NA,NA,"G","Z","J",NA,"R",22,7,NA,NA,NA,NA,NA,NA,NA,NA,NA,NA,NA,NA,NA,NA,NA,NA,2020,7,TRUE,FALSE,TRUE,"Summer adult",0.417322834645669,124.201826796483
"Common Tern","RGAK",NA,NA,"DD","32037","STEHIR",NA,6,269,122,2020-07-22,1899-12-31,"Atlit Salt-Pans",32.695,34.932,"Yosef Kiat",NA,NA,NA,"GAK",NA,NA,NA,NA,"G","A","K",NA,"R",22,7,NA,NA,NA,NA,NA,NA,NA,NA,NA,NA,NA,NA,NA,NA,NA,NA,2020,7,TRUE,FALSE,TRUE,"Summer adult",0.453531598513011,120.011014848024
"Common Tern","RGBK",NA,NA,"DD","32038","STEHIR",NA,6,273,128,2020-07-22,1899-12-31,"Atlit Salt-Pans",32.695,34.932,"Yosef Kiat",NA,NA,NA,"GBK",NA,NA,NA,NA,"G","B","K",NA,"R",22,7,NA,NA,NA,NA,NA,NA,NA,NA,NA,NA,NA,NA,NA,NA,NA,NA,2020,7,TRUE,FALSE,TRUE,"Summer adult",0.468864468864469,120.373286467824
"Common Tern","RGFK",NA,NA,"DD","32041","STEHIR","F",6,258,104,2020-07-22,1899-12-31,"Atlit Salt-Pans",32.695,34.932,"Yosef Kiat",NA,NA,NA,"GFK",NA,NA,NA,NA,"G","F","K",NA,"R",22,7,NA,NA,NA,NA,NA,NA,NA,NA,NA,NA,NA,NA,NA,NA,NA,NA,2020,7,TRUE,FALSE,TRUE,"Summer adult",0.403100775193798,116.190145344669
"Common Tern","RGKK",NA,NA,"DD","32045","STEHIR",NA,6,262,131,2020-07-28,1899-12-31 20:30:00,"Atlit Salt-Pans",32.695,34.932,"Yosef Kiat",NA,NA,NA,"GKK",NA,NA,NA,NA,"G","K","K",NA,"R",28,7,NA,NA,NA,NA,NA,NA,NA,NA,NA,NA,NA,NA,NA,NA,NA,NA,2020,7,TRUE,FALSE,TRUE,"Summer adult",0.5,139.649488703376
"Common Tern","RGLK",NA,NA,"DD","32046","STEHIR",NA,6,264,124,2020-07-28,1899-12-31 20:30:00,"Atlit Salt-Pans",32.695,34.932,"Yosef Kiat",NA,NA,NA,"GLK",NA,NA,NA,NA,"G","L","K",NA,"R",28,7,NA,NA,NA,NA,NA,NA,NA,NA,NA,NA,NA,NA,NA,NA,NA,NA,2020,7,TRUE,FALSE,TRUE,"Summer adult",0.46969696969697,129.158236193109
"Common Tern","NICV",NA,"R","DD","23211","STEHIR","M",16,267,105,2020-07-28,1899-12-31 20:30:00,"Atlit Salt-Pans",32.695,34.932,"Yosef Kiat",NA,NA,NA,"ICV",NA,NA,NA,NA,"I","C","V",NA,"N",28,7,NA,NA,NA,NA,NA,NA,NA,NA,NA,NA,NA,NA,NA,NA,NA,NA,2020,7,FALSE,TRUE,TRUE,"Summer adult",0.393258426966292,105.664810817307
"Common Tern","YGST",NA,"R","DD","30586","STEHIR",NA,6,265,114,2020-07-28,1899-12-31 20:30:00,"Atlit Salt-Pans",32.695,34.932,"Yosef Kiat",NA,NA,NA,"GST",NA,NA,NA,NA,"G","S","T",NA,"Y",28,7,NA,NA,NA,NA,NA,NA,NA,NA,NA,NA,NA,NA,NA,NA,NA,NA,2020,7,FALSE,TRUE,TRUE,"Summer adult",0.430188679245283,117.381598692679
"Common Tern","RGGL",NA,NA,"DD","32064","STEHIR",NA,6,263,106,2020-07-28,1899-12-31 21:00:00,"Atlit Salt-Pans",32.695,34.932,"Yosef Kiat",NA,NA,NA,"GGL",NA,NA,NA,NA,"G","G","L",NA,"R",28,7,NA,NA,NA,NA,NA,NA,NA,NA,NA,NA,NA,NA,NA,NA,NA,NA,2020,7,TRUE,FALSE,TRUE,"Summer adult",0.403041825095057,111.694177042843
"Common Tern","RGHL",NA,NA,"DD","32065","STEHIR",NA,6,272,131,2020-07-28,1899-12-31 21:00:00,"Atlit Salt-Pans",32.695,34.932,"Yosef Kiat",NA,NA,NA,"GHL",NA,NA,NA,NA,"G","H","L",NA,"R",28,7,NA,NA,NA,NA,NA,NA,NA,NA,NA,NA,NA,NA,NA,NA,NA,NA,2020,7,TRUE,FALSE,TRUE,"Summer adult",0.481617647058824,124.580408917817
"Common Tern","RGJL",NA,NA,"DD","32066","STEHIR",NA,6,272,121,2020-07-28,1899-12-31 21:00:00,"Atlit Salt-Pans",32.695,34.932,"Yosef Kiat",NA,NA,NA,"GJL",NA,NA,NA,NA,"G","J","L",NA,"R",28,7,NA,NA,NA,NA,NA,NA,NA,NA,NA,NA,NA,NA,NA,NA,NA,NA,2020,7,TRUE,FALSE,TRUE,"Summer adult",0.444852941176471,115.070454038594
"Common Tern","RGKL",NA,NA,"DD","32067","STEHIR",NA,6,268,129,2020-07-28,1899-12-31 21:00:00,"Atlit Salt-Pans",32.695,34.932,"Yosef Kiat",NA,NA,NA,"GKL",NA,NA,NA,NA,"G","K","L",NA,"R",28,7,NA,NA,NA,NA,NA,NA,NA,NA,NA,NA,NA,NA,NA,NA,NA,NA,2020,7,TRUE,FALSE,TRUE,"Summer adult",0.48134328358209,128.345803508387
"Common Tern","RGLL",NA,NA,"DD","32068","STEHIR",NA,6,266,115,2020-07-28,1899-12-31 21:00:00,"Atlit Salt-Pans",32.695,34.932,"Yosef Kiat",NA,NA,NA,"GLL",NA,NA,NA,NA,"G","L","L",NA,"R",28,7,NA,NA,NA,NA,NA,NA,NA,NA,NA,NA,NA,NA,NA,NA,NA,NA,2020,7,TRUE,FALSE,TRUE,"Summer adult",0.432330827067669,117.059485173632
"Common Tern","RGML",NA,NA,"DD","32069","STEHIR",NA,6,262,129,2020-07-28,1899-12-31 21:00:00,"Atlit Salt-Pans",32.695,34.932,"Yosef Kiat",NA,NA,NA,"GML",NA,NA,NA,NA,"G","M","L",NA,"R",28,7,NA,NA,NA,NA,NA,NA,NA,NA,NA,NA,NA,NA,NA,NA,NA,NA,2020,7,TRUE,FALSE,TRUE,"Summer adult",0.49236641221374,137.517435440729
"Common Tern","RGNL",NA,NA,"DD","32070","STEHIR",NA,6,279,136,2020-07-28,1899-12-31 21:00:00,"Atlit Salt-Pans",32.695,34.932,"Yosef Kiat",NA,NA,NA,"GNL",NA,NA,NA,NA,"G","N","L",NA,"R",28,7,NA,NA,NA,NA,NA,NA,NA,NA,NA,NA,NA,NA,NA,NA,NA,NA,2020,7,TRUE,FALSE,TRUE,"Summer adult",0.487455197132616,119.695482741381
"Common Tern","RGPL",NA,NA,"DD","32071","STEHIR",NA,6,268,136,2020-07-28,1899-12-31 21:00:00,"Atlit Salt-Pans",32.695,34.932,"Yosef Kiat",NA,NA,NA,"GPL",NA,NA,NA,NA,"G","P","L",NA,"R",28,7,NA,NA,NA,NA,NA,NA,NA,NA,NA,NA,NA,NA,NA,NA,NA,NA,2020,7,TRUE,FALSE,TRUE,"Summer adult",0.507462686567164,135.310304473958
"Common Tern","RGRL",NA,NA,"DD","32072","STEHIR",NA,6,263,111,2020-07-28,1899-12-31 21:00:00,"Atlit Salt-Pans",32.695,34.932,"Yosef Kiat",NA,NA,NA,"GRL",NA,NA,NA,NA,"G","R","L",NA,"R",28,7,NA,NA,NA,NA,NA,NA,NA,NA,NA,NA,NA,NA,NA,NA,NA,NA,2020,7,TRUE,FALSE,TRUE,"Summer adult",0.422053231939163,116.962770299581
"Common Tern","RGSL",NA,NA,"DD","32073","STEHIR",NA,6,268,127,2020-07-28,1899-12-31 21:00:00,"Atlit Salt-Pans",32.695,34.932,"Yosef Kiat",NA,NA,NA,"GSL",NA,NA,NA,NA,"G","S","L",NA,"R",28,7,NA,NA,NA,NA,NA,NA,NA,NA,NA,NA,NA,NA,NA,NA,NA,NA,2020,7,TRUE,FALSE,TRUE,"Summer adult",0.473880597014925,126.355946089652
"Common Tern","RGTL",NA,NA,"DD","32074","STEHIR",NA,6,263,110,2020-07-28,1899-12-31 21:00:00,"Atlit Salt-Pans",32.695,34.932,"Yosef Kiat",NA,NA,NA,"GTL",NA,NA,NA,NA,"G","T","L",NA,"R",28,7,NA,NA,NA,NA,NA,NA,NA,NA,NA,NA,NA,NA,NA,NA,NA,NA,2020,7,TRUE,FALSE,TRUE,"Summer adult",0.418250950570342,115.909051648234
"Common Tern","RGUL",NA,NA,"DD","32075","STEHIR",NA,6,257,120,2020-07-28,1899-12-31 22:30:00,"Atlit Salt-Pans",32.695,34.932,"Yosef Kiat",NA,NA,NA,"GUL",NA,NA,NA,NA,"G","U","L",NA,"R",28,7,NA,NA,NA,NA,NA,NA,NA,NA,NA,NA,NA,NA,NA,NA,NA,NA,2020,7,TRUE,FALSE,TRUE,"Summer adult",0.466926070038911,135.662094773435
"Common Tern","RGVL",NA,NA,"DD","32076","STEHIR",NA,6,265,103,2020-07-28,1899-12-31 22:30:00,"Atlit Salt-Pans",32.695,34.932,"Yosef Kiat",NA,NA,NA,"GVL",NA,NA,NA,NA,"G","V","L",NA,"R",28,7,NA,NA,NA,NA,NA,NA,NA,NA,NA,NA,NA,NA,NA,NA,NA,NA,2020,7,TRUE,FALSE,TRUE,"Summer adult",0.388679245283019,106.055304081982
"Common Tern","RGWL",NA,NA,"DD","32077","STEHIR",NA,6,263,125,2020-07-28,1899-12-31 22:30:00,"Atlit Salt-Pans",32.695,34.932,"Yosef Kiat",NA,NA,NA,"GWL",NA,NA,NA,NA,"G","W","L",NA,"R",28,7,NA,NA,NA,NA,NA,NA,NA,NA,NA,NA,NA,NA,NA,NA,NA,NA,2020,7,TRUE,FALSE,TRUE,"Summer adult",0.475285171102662,131.714831418447
"Common Tern","RGXL",NA,NA,"DD","32078","STEHIR",NA,6,265,134,2020-07-28,1899-12-31 22:30:00,"Atlit Salt-Pans",32.695,34.932,"Yosef Kiat",NA,NA,NA,"GXL",NA,NA,NA,NA,"G","X","L",NA,"R",28,7,NA,NA,NA,NA,NA,NA,NA,NA,NA,NA,NA,NA,NA,NA,NA,NA,2020,7,TRUE,FALSE,TRUE,"Summer adult",0.505660377358491,137.974861621219
"Common Tern","RGLM",NA,NA,"DD","32090","STEHIR",NA,6,270,126,2020-07-28,1899-12-31 23:30:00,"Atlit Salt-Pans",32.695,34.932,"Yosef Kiat",NA,NA,NA,"GLM",NA,NA,NA,NA,"G","L","M",NA,"R",28,7,NA,NA,NA,NA,NA,NA,NA,NA,NA,NA,NA,NA,NA,NA,NA,NA,2020,7,TRUE,FALSE,TRUE,"Summer adult",0.466666666666667,122.551726272405
"Common Tern","GGBU",NA,NA,"DX","10734","STEHIR",NA,6,265,112,2021-06-27,1899-12-31 21:00:00,"Atlit Salt-Pans",32.695,34.932,"Yosef Kiat",NA,NA,NA,"GBU",NA,NA,NA,NA,"G","B","U",NA,"G",27,6,NA,NA,NA,NA,NA,NA,NA,NA,NA,NA,NA,NA,NA,NA,NA,NA,2021,6,TRUE,FALSE,TRUE,"Summer adult",0.422641509433962,115.322272399825
"Common Tern","GGCU",NA,NA,"DX","10735","STEHIR",NA,6,279,114,2021-06-27,1899-12-31 21:00:00,"Atlit Salt-Pans",32.695,34.932,"Yosef Kiat",NA,NA,NA,"GCU",NA,NA,NA,NA,"G","C","U",NA,"G",27,6,NA,NA,NA,NA,NA,NA,NA,NA,NA,NA,NA,NA,NA,NA,NA,NA,2021,6,TRUE,FALSE,TRUE,"Summer adult",0.408602150537634,100.332978180275
"Common Tern","GGEU",NA,NA,"DX","10736","STEHIR",NA,6,257,111,2021-06-27,1899-12-31 21:00:00,"Atlit Salt-Pans",32.695,34.932,"Yosef Kiat",NA,NA,NA,"GEU",NA,NA,NA,NA,"G","E","U",NA,"G",27,6,NA,NA,NA,NA,NA,NA,NA,NA,NA,NA,NA,NA,NA,NA,NA,NA,2021,6,TRUE,FALSE,TRUE,"Summer adult",0.431906614785992,125.487437665427
"Common Tern","GGFU",NA,NA,"DX","10737","STEHIR",NA,6,268,118,2021-06-27,1899-12-31 21:00:00,"Atlit Salt-Pans",32.695,34.932,"Yosef Kiat",NA,NA,NA,"GFU",NA,NA,NA,NA,"G","F","U",NA,"G",27,6,NA,NA,NA,NA,NA,NA,NA,NA,NA,NA,NA,NA,NA,NA,NA,NA,2021,6,TRUE,FALSE,TRUE,"Summer adult",0.440298507462687,117.401587705346
"Common Tern","GGGU",NA,NA,"DX","10738","STEHIR",NA,6,266,117,2021-06-27,1899-12-31 21:00:00,"Atlit Salt-Pans",32.695,34.932,"Yosef Kiat",NA,NA,NA,"GGU",NA,NA,NA,NA,"G","G","U",NA,"G",27,6,NA,NA,NA,NA,NA,NA,NA,NA,NA,NA,NA,NA,NA,NA,NA,NA,2021,6,TRUE,FALSE,TRUE,"Summer adult",0.43984962406015,119.095302307086
"Common Tern","GGHU",NA,NA,"DX","10739","STEHIR",NA,6,274,114,2021-06-27,1899-12-31 21:00:00,"Atlit Salt-Pans",32.695,34.932,"Yosef Kiat",NA,NA,NA,"GHU",NA,NA,NA,NA,"G","H","U",NA,"G",27,6,NA,NA,NA,NA,NA,NA,NA,NA,NA,NA,NA,NA,NA,NA,NA,NA,2021,6,TRUE,FALSE,TRUE,"Summer adult",0.416058394160584,106.019183450074
"Common Tern","GGJU",NA,NA,"DX","10740","STEHIR",NA,6,275,127,2021-06-27,1899-12-31 21:00:00,"Atlit Salt-Pans",32.695,34.932,"Yosef Kiat",NA,NA,NA,"GJU",NA,NA,NA,NA,"G","J","U",NA,"G",27,6,NA,NA,NA,NA,NA,NA,NA,NA,NA,NA,NA,NA,NA,NA,NA,NA,2021,6,TRUE,FALSE,TRUE,"Summer adult",0.461818181818182,116.804725761177
"Common Tern","GGKU",NA,NA,"DX","10741","STEHIR",NA,6,278,134,2021-06-27,1899-12-31 21:00:00,"Atlit Salt-Pans",32.695,34.932,"Yosef Kiat",NA,NA,NA,"GKU",NA,NA,NA,NA,"G","K","U",NA,"G",27,6,NA,NA,NA,NA,NA,NA,NA,NA,NA,NA,NA,NA,NA,NA,NA,NA,2021,6,TRUE,FALSE,TRUE,"Summer adult",0.482014388489209,119.233225094748
"Common Tern","GGLU",NA,NA,"DX","10742","STEHIR",NA,6,267,109,2021-06-27,1899-12-31 21:00:00,"Atlit Salt-Pans",32.695,34.932,"Yosef Kiat",NA,NA,NA,"GLU",NA,NA,NA,NA,"G","L","U",NA,"G",27,6,NA,NA,NA,NA,NA,NA,NA,NA,NA,NA,NA,NA,NA,NA,NA,NA,2021,6,TRUE,FALSE,TRUE,"Summer adult",0.408239700374532,109.69013694368
"Common Tern","GGNU",NA,NA,"DX","10744","STEHIR",NA,6,274,111,2021-06-27,1899-12-31 21:00:00,"Atlit Salt-Pans",32.695,34.932,"Yosef Kiat",NA,NA,NA,"GNU",NA,NA,NA,NA,"G","N","U",NA,"G",27,6,NA,NA,NA,NA,NA,NA,NA,NA,NA,NA,NA,NA,NA,NA,NA,NA,2021,6,TRUE,FALSE,TRUE,"Summer adult",0.405109489051095,103.22920493823
"Common Tern","GGPU",NA,NA,"DX","10745","STEHIR",NA,6,268,111,2021-06-27,1899-12-31 21:00:00,"Atlit Salt-Pans",32.695,34.932,"Yosef Kiat",NA,NA,NA,"GPU",NA,NA,NA,NA,"G","P","U",NA,"G",27,6,NA,NA,NA,NA,NA,NA,NA,NA,NA,NA,NA,NA,NA,NA,NA,NA,2021,6,TRUE,FALSE,TRUE,"Summer adult",0.414179104477612,110.437086739774
"Common Tern","GGRU",NA,NA,"DX","10746","STEHIR",NA,6,251,105,2021-06-27,1899-12-31 21:00:00,"Atlit Salt-Pans",32.695,34.932,"Yosef Kiat",NA,NA,NA,"GRU",NA,NA,NA,NA,"G","R","U",NA,"G",27,6,NA,NA,NA,NA,NA,NA,NA,NA,NA,NA,NA,NA,NA,NA,NA,NA,2021,6,TRUE,FALSE,TRUE,"Summer adult",0.418326693227092,127.567768494172
"Common Tern","GGSU",NA,NA,"DX","10747","STEHIR","M",6,263,108,2021-06-27,1899-12-31 21:00:00,"Atlit Salt-Pans",32.695,34.932,"Yosef Kiat",NA,NA,NA,"GSU",NA,NA,NA,NA,"G","S","U",NA,"G",27,6,NA,NA,NA,NA,NA,NA,NA,NA,NA,NA,NA,NA,NA,NA,NA,NA,2021,6,TRUE,FALSE,TRUE,"Summer adult",0.4106463878327,113.801614345538
"Common Tern","GGTU",NA,NA,"DX","10748","STEHIR",NA,6,254,104,2021-06-27,1899-12-31 21:00:00,"Atlit Salt-Pans",32.695,34.932,"Yosef Kiat",NA,NA,NA,"GTU",NA,NA,NA,NA,"G","T","U",NA,"G",27,6,NA,NA,NA,NA,NA,NA,NA,NA,NA,NA,NA,NA,NA,NA,NA,NA,2021,6,TRUE,FALSE,TRUE,"Summer adult",0.409448818897638,121.85839610221
"Common Tern","GGUU",NA,NA,"DX","10749","STEHIR",NA,6,270,124,2021-06-27,1899-12-31 21:00:00,"Atlit Salt-Pans",32.695,34.932,"Yosef Kiat",NA,NA,NA,"GUU",NA,NA,NA,NA,"G","U","U",NA,"G",27,6,NA,NA,NA,NA,NA,NA,NA,NA,NA,NA,NA,NA,NA,NA,NA,NA,2021,6,TRUE,FALSE,TRUE,"Summer adult",0.459259259259259,120.606460776018
"Common Tern","GGWU",NA,NA,"DX","10750","STEHIR",NA,6,268,120,2021-06-27,1899-12-31 21:00:00,"Atlit Salt-Pans",32.695,34.932,"Yosef Kiat",NA,NA,NA,"GWU",NA,NA,NA,NA,"G","W","U",NA,"G",27,6,NA,NA,NA,NA,NA,NA,NA,NA,NA,NA,NA,NA,NA,NA,NA,NA,2021,6,TRUE,FALSE,TRUE,"Summer adult",0.447761194029851,119.391445124081
"Common Tern","GGVU",NA,NA,"DX","10751","STEHIR",NA,6,272,111,2021-06-27,1899-12-31 21:00:00,"Atlit Salt-Pans",32.695,34.932,"Yosef Kiat",NA,NA,NA,"GVU",NA,NA,NA,NA,"G","V","U",NA,"G",27,6,NA,NA,NA,NA,NA,NA,NA,NA,NA,NA,NA,NA,NA,NA,NA,NA,2021,6,TRUE,FALSE,TRUE,"Summer adult",0.408088235294118,105.560499159371
"Common Tern","GGXU",NA,NA,"DX","10752","STEHIR",NA,6,267,116,2021-06-27,1899-12-31 21:00:00,"Atlit Salt-Pans",32.695,34.932,"Yosef Kiat",NA,NA,NA,"GXU",NA,NA,NA,NA,"G","X","U",NA,"G",27,6,NA,NA,NA,NA,NA,NA,NA,NA,NA,NA,NA,NA,NA,NA,NA,NA,2021,6,TRUE,FALSE,TRUE,"Summer adult",0.434456928838951,116.734457664834
"Common Tern","GGYU",NA,NA,"DX","10753","STEHIR",NA,6,258,97,2021-06-27,1899-12-31 22:00:00,"Atlit Salt-Pans",32.695,34.932,"Yosef Kiat",NA,NA,NA,"GYU",NA,NA,NA,NA,"G","Y","U",NA,"G",27,6,NA,NA,NA,NA,NA,NA,NA,NA,NA,NA,NA,NA,NA,NA,NA,NA,2021,6,TRUE,FALSE,TRUE,"Summer adult",0.375968992248062,108.369654792624
"Common Tern","GGZU",NA,NA,"DX","10754","STEHIR",NA,6,265,116,2021-06-27,1899-12-31 22:00:00,"Atlit Salt-Pans",32.695,34.932,"Yosef Kiat",NA,NA,NA,"GZU",NA,NA,NA,NA,"G","Z","U",NA,"G",27,6,NA,NA,NA,NA,NA,NA,NA,NA,NA,NA,NA,NA,NA,NA,NA,NA,2021,6,TRUE,FALSE,TRUE,"Summer adult",0.437735849056604,119.440924985533
"Common Tern","GGAV",NA,NA,"DX","10755","STEHIR","M",6,268,114,2021-06-27,1899-12-31 22:00:00,"Atlit Salt-Pans",32.695,34.932,"Yosef Kiat",NA,NA,NA,"GAV",NA,NA,NA,NA,"G","A","V",NA,"G",27,6,NA,NA,NA,NA,NA,NA,NA,NA,NA,NA,NA,NA,NA,NA,NA,NA,2021,6,TRUE,FALSE,TRUE,"Summer adult",0.425373134328358,113.421872867876
"Common Tern","GGBV",NA,NA,"DX","10756","STEHIR",NA,6,264,113,2021-06-27,1899-12-31 22:00:00,"Atlit Salt-Pans",32.695,34.932,"Yosef Kiat",NA,NA,NA,"GBV",NA,NA,NA,NA,"G","B","V",NA,"G",27,6,NA,NA,NA,NA,NA,NA,NA,NA,NA,NA,NA,NA,NA,NA,NA,NA,2021,6,TRUE,FALSE,TRUE,"Summer adult",0.428030303030303,117.700650724365
"Common Tern","GGCV",NA,NA,"DX","10757","STEHIR",NA,6,266,116,2021-06-27,1899-12-31 22:00:00,"Atlit Salt-Pans",32.695,34.932,"Yosef Kiat",NA,NA,NA,"GCV",NA,NA,NA,NA,"G","C","V",NA,"G",27,6,NA,NA,NA,NA,NA,NA,NA,NA,NA,NA,NA,NA,NA,NA,NA,NA,2021,6,TRUE,FALSE,TRUE,"Summer adult",0.43609022556391,118.077393740359
"Common Tern","GGEV",NA,NA,"DX","10758","STEHIR",NA,6,268,117,2021-06-27,1899-12-31 22:00:00,"Atlit Salt-Pans",32.695,34.932,"Yosef Kiat",NA,NA,NA,"GEV",NA,NA,NA,NA,"G","E","V",NA,"G",27,6,NA,NA,NA,NA,NA,NA,NA,NA,NA,NA,NA,NA,NA,NA,NA,NA,2021,6,TRUE,FALSE,TRUE,"Summer adult",0.436567164179104,116.406658995978
"Common Tern","GGFV",NA,NA,"DX","10759","STEHIR",NA,6,268,112,2021-06-27,1899-12-31 22:00:00,"Atlit Salt-Pans",32.695,34.932,"Yosef Kiat",NA,NA,NA,"GFV",NA,NA,NA,NA,"G","F","V",NA,"G",27,6,NA,NA,NA,NA,NA,NA,NA,NA,NA,NA,NA,NA,NA,NA,NA,NA,2021,6,TRUE,FALSE,TRUE,"Summer adult",0.417910447761194,111.432015449142
"Common Tern","GGGV",NA,NA,"DX","10760","STEHIR",NA,6,274,117,2021-06-27,1899-12-31 22:00:00,"Atlit Salt-Pans",32.695,34.932,"Yosef Kiat",NA,NA,NA,"GGV",NA,NA,NA,NA,"G","G","V",NA,"G",27,6,NA,NA,NA,NA,NA,NA,NA,NA,NA,NA,NA,NA,NA,NA,NA,NA,2021,6,TRUE,FALSE,TRUE,"Summer adult",0.427007299270073,108.809161961918
"Common Tern","GGHV",NA,NA,"DX","10761","STEHIR",NA,6,264,104,2021-06-27,1899-12-31 22:00:00,"Atlit Salt-Pans",32.695,34.932,"Yosef Kiat",NA,NA,NA,"GHV",NA,NA,NA,NA,"G","H","V",NA,"G",27,6,NA,NA,NA,NA,NA,NA,NA,NA,NA,NA,NA,NA,NA,NA,NA,NA,2021,6,TRUE,FALSE,TRUE,"Summer adult",0.393939393939394,108.326262613575
"Common Tern","GGJV",NA,NA,"DX","10762","STEHIR","M",6,265,116,2021-06-27,1899-12-31 22:00:00,"Atlit Salt-Pans",32.695,34.932,"Yosef Kiat",NA,NA,NA,"GJV",NA,NA,NA,NA,"G","J","V",NA,"G",27,6,NA,NA,NA,NA,NA,NA,NA,NA,NA,NA,NA,NA,NA,NA,NA,NA,2021,6,TRUE,FALSE,TRUE,"Summer adult",0.437735849056604,119.440924985533
"Common Tern","GGKV",NA,NA,"DX","10763","STEHIR",NA,6,273,115,2021-06-27,1899-12-31 22:00:00,"Atlit Salt-Pans",32.695,34.932,"Yosef Kiat",NA,NA,NA,"GKV",NA,NA,NA,NA,"G","K","V",NA,"G",27,6,NA,NA,NA,NA,NA,NA,NA,NA,NA,NA,NA,NA,NA,NA,NA,NA,2021,6,TRUE,FALSE,TRUE,"Summer adult",0.421245421245421,108.147874560936
"Common Tern","GGLV",NA,NA,"DX","10764","STEHIR",NA,6,267,107,2021-06-27,1899-12-31 22:00:00,"Atlit Salt-Pans",32.695,34.932,"Yosef Kiat",NA,NA,NA,"GLV",NA,NA,NA,NA,"G","L","V",NA,"G",27,6,NA,NA,NA,NA,NA,NA,NA,NA,NA,NA,NA,NA,NA,NA,NA,NA,2021,6,TRUE,FALSE,TRUE,"Summer adult",0.400749063670412,107.677473880493
"Common Tern","GGNV",NA,NA,"DX","10766","STEHIR",NA,6,261,122,2021-06-27,1899-12-31 23:00:00,"Atlit Salt-Pans",32.695,34.932,"Yosef Kiat",NA,NA,NA,"GNV",NA,NA,NA,NA,"G","N","V",NA,"G",27,6,NA,NA,NA,NA,NA,NA,NA,NA,NA,NA,NA,NA,NA,NA,NA,NA,2021,6,TRUE,FALSE,TRUE,"Summer adult",0.467432950191571,131.580204902373
"Common Tern","GGPV",NA,NA,"DX","10767","STEHIR",NA,6,282,116,2021-06-27,1899-12-31 23:00:00,"Atlit Salt-Pans",32.695,34.932,"Yosef Kiat",NA,NA,NA,"GPV",NA,NA,NA,NA,"G","P","V",NA,"G",27,6,NA,NA,NA,NA,NA,NA,NA,NA,NA,NA,NA,NA,NA,NA,NA,NA,2021,6,TRUE,FALSE,TRUE,"Summer adult",0.411347517730496,98.8183236278647
"Common Tern","GGRV",NA,NA,"DX","10768","STEHIR",NA,6,253,108,2021-06-27,1899-12-31 23:00:00,"Atlit Salt-Pans",32.695,34.932,"Yosef Kiat",NA,NA,NA,"GRV",NA,NA,NA,NA,"G","R","V",NA,"G",27,6,NA,NA,NA,NA,NA,NA,NA,NA,NA,NA,NA,NA,NA,NA,NA,NA,2021,6,TRUE,FALSE,TRUE,"Summer adult",0.426877470355731,128.076165424352
"Common Tern","GGSV",NA,NA,"DX","10769","STEHIR",NA,6,265,119,2021-06-27,1899-12-31 23:00:00,"Atlit Salt-Pans",32.695,34.932,"Yosef Kiat",NA,NA,NA,"GSV",NA,NA,NA,NA,"G","S","V",NA,"G",27,6,NA,NA,NA,NA,NA,NA,NA,NA,NA,NA,NA,NA,NA,NA,NA,NA,2021,6,TRUE,FALSE,TRUE,"Summer adult",0.449056603773585,122.529914424814
"Common Tern","GGTV",NA,NA,"DX","10770","STEHIR","M",6,263,112,2021-06-27,1899-12-31 23:00:00,"Atlit Salt-Pans",32.695,34.932,"Yosef Kiat",NA,NA,NA,"GTV",NA,NA,NA,NA,"G","T","V",NA,"G",27,6,NA,NA,NA,NA,NA,NA,NA,NA,NA,NA,NA,NA,NA,NA,NA,NA,2021,6,TRUE,FALSE,TRUE,"Summer adult",0.425855513307985,118.016488950929
"Common Tern","GGUV",NA,NA,"DX","10771","STEHIR",NA,6,275,129,2021-06-27,1899-12-31 23:00:00,"Atlit Salt-Pans",32.695,34.932,"Yosef Kiat",NA,NA,NA,"GUV",NA,NA,NA,NA,"G","U","V",NA,"G",27,6,NA,NA,NA,NA,NA,NA,NA,NA,NA,NA,NA,NA,NA,NA,NA,NA,2021,6,TRUE,FALSE,TRUE,"Summer adult",0.469090909090909,118.644170261353
"Common Tern","GGVV",NA,NA,"DX","10772","STEHIR",NA,6,268,134,2021-06-27,1899-12-31 23:00:00,"Atlit Salt-Pans",32.695,34.932,"Yosef Kiat",NA,NA,NA,"GVV",NA,NA,NA,NA,"G","V","V",NA,"G",27,6,NA,NA,NA,NA,NA,NA,NA,NA,NA,NA,NA,NA,NA,NA,NA,NA,2021,6,TRUE,FALSE,TRUE,"Summer adult",0.5,133.320447055223
"Common Tern","GGWV",NA,NA,"DX","10773","STEHIR",NA,6,270,118,2021-06-27,1899-12-31 23:00:00,"Atlit Salt-Pans",32.695,34.932,"Yosef Kiat",NA,NA,NA,"GWV",NA,NA,NA,NA,"G","W","V",NA,"G",27,6,NA,NA,NA,NA,NA,NA,NA,NA,NA,NA,NA,NA,NA,NA,NA,NA,2021,6,TRUE,FALSE,TRUE,"Summer adult",0.437037037037037,114.770664286856
"Common Tern","GGXV",NA,NA,"DX","10774","STEHIR",NA,6,262,118,2021-06-27,1899-12-31 23:00:00,"Atlit Salt-Pans",32.695,34.932,"Yosef Kiat",NA,NA,NA,"GXV",NA,NA,NA,NA,"G","X","V",NA,"G",27,6,NA,NA,NA,NA,NA,NA,NA,NA,NA,NA,NA,NA,NA,NA,NA,NA,2021,6,TRUE,FALSE,TRUE,"Summer adult",0.450381679389313,125.791142496171
"Common Tern","GGYV",NA,NA,"DX","10775","STEHIR",NA,6,273,107,2021-06-27,1899-12-31 23:00:00,"Atlit Salt-Pans",32.695,34.932,"Yosef Kiat",NA,NA,NA,"GYV",NA,NA,NA,NA,"G","Y","V",NA,"G",27,6,NA,NA,NA,NA,NA,NA,NA,NA,NA,NA,NA,NA,NA,NA,NA,NA,2021,6,TRUE,FALSE,TRUE,"Summer adult",0.391941391941392,100.624544156697
"Common Tern","GGZV",NA,NA,"DX","10776","STEHIR",NA,6,265,117,2021-06-27,1899-12-31 23:00:00,"Atlit Salt-Pans",32.695,34.932,"Yosef Kiat",NA,NA,NA,"GZV",NA,NA,NA,NA,"G","Z","V",NA,"G",27,6,NA,NA,NA,NA,NA,NA,NA,NA,NA,NA,NA,NA,NA,NA,NA,NA,2021,6,TRUE,FALSE,TRUE,"Summer adult",0.441509433962264,120.47058813196
"Common Tern","GGAW",NA,NA,"DX","10777","STEHIR",NA,6,273,123,2021-06-27,1899-12-31 23:00:00,"Atlit Salt-Pans",32.695,34.932,"Yosef Kiat",NA,NA,NA,"GAW",NA,NA,NA,NA,"G","A","W",NA,"G",27,6,NA,NA,NA,NA,NA,NA,NA,NA,NA,NA,NA,NA,NA,NA,NA,NA,2021,6,TRUE,FALSE,TRUE,"Summer adult",0.450549450549451,115.671204965175
"Common Tern","GGBW",NA,NA,"DX","10778","STEHIR",NA,6,257,108,2021-06-27,1899-12-31 23:00:00,"Atlit Salt-Pans",32.695,34.932,"Yosef Kiat",NA,NA,NA,"GBW",NA,NA,NA,NA,"G","B","W",NA,"G",27,6,NA,NA,NA,NA,NA,NA,NA,NA,NA,NA,NA,NA,NA,NA,NA,NA,2021,6,TRUE,FALSE,TRUE,"Summer adult",0.420233463035019,122.095885296091
"Common Tern","GGCW",NA,NA,"DX","10779","STEHIR",NA,6,265,113,2021-06-27,1899-12-31 23:00:00,"Atlit Salt-Pans",32.695,34.932,"Yosef Kiat",NA,NA,NA,"GCW",NA,NA,NA,NA,"G","C","W",NA,"G",27,6,NA,NA,NA,NA,NA,NA,NA,NA,NA,NA,NA,NA,NA,NA,NA,NA,2021,6,TRUE,FALSE,TRUE,"Summer adult",0.426415094339623,116.351935546252
"Common Tern","GGWX",NA,NA,"DX","10817","STEHIR",NA,6,274,111,2021-07-01,1899-12-31 20:30:00,"Atlit Salt-Pans",32.695,34.932,"Yosef Kiat",NA,NA,NA,"GWX",NA,NA,NA,NA,"G","W","X",NA,"G",1,7,NA,NA,NA,NA,NA,NA,NA,NA,NA,NA,NA,NA,NA,NA,NA,NA,2021,7,TRUE,FALSE,TRUE,"Summer adult",0.405109489051095,103.22920493823
"Common Tern","GGXX",NA,NA,"DX","10818","STEHIR",NA,6,258,118,2021-07-01,1899-12-31 20:30:00,"Atlit Salt-Pans",32.695,34.932,"Yosef Kiat",NA,NA,NA,"GXX",NA,NA,NA,NA,"G","X","X",NA,"G",1,7,NA,NA,NA,NA,NA,NA,NA,NA,NA,NA,NA,NA,NA,NA,NA,NA,2021,7,TRUE,FALSE,TRUE,"Summer adult",0.457364341085271,131.83112644876
"Common Tern","GGYX",NA,NA,"DX","10819","STEHIR",NA,6,266,115,2021-07-01,1899-12-31 20:30:00,"Atlit Salt-Pans",32.695,34.932,"Yosef Kiat",NA,NA,NA,"GYX",NA,NA,NA,NA,"G","Y","X",NA,"G",1,7,NA,NA,NA,NA,NA,NA,NA,NA,NA,NA,NA,NA,NA,NA,NA,NA,2021,7,TRUE,FALSE,TRUE,"Summer adult",0.432330827067669,117.059485173632
"Common Tern","GGZX",NA,NA,"DX","10820","STEHIR",NA,6,264,113,2021-07-01,1899-12-31 20:30:00,"Atlit Salt-Pans",32.695,34.932,"Yosef Kiat",NA,NA,NA,"GZX",NA,NA,NA,NA,"G","Z","X",NA,"G",1,7,NA,NA,NA,NA,NA,NA,NA,NA,NA,NA,NA,NA,NA,NA,NA,NA,2021,7,TRUE,FALSE,TRUE,"Summer adult",0.428030303030303,117.700650724365
"Common Tern","GGAY",NA,NA,"DX","10821","STEHIR",NA,6,268,114,2021-07-01,1899-12-31 20:30:00,"Atlit Salt-Pans",32.695,34.932,"Yosef Kiat",NA,NA,NA,"GAY",NA,NA,NA,NA,"G","A","Y",NA,"G",1,7,NA,NA,NA,NA,NA,NA,NA,NA,NA,NA,NA,NA,NA,NA,NA,NA,2021,7,TRUE,FALSE,TRUE,"Summer adult",0.425373134328358,113.421872867876
"Common Tern","GGUY",NA,NA,"DX","10837","STEHIR",NA,6,264,105,2021-07-01,1899-12-31 22:15:00,"Atlit Salt-Pans",32.695,34.932,"Yosef Kiat",NA,NA,NA,"GUY",NA,NA,NA,NA,"G","U","Y",NA,"G",1,7,NA,NA,NA,NA,NA,NA,NA,NA,NA,NA,NA,NA,NA,NA,NA,NA,2021,7,TRUE,FALSE,TRUE,"Summer adult",0.397727272727273,109.367861292552
"Common Tern","GGVY",NA,NA,"DX","10838","STEHIR",NA,6,265,107,2021-07-01,1899-12-31 22:15:00,"Atlit Salt-Pans",32.695,34.932,"Yosef Kiat",NA,NA,NA,"GVY",NA,NA,NA,NA,"G","V","Y",NA,"G",1,7,NA,NA,NA,NA,NA,NA,NA,NA,NA,NA,NA,NA,NA,NA,NA,NA,2021,7,TRUE,FALSE,TRUE,"Summer adult",0.40377358490566,110.17395666769
"Common Tern","GGWY",NA,NA,"DX","10839","STEHIR",NA,6,265,107,2021-07-01,1899-12-31 22:15:00,"Atlit Salt-Pans",32.695,34.932,"Yosef Kiat",NA,NA,NA,"GWY",NA,NA,NA,NA,"G","W","Y",NA,"G",1,7,NA,NA,NA,NA,NA,NA,NA,NA,NA,NA,NA,NA,NA,NA,NA,NA,2021,7,TRUE,FALSE,TRUE,"Summer adult",0.40377358490566,110.17395666769
"Common Tern","GGXY",NA,NA,"DX","10840","STEHIR",NA,6,253,112,2021-07-01,1899-12-31 22:15:00,"Atlit Salt-Pans",32.695,34.932,"Yosef Kiat",NA,NA,NA,"GXY",NA,NA,NA,NA,"G","X","Y",NA,"G",1,7,NA,NA,NA,NA,NA,NA,NA,NA,NA,NA,NA,NA,NA,NA,NA,NA,2021,7,TRUE,FALSE,TRUE,"Summer adult",0.442687747035573,132.819727106736
"Common Tern","GG0C",NA,NA,"DX","10968","STEHIR",NA,6,267,107,2021-07-20,1899-12-31 20:00:00,"Atlit Salt-Pans",32.695,34.932,"Yosef Kiat",NA,NA,NA,"G0C",NA,NA,NA,NA,"G","0","C",NA,"G",20,7,NA,NA,NA,NA,NA,NA,NA,NA,NA,NA,NA,NA,NA,NA,NA,NA,2021,7,TRUE,FALSE,TRUE,"Summer adult",0.400749063670412,107.677473880493
"Common Tern","YGMV",NA,"R","DD","30101","STEHIR",NA,7,265,109,2021-07-20,1899-12-31 23:30:00,"Atlit Salt-Pans",32.695,34.932,"Yosef Kiat",NA,NA,NA,"GMV",NA,NA,NA,NA,"G","M","V",NA,"Y",20,7,NA,NA,NA,NA,NA,NA,NA,NA,NA,NA,NA,NA,NA,NA,NA,NA,2021,7,FALSE,TRUE,TRUE,"Summer adult",0.411320754716981,112.233282960544
"Common Tern","YGRU",NA,"R","DD","30596","STEHIR",NA,8,262,106,2021-07-20,1899-12-31 23:30:00,"Atlit Salt-Pans",32.695,34.932,"Yosef Kiat",NA,NA,NA,"GRU",NA,NA,NA,NA,"G","R","U",NA,"Y",20,7,NA,NA,NA,NA,NA,NA,NA,NA,NA,NA,NA,NA,NA,NA,NA,NA,2021,7,FALSE,TRUE,TRUE,"Summer adult",0.404580152671756,112.998822920289
"Common Tern","GG5G",NA,"R","DD","20115","STEHIR",NA,26,277,109,2021-07-20,1899-12-31 23:30:00,"Atlit Salt-Pans",32.695,34.932,"Yosef Kiat",NA,NA,NA,"G5G",NA,NA,NA,NA,"G","5","G",NA,"G",20,7,NA,NA,NA,NA,NA,NA,NA,NA,NA,NA,NA,NA,NA,NA,NA,NA,2021,7,FALSE,TRUE,TRUE,"Summer adult",0.393501805054152,98.0595196723674
"Common Tern","GG5H",NA,NA,"DD","32381","STEHIR",NA,6,270,111,2021-07-20,1899-12-31 23:30:00,"Atlit Salt-Pans",32.695,34.932,"Yosef Kiat",NA,NA,NA,"G5H",NA,NA,NA,NA,"G","5","H",NA,"G",20,7,NA,NA,NA,NA,NA,NA,NA,NA,NA,NA,NA,NA,NA,NA,NA,NA,2021,7,TRUE,FALSE,TRUE,"Summer adult",0.411111111111111,107.9622350495
"Common Tern","RG83",NA,"R","DD","30738","STEHIR",NA,10,268,111,2022-06-23,1899-12-31 20:15:00,"Atlit Salt-Pans",32.695,34.932,"Yosef Kiat",NA,NA,NA,"G83",NA,NA,NA,NA,"G","8","3",NA,"R",23,6,NA,NA,NA,NA,NA,NA,NA,NA,NA,NA,NA,NA,NA,NA,NA,NA,2022,6,FALSE,TRUE,TRUE,"Summer adult",0.414179104477612,110.437086739774
"Common Tern","BG00",NA,NA,"DX","11555","STEHIR",NA,6,272,116,2022-06-23,1899-12-31 20:15:00,"Atlit Salt-Pans",32.695,34.932,"Yosef Kiat",NA,NA,NA,"G00",NA,NA,NA,NA,"G","0","0",NA,"B",23,6,NA,NA,NA,NA,NA,NA,NA,NA,NA,NA,NA,NA,NA,NA,NA,NA,2022,6,TRUE,FALSE,TRUE,"Summer adult",0.426470588235294,110.315476598983
"Common Tern","BG11",NA,NA,"DX","11566","STEHIR",NA,6,267,120,2022-06-23,1899-12-31 20:45:00,"Atlit Salt-Pans",32.695,34.932,"Yosef Kiat",NA,"Non-breeding fresh plumage (photos)",NA,"G11",NA,122,NA,NA,"G","1","1",NA,"B",23,6,NA,NA,NA,NA,NA,NA,NA,NA,NA,NA,NA,NA,NA,NA,NA,NA,2022,6,TRUE,FALSE,TRUE,"Summer adult",0.449438202247191,120.759783791208
"Common Tern","BG37",NA,NA,"DX","11592","STEHIR",NA,6,267,121,2022-06-23,1899-12-31 23:00:00,"Atlit Salt-Pans",32.695,34.932,"Yosef Kiat",NA,NA,NA,"G37",NA,NA,NA,NA,"G","3","7",NA,"B",23,6,NA,NA,NA,NA,NA,NA,NA,NA,NA,NA,NA,NA,NA,NA,NA,NA,2022,6,TRUE,FALSE,TRUE,"Summer adult",0.453183520599251,121.766115322801
"Common Tern","BG38",NA,NA,"DX","11593","STEHIR",NA,6,263,104,2022-06-23,1899-12-31 23:00:00,"Atlit Salt-Pans",32.695,34.932,"Yosef Kiat",NA,NA,NA,"G38",NA,NA,NA,NA,"G","3","8",NA,"B",23,6,NA,NA,NA,NA,NA,NA,NA,NA,NA,NA,NA,NA,NA,NA,NA,NA,2022,6,TRUE,FALSE,TRUE,"Summer adult",0.395437262357414,109.586739740148
"Common Tern","BG39",NA,NA,"DX","11594","STEHIR",NA,6,260,119,2022-06-23,1899-12-31 23:00:00,"Atlit Salt-Pans",32.695,34.932,"Yosef Kiat",NA,NA,NA,"G39",NA,NA,NA,NA,"G","3","9",NA,"B",23,6,NA,NA,NA,NA,NA,NA,NA,NA,NA,NA,NA,NA,NA,NA,NA,NA,2022,6,TRUE,FALSE,TRUE,"Summer adult",0.457692307692308,129.855334997671
"Common Tern","BG40",NA,NA,"DX","11595","STEHIR",NA,6,262,111,2022-06-23,1899-12-31 23:00:00,"Atlit Salt-Pans",32.695,34.932,"Yosef Kiat",NA,NA,NA,"G40",NA,NA,NA,NA,"G","4","0",NA,"B",23,6,NA,NA,NA,NA,NA,NA,NA,NA,NA,NA,NA,NA,NA,NA,NA,NA,2022,6,TRUE,FALSE,TRUE,"Summer adult",0.423664122137405,118.328956076907
"Common Tern","BG41",NA,NA,"DX","11596","STEHIR",NA,6,275,117,2022-06-23,1899-12-31 23:00:00,"Atlit Salt-Pans",32.695,34.932,"Yosef Kiat",NA,NA,NA,"G41",NA,NA,NA,NA,"G","4","1",NA,"B",23,6,NA,NA,NA,NA,NA,NA,NA,NA,NA,NA,NA,NA,NA,NA,NA,NA,2022,6,TRUE,FALSE,TRUE,"Summer adult",0.425454545454545,107.607503260297
"Common Tern","BG42",NA,NA,"DX","11597","STEHIR",NA,6,278,122,2022-06-23,1899-12-31 23:00:00,"Atlit Salt-Pans",32.695,34.932,"Yosef Kiat",NA,NA,NA,"G42",NA,NA,NA,NA,"G","4","2",NA,"B",23,6,NA,NA,NA,NA,NA,NA,NA,NA,NA,NA,NA,NA,NA,NA,NA,NA,2022,6,TRUE,FALSE,TRUE,"Summer adult",0.438848920863309,108.555622847457
"Common Tern","BG43",NA,NA,"DX","11598","STEHIR",NA,6,275,112,2022-06-23,1899-12-31 23:00:00,"Atlit Salt-Pans",32.695,34.932,"Yosef Kiat",NA,NA,NA,"G43",NA,NA,NA,NA,"G","4","3",NA,"B",23,6,NA,NA,NA,NA,NA,NA,NA,NA,NA,NA,NA,NA,NA,NA,NA,NA,2022,6,TRUE,FALSE,TRUE,"Summer adult",0.407272727272727,103.008892009857
"Common Tern","BG44",NA,NA,"DX","11599","STEHIR",NA,6,264,122,2022-06-23,1899-12-31 23:00:00,"Atlit Salt-Pans",32.695,34.932,"Yosef Kiat",NA,NA,NA,"G44",NA,NA,NA,NA,"G","4","4",NA,"B",23,6,NA,NA,NA,NA,NA,NA,NA,NA,NA,NA,NA,NA,NA,NA,NA,NA,2022,6,TRUE,FALSE,TRUE,"Summer adult",0.462121212121212,127.075038835155
"Common Tern","BG45",NA,NA,"DX","11600","STEHIR",NA,6,270,103,2022-06-24,1899-12-31,"Atlit Salt-Pans",32.695,34.932,"Yosef Kiat",NA,NA,NA,"G45",NA,NA,NA,NA,"G","4","5",NA,"B",24,6,NA,NA,NA,NA,NA,NA,NA,NA,NA,NA,NA,NA,NA,NA,NA,NA,2022,6,TRUE,FALSE,TRUE,"Summer adult",0.381481481481481,100.18117306395
"Common Tern","BG46",NA,NA,"DD","32601","STEHIR",NA,6,273,112,2022-06-24,1899-12-31,"Atlit Salt-Pans",32.695,34.932,"Yosef Kiat",NA,NA,NA,"G46",NA,NA,NA,NA,"G","4","6",NA,"B",24,6,NA,NA,NA,NA,NA,NA,NA,NA,NA,NA,NA,NA,NA,NA,NA,NA,2022,6,TRUE,FALSE,TRUE,"Summer adult",0.41025641025641,105.326625659346
"Common Tern","BG47",NA,NA,"DD","32602","STEHIR",NA,6,277,111,2022-06-24,1899-12-31,"Atlit Salt-Pans",32.695,34.932,"Yosef Kiat",NA,NA,NA,"G47",NA,NA,NA,NA,"G","4","7",NA,"B",24,6,NA,NA,NA,NA,NA,NA,NA,NA,NA,NA,NA,NA,NA,NA,NA,NA,2022,6,TRUE,FALSE,TRUE,"Summer adult",0.40072202166065,99.8587769140622
"Common Tern","BG48",NA,NA,"DD","32603","STEHIR",NA,6,264,120,2022-06-24,1899-12-31,"Atlit Salt-Pans",32.695,34.932,"Yosef Kiat",NA,NA,NA,"G48",NA,NA,NA,NA,"G","4","8",NA,"B",24,6,NA,NA,NA,NA,NA,NA,NA,NA,NA,NA,NA,NA,NA,NA,NA,NA,2022,6,TRUE,FALSE,TRUE,"Summer adult",0.454545454545455,124.991841477202
"Common Tern","BG49",NA,NA,"DD","32604","STEHIR",NA,6,266,107,2022-06-24,1899-12-31,"Atlit Salt-Pans",32.695,34.932,"Yosef Kiat",NA,NA,NA,"G49",NA,NA,NA,NA,"G","4","9",NA,"B",24,6,NA,NA,NA,NA,NA,NA,NA,NA,NA,NA,NA,NA,NA,NA,NA,NA,2022,6,TRUE,FALSE,TRUE,"Summer adult",0.402255639097744,108.916216639814
"Common Tern","BG50",NA,NA,"DD","32605","STEHIR",NA,6,269,109,2022-06-24,1899-12-31,"Atlit Salt-Pans",32.695,34.932,"Yosef Kiat",NA,NA,NA,"G50",NA,NA,NA,NA,"G","5","0",NA,"B",24,6,NA,NA,NA,NA,NA,NA,NA,NA,NA,NA,NA,NA,NA,NA,NA,NA,2022,6,TRUE,FALSE,TRUE,"Summer adult",0.405204460966543,107.222955888809
"Common Tern","BG51",NA,NA,"DD","32606","STEHIR",NA,6,275,122,2022-06-24,1899-12-31,"Atlit Salt-Pans",32.695,34.932,"Yosef Kiat",NA,NA,NA,"G51",NA,NA,NA,NA,"G","5","1",NA,"B",24,6,NA,NA,NA,NA,NA,NA,NA,NA,NA,NA,NA,NA,NA,NA,NA,NA,2022,6,TRUE,FALSE,TRUE,"Summer adult",0.443636363636364,112.206114510737
"Common Tern","BG52",NA,NA,"DD","32607","STEHIR",NA,6,258,110,2022-06-24,1899-12-31 01:00:00,"Atlit Salt-Pans",32.695,34.932,"Yosef Kiat",NA,NA,NA,"G52",NA,NA,NA,NA,"G","5","2",NA,"B",24,6,NA,NA,NA,NA,NA,NA,NA,NA,NA,NA,NA,NA,NA,NA,NA,NA,2022,6,TRUE,FALSE,TRUE,"Summer adult",0.426356589147287,122.893422960708
"Common Tern","BG53",NA,NA,"DD","32608","STEHIR",NA,6,261,114,2022-06-24,1899-12-31 01:00:00,"Atlit Salt-Pans",32.695,34.932,"Yosef Kiat",NA,NA,NA,"G53",NA,NA,NA,NA,"G","5","3",NA,"B",24,6,NA,NA,NA,NA,NA,NA,NA,NA,NA,NA,NA,NA,NA,NA,NA,NA,2022,6,TRUE,FALSE,TRUE,"Summer adult",0.436781609195402,122.95199474484
"Common Tern","BG54",NA,NA,"DD","32609","STEHIR",NA,6,266,104,2022-06-24,1899-12-31 01:00:00,"Atlit Salt-Pans",32.695,34.932,"Yosef Kiat",NA,NA,NA,"G54",NA,NA,NA,NA,"G","5","4",NA,"B",24,6,NA,NA,NA,NA,NA,NA,NA,NA,NA,NA,NA,NA,NA,NA,NA,NA,2022,6,TRUE,FALSE,TRUE,"Summer adult",0.390977443609023,105.862490939632
"Common Tern","RGRV",NA,"R","DD","32139","STEHIR",NA,7,268,105,2022-06-24,1899-12-31 02:00:00,"Atlit Salt-Pans",32.695,34.932,"Yosef Kiat",NA,NA,NA,"GRV",NA,NA,NA,NA,"G","R","V",NA,"R",24,6,NA,NA,NA,NA,NA,NA,NA,NA,NA,NA,NA,NA,NA,NA,NA,NA,2022,6,FALSE,TRUE,TRUE,"Summer adult",0.391791044776119,104.46751448357
"Common Tern","BG55",NA,NA,"DD","32610","STEHIR",NA,6,267,114,2022-06-24,1899-12-31 02:00:00,"Atlit Salt-Pans",32.695,34.932,"Yosef Kiat",NA,NA,NA,"G55",NA,NA,NA,NA,"G","5","5",NA,"B",24,6,NA,NA,NA,NA,NA,NA,NA,NA,NA,NA,NA,NA,NA,NA,NA,NA,2022,6,TRUE,FALSE,TRUE,"Summer adult",0.426966292134831,114.721794601647
"Common Tern","GG03",NA,"R","DX","10868","STEHIR",NA,8,270,105,2022-06-30,1899-12-31 20:15:00,"Atlit Salt-Pans",32.695,34.932,"Yosef Kiat",NA,NA,NA,"G03",NA,NA,NA,NA,"G","0","3",NA,"G",30,6,NA,NA,NA,NA,NA,NA,NA,NA,NA,NA,NA,NA,NA,NA,NA,NA,2022,6,FALSE,TRUE,TRUE,"Summer adult",0.388888888888889,102.126438560338
"Common Tern","BG71",NA,NA,"DD","32625","STEHIR",NA,4,267,122,2022-06-30,1899-12-31 21:30:00,"Atlit Salt-Pans",32.695,34.932,"Yosef Kiat",NA,NA,NA,"G71",NA,NA,NA,NA,"G","7","1",NA,"B",30,6,NA,NA,NA,NA,NA,NA,NA,NA,NA,NA,NA,NA,NA,NA,NA,NA,2022,6,TRUE,FALSE,TRUE,"Summer adult",0.456928838951311,122.772446854394
"Common Tern","BG72",NA,NA,"DD","32626","STEHIR",NA,4,268,119,2022-06-30,1899-12-31 21:30:00,"Atlit Salt-Pans",32.695,34.932,"Yosef Kiat",NA,NA,NA,"G72",NA,NA,NA,NA,"G","7","2",NA,"B",30,6,NA,NA,NA,NA,NA,NA,NA,NA,NA,NA,NA,NA,NA,NA,NA,NA,2022,6,TRUE,FALSE,TRUE,"Summer adult",0.444029850746269,118.396516414713
"Common Tern","BG73",NA,NA,"DD","32627","STEHIR",NA,4,260,112,2022-06-30,1899-12-31 21:30:00,"Atlit Salt-Pans",32.695,34.932,"Yosef Kiat",NA,NA,NA,"G73",NA,NA,NA,NA,"G","7","3",NA,"B",30,6,NA,NA,NA,NA,NA,NA,NA,NA,NA,NA,NA,NA,NA,NA,NA,NA,2022,6,TRUE,FALSE,TRUE,"Summer adult",0.430769230769231,122.216785880161
"Common Tern","BG74",NA,NA,"DD","32628","STEHIR",NA,4,272,122,2022-06-30,1899-12-31 21:30:00,"Atlit Salt-Pans",32.695,34.932,"Yosef Kiat",NA,NA,NA,"G74",NA,NA,NA,NA,"G","7","4",NA,"B",30,6,NA,NA,NA,NA,NA,NA,NA,NA,NA,NA,NA,NA,NA,NA,NA,NA,2022,6,TRUE,FALSE,TRUE,"Summer adult",0.448529411764706,116.021449526516
"Common Tern","BG77",NA,NA,"DD","32631","STEHIR",NA,6,266,126,2022-06-30,1899-12-31 21:30:00,"Atlit Salt-Pans",32.695,34.932,"Yosef Kiat",NA,NA,NA,"G77",NA,NA,NA,NA,"G","7","7",NA,"B",30,6,NA,NA,NA,NA,NA,NA,NA,NA,NA,NA,NA,NA,NA,NA,NA,NA,2022,6,TRUE,FALSE,TRUE,"Summer adult",0.473684210526316,128.256479407631
"Common Tern","BGAB",NA,NA,"DD","32655","STEHIR",NA,6,282,120,2022-06-30,1899-12-31 23:00:00,"Atlit Salt-Pans",32.695,34.932,"Yosef Kiat",NA,NA,NA,"GAB",NA,NA,NA,NA,"G","A","B",NA,"B",30,6,NA,NA,NA,NA,NA,NA,NA,NA,NA,NA,NA,NA,NA,NA,NA,NA,2022,6,TRUE,FALSE,TRUE,"Summer adult",0.425531914893617,102.225852028826
"Common Tern","BGAC",NA,NA,"DD","32656","STEHIR",NA,6,279,113,2022-06-30,1899-12-31 23:00:00,"Atlit Salt-Pans",32.695,34.932,"Yosef Kiat",NA,NA,NA,"GAC",NA,NA,NA,NA,"G","A","C",NA,"B",30,6,NA,NA,NA,NA,NA,NA,NA,NA,NA,NA,NA,NA,NA,NA,NA,NA,2022,6,TRUE,FALSE,TRUE,"Summer adult",0.405017921146953,99.4528643365886
"Common Tern","BGAE",NA,NA,"DD","32657","STEHIR",NA,6,275,114,2022-06-30,1899-12-31 23:00:00,"Atlit Salt-Pans",32.695,34.932,"Yosef Kiat",NA,NA,NA,"GAE",NA,NA,NA,NA,"G","A","E",NA,"B",30,6,NA,NA,NA,NA,NA,NA,NA,NA,NA,NA,NA,NA,NA,NA,NA,NA,2022,6,TRUE,FALSE,TRUE,"Summer adult",0.414545454545455,104.848336510033
"Common Tern","BGAF",NA,NA,"DD","32658","STEHIR",NA,6,267,101,2022-06-30,1899-12-31 23:00:00,"Atlit Salt-Pans",32.695,34.932,"Yosef Kiat",NA,NA,NA,"GAF",NA,NA,NA,NA,"G","A","F",NA,"B",30,6,NA,NA,NA,NA,NA,NA,NA,NA,NA,NA,NA,NA,NA,NA,NA,NA,2022,6,TRUE,FALSE,TRUE,"Summer adult",0.378277153558052,101.639484690933
"Common Tern","BGAG",NA,NA,"DD","32659","STEHIR",NA,6,267,104,2022-06-30,1899-12-31 23:00:00,"Atlit Salt-Pans",32.695,34.932,"Yosef Kiat",NA,NA,NA,"GAG",NA,NA,NA,NA,"G","A","G",NA,"B",30,6,NA,NA,NA,NA,NA,NA,NA,NA,NA,NA,NA,NA,NA,NA,NA,NA,2022,6,TRUE,FALSE,TRUE,"Summer adult",0.389513108614232,104.658479285713
"Common Tern","BGAH",NA,NA,"DD","32660","STEHIR",NA,6,263,110,2022-06-30,1899-12-31 23:00:00,"Atlit Salt-Pans",32.695,34.932,"Yosef Kiat",NA,NA,NA,"GAH",NA,NA,NA,NA,"G","A","H",NA,"B",30,6,NA,NA,NA,NA,NA,NA,NA,NA,NA,NA,NA,NA,NA,NA,NA,NA,2022,6,TRUE,FALSE,TRUE,"Summer adult",0.418250950570342,115.909051648234
"Common Tern","BGAJ",NA,NA,"DD","32661","STEHIR",NA,6,258,102,2022-06-30,1899-12-31 23:00:00,"Atlit Salt-Pans",32.695,34.932,"Yosef Kiat",NA,NA,NA,"GAJ",NA,NA,NA,NA,"G","A","J",NA,"B",30,6,NA,NA,NA,NA,NA,NA,NA,NA,NA,NA,NA,NA,NA,NA,NA,NA,2022,6,TRUE,FALSE,TRUE,"Summer adult",0.395348837209302,113.955719472657
"Common Tern","BGAK",NA,NA,"DD","32662","STEHIR",NA,6,263,112,2022-06-30,1899-12-31 23:00:00,"Atlit Salt-Pans",32.695,34.932,"Yosef Kiat",NA,NA,NA,"GAK",NA,NA,NA,NA,"G","A","K",NA,"B",30,6,NA,NA,NA,NA,NA,NA,NA,NA,NA,NA,NA,NA,NA,NA,NA,NA,2022,6,TRUE,FALSE,TRUE,"Summer adult",0.425855513307985,118.016488950929
"Common Tern","RG5S",NA,"R","DD","30878","STEHIR",NA,7,265,107,2022-06-30,1899-12-31 23:00:00,"Atlit Salt-Pans",32.695,34.932,"Yosef Kiat",NA,NA,NA,"G5S",NA,NA,NA,NA,"G","5","S",NA,"R",30,6,NA,NA,NA,NA,NA,NA,NA,NA,NA,NA,NA,NA,NA,NA,NA,NA,2022,6,FALSE,TRUE,TRUE,"Summer adult",0.40377358490566,110.17395666769
"Common Tern","YIJ4",NA,"R","DD","24289","STEHIR","M",18,266,109,2022-07-01,1899-12-31 00:30:00,"Atlit Salt-Pans",32.695,34.932,"Yosef Kiat",NA,NA,NA,"IJ4",NA,NA,NA,NA,"I","J","4",NA,"Y",1,7,NA,NA,NA,NA,NA,NA,NA,NA,NA,NA,NA,NA,NA,NA,NA,NA,2022,7,FALSE,TRUE,TRUE,"Summer adult",0.409774436090226,110.952033773268
"Common Tern","BGAZ",NA,NA,"DD","32675","STEHIR",NA,6,264,104,2022-07-01,1899-12-31 00:30:00,"Atlit Salt-Pans",32.695,34.932,"Yosef Kiat",NA,NA,NA,"GAZ",NA,NA,NA,NA,"G","A","Z",NA,"B",1,7,NA,NA,NA,NA,NA,NA,NA,NA,NA,NA,NA,NA,NA,NA,NA,NA,2022,7,TRUE,FALSE,TRUE,"Summer adult",0.393939393939394,108.326262613575
"Common Tern","BGBA",NA,NA,"DD","32676","STEHIR",NA,6,283,117,2022-07-01,1899-12-31 00:30:00,"Atlit Salt-Pans",32.695,34.932,"Yosef Kiat",NA,NA,NA,"GBA",NA,NA,NA,NA,"G","B","A",NA,"B",1,7,NA,NA,NA,NA,NA,NA,NA,NA,NA,NA,NA,NA,NA,NA,NA,NA,2022,7,TRUE,FALSE,TRUE,"Summer adult",0.413427561837456,98.6004784775422
"Common Tern","BGBB",NA,NA,"DD","32677","STEHIR",NA,6,272,109,2022-07-01,1899-12-31 00:30:00,"Atlit Salt-Pans",32.695,34.932,"Yosef Kiat",NA,NA,NA,"GBB",NA,NA,NA,NA,"G","B","B",NA,"B",1,7,NA,NA,NA,NA,NA,NA,NA,NA,NA,NA,NA,NA,NA,NA,NA,NA,2022,7,TRUE,FALSE,TRUE,"Summer adult",0.400735294117647,103.658508183527
"Common Tern","BGBC",NA,NA,"DD","32678","STEHIR","M",6,265,107,2022-07-01,1899-12-31 00:30:00,"Atlit Salt-Pans",32.695,34.932,"Yosef Kiat",NA,NA,NA,"GBC",NA,NA,NA,NA,"G","B","C",NA,"B",1,7,NA,NA,NA,NA,NA,NA,NA,NA,NA,NA,NA,NA,NA,NA,NA,NA,2022,7,TRUE,FALSE,TRUE,"Summer adult",0.40377358490566,110.17395666769
"Common Tern","BGBE",NA,NA,"DD","32679","STEHIR",NA,6,263,117,2022-07-01,1899-12-31 00:30:00,"Atlit Salt-Pans",32.695,34.932,"Yosef Kiat",NA,NA,NA,"GBE",NA,NA,NA,NA,"G","B","E",NA,"B",1,7,NA,NA,NA,NA,NA,NA,NA,NA,NA,NA,NA,NA,NA,NA,NA,NA,2022,7,TRUE,FALSE,TRUE,"Summer adult",0.444866920152091,123.285082207667
"Common Tern","BGBF",NA,NA,"DD","32680","STEHIR",NA,6,267,125,2022-07-01,1899-12-31 00:30:00,"Atlit Salt-Pans",32.695,34.932,"Yosef Kiat",NA,NA,NA,"GBF",NA,NA,NA,NA,"G","B","F",NA,"B",1,7,NA,NA,NA,NA,NA,NA,NA,NA,NA,NA,NA,NA,NA,NA,NA,NA,2022,7,TRUE,FALSE,TRUE,"Summer adult",0.468164794007491,125.791441449175
"Common Tern","BGBG",NA,NA,"DD","32681","STEHIR","M",6,265,123,2022-07-01,1899-12-31 00:30:00,"Atlit Salt-Pans",32.695,34.932,"Yosef Kiat",NA,NA,NA,"GBG",NA,NA,NA,NA,"G","B","G",NA,"B",1,7,NA,NA,NA,NA,NA,NA,NA,NA,NA,NA,NA,NA,NA,NA,NA,NA,2022,7,TRUE,FALSE,TRUE,"Summer adult",0.464150943396226,126.648567010522
"Common Tern","BGBH",NA,NA,"DD","32682","STEHIR",NA,6,276,109,2022-07-01,1899-12-31 00:30:00,"Atlit Salt-Pans",32.695,34.932,"Yosef Kiat",NA,NA,NA,"GBH",NA,NA,NA,NA,"G","B","H",NA,"B",1,7,NA,NA,NA,NA,NA,NA,NA,NA,NA,NA,NA,NA,NA,NA,NA,NA,2022,7,TRUE,FALSE,TRUE,"Summer adult",0.394927536231884,99.1465910817429
"Common Tern","GG6W",NA,"R","DD","32415","STEHIR",NA,5,254,97,2022-07-10,1899-12-31 21:30:00,"Atlit Salt-Pans",32.695,34.932,"Yosef Kiat",NA,NA,NA,"G6W",NA,NA,NA,NA,"G","6","W",NA,"G",10,7,NA,NA,NA,NA,NA,NA,NA,NA,NA,NA,NA,NA,NA,NA,NA,NA,2022,7,FALSE,TRUE,TRUE,"Summer adult",0.381889763779528,113.656388672253
"Common Tern","BGFV","+","R","DD","32192","STEHIR",NA,7,276,111,2022-07-11,1899-12-31 00:30:00,"Atlit Salt-Pans",32.695,34.932,"Yosef Kiat",NA,NA,NA,"GFV",NA,NA,NA,NA,"G","F","V",NA,"B",11,7,NA,NA,NA,NA,NA,"GZX",NA,NA,NA,NA,NA,NA,NA,NA,NA,NA,2022,7,FALSE,TRUE,TRUE,"Summer adult",0.402173913043478,100.96579458783
"Common Tern","RG77",NA,"R","DD","30733","STEHIR",NA,10,266,109,2022-07-11,1899-12-31 00:30:00,"Atlit Salt-Pans",32.695,34.932,"Yosef Kiat",NA,NA,NA,"G77",NA,NA,NA,NA,"G","7","7",NA,"R",11,7,NA,NA,NA,NA,NA,NA,NA,NA,NA,NA,NA,NA,NA,NA,NA,NA,2022,7,FALSE,TRUE,TRUE,"Summer adult",0.409774436090226,110.952033773268
"Common Tern","BGFY",NA,NA,"DD","32758","STEHIR","M",6,264,117,2022-07-11,1899-12-31 00:30:00,"Atlit Salt-Pans",32.695,34.932,"Yosef Kiat",NA,NA,NA,"GFY",NA,NA,NA,NA,"G","F","Y",NA,"B",11,7,NA,NA,NA,NA,NA,NA,NA,NA,NA,NA,NA,NA,NA,NA,NA,NA,2022,7,TRUE,FALSE,TRUE,"Summer adult",0.443181818181818,121.867045440272
"Common Tern","BGFZ",NA,NA,"DD","32759","STEHIR",NA,6,266,124,2022-07-11,1899-12-31 00:30:00,"Atlit Salt-Pans",32.695,34.932,"Yosef Kiat",NA,NA,NA,"GFZ",NA,NA,NA,NA,"G","F","Z",NA,"B",11,7,NA,NA,NA,NA,NA,NA,NA,NA,NA,NA,NA,NA,NA,NA,NA,NA,2022,7,TRUE,FALSE,TRUE,"Summer adult",0.466165413533835,126.220662274177
"Common Tern","BGGA",NA,NA,"DD","32760","STEHIR",NA,6,272,106,2022-07-11,1899-12-31 00:30:00,"Atlit Salt-Pans",32.695,34.932,"Yosef Kiat",NA,NA,NA,"GGA",NA,NA,NA,NA,"G","G","A",NA,"B",11,7,NA,NA,NA,NA,NA,NA,NA,NA,NA,NA,NA,NA,NA,NA,NA,NA,2022,7,TRUE,FALSE,TRUE,"Summer adult",0.389705882352941,100.80552171976
"Common Tern","BGGE",NA,NA,"DD","32763","STEHIR",NA,4,265,117,2022-07-11,1899-12-31 01:15:00,"Atlit Salt-Pans",32.695,34.932,"Yosef Kiat",NA,NA,NA,"GGE",NA,NA,NA,NA,"G","G","E",NA,"B",11,7,NA,NA,NA,NA,NA,NA,NA,NA,NA,NA,NA,NA,NA,NA,NA,NA,2022,7,TRUE,FALSE,TRUE,"Summer adult",0.441509433962264,120.47058813196
"Common Tern","BGGF",NA,NA,"DD","32764","STEHIR",NA,6,262,118,2022-07-11,1899-12-31 01:15:00,"Atlit Salt-Pans",32.695,34.932,"Yosef Kiat",NA,NA,NA,"GGF",NA,NA,NA,NA,"G","G","F",NA,"B",11,7,NA,NA,NA,NA,NA,NA,NA,NA,NA,NA,NA,NA,NA,NA,NA,NA,2022,7,TRUE,FALSE,TRUE,"Summer adult",0.450381679389313,125.791142496171
"Common Tern","YGFG",NA,"R","DD","29961","STEHIR",NA,9,279,113,2022-07-11,1899-12-31 01:15:00,"Atlit Salt-Pans",32.695,34.932,"Yosef Kiat",NA,NA,NA,"GFG",NA,NA,NA,NA,"G","F","G",NA,"Y",11,7,NA,NA,NA,NA,NA,NA,NA,NA,NA,NA,NA,NA,NA,NA,NA,NA,2022,7,FALSE,TRUE,TRUE,"Summer adult",0.405017921146953,99.4528643365886
"Common Tern","RGNJ",NA,"R","DD","32026","STEHIR","M",7,267,116,2022-07-11,1899-12-31 02:00:00,"Atlit Salt-Pans",32.695,34.932,"Yosef Kiat",NA,NA,NA,"GNJ",NA,NA,NA,NA,"G","N","J",NA,"R",11,7,NA,NA,NA,NA,NA,NA,NA,NA,NA,NA,NA,NA,NA,NA,NA,NA,2022,7,FALSE,TRUE,TRUE,"Summer adult",0.434456928838951,116.734457664834
"Common Tern","BG40",NA,"R","DX","11595","STEHIR",NA,6,262,103,2022-07-11,1899-12-31 02:00:00,"Atlit Salt-Pans",32.695,34.932,"Yosef Kiat",NA,NA,NA,"G40",NA,NA,NA,NA,"G","4","0",NA,"B",11,7,NA,NA,NA,NA,NA,NA,NA,NA,NA,NA,NA,NA,NA,NA,NA,NA,2022,7,FALSE,TRUE,TRUE,"Summer adult",0.393129770992366,109.800743026319
"Common Tern","BGGJ",NA,NA,"DD","32767","STEHIR",NA,6,257,110,2022-07-11,1899-12-31 02:00:00,"Atlit Salt-Pans",32.695,34.932,"Yosef Kiat",NA,NA,NA,"GGJ",NA,NA,NA,NA,"G","G","J",NA,"B",11,7,NA,NA,NA,NA,NA,NA,NA,NA,NA,NA,NA,NA,NA,NA,NA,NA,2022,7,TRUE,FALSE,TRUE,"Summer adult",0.428015564202335,124.356920208982
"Common Tern","BGGK",NA,NA,"DD","32768","STEHIR",NA,6,268,101,2022-07-11,1899-12-31 02:00:00,"Atlit Salt-Pans",32.695,34.932,"Yosef Kiat",NA,NA,NA,"GGK",NA,NA,NA,NA,"G","G","K",NA,"B",11,7,NA,NA,NA,NA,NA,NA,NA,NA,NA,NA,NA,NA,NA,NA,NA,NA,2022,7,TRUE,FALSE,TRUE,"Summer adult",0.376865671641791,100.487799646101
"Common Tern","GG3N",NA,"R","DD","32343","STEHIR",NA,8,266,114,2022-07-18,1899-12-31 20:30:00,"Atlit Salt-Pans",32.695,34.932,"Yosef Kiat",NA,NA,NA,"G3N",NA,NA,NA,NA,"G","3","N",NA,"G",18,7,NA,NA,NA,NA,NA,NA,NA,NA,NA,NA,NA,NA,NA,NA,NA,NA,2022,7,FALSE,TRUE,TRUE,"Summer adult",0.428571428571429,116.041576606905
"Common Tern","YGAL",NA,"R","DD","29877","STEHIR",NA,9,273,127,2022-07-18,1899-12-31 20:30:00,"Atlit Salt-Pans",32.695,34.932,"Yosef Kiat",NA,NA,NA,"GAL",NA,NA,NA,NA,"G","A","L",NA,"Y",18,7,NA,NA,NA,NA,NA,NA,NA,NA,NA,NA,NA,NA,NA,NA,NA,NA,2022,7,FALSE,TRUE,TRUE,"Summer adult",0.465201465201465,119.432870167294
"Common Tern","RG68",NA,"R","DD","30724","STEHIR","M",10,276,121,2022-07-18,1899-12-31 20:30:00,"Atlit Salt-Pans",32.695,34.932,"Yosef Kiat",NA,NA,NA,"G68",NA,NA,NA,NA,"G","6","8",NA,"R",18,7,NA,NA,NA,NA,NA,NA,NA,NA,NA,NA,NA,NA,NA,NA,NA,NA,2022,7,FALSE,TRUE,TRUE,"Summer adult",0.438405797101449,110.061812118265
"Common Tern","NG3L",NA,"R","DD","28012","STEHIR","F",14,277,119,2022-07-18,1899-12-31 20:30:00,"Atlit Salt-Pans",32.695,34.932,"Yosef Kiat",NA,NA,NA,"G3L",NA,NA,NA,NA,"G","3","L",NA,"N",18,7,NA,NA,NA,NA,NA,NA,NA,NA,NA,NA,NA,NA,NA,NA,NA,NA,2022,7,FALSE,TRUE,TRUE,"Summer adult",0.429602888086643,107.055805880841
"Common Tern","BGGX",NA,NA,"DD","32779","STEHIR","M",6,268,124,2022-07-18,1899-12-31 20:30:00,"Atlit Salt-Pans",32.695,34.932,"Yosef Kiat",NA,NA,NA,"GGX",NA,NA,NA,NA,"G","G","X",NA,"B",18,7,NA,NA,NA,NA,NA,NA,NA,NA,NA,NA,NA,NA,NA,NA,NA,NA,2022,7,TRUE,FALSE,TRUE,"Summer adult",0.462686567164179,123.37115996155
"Common Tern","BGGY",NA,NA,"DD","32780","STEHIR",NA,6,266,120,2022-07-18,1899-12-31 20:30:00,"Atlit Salt-Pans",32.695,34.932,"Yosef Kiat",NA,NA,NA,"GGY",NA,NA,NA,NA,"G","G","Y",NA,"B",18,7,NA,NA,NA,NA,NA,NA,NA,NA,NA,NA,NA,NA,NA,NA,NA,NA,2022,7,TRUE,FALSE,TRUE,"Summer adult",0.451127819548872,122.149028007268
"Common Tern","BGGZ",NA,NA,"DD","32781","STEHIR",NA,6,254,119,2022-07-18,1899-12-31 20:30:00,"Atlit Salt-Pans",32.695,34.932,"Yosef Kiat",NA,NA,NA,"GGZ",NA,NA,NA,NA,"G","G","Z",NA,"B",18,7,NA,NA,NA,NA,NA,NA,NA,NA,NA,NA,NA,NA,NA,NA,NA,NA,2022,7,TRUE,FALSE,TRUE,"Summer adult",0.468503937007874,139.434126309259
"Common Tern","BGHE",NA,NA,"DD","32785","STEHIR",NA,4,270,116,2022-07-18,1899-12-31 20:30:00,"Atlit Salt-Pans",32.695,34.932,"Yosef Kiat",NA,NA,NA,"GHE",NA,NA,NA,NA,"G","H","E",NA,"B",18,7,NA,NA,NA,NA,NA,NA,NA,NA,NA,NA,NA,NA,NA,NA,NA,NA,2022,7,TRUE,FALSE,TRUE,"Summer adult",0.42962962962963,112.825398790468
"Common Tern","BGHH",NA,NA,"DD","32788","STEHIR",NA,6,262,134,2022-07-18,1899-12-31 20:30:00,"Atlit Salt-Pans",32.695,34.932,"Yosef Kiat",NA,NA,NA,"GHH",NA,NA,NA,NA,"G","H","H",NA,"B",18,7,NA,NA,NA,NA,NA,NA,NA,NA,NA,NA,NA,NA,NA,NA,NA,NA,2022,7,TRUE,FALSE,TRUE,"Summer adult",0.511450381679389,142.847568597347
"Common Tern","BGHM",NA,NA,"DD","32792","STEHIR",NA,6,273,119,2022-07-18,1899-12-31 21:30:00,"Atlit Salt-Pans",32.695,34.932,"Yosef Kiat",NA,NA,NA,"GHM",NA,NA,NA,NA,"G","H","M",NA,"B",18,7,NA,NA,NA,NA,NA,NA,NA,NA,NA,NA,NA,NA,NA,NA,NA,NA,2022,7,TRUE,FALSE,TRUE,"Summer adult",0.435897435897436,111.909539763055
"Common Tern","BGHN",NA,NA,"DD","32793","STEHIR",NA,6,269,119,2022-07-18,1899-12-31 21:30:00,"Atlit Salt-Pans",32.695,34.932,"Yosef Kiat",NA,NA,NA,"GHN",NA,NA,NA,NA,"G","H","N",NA,"B",18,7,NA,NA,NA,NA,NA,NA,NA,NA,NA,NA,NA,NA,NA,NA,NA,NA,2022,7,TRUE,FALSE,TRUE,"Summer adult",0.442379182156134,117.059924318975
"Common Tern","BGHR",NA,NA,"DD","32795","STEHIR",NA,6,276,113,2022-07-18,1899-12-31 21:30:00,"Atlit Salt-Pans",32.695,34.932,"Yosef Kiat",NA,NA,NA,"GHR",NA,NA,NA,NA,"G","H","R",NA,"B",18,7,NA,NA,NA,NA,NA,NA,NA,NA,NA,NA,NA,NA,NA,NA,NA,NA,2022,7,TRUE,FALSE,TRUE,"Summer adult",0.409420289855072,102.784998093917
"Common Tern","BGHS",NA,NA,"DD","32796","STEHIR",NA,6,272,103,2022-07-18,1899-12-31 21:30:00,"Atlit Salt-Pans",32.695,34.932,"Yosef Kiat",NA,NA,NA,"GHS",NA,NA,NA,NA,"G","H","S",NA,"B",18,7,NA,NA,NA,NA,NA,NA,NA,NA,NA,NA,NA,NA,NA,NA,NA,NA,2022,7,TRUE,FALSE,TRUE,"Summer adult",0.378676470588235,97.9525352559932
"Common Tern","BGKT",NA,NA,"DD","32841","STEHIR",NA,6,277,119,2022-07-19,1899-12-31 01:45:00,"Atlit Salt-Pans",32.695,34.932,"Yosef Kiat",NA,NA,NA,"GKT",NA,NA,NA,NA,"G","K","T",NA,"B",19,7,NA,NA,NA,NA,NA,NA,NA,NA,NA,NA,NA,NA,NA,NA,NA,NA,2022,7,TRUE,FALSE,TRUE,"Summer adult",0.429602888086643,107.055805880841
"Common Tern","BGLA",NA,NA,"DD","32848","STEHIR",NA,6,274,153,2022-07-28,1899-12-31 20:00:00,"Atlit Salt-Pans",32.695,34.932,"Yosef Kiat",NA,NA,NA,"GLA",NA,NA,NA,NA,"G","L","A",NA,"B",28,7,NA,NA,NA,NA,NA,NA,NA,NA,NA,NA,NA,NA,NA,NA,NA,NA,2022,7,TRUE,FALSE,TRUE,"Summer adult",0.558394160583942,142.288904104046
"Common Tern","YG9E",NA,"R","DD","30145","STEHIR",NA,9,268,112,2022-07-29,1899-12-31 01:00:00,"Atlit Salt-Pans",32.695,34.932,"Yosef Kiat",NA,NA,NA,"G9E",NA,NA,NA,NA,"G","9","E",NA,"Y",29,7,NA,NA,NA,NA,NA,NA,NA,NA,NA,NA,NA,NA,NA,NA,NA,NA,2022,7,FALSE,TRUE,TRUE,"Summer adult",0.417910447761194,111.432015449142
"Common Tern","YGU4",NA,"R","DD","29812","STEHIR",NA,9,264,106,2022-07-29,1899-12-31 01:00:00,"Atlit Salt-Pans",32.695,34.932,"Yosef Kiat",NA,NA,NA,"GU4",NA,NA,NA,NA,"G","U","4",NA,"Y",29,7,NA,NA,NA,NA,NA,NA,NA,NA,NA,NA,NA,NA,NA,NA,NA,NA,2022,7,FALSE,TRUE,TRUE,"Summer adult",0.401515151515151,110.409459971528
"Common Tern","RGPW",NA,"R","DD","32161","STEHIR","M",7,262,107,2022-07-29,1899-12-31 01:00:00,"Atlit Salt-Pans",32.695,34.932,"Yosef Kiat",NA,NA,NA,"GPW",NA,NA,NA,NA,"G","P","W",NA,"R",29,7,NA,NA,NA,NA,NA,NA,NA,NA,NA,NA,NA,NA,NA,NA,NA,NA,2022,7,FALSE,TRUE,TRUE,"Summer adult",0.408396946564886,114.064849551613
"Common Tern","GG2E",NA,"R","DD","32313","STEHIR",NA,8,266,114,2022-07-29,1899-12-31 01:00:00,"Atlit Salt-Pans",32.695,34.932,"Yosef Kiat",NA,NA,NA,"G2E",NA,NA,NA,NA,"G","2","E",NA,"G",29,7,NA,NA,NA,NA,NA,NA,NA,NA,NA,NA,NA,NA,NA,NA,NA,NA,2022,7,FALSE,TRUE,TRUE,"Summer adult",0.428571428571429,116.041576606905
"Common Tern","RG6E",NA,"R","DD","30889","STEHIR",NA,7,270,112,2022-07-29,1899-12-31 01:00:00,"Atlit Salt-Pans",32.695,34.932,"Yosef Kiat",NA,NA,NA,"G6E",NA,NA,NA,NA,"G","6","E",NA,"R",29,7,NA,NA,NA,NA,NA,NA,NA,NA,NA,NA,NA,NA,NA,NA,NA,NA,2022,7,FALSE,TRUE,TRUE,"Summer adult",0.414814814814815,108.934867797694
"Common Tern","YGU3",NA,"R","DD","29811","STEHIR","F",9,267,118,2022-07-29,1899-12-31 01:00:00,"Atlit Salt-Pans",32.695,34.932,"Yosef Kiat",NA,NA,NA,"GU3",NA,NA,NA,NA,"G","U","3",NA,"Y",29,7,NA,NA,NA,NA,NA,NA,NA,NA,NA,NA,NA,NA,NA,NA,NA,NA,2022,7,FALSE,TRUE,TRUE,"Summer adult",0.441947565543071,118.747120728021
"Common Tern","BGSJ",NA,NA,"DD","32965","STEHIR",NA,6,272,121,2022-07-29,1899-12-31 01:00:00,"Atlit Salt-Pans",32.695,34.932,"Yosef Kiat",NA,NA,NA,"GSJ",NA,NA,NA,NA,"G","S","J",NA,"B",29,7,NA,NA,NA,NA,NA,NA,NA,NA,NA,NA,NA,NA,NA,NA,NA,NA,2022,7,TRUE,FALSE,TRUE,"Summer adult",0.444852941176471,115.070454038594
"Common Tern","BGSL",NA,NA,"DD","32967","STEHIR",NA,6,274,111,2022-07-29,1899-12-31 01:00:00,"Atlit Salt-Pans",32.695,34.932,"Yosef Kiat",NA,NA,NA,"GSL",NA,NA,NA,NA,"G","S","L",NA,"B",29,7,NA,NA,NA,NA,NA,NA,NA,NA,NA,NA,NA,NA,NA,NA,NA,NA,2022,7,TRUE,FALSE,TRUE,"Summer adult",0.405109489051095,103.22920493823
"Common Tern","BGSP",NA,NA,"DD","32970","STEHIR",NA,6,275,127,2022-07-29,1899-12-31 01:00:00,"Atlit Salt-Pans",32.695,34.932,"Yosef Kiat",NA,NA,NA,"GSP",NA,NA,NA,NA,"G","S","P",NA,"B",29,7,NA,NA,NA,NA,NA,NA,NA,NA,NA,NA,NA,NA,NA,NA,NA,NA,2022,7,TRUE,FALSE,TRUE,"Summer adult",0.461818181818182,116.804725761177
"Common Tern","BGSR",NA,NA,"DD","32971","STEHIR",NA,6,264,108,2022-07-29,1899-12-31 01:00:00,"Atlit Salt-Pans",32.695,34.932,"Yosef Kiat",NA,NA,NA,"GSR",NA,NA,NA,NA,"G","S","R",NA,"B",29,7,NA,NA,NA,NA,NA,NA,NA,NA,NA,NA,NA,NA,NA,NA,NA,NA,2022,7,TRUE,FALSE,TRUE,"Summer adult",0.409090909090909,112.492657329482
"Common Tern","BGSS",NA,NA,"DD","32972","STEHIR",NA,6,266,106,2022-07-29,1899-12-31 01:00:00,"Atlit Salt-Pans",32.695,34.932,"Yosef Kiat",NA,NA,NA,"GSS",NA,NA,NA,NA,"G","S","S",NA,"B",29,7,NA,NA,NA,NA,NA,NA,NA,NA,NA,NA,NA,NA,NA,NA,NA,NA,2022,7,TRUE,FALSE,TRUE,"Summer adult",0.398496240601504,107.898308073087
"Common Tern","W+NG",NA,NA,"DD","33634","STEHIR",NA,6,281,126,2023-06-29,1899-12-31 19:45:00,"Atlit Salt-Pans",32.695,34.932,"Yosef Kiat",NA,NA,NA,"+NG",NA,NA,NA,NA,"+","N","G",NA,"W",29,6,NA,NA,NA,NA,NA,NA,NA,NA,NA,NA,NA,NA,NA,NA,NA,NA,2023,6,TRUE,FALSE,TRUE,"Summer adult",0.448398576512456,108.505816175482
"Common Tern","W+NH",NA,NA,"DD","33635","STEHIR",NA,6,276,127,2023-06-29,1899-12-31 19:45:00,"Atlit Salt-Pans",32.695,34.932,"Yosef Kiat",NA,NA,NA,"+NH",NA,NA,NA,NA,"+","N","H",NA,"W",29,6,NA,NA,NA,NA,NA,NA,NA,NA,NA,NA,NA,NA,NA,NA,NA,NA,2023,6,TRUE,FALSE,TRUE,"Summer adult",0.460144927536232,115.519422636526
"Common Tern","W+NJ",NA,NA,"DD","33636","STEHIR",NA,6,270,123,2023-06-29,1899-12-31 19:45:00,"Atlit Salt-Pans",32.695,34.932,"Yosef Kiat",NA,NA,NA,"+NJ",NA,NA,NA,NA,"+","N","J",NA,"W",29,6,NA,NA,NA,NA,NA,NA,NA,NA,NA,NA,NA,NA,NA,NA,NA,NA,2023,6,TRUE,FALSE,TRUE,"Summer adult",0.455555555555556,119.633828027824
"Common Tern","W+NK",NA,NA,"DD","33637","STEHIR",NA,6,264,102,2023-06-29,1899-12-31 19:45:00,"Atlit Salt-Pans",32.695,34.932,"Yosef Kiat",NA,NA,NA,"+NK",NA,NA,NA,NA,"+","N","K",NA,"W",29,6,NA,NA,NA,NA,NA,NA,NA,NA,NA,NA,NA,NA,NA,NA,NA,NA,2023,6,TRUE,FALSE,TRUE,"Summer adult",0.386363636363636,106.243065255622
"Common Tern","W+ZS",NA,NA,"DD","33860","STEHIR",NA,6,270,115,2023-07-30,1899-12-31 18:00:00,"Atlit Salt-Pans",32.695,34.932,"Yosef Kiat",NA,NA,NA,"+ZS",NA,NA,NA,NA,"+","Z","S",NA,"W",21,6,NA,NA,NA,NA,NA,NA,NA,NA,NA,NA,NA,NA,NA,NA,NA,NA,2023,7,TRUE,FALSE,TRUE,"Summer adult",0.425925925925926,111.852766042275
"Common Tern","W+ZZ",NA,NA,"DD","33867","STEHIR",NA,6,274,114,2023-07-30,1899-12-31 20:30:00,"Atlit Salt-Pans",32.695,34.932,"Yosef Kiat",NA,NA,NA,"+ZZ",NA,NA,NA,NA,"+","Z","Z",NA,"W",21,6,NA,NA,NA,NA,NA,NA,NA,NA,NA,NA,NA,NA,NA,NA,NA,NA,2023,7,TRUE,FALSE,TRUE,"Summer adult",0.416058394160584,106.019183450074
"Common Tern","W+01",NA,NA,"DD","33869","STEHIR",NA,6,275,115,2023-07-30,1899-12-31 20:30:00,"Atlit Salt-Pans",32.695,34.932,"Yosef Kiat",NA,NA,NA,"+01",NA,NA,NA,NA,"+","0","1",NA,"W",21,6,NA,NA,NA,NA,NA,NA,NA,NA,NA,NA,NA,NA,NA,NA,NA,NA,2023,7,TRUE,FALSE,TRUE,"Summer adult",0.418181818181818,105.768058760121
"Common Tern","W+03",NA,NA,"DD","33871","STEHIR",NA,6,265,110,2023-07-30,1899-12-31 20:30:00,"Atlit Salt-Pans",32.695,34.932,"Yosef Kiat",NA,NA,NA,"+03",NA,NA,NA,NA,"+","0","3",NA,"W",21,6,NA,NA,NA,NA,NA,NA,NA,NA,NA,NA,NA,NA,NA,NA,NA,NA,2023,7,TRUE,FALSE,TRUE,"Summer adult",0.415094339622642,113.262946106971
"Common Tern","W+05",NA,NA,"DD","33873","STEHIR",NA,6,265,124,2023-07-30,1899-12-31 20:30:00,"Atlit Salt-Pans",32.695,34.932,"Yosef Kiat",NA,NA,NA,"+05",NA,NA,NA,NA,"+","0","5",NA,"W",21,6,NA,NA,NA,NA,NA,NA,NA,NA,NA,NA,NA,NA,NA,NA,NA,NA,2023,7,TRUE,FALSE,TRUE,"Summer adult",0.467924528301887,127.678230156949
"Common Tern","W+08",NA,NA,"DD","33876","STEHIR",NA,6,260,110,2023-07-30,1899-12-31 20:30:00,"Atlit Salt-Pans",32.695,34.932,"Yosef Kiat",NA,NA,NA,"+08",NA,NA,NA,NA,"+","0","8",NA,"W",21,6,NA,NA,NA,NA,NA,NA,NA,NA,NA,NA,NA,NA,NA,NA,NA,NA,2023,7,TRUE,FALSE,TRUE,"Summer adult",0.423076923076923,120.034343275158
"Common Tern","W+12",NA,NA,"DD","33880","STEHIR",NA,6,267,128,2023-07-30,1899-12-31 20:30:00,"Atlit Salt-Pans",32.695,34.932,"Yosef Kiat",NA,NA,NA,"+12",NA,NA,NA,NA,"+","1","2",NA,"W",21,6,NA,NA,NA,NA,NA,NA,NA,NA,NA,NA,NA,NA,NA,NA,NA,NA,2023,7,TRUE,FALSE,TRUE,"Summer adult",0.47940074906367,128.810436043955
"Common Tern","W+13",NA,NA,"DD","33881","STEHIR",NA,6,272,126,2023-07-30,1899-12-31 20:30:00,"Atlit Salt-Pans",32.695,34.932,"Yosef Kiat",NA,NA,NA,"+13",NA,NA,NA,NA,"+","1","3",NA,"W",21,6,NA,NA,NA,NA,NA,NA,NA,NA,NA,NA,NA,NA,NA,NA,NA,NA,2023,7,TRUE,FALSE,TRUE,"Summer adult",0.463235294117647,119.825431478205
"Common Tern","GG43",NA,"R","DX","10909","STEHIR",NA,7,258,114,2023-07-30,1899-12-31 21:15:00,"Atlit Salt-Pans",32.695,34.932,"Yosef Kiat",NA,NA,NA,"G43",NA,NA,NA,NA,"G","4","3",NA,"G",21,6,NA,NA,NA,NA,NA,NA,NA,NA,NA,NA,NA,NA,NA,NA,NA,NA,2023,7,FALSE,TRUE,TRUE,"Summer adult",0.441860465116279,127.362274704734
"Common Tern","W+XU",NA,"R","DD","33819","STEHIR",NA,6,258,107,2023-07-30,1899-12-31 21:15:00,"Atlit Salt-Pans",32.695,34.932,"Yosef Kiat",NA,NA,NA,"+XU",NA,NA,NA,NA,"+","X","U",NA,"W",21,6,NA,NA,NA,NA,NA,NA,NA,NA,NA,NA,NA,NA,NA,NA,NA,NA,2023,7,FALSE,TRUE,TRUE,"Summer adult",0.414728682170543,119.541784152689
"Common Tern","BGRY",NA,"R","DD","32956","STEHIR",NA,5,268,110,2023-07-30,1899-12-31 21:15:00,"Atlit Salt-Pans",32.695,34.932,"Yosef Kiat",NA,NA,NA,"GRY",NA,NA,NA,NA,"G","R","Y",NA,"B",21,6,NA,NA,NA,NA,NA,NA,NA,NA,NA,NA,NA,NA,NA,NA,NA,NA,2023,7,FALSE,TRUE,TRUE,"Summer adult",0.41044776119403,109.442158030407
"Common Tern","W+14",NA,NA,"DD","33882","STEHIR",NA,6,265,114,2023-07-30,1899-12-31 21:15:00,"Atlit Salt-Pans",32.695,34.932,"Yosef Kiat",NA,"Rump and upper-tail coverts: grey",NA,"+14",NA,NA,NA,NA,"+","1","4",NA,"W",21,6,NA,NA,NA,NA,NA,NA,NA,NA,NA,NA,NA,NA,NA,NA,NA,NA,2023,7,TRUE,FALSE,TRUE,"Summer adult",0.430188679245283,117.381598692679
"Common Tern","W+23",NA,NA,"DD","33891","STEHIR",NA,6,257,128,2023-07-30,1899-12-31 21:15:00,"Atlit Salt-Pans",32.695,34.932,"Yosef Kiat",NA,NA,NA,"+23",NA,NA,NA,NA,"+","2","3",NA,"W",21,6,NA,NA,NA,NA,NA,NA,NA,NA,NA,NA,NA,NA,NA,NA,NA,NA,2023,7,TRUE,FALSE,TRUE,"Summer adult",0.498054474708171,144.706234424997
"Common Tern","W+25",NA,NA,"DD","33893","STEHIR",NA,6,264,112,2023-07-30,1899-12-31 21:15:00,"Atlit Salt-Pans",32.695,34.932,"Yosef Kiat",NA,NA,NA,"+25",NA,NA,NA,NA,"+","2","5",NA,"W",21,6,NA,NA,NA,NA,NA,NA,NA,NA,NA,NA,NA,NA,NA,NA,NA,NA,2023,7,TRUE,FALSE,TRUE,"Summer adult",0.424242424242424,116.659052045388
"Common Tern","W+27",NA,NA,"DD","33895","STEHIR",NA,6,264,109,2023-07-30,1899-12-31 21:15:00,"Atlit Salt-Pans",32.695,34.932,"Yosef Kiat",NA,NA,NA,"+27",NA,NA,NA,NA,"+","2","7",NA,"W",21,6,NA,NA,NA,NA,NA,NA,NA,NA,NA,NA,NA,NA,NA,NA,NA,NA,2023,7,TRUE,FALSE,TRUE,"Summer adult",0.412878787878788,113.534256008458
"Common Tern","W+28",NA,NA,"DD","33896","STEHIR",NA,6,265,115,2023-07-30,1899-12-31 21:15:00,"Atlit Salt-Pans",32.695,34.932,"Yosef Kiat",NA,NA,NA,"+28",NA,NA,NA,NA,"+","2","8",NA,"W",21,6,NA,NA,NA,NA,NA,NA,NA,NA,NA,NA,NA,NA,NA,NA,NA,NA,2023,7,TRUE,FALSE,TRUE,"Summer adult",0.433962264150943,118.411261839106
"Common Tern","W+29",NA,NA,"DD","33897","STEHIR",NA,6,260,109,2023-07-30,1899-12-31 21:15:00,"Atlit Salt-Pans",32.695,34.932,"Yosef Kiat",NA,NA,NA,"+29",NA,NA,NA,NA,"+","2","9",NA,"W",21,6,NA,NA,NA,NA,NA,NA,NA,NA,NA,NA,NA,NA,NA,NA,NA,NA,2023,7,TRUE,FALSE,TRUE,"Summer adult",0.419230769230769,118.943121972657
"Common Tern","W+30",NA,NA,"DD","33898","STEHIR",NA,6,263,114,2023-07-30,1899-12-31 21:15:00,"Atlit Salt-Pans",32.695,34.932,"Yosef Kiat",NA,NA,NA,"+30",NA,NA,NA,NA,"+","3","0",NA,"W",21,6,NA,NA,NA,NA,NA,NA,NA,NA,NA,NA,NA,NA,NA,NA,NA,NA,2023,7,TRUE,FALSE,TRUE,"Summer adult",0.433460076045627,120.123926253624
"Common Tern","W+31",NA,NA,"DD","33899","STEHIR",NA,6,252,106,2023-07-30,1899-12-31 21:15:00,"Atlit Salt-Pans",32.695,34.932,"Yosef Kiat",NA,NA,NA,"+31",NA,NA,NA,NA,"+","3","1",NA,"W",21,6,NA,NA,NA,NA,NA,NA,NA,NA,NA,NA,NA,NA,NA,NA,NA,NA,2023,7,TRUE,FALSE,TRUE,"Summer adult",0.420634920634921,127.231179038099
"Common Tern","W+32",NA,NA,"DD","33900","STEHIR",NA,6,264,109,2023-07-30,1899-12-31 21:15:00,"Atlit Salt-Pans",32.695,34.932,"Yosef Kiat",NA,NA,NA,"+32",NA,NA,NA,NA,"+","3","2",NA,"W",21,6,NA,NA,NA,NA,NA,NA,NA,NA,NA,NA,NA,NA,NA,NA,NA,NA,2023,7,TRUE,FALSE,TRUE,"Summer adult",0.412878787878788,113.534256008458
"Common Tern","GG5J",NA,"R","DD","32382","STEHIR",NA,7,266,111,2023-07-30,1899-12-31 22:30:00,"Atlit Salt-Pans",32.695,34.932,"Yosef Kiat",NA,NA,NA,"G5J",NA,NA,NA,NA,"G","5","J",NA,"G",21,6,NA,NA,NA,NA,NA,NA,NA,NA,NA,NA,NA,NA,NA,NA,NA,NA,2023,7,FALSE,TRUE,TRUE,"Summer adult",0.417293233082707,112.987850906723
"Common Tern","W+36",NA,NA,"DD","33904","STEHIR",NA,6,266,118,2023-07-30,1899-12-31 22:30:00,"Atlit Salt-Pans",32.695,34.932,"Yosef Kiat",NA,NA,NA,"+36",NA,NA,NA,NA,"+","3","6",NA,"W",21,6,NA,NA,NA,NA,NA,NA,NA,NA,NA,NA,NA,NA,NA,NA,NA,NA,2023,7,TRUE,FALSE,TRUE,"Summer adult",0.443609022556391,120.113210873813
"Common Tern","W+37",NA,NA,"DD","33905","STEHIR",NA,6,265,130,2023-07-30,1899-12-31 22:30:00,"Atlit Salt-Pans",32.695,34.932,"Yosef Kiat",NA,NA,NA,"+37",NA,NA,NA,NA,"+","3","7",NA,"W",21,6,NA,NA,NA,NA,NA,NA,NA,NA,NA,NA,NA,NA,NA,NA,NA,NA,2023,7,TRUE,FALSE,TRUE,"Summer adult",0.490566037735849,133.856209035511
"Common Tern","W+39",NA,NA,"DD","33907","STEHIR",NA,5,256,118,2023-07-30,1899-12-31 22:30:00,"Atlit Salt-Pans",32.695,34.932,"Yosef Kiat",NA,NA,NA,"+39",NA,NA,NA,NA,"+","3","9",NA,"W",21,6,NA,NA,NA,NA,NA,NA,NA,NA,NA,NA,NA,NA,NA,NA,NA,NA,2023,7,TRUE,FALSE,TRUE,"Summer adult",0.4609375,134.99591947
"Common Tern","W+45",NA,NA,"DD","33913","STEHIR",NA,5,267,104,2023-07-30,1899-12-31 22:30:00,"Atlit Salt-Pans",32.695,34.932,"Yosef Kiat",NA,NA,NA,"+45",NA,NA,NA,NA,"+","4","5",NA,"W",21,6,NA,NA,NA,NA,NA,NA,NA,NA,NA,NA,NA,NA,NA,NA,NA,NA,2023,7,TRUE,FALSE,TRUE,"Summer adult",0.389513108614232,104.658479285713
"Common Tern","W+47",NA,NA,"DD","33915","STEHIR",NA,6,259,121,2023-07-30,1899-12-31 22:30:00,"Atlit Salt-Pans",32.695,34.932,"Yosef Kiat",NA,NA,NA,"+47",NA,NA,NA,NA,"+","4","7",NA,"W",21,6,NA,NA,NA,NA,NA,NA,NA,NA,NA,NA,NA,NA,NA,NA,NA,NA,2023,7,TRUE,FALSE,TRUE,"Summer adult",0.467181467181467,133.597981960732
"Common Tern","W+52",NA,NA,"DD","33920","STEHIR",NA,6,264,97,2023-07-30,1899-12-31 22:30:00,"Atlit Salt-Pans",32.695,34.932,"Yosef Kiat",NA,NA,NA,"+52",NA,NA,NA,NA,"+","5","2",NA,"W",21,6,NA,NA,NA,NA,NA,NA,NA,NA,NA,NA,NA,NA,NA,NA,NA,NA,2023,7,TRUE,FALSE,TRUE,"Summer adult",0.367424242424242,101.035071860738
"Common Tern","W+53",NA,NA,"DD","33921","STEHIR",NA,6,279,123,2023-07-30,1899-12-31 22:30:00,"Atlit Salt-Pans",32.695,34.932,"Yosef Kiat",NA,NA,NA,"+53",NA,NA,NA,NA,"+","5","3",NA,"W",21,6,NA,NA,NA,NA,NA,NA,NA,NA,NA,NA,NA,NA,NA,NA,NA,NA,2023,7,TRUE,FALSE,TRUE,"Summer adult",0.440860215053763,108.254002773455
"Common Tern","GG9R",NA,"R","DD","32475","STEHIR",NA,7,262,134,2023-07-30,1899-12-31 23:30:00,"Atlit Salt-Pans",32.695,34.932,"Yosef Kiat",NA,NA,NA,"G9R",NA,NA,NA,NA,"G","9","R",NA,"G",21,6,NA,NA,NA,NA,NA,NA,NA,NA,NA,NA,NA,NA,NA,NA,NA,NA,2023,7,FALSE,TRUE,TRUE,"Summer adult",0.511450381679389,142.847568597347
"Common Tern","GG1J",NA,"R","DX","10995","STEHIR","F",7,262,108,2023-07-30,1899-12-31 23:30:00,"Atlit Salt-Pans",32.695,34.932,"Yosef Kiat",NA,NA,NA,"G1J",NA,NA,NA,NA,"G","1","J",NA,"G",21,6,NA,NA,NA,NA,NA,NA,NA,NA,NA,NA,NA,NA,NA,NA,NA,NA,2023,7,FALSE,TRUE,TRUE,"Summer adult",0.412213740458015,115.130876182936
"Common Tern","GG6N",NA,"R","DD","32408","STEHIR",NA,7,254,103,2023-07-30,1899-12-31 23:30:00,"Atlit Salt-Pans",32.695,34.932,"Yosef Kiat",NA,NA,NA,"G6N",NA,NA,NA,NA,"G","6","N",NA,"G",21,6,NA,NA,NA,NA,NA,NA,NA,NA,NA,NA,NA,NA,NA,NA,NA,NA,2023,7,FALSE,TRUE,TRUE,"Summer adult",0.405511811023622,120.686680755073
"Common Tern","W+56",NA,NA,"DD","33924","STEHIR",NA,6,275,125,2023-07-30,1899-12-31 23:30:00,"Atlit Salt-Pans",32.695,34.932,"Yosef Kiat",NA,NA,NA,"+56",NA,NA,NA,NA,"+","5","6",NA,"W",21,6,NA,NA,NA,NA,NA,NA,NA,NA,NA,NA,NA,NA,NA,NA,NA,NA,2023,7,TRUE,FALSE,TRUE,"Summer adult",0.454545454545455,114.965281261001
"Common Tern","W+57",NA,NA,"DD","33925","STEHIR",NA,6,272,114,2023-07-30,1899-12-31 23:30:00,"Atlit Salt-Pans",32.695,34.932,"Yosef Kiat",NA,NA,NA,"+57",NA,NA,NA,NA,"+","5","7",NA,"W",21,6,NA,NA,NA,NA,NA,NA,NA,NA,NA,NA,NA,NA,NA,NA,NA,NA,2023,7,TRUE,FALSE,TRUE,"Summer adult",0.419117647058824,108.413485623138
"Common Tern","W+61",NA,NA,"DD","33929","STEHIR",NA,6,258,116,2023-07-30,1899-12-31 23:30:00,"Atlit Salt-Pans",32.695,34.932,"Yosef Kiat",NA,NA,NA,"+61",NA,NA,NA,NA,"+","6","1",NA,"W",21,6,NA,NA,NA,NA,NA,NA,NA,NA,NA,NA,NA,NA,NA,NA,NA,NA,2023,7,TRUE,FALSE,TRUE,"Summer adult",0.449612403100775,129.596700576747
"Common Tern","W+62",NA,NA,"DD","33930","STEHIR",NA,6,261,111,2023-07-30,1899-12-31 23:30:00,"Atlit Salt-Pans",32.695,34.932,"Yosef Kiat",NA,NA,NA,"+62",NA,NA,NA,NA,"+","6","2",NA,"W",21,6,NA,NA,NA,NA,NA,NA,NA,NA,NA,NA,NA,NA,NA,NA,NA,NA,2023,7,TRUE,FALSE,TRUE,"Summer adult",0.425287356321839,119.716415935765
"Common Tern","W+66",NA,NA,"DD","33934","STEHIR",NA,6,270,124,2023-07-30,1899-12-31 23:30:00,"Atlit Salt-Pans",32.695,34.932,"Yosef Kiat",NA,NA,NA,"+66",NA,NA,NA,NA,"+","6","6",NA,"W",21,6,NA,NA,NA,NA,NA,NA,NA,NA,NA,NA,NA,NA,NA,NA,NA,NA,2023,7,TRUE,FALSE,TRUE,"Summer adult",0.459259259259259,120.606460776018
"Common Tern","W+67",NA,NA,"DD","33935","STEHIR",NA,6,262,100,2023-07-30,1899-12-31 23:30:00,"Atlit Salt-Pans",32.695,34.932,"Yosef Kiat",NA,NA,NA,"+67",NA,NA,NA,NA,"+","6","7",NA,"W",21,6,NA,NA,NA,NA,NA,NA,NA,NA,NA,NA,NA,NA,NA,NA,NA,NA,2023,7,TRUE,FALSE,TRUE,"Summer adult",0.381679389312977,106.602663132348
"Common Tern","W+68",NA,NA,"DD","33936","STEHIR",NA,6,272,123,2023-07-30,1899-12-31 23:30:00,"Atlit Salt-Pans",32.695,34.932,"Yosef Kiat",NA,NA,NA,"+68",NA,NA,NA,NA,"+","6","8",NA,"W",21,6,NA,NA,NA,NA,NA,NA,NA,NA,NA,NA,NA,NA,NA,NA,NA,NA,2023,7,TRUE,FALSE,TRUE,"Summer adult",0.452205882352941,116.972445014438
"Common Tern","W+69",NA,NA,"DD","33937","STEHIR",NA,6,260,112,2023-07-30,1899-12-31 23:30:00,"Atlit Salt-Pans",32.695,34.932,"Yosef Kiat",NA,NA,NA,"+69",NA,NA,NA,NA,"+","6","9",NA,"W",21,6,NA,NA,NA,NA,NA,NA,NA,NA,NA,NA,NA,NA,NA,NA,NA,NA,2023,7,TRUE,FALSE,TRUE,"Summer adult",0.430769230769231,122.216785880161
"Common Tern","GG4H",NA,"R","DD","32360","STEHIR",NA,7,268,97,2023-07-31,1899-12-31 00:30:00,"Atlit Salt-Pans",32.695,34.932,"Yosef Kiat",NA,NA,NA,"G4H",NA,NA,NA,NA,"G","4","H",NA,"G",21,6,NA,NA,NA,NA,NA,NA,NA,NA,NA,NA,NA,NA,NA,NA,NA,NA,2023,7,FALSE,TRUE,TRUE,"Summer adult",0.361940298507463,96.5080848086318
"Common Tern","W+70",NA,NA,"DD","33938","STEHIR",NA,6,277,129,2023-07-31,1899-12-31 00:30:00,"Atlit Salt-Pans",32.695,34.932,"Yosef Kiat",NA,NA,NA,"+70",NA,NA,NA,NA,"+","7","0",NA,"W",21,6,NA,NA,NA,NA,NA,NA,NA,NA,NA,NA,NA,NA,NA,NA,NA,NA,2023,7,TRUE,FALSE,TRUE,"Summer adult",0.465703971119134,116.052092089316
"Common Tern","W+72",NA,NA,"DD","33940","STEHIR",NA,6,262,112,2023-07-31,1899-12-31 00:30:00,"Atlit Salt-Pans",32.695,34.932,"Yosef Kiat",NA,NA,NA,"+72",NA,NA,NA,NA,"+","7","2",NA,"W",21,6,NA,NA,NA,NA,NA,NA,NA,NA,NA,NA,NA,NA,NA,NA,NA,NA,2023,7,TRUE,FALSE,TRUE,"Summer adult",0.427480916030534,119.39498270823
"Common Tern","W+73",NA,NA,"DD","33941","STEHIR",NA,6,270,132,2023-07-31,1899-12-31 00:30:00,"Atlit Salt-Pans",32.695,34.932,"Yosef Kiat",NA,NA,NA,"+73",NA,NA,NA,NA,"+","7","3",NA,"W",21,6,NA,NA,NA,NA,NA,NA,NA,NA,NA,NA,NA,NA,NA,NA,NA,NA,2023,7,TRUE,FALSE,TRUE,"Summer adult",0.488888888888889,128.387522761567
"Common Tern","W+74",NA,NA,"DD","33942","STEHIR",NA,4,262,114,2023-07-31,1899-12-31 00:30:00,"Atlit Salt-Pans",32.695,34.932,"Yosef Kiat",NA,NA,NA,"+74",NA,NA,NA,NA,"+","7","4",NA,"W",21,6,NA,NA,NA,NA,NA,NA,NA,NA,NA,NA,NA,NA,NA,NA,NA,NA,2023,7,TRUE,FALSE,TRUE,"Summer adult",0.435114503816794,121.527035970877
"Common Tern","NIZ5",NA,"R","DD","23601","STEHIR",NA,21,262,103,2024-07-04,1899-12-31 23:30:00,"Atlit Salt-Pans",32.695,34.932,"Yosef Kiat",NA,NA,NA,"IZ5",NA,NA,NA,NA,"I","Z","5",NA,"N",4,7,NA,NA,NA,NA,NA,NA,NA,NA,NA,NA,NA,NA,NA,NA,NA,NA,2024,7,FALSE,TRUE,TRUE,"Summer adult",0.393129770992366,109.800743026319
"Common Tern","BGUV",NA,"R","DD","33019","STEHIR",NA,7,265,105,2024-07-04,1899-12-31 23:30:00,"Atlit Salt-Pans",32.695,34.932,"Yosef Kiat",NA,NA,NA,"GUV",NA,NA,NA,NA,"G","U","V",NA,"B",4,7,NA,NA,NA,NA,NA,NA,NA,NA,NA,NA,NA,NA,NA,NA,NA,NA,2024,7,FALSE,TRUE,TRUE,"Summer adult",0.39622641509434,108.114630374836
"Common Tern","WB+U",NA,NA,"DD","36397","STEHIR",NA,6,266,108,2024-07-04,1899-12-31 23:30:00,"Atlit Salt-Pans",32.695,34.932,"Yosef Kiat",NA,NA,NA,"B+U",NA,NA,NA,NA,"B","+","U",NA,"W",4,7,NA,NA,NA,NA,NA,NA,NA,NA,NA,NA,NA,NA,NA,NA,NA,NA,2024,7,TRUE,FALSE,TRUE,"Summer adult",0.406015037593985,109.934125206541
"Common Tern","WB+V",NA,NA,"DD","36398","STEHIR",NA,6,260,117,2024-07-04,1899-12-31 23:30:00,"Atlit Salt-Pans",32.695,34.932,"Yosef Kiat",NA,NA,NA,"B+V",NA,NA,NA,NA,"B","+","V",NA,"W",4,7,NA,NA,NA,NA,NA,NA,NA,NA,NA,NA,NA,NA,NA,NA,NA,NA,2024,7,TRUE,FALSE,TRUE,"Summer adult",0.45,127.672892392668
"Common Tern","WB+W",NA,NA,"DD","36399","STEHIR",NA,6,264,120,2024-07-04,1899-12-31 23:30:00,"Atlit Salt-Pans",32.695,34.932,"Yosef Kiat",NA,NA,NA,"B+W",NA,NA,NA,NA,"B","+","W",NA,"W",4,7,NA,NA,NA,NA,NA,NA,NA,NA,NA,NA,NA,NA,NA,NA,NA,NA,2024,7,TRUE,FALSE,TRUE,"Summer adult",0.454545454545455,124.991841477202
"Common Tern","WB+X",NA,NA,"DD","36400","STEHIR",NA,6,272,123,2024-07-04,1899-12-31 23:30:00,"Atlit Salt-Pans",32.695,34.932,"Yosef Kiat",NA,NA,NA,"B+X",NA,NA,NA,NA,"B","+","X",NA,"W",4,7,NA,NA,NA,NA,NA,NA,NA,NA,NA,NA,NA,NA,NA,NA,NA,NA,2024,7,TRUE,FALSE,TRUE,"Summer adult",0.452205882352941,116.972445014438
"Common Tern","WB+Y",NA,NA,"DD","36401","STEHIR",NA,6,270,117,2024-07-04,1899-12-31 23:30:00,"Atlit Salt-Pans",32.695,34.932,"Yosef Kiat",NA,NA,NA,"B+Y",NA,NA,NA,NA,"B","+","Y",NA,"W",4,7,NA,NA,NA,NA,NA,NA,NA,NA,NA,NA,NA,NA,NA,NA,NA,NA,2024,7,TRUE,FALSE,TRUE,"Summer adult",0.433333333333333,113.798031538662
"Common Tern","WB+Z",NA,NA,"DD","36402","STEHIR",NA,6,270,114,2024-07-04,1899-12-31 23:30:00,"Atlit Salt-Pans",32.695,34.932,"Yosef Kiat",NA,NA,NA,"B+Z",NA,NA,NA,NA,"B","+","Z",NA,"W",4,7,NA,NA,NA,NA,NA,NA,NA,NA,NA,NA,NA,NA,NA,NA,NA,NA,2024,7,TRUE,FALSE,TRUE,"Summer adult",0.422222222222222,110.880133294081
"Common Tern","WC+A",NA,NA,"DD","36403","STEHIR",NA,6,265,107,2024-07-04,1899-12-31 23:30:00,"Atlit Salt-Pans",32.695,34.932,"Yosef Kiat",NA,NA,NA,"C+A",NA,NA,NA,NA,"C","+","A",NA,"W",4,7,NA,NA,NA,NA,NA,NA,NA,NA,NA,NA,NA,NA,NA,NA,NA,NA,2024,7,TRUE,FALSE,TRUE,"Summer adult",0.40377358490566,110.17395666769
"Common Tern","WC+B",NA,NA,"DD","36404","STEHIR",NA,6,260,104,2024-07-04,1899-12-31 23:30:00,"Atlit Salt-Pans",32.695,34.932,"Yosef Kiat",NA,NA,NA,"C+B",NA,NA,NA,NA,"C","+","B",NA,"W",4,7,NA,NA,NA,NA,NA,NA,NA,NA,NA,NA,NA,NA,NA,NA,NA,NA,2024,7,TRUE,FALSE,TRUE,"Summer adult",0.4,113.487015460149
"Common Tern","WC+C",NA,NA,"DD","36405","STEHIR",NA,6,260,113,2024-07-05,1899-12-31 00:30:00,"Atlit Salt-Pans",32.695,34.932,"Yosef Kiat",NA,NA,NA,"C+C",NA,NA,NA,NA,"C","+","C",NA,"W",5,7,NA,NA,NA,NA,NA,NA,NA,NA,NA,NA,NA,NA,NA,NA,NA,NA,2024,7,TRUE,FALSE,TRUE,"Summer adult",0.434615384615385,123.308007182662
"Common Tern","WC+E",NA,NA,"DD","36406","STEHIR",NA,6,272,107,2024-07-05,1899-12-31 00:30:00,"Atlit Salt-Pans",32.695,34.932,"Yosef Kiat",NA,NA,NA,"C+E",NA,NA,NA,NA,"C","+","E",NA,"W",5,7,NA,NA,NA,NA,NA,NA,NA,NA,NA,NA,NA,NA,NA,NA,NA,NA,2024,7,TRUE,FALSE,TRUE,"Summer adult",0.393382352941176,101.756517207682
"Common Tern","WC+F",NA,NA,"DD","36407","STEHIR",NA,6,263,116,2024-07-05,1899-12-31 00:30:00,"Atlit Salt-Pans",32.695,34.932,"Yosef Kiat",NA,NA,NA,"C+F",NA,NA,NA,NA,"C","+","F",NA,"W",5,7,NA,NA,NA,NA,NA,NA,NA,NA,NA,NA,NA,NA,NA,NA,NA,NA,2024,7,TRUE,FALSE,TRUE,"Summer adult",0.44106463878327,122.231363556319
"Common Tern","WC+G",NA,NA,"DD","36408","STEHIR",NA,6,255,106,2024-07-05,1899-12-31 00:30:00,"Atlit Salt-Pans",32.695,34.932,"Yosef Kiat",NA,NA,NA,"C+G",NA,NA,NA,NA,"C","+","G",NA,"W",5,7,NA,NA,NA,NA,NA,NA,NA,NA,NA,NA,NA,NA,NA,NA,NA,NA,2024,7,TRUE,FALSE,TRUE,"Summer adult",0.415686274509804,122.723027779588
"Common Tern","WC+H",NA,NA,"DD","36409","STEHIR",NA,6,269,114,2024-07-05,1899-12-31 00:30:00,"Atlit Salt-Pans",32.695,34.932,"Yosef Kiat",NA,"Fresh plumage, looks like a non-breeding plumage (~November)",NA,"C+H",NA,NA,NA,NA,"C","+","H",NA,"W",5,7,NA,NA,NA,NA,NA,NA,NA,NA,NA,NA,NA,NA,NA,NA,NA,NA,2024,7,TRUE,FALSE,TRUE,"Summer adult",0.423791821561338,112.141440103892
"Common Tern","WC+J",NA,NA,"DD","36410","STEHIR",NA,6,267,122,2024-07-05,1899-12-31 00:30:00,"Atlit Salt-Pans",32.695,34.932,"Yosef Kiat",NA,NA,NA,"C+J",NA,NA,NA,NA,"C","+","J",NA,"W",5,7,NA,NA,NA,NA,NA,NA,NA,NA,NA,NA,NA,NA,NA,NA,NA,NA,2024,7,TRUE,FALSE,TRUE,"Summer adult",0.456928838951311,122.772446854394
"Common Tern","WC+K",NA,NA,"DD","36411","STEHIR",NA,6,258,94,2024-07-05,1899-12-31 00:30:00,"Atlit Salt-Pans",32.695,34.932,"Yosef Kiat",NA,NA,NA,"C+K",NA,NA,NA,NA,"C","+","K",NA,"W",5,7,NA,NA,NA,NA,NA,NA,NA,NA,NA,NA,NA,NA,NA,NA,NA,NA,2024,7,TRUE,FALSE,TRUE,"Summer adult",0.364341085271318,105.018015984605
"Common Tern","WC+L",NA,NA,"DD","36412","STEHIR",NA,6,259,110,2024-07-05,1899-12-31 00:30:00,"Atlit Salt-Pans",32.695,34.932,"Yosef Kiat",NA,NA,NA,"C+L",NA,NA,NA,NA,"C","+","L",NA,"W",5,7,NA,NA,NA,NA,NA,NA,NA,NA,NA,NA,NA,NA,NA,NA,NA,NA,2024,7,TRUE,FALSE,TRUE,"Summer adult",0.424710424710425,121.452710873393
"Common Tern","WC+M",NA,NA,"DD","36413","STEHIR",NA,6,270,114,2024-07-05,1899-12-31 00:30:00,"Atlit Salt-Pans",32.695,34.932,"Yosef Kiat",NA,NA,NA,"C+M",NA,NA,NA,NA,"C","+","M",NA,"W",5,7,NA,NA,NA,NA,NA,NA,NA,NA,NA,NA,NA,NA,NA,NA,NA,NA,2024,7,TRUE,FALSE,TRUE,"Summer adult",0.422222222222222,110.880133294081
"Common Tern","BGMN",NA,"R","DD","32881","STEHIR",NA,7,259,107,2024-07-05,1899-12-31 00:30:00,"Atlit Salt-Pans",32.695,34.932,"Yosef Kiat",NA,NA,NA,"GMN",NA,NA,NA,NA,"G","M","N",NA,"B",5,7,NA,NA,NA,NA,NA,NA,NA,NA,NA,NA,NA,NA,NA,NA,NA,NA,2024,7,FALSE,TRUE,TRUE,"Summer adult",0.413127413127413,118.140364213209
"Common Tern","N+X4",NA,"R","DD","36334","STEHIR",NA,6,270,115,2024-07-05,1899-12-31 00:30:00,"Atlit Salt-Pans",32.695,34.932,"Yosef Kiat",NA,NA,NA,"+X4",NA,NA,NA,NA,"+","X","4",NA,"N",5,7,NA,NA,NA,NA,NA,NA,NA,NA,NA,NA,NA,NA,NA,NA,NA,NA,2024,7,FALSE,TRUE,TRUE,"Summer adult",0.425925925925926,111.852766042275
"Common Tern","GGG5",NA,"R","DD","32539","STEHIR",NA,9,266,104,2024-07-05,1899-12-31 00:30:00,"Atlit Salt-Pans",32.695,34.932,"Yosef Kiat",NA,NA,NA,"GG5",NA,NA,NA,NA,"G","G","5",NA,"G",5,7,NA,NA,NA,NA,NA,NA,NA,NA,NA,NA,NA,NA,NA,NA,NA,NA,2024,7,FALSE,TRUE,TRUE,"Summer adult",0.390977443609023,105.862490939632
"Common Tern","N+X0",NA,"R","DD","36330","STEHIR",NA,6,275,113,2024-07-15,1899-12-31 21:30:00,"Atlit Salt-Pans",32.695,34.932,"Yosef Kiat",NA,NA,NA,"+X0",NA,NA,NA,NA,"+","X","0",NA,"N",15,7,NA,NA,NA,NA,NA,NA,NA,NA,NA,NA,NA,NA,NA,NA,NA,NA,2024,7,FALSE,TRUE,TRUE,"Summer adult",0.410909090909091,103.928614259945
"Common Tern","WF+K",NA,NA,"DD","36455","STEHIR",NA,6,262,108,2024-07-15,1899-12-31 21:30:00,"Atlit Salt-Pans",32.695,34.932,"Yosef Kiat",NA,NA,NA,"F+K",NA,NA,NA,NA,"F","+","K",NA,"W",15,7,NA,NA,NA,NA,NA,NA,NA,NA,NA,NA,NA,NA,NA,NA,NA,NA,2024,7,TRUE,FALSE,TRUE,"Summer adult",0.412213740458015,115.130876182936
"Common Tern","WF+M",NA,NA,"DD","36457","STEHIR",NA,6,258,112,2024-07-15,1899-12-31 21:30:00,"Atlit Salt-Pans",32.695,34.932,"Yosef Kiat",NA,NA,NA,"F+M",NA,NA,NA,NA,"F","+","M",NA,"W",15,7,NA,NA,NA,NA,NA,NA,NA,NA,NA,NA,NA,NA,NA,NA,NA,NA,2024,7,TRUE,FALSE,TRUE,"Summer adult",0.434108527131783,125.127848832721
"Common Tern","WF+P",NA,NA,"DD","36459","STEHIR",NA,6,279,141,2024-07-15,1899-12-31 21:30:00,"Atlit Salt-Pans",32.695,34.932,"Yosef Kiat",NA,NA,NA,"F+P",NA,NA,NA,NA,"F","+","P",NA,"W",15,7,NA,NA,NA,NA,NA,NA,NA,NA,NA,NA,NA,NA,NA,NA,NA,NA,2024,7,TRUE,FALSE,TRUE,"Summer adult",0.505376344086022,124.096051959814
"Common Tern","WF+R",NA,NA,"DD","36460","STEHIR",NA,6,266,117,2024-07-15,1899-12-31 21:30:00,"Atlit Salt-Pans",32.695,34.932,"Yosef Kiat",NA,NA,NA,"F+R",NA,NA,NA,NA,"F","+","R",NA,"W",15,7,NA,NA,NA,NA,NA,NA,NA,NA,NA,NA,NA,NA,NA,NA,NA,NA,2024,7,TRUE,FALSE,TRUE,"Summer adult",0.43984962406015,119.095302307086
"Common Tern","WF+S",NA,NA,"DD","36461","STEHIR",NA,6,268,121,2024-07-15,1899-12-31 21:30:00,"Atlit Salt-Pans",32.695,34.932,"Yosef Kiat",NA,NA,NA,"F+S",NA,NA,NA,NA,"F","+","S",NA,"W",15,7,NA,NA,NA,NA,NA,NA,NA,NA,NA,NA,NA,NA,NA,NA,NA,NA,2024,7,TRUE,FALSE,TRUE,"Summer adult",0.451492537313433,120.386373833448
"Common Tern","WF+T",NA,NA,"DD","36462","STEHIR",NA,6,280,126,2024-07-15,1899-12-31 21:30:00,"Atlit Salt-Pans",32.695,34.932,"Yosef Kiat",NA,NA,NA,"F+T",NA,NA,NA,NA,"F","+","T",NA,"W",15,7,NA,NA,NA,NA,NA,NA,NA,NA,NA,NA,NA,NA,NA,NA,NA,NA,2024,7,TRUE,FALSE,TRUE,"Summer adult",0.45,109.691446736452
"Common Tern","WF+U",NA,NA,"DD","36463","STEHIR",NA,6,258,112,2024-07-15,1899-12-31 21:30:00,"Atlit Salt-Pans",32.695,34.932,"Yosef Kiat",NA,NA,NA,"F+U",NA,NA,NA,NA,"F","+","U",NA,"W",15,7,NA,NA,NA,NA,NA,NA,NA,NA,NA,NA,NA,NA,NA,NA,NA,NA,2024,7,TRUE,FALSE,TRUE,"Summer adult",0.434108527131783,125.127848832721
"Common Tern","WF+V",NA,NA,"DD","36464","STEHIR",NA,6,265,114,2024-07-15,1899-12-31 21:30:00,"Atlit Salt-Pans",32.695,34.932,"Yosef Kiat",NA,NA,NA,"F+V",NA,NA,NA,NA,"F","+","V",NA,"W",15,7,NA,NA,NA,NA,NA,NA,NA,NA,NA,NA,NA,NA,NA,NA,NA,NA,2024,7,TRUE,FALSE,TRUE,"Summer adult",0.430188679245283,117.381598692679
"Common Tern","WF+W",NA,NA,"DD","36465","STEHIR",NA,6,267,119,2024-07-15,1899-12-31 21:30:00,"Atlit Salt-Pans",32.695,34.932,"Yosef Kiat",NA,NA,NA,"F+W",NA,NA,NA,NA,"F","+","W",NA,"W",15,7,NA,NA,NA,NA,NA,NA,NA,NA,NA,NA,NA,NA,NA,NA,NA,NA,2024,7,TRUE,FALSE,TRUE,"Summer adult",0.445692883895131,119.753452259614
"Common Tern","WF+X",NA,NA,"DD","36466","STEHIR",NA,6,265,106,2024-07-15,1899-12-31 21:30:00,"Atlit Salt-Pans",32.695,34.932,"Yosef Kiat",NA,NA,NA,"F+X",NA,NA,NA,NA,"F","+","X",NA,"W",15,7,NA,NA,NA,NA,NA,NA,NA,NA,NA,NA,NA,NA,NA,NA,NA,NA,2024,7,TRUE,FALSE,TRUE,"Summer adult",0.4,109.144293521263
"Common Tern","WF+Y",NA,NA,"DD","36467","STEHIR",NA,6,276,138,2024-07-15,1899-12-31 21:30:00,"Atlit Salt-Pans",32.695,34.932,"Yosef Kiat",NA,NA,NA,"F+Y",NA,NA,NA,NA,"F","+","Y",NA,"W",15,7,NA,NA,NA,NA,NA,NA,NA,NA,NA,NA,NA,NA,NA,NA,NA,NA,2024,7,TRUE,FALSE,TRUE,"Summer adult",0.5,125.525041920005
"Common Tern","WF+Z",NA,NA,"DD","36468","STEHIR",NA,6,267,129,2024-07-15,1899-12-31 21:30:00,"Atlit Salt-Pans",32.695,34.932,"Yosef Kiat",NA,NA,NA,"F+Z",NA,NA,NA,NA,"F","+","Z",NA,"W",15,7,NA,NA,NA,NA,NA,NA,NA,NA,NA,NA,NA,NA,NA,NA,NA,NA,2024,7,TRUE,FALSE,TRUE,"Summer adult",0.48314606741573,129.816767575548
"Common Tern","WG+A",NA,NA,"DD","36469","STEHIR",NA,6,270,118,2024-07-15,1899-12-31 21:30:00,"Atlit Salt-Pans",32.695,34.932,"Yosef Kiat",NA,NA,NA,"G+A",NA,NA,NA,NA,"G","+","A",NA,"W",15,7,NA,NA,NA,NA,NA,NA,NA,NA,NA,NA,NA,NA,NA,NA,NA,NA,2024,7,TRUE,FALSE,TRUE,"Summer adult",0.437037037037037,114.770664286856
"Common Tern","WG+B",NA,NA,"DD","36470","STEHIR",NA,6,278,111,2024-07-15,1899-12-31 21:30:00,"Atlit Salt-Pans",32.695,34.932,"Yosef Kiat",NA,NA,NA,"G+B",NA,NA,NA,NA,"G","+","B",NA,"W",15,7,NA,NA,NA,NA,NA,NA,NA,NA,NA,NA,NA,NA,NA,NA,NA,NA,2024,7,TRUE,FALSE,TRUE,"Summer adult",0.399280575539568,98.7678207874408
"Common Tern","WG+C",NA,NA,"DD","36471","STEHIR",NA,6,263,109,2024-07-15,1899-12-31 21:30:00,"Atlit Salt-Pans",32.695,34.932,"Yosef Kiat",NA,NA,NA,"G+C",NA,NA,NA,NA,"G","+","C",NA,"W",15,7,NA,NA,NA,NA,NA,NA,NA,NA,NA,NA,NA,NA,NA,NA,NA,NA,2024,7,TRUE,FALSE,TRUE,"Summer adult",0.414448669201521,114.855332996886
"Common Tern","WG+E",NA,NA,"DD","36472","STEHIR",NA,6,258,108,2024-07-15,1899-12-31 21:30:00,"Atlit Salt-Pans",32.695,34.932,"Yosef Kiat",NA,NA,NA,"G+E",NA,NA,NA,NA,"G","+","E",NA,"W",15,7,NA,NA,NA,NA,NA,NA,NA,NA,NA,NA,NA,NA,NA,NA,NA,NA,2024,7,TRUE,FALSE,TRUE,"Summer adult",0.418604651162791,120.658997088695
"Common Tern","WG+F",NA,NA,"DD","36473","STEHIR",NA,6,272,112,2024-07-15,1899-12-31 21:30:00,"Atlit Salt-Pans",32.695,34.932,"Yosef Kiat",NA,NA,NA,"G+F",NA,NA,NA,NA,"G","+","F",NA,"W",15,7,NA,NA,NA,NA,NA,NA,NA,NA,NA,NA,NA,NA,NA,NA,NA,NA,2024,7,TRUE,FALSE,TRUE,"Summer adult",0.411764705882353,106.511494647294
"Common Tern","WG+G",NA,NA,"DD","36474","STEHIR",NA,6,261,109,2024-07-15,1899-12-31 21:30:00,"Atlit Salt-Pans",32.695,34.932,"Yosef Kiat",NA,NA,NA,"G+G",NA,NA,NA,NA,"G","+","G",NA,"W",15,7,NA,NA,NA,NA,NA,NA,NA,NA,NA,NA,NA,NA,NA,NA,NA,NA,2024,7,TRUE,FALSE,TRUE,"Summer adult",0.417624521072797,117.559363396382
"Common Tern","WG+H",NA,NA,"DD","36475","STEHIR",NA,6,270,110,2024-07-15,1899-12-31 21:30:00,"Atlit Salt-Pans",32.695,34.932,"Yosef Kiat",NA,NA,NA,"G+H",NA,NA,NA,NA,"G","+","H",NA,"W",15,7,NA,NA,NA,NA,NA,NA,NA,NA,NA,NA,NA,NA,NA,NA,NA,NA,2024,7,TRUE,FALSE,TRUE,"Summer adult",0.407407407407407,106.989602301306
"Common Tern","WG+J",NA,NA,"DD","36476","STEHIR",NA,6,269,117,2024-07-15,1899-12-31 21:30:00,"Atlit Salt-Pans",32.695,34.932,"Yosef Kiat",NA,NA,NA,"G+J",NA,NA,NA,NA,"G","+","J",NA,"W",15,7,NA,NA,NA,NA,NA,NA,NA,NA,NA,NA,NA,NA,NA,NA,NA,NA,2024,7,TRUE,FALSE,TRUE,"Summer adult",0.434944237918216,115.092530632941
"Common Tern","WH+S",NA,NA,"DD","36505","STEHIR",NA,6,273,109,2024-07-16,1899-12-31 01:00:00,"Atlit Salt-Pans",32.695,34.932,"Yosef Kiat",NA,NA,NA,"H+S",NA,NA,NA,NA,"H","+","S",NA,"W",16,7,NA,NA,NA,NA,NA,NA,NA,NA,NA,NA,NA,NA,NA,NA,NA,NA,2024,7,TRUE,FALSE,TRUE,"Summer adult",0.399267399267399,102.505376757757
"Common Tern","NEV+",NA,NA,"DD","39983","STEHIR",NA,6,269,124,2026-06-25,1899-12-31 20:30:00,"Atlit Salt-Pans",32.695,34.932,"Yosef Kiat",NA,NA,NA,"EV+",NA,NA,NA,NA,"E","V","+",NA,"N",25,6,NA,NA,NA,NA,NA,NA,NA,NA,NA,NA,NA,NA,NA,NA,NA,NA,2026,6,TRUE,FALSE,TRUE,"Summer adult",0.460966542750929,121.978408534058
"Common Tern","NEW+",NA,NA,"DD","39984","STEHIR",NA,6,270,104,2026-06-25,1899-12-31 20:30:00,"Atlit Salt-Pans",32.695,34.932,"Yosef Kiat",NA,NA,NA,"EW+",NA,NA,NA,NA,"E","W","+",NA,"N",25,6,NA,NA,NA,NA,NA,NA,NA,NA,NA,NA,NA,NA,NA,NA,NA,NA,2026,6,TRUE,FALSE,TRUE,"Summer adult",0.385185185185185,101.153805812144
"Common Tern","NEX+",NA,NA,"DD","39985","STEHIR",NA,6,269,100,2026-06-25,1899-12-31 20:30:00,"Atlit Salt-Pans",32.695,34.932,"Yosef Kiat",NA,NA,NA,"EX+",NA,NA,NA,NA,"E","X","+",NA,"N",25,6,NA,NA,NA,NA,NA,NA,NA,NA,NA,NA,NA,NA,NA,NA,NA,NA,2026,6,TRUE,FALSE,TRUE,"Summer adult",0.371747211895911,98.3696843016593
"Common Tern","NEY+",NA,NA,"DD","39986","STEHIR",NA,6,269,120,2026-06-25,1899-12-31 20:30:00,"Atlit Salt-Pans",32.695,34.932,"Yosef Kiat",NA,NA,NA,"EY+",NA,NA,NA,NA,"E","Y","+",NA,"N",25,6,NA,NA,NA,NA,NA,NA,NA,NA,NA,NA,NA,NA,NA,NA,NA,NA,2026,6,TRUE,FALSE,TRUE,"Summer adult",0.446096654275093,118.043621161991
"Common Tern","NEZ+",NA,NA,"DD","39987","STEHIR",NA,6,266,114,2026-06-25,1899-12-31 20:30:00,"Atlit Salt-Pans",32.695,34.932,"Yosef Kiat",NA,NA,NA,"EZ+",NA,NA,NA,NA,"E","Z","+",NA,"N",25,6,NA,NA,NA,NA,NA,NA,NA,NA,NA,NA,NA,NA,NA,NA,NA,NA,2026,6,TRUE,FALSE,TRUE,"Summer adult",0.428571428571429,116.041576606905
"Common Tern","NFA+",NA,NA,"DD","39988","STEHIR",NA,6,263,117,2026-06-25,1899-12-31 20:30:00,"Atlit Salt-Pans",32.695,34.932,"Yosef Kiat",NA,NA,NA,"FA+",NA,NA,NA,NA,"F","A","+",NA,"N",25,6,NA,NA,NA,NA,NA,NA,NA,NA,NA,NA,NA,NA,NA,NA,NA,NA,2026,6,TRUE,FALSE,TRUE,"Summer adult",0.444866920152091,123.285082207667
"Common Tern","NFB+",NA,NA,"DD","39989","STEHIR",NA,6,278,115,2026-06-25,1899-12-31 20:30:00,"Atlit Salt-Pans",32.695,34.932,"Yosef Kiat",NA,NA,NA,"FB+",NA,NA,NA,NA,"F","B","+",NA,"N",25,6,NA,NA,NA,NA,NA,NA,NA,NA,NA,NA,NA,NA,NA,NA,NA,NA,2026,6,TRUE,FALSE,TRUE,"Summer adult",0.413669064748201,102.327021536538
"Common Tern","NFC+",NA,NA,"DD","39990","STEHIR",NA,6,280,115,2026-06-25,1899-12-31 20:30:00,"Atlit Salt-Pans",32.695,34.932,"Yosef Kiat",NA,NA,NA,"FC+",NA,NA,NA,NA,"F","C","+",NA,"N",25,6,NA,NA,NA,NA,NA,NA,NA,NA,NA,NA,NA,NA,NA,NA,NA,NA,2026,6,TRUE,FALSE,TRUE,"Summer adult",0.410714285714286,100.115209322953
"Common Tern","NFE+",NA,NA,"DD","39991","STEHIR",NA,6,270,121,2026-06-25,1899-12-31 20:30:00,"Atlit Salt-Pans",32.695,34.932,"Yosef Kiat",NA,NA,NA,"FE+",NA,NA,NA,NA,"F","E","+",NA,"N",25,6,NA,NA,NA,NA,NA,NA,NA,NA,NA,NA,NA,NA,NA,NA,NA,NA,2026,6,TRUE,FALSE,TRUE,"Summer adult",0.448148148148148,117.688562531437
"Common Tern","NFF+",NA,NA,"DD","39992","STEHIR",NA,6,278,124,2026-06-25,1899-12-31 20:30:00,"Atlit Salt-Pans",32.695,34.932,"Yosef Kiat",NA,NA,NA,"FF+",NA,NA,NA,NA,"F","F","+",NA,"N",25,6,NA,NA,NA,NA,NA,NA,NA,NA,NA,NA,NA,NA,NA,NA,NA,NA,2026,6,TRUE,FALSE,TRUE,"Summer adult",0.446043165467626,110.335223222006
"Common Tern","NFG+",NA,NA,"DD","39993","STEHIR",NA,6,270,116,2026-06-25,1899-12-31 20:30:00,"Atlit Salt-Pans",32.695,34.932,"Yosef Kiat",NA,NA,NA,"FG+",NA,NA,NA,NA,"F","G","+",NA,"N",25,6,NA,NA,NA,NA,NA,NA,NA,NA,NA,NA,NA,NA,NA,NA,NA,NA,2026,6,TRUE,FALSE,TRUE,"Summer adult",0.42962962962963,112.825398790468
"Common Tern","NFH+",NA,NA,"DD","39994","STEHIR",NA,6,261,133,2026-06-25,1899-12-31 20:30:00,"Atlit Salt-Pans",32.695,34.932,"Yosef Kiat",NA,NA,NA,"FH+",NA,NA,NA,NA,"F","H","+",NA,"N",25,6,NA,NA,NA,NA,NA,NA,NA,NA,NA,NA,NA,NA,NA,NA,NA,NA,2026,6,TRUE,FALSE,TRUE,"Summer adult",0.509578544061303,143.44399386898
"Common Tern","NFJ+",NA,NA,"DD","39995","STEHIR",NA,6,272,103,2026-06-25,1899-12-31 20:30:00,"Atlit Salt-Pans",32.695,34.932,"Yosef Kiat",NA,NA,NA,"FJ+",NA,NA,NA,NA,"F","J","+",NA,"N",25,6,NA,NA,NA,NA,NA,NA,NA,NA,NA,NA,NA,NA,NA,NA,NA,NA,2026,6,TRUE,FALSE,TRUE,"Summer adult",0.378676470588235,97.9525352559932
"Common Tern","NFK+",NA,NA,"DD","39996","STEHIR",NA,6,271,123,2026-06-25,1899-12-31 20:30:00,"Atlit Salt-Pans",32.695,34.932,"Yosef Kiat",NA,NA,NA,"FK+",NA,NA,NA,NA,"F","K","+",NA,"N",25,6,NA,NA,NA,NA,NA,NA,NA,NA,NA,NA,NA,NA,NA,NA,NA,NA,2026,6,TRUE,FALSE,TRUE,"Summer adult",0.453874538745387,118.293197296402
"Common Tern","NFN+",NA,NA,"DD","39999","STEHIR",NA,6,280,105,2026-06-25,1899-12-31 21:30:00,"Atlit Salt-Pans",32.695,34.932,"Yosef Kiat",NA,NA,NA,"FN+",NA,NA,NA,NA,"F","N","+",NA,"N",25,6,NA,NA,NA,NA,NA,NA,NA,NA,NA,NA,NA,NA,NA,NA,NA,NA,2026,6,TRUE,FALSE,TRUE,"Summer adult",0.375,91.4095389470437
"Common Tern","NFP+",NA,NA,"DD","40000","STEHIR",NA,6,259,104,2026-06-25,1899-12-31 21:30:00,"Atlit Salt-Pans",32.695,34.932,"Yosef Kiat",NA,NA,NA,"FP+",NA,NA,NA,NA,"F","P","+",NA,"N",25,6,NA,NA,NA,NA,NA,NA,NA,NA,NA,NA,NA,NA,NA,NA,NA,NA,2026,6,TRUE,FALSE,TRUE,"Summer adult",0.401544401544402,114.828017553026
"Common Tern","NFR+",NA,NA,"8S","1001","STEHIR",NA,6,265,123,2026-06-25,1899-12-31 21:30:00,"Atlit Salt-Pans",32.695,34.932,"Yosef Kiat",NA,NA,NA,"FR+",NA,NA,NA,NA,"F","R","+",NA,"N",25,6,NA,NA,NA,NA,NA,NA,NA,NA,NA,NA,NA,NA,NA,NA,NA,NA,2026,6,TRUE,FALSE,TRUE,"Summer adult",0.464150943396226,126.648567010522
"Common Tern","NFS+",NA,NA,"8S","1002","STEHIR",NA,6,274,125,2026-06-25,1899-12-31 21:30:00,"Atlit Salt-Pans",32.695,34.932,"Yosef Kiat",NA,NA,NA,"FS+",NA,NA,NA,NA,"F","S","+",NA,"N",25,6,NA,NA,NA,NA,NA,NA,NA,NA,NA,NA,NA,NA,NA,NA,NA,NA,2026,6,TRUE,FALSE,TRUE,"Summer adult",0.456204379562044,116.249104660168
"Common Tern","NFT+",NA,NA,"8S","1003","STEHIR",NA,6,264,117,2026-06-25,1899-12-31 21:30:00,"Atlit Salt-Pans",32.695,34.932,"Yosef Kiat",NA,NA,NA,"FT+",NA,NA,NA,NA,"F","T","+",NA,"N",25,6,NA,NA,NA,NA,NA,NA,NA,NA,NA,NA,NA,NA,NA,NA,NA,NA,2026,6,TRUE,FALSE,TRUE,"Summer adult",0.443181818181818,121.867045440272
"Common Tern","NFU+",NA,NA,"8S","1004","STEHIR",NA,6,268,126,2026-06-25,1899-12-31 21:30:00,"Atlit Salt-Pans",32.695,34.932,"Yosef Kiat",NA,NA,NA,"FU+",NA,NA,NA,NA,"F","U","+",NA,"N",25,6,NA,NA,NA,NA,NA,NA,NA,NA,NA,NA,NA,NA,NA,NA,NA,NA,2026,6,TRUE,FALSE,TRUE,"Summer adult",0.470149253731343,125.361017380285
"Common Tern","NFV+",NA,NA,"8S","1005","STEHIR",NA,6,263,108,2026-06-25,1899-12-31 21:30:00,"Atlit Salt-Pans",32.695,34.932,"Yosef Kiat",NA,NA,NA,"FV+",NA,NA,NA,NA,"F","V","+",NA,"N",25,6,NA,NA,NA,NA,NA,NA,NA,NA,NA,NA,NA,NA,NA,NA,NA,NA,2026,6,TRUE,FALSE,TRUE,"Summer adult",0.4106463878327,113.801614345538
"Common Tern","NFW+",NA,NA,"8S","1006","STEHIR",NA,6,276,126,2026-06-25,1899-12-31 21:30:00,"Atlit Salt-Pans",32.695,34.932,"Yosef Kiat",NA,NA,NA,"FW+",NA,NA,NA,NA,"F","W","+",NA,"N",25,6,NA,NA,NA,NA,NA,NA,NA,NA,NA,NA,NA,NA,NA,NA,NA,NA,2026,6,TRUE,FALSE,TRUE,"Summer adult",0.456521739130435,114.609820883483
"Common Tern","NFX+",NA,NA,"8S","1007","STEHIR",NA,6,260,121,2026-06-25,1899-12-31 21:30:00,"Atlit Salt-Pans",32.695,34.932,"Yosef Kiat",NA,NA,NA,"FX+",NA,NA,NA,NA,"F","X","+",NA,"N",25,6,NA,NA,NA,NA,NA,NA,NA,NA,NA,NA,NA,NA,NA,NA,NA,NA,2026,6,TRUE,FALSE,TRUE,"Summer adult",0.465384615384615,132.037777602674
"Common Tern","NFY+",NA,NA,"8S","1008","STEHIR",NA,6,277,133,2026-06-25,1899-12-31 21:30:00,"Atlit Salt-Pans",32.695,34.932,"Yosef Kiat",NA,NA,NA,"FY+",NA,NA,NA,NA,"F","Y","+",NA,"N",25,6,NA,NA,NA,NA,NA,NA,NA,NA,NA,NA,NA,NA,NA,NA,NA,NA,2026,6,TRUE,FALSE,TRUE,"Summer adult",0.48014440433213,119.650606572705
"Common Tern","NFZ+",NA,NA,"8S","1009","STEHIR",NA,6,273,104,2026-06-25,1899-12-31 21:30:00,"Atlit Salt-Pans",32.695,34.932,"Yosef Kiat",NA,NA,NA,"FZ+",NA,NA,NA,NA,"F","Z","+",NA,"N",25,6,NA,NA,NA,NA,NA,NA,NA,NA,NA,NA,NA,NA,NA,NA,NA,NA,2026,6,TRUE,FALSE,TRUE,"Summer adult",0.380952380952381,97.8032952551072
"Common Tern","NGA+",NA,NA,"8S","1010","STEHIR",NA,6,261,129,2026-06-25,1899-12-31 21:30:00,"Atlit Salt-Pans",32.695,34.932,"Yosef Kiat",NA,NA,NA,"GA+",NA,NA,NA,NA,"G","A","+",NA,"N",25,6,NA,NA,NA,NA,NA,NA,NA,NA,NA,NA,NA,NA,NA,NA,NA,NA,2026,6,TRUE,FALSE,TRUE,"Summer adult",0.494252873563218,139.129888790214
"Common Tern","NGB+",NA,NA,"8S","1011","STEHIR",NA,6,285,126,2026-06-25,1899-12-31 21:30:00,"Atlit Salt-Pans",32.695,34.932,"Yosef Kiat",NA,NA,NA,"GB+",NA,NA,NA,NA,"G","B","+",NA,"N",25,6,NA,NA,NA,NA,NA,NA,NA,NA,NA,NA,NA,NA,NA,NA,NA,NA,2026,6,TRUE,FALSE,TRUE,"Summer adult",0.442105263157895,103.929901587008
"Common Tern","NGC+",NA,NA,"8S","1012","STEHIR",NA,6,270,113,2026-06-25,1899-12-31 21:30:00,"Atlit Salt-Pans",32.695,34.932,"Yosef Kiat",NA,NA,NA,"GC+",NA,NA,NA,NA,"G","C","+",NA,"N",25,6,NA,NA,NA,NA,NA,NA,NA,NA,NA,NA,NA,NA,NA,NA,NA,NA,2026,6,TRUE,FALSE,TRUE,"Summer adult",0.418518518518519,109.907500545887
"Common Tern","NGE+",NA,NA,"8S","1013","STEHIR",NA,6,255,105,2026-06-25,1899-12-31 21:30:00,"Atlit Salt-Pans",32.695,34.932,"Yosef Kiat",NA,NA,NA,"GE+",NA,NA,NA,NA,"G","E","+",NA,"N",25,6,NA,NA,NA,NA,NA,NA,NA,NA,NA,NA,NA,NA,NA,NA,NA,NA,2026,6,TRUE,FALSE,TRUE,"Summer adult",0.411764705882353,121.565263366573
"Common Tern","NLT+","+","R","DX","10990","STEHIR",NA,13,273,108,2026-07-02,1899-12-31 23:30:00,"Atlit Salt-Pans",32.695,34.932,"Yosef Kiat",NA,NA,NA,"LT+",NA,NA,NA,NA,"L","T","+",NA,"N",2,7,NA,NA,NA,NA,NA,"G1C",NA,NA,NA,NA,NA,NA,NA,NA,NA,NA,2026,7,FALSE,TRUE,TRUE,"Summer adult",0.395604395604396,101.564960457227
"Common Tern","N+R7",NA,"R","DD","36278","STEHIR",NA,10,263,109,2026-07-02,1899-12-31 23:30:00,"Atlit Salt-Pans",32.695,34.932,"Yosef Kiat",NA,NA,NA,"+R7",NA,NA,NA,NA,"+","R","7",NA,"N",2,7,NA,NA,NA,NA,NA,NA,NA,NA,NA,NA,NA,NA,NA,NA,NA,NA,2026,7,FALSE,TRUE,TRUE,"Summer adult",0.414448669201521,114.855332996886
"Common Tern","NLU+",NA,NA,"8S","1111","STEHIR",NA,6,268,123,2026-07-02,1899-12-31 23:30:00,"Atlit Salt-Pans",32.695,34.932,"Yosef Kiat",NA,NA,NA,"LU+",NA,NA,NA,NA,"L","U","+",NA,"N",2,7,NA,NA,NA,NA,NA,NA,NA,NA,NA,NA,NA,NA,NA,NA,NA,NA,2026,7,TRUE,FALSE,TRUE,"Summer adult",0.458955223880597,122.376231252183
"Common Tern","NLV+",NA,NA,"8S","1112","STEHIR",NA,6,266,103,2026-07-02,1899-12-31 23:30:00,"Atlit Salt-Pans",32.695,34.932,"Yosef Kiat",NA,NA,NA,"LV+",NA,NA,NA,NA,"L","V","+",NA,"N",2,7,NA,NA,NA,NA,NA,NA,NA,NA,NA,NA,NA,NA,NA,NA,NA,NA,2026,7,TRUE,FALSE,TRUE,"Summer adult",0.387218045112782,104.844582372905
"Common Tern","NLX+",NA,NA,"8S","1114","STEHIR",NA,6,261,116,2026-07-02,1899-12-31 23:30:00,"Atlit Salt-Pans",32.695,34.932,"Yosef Kiat",NA,NA,NA,"LX+",NA,NA,NA,NA,"L","X","+",NA,"N",2,7,NA,NA,NA,NA,NA,NA,NA,NA,NA,NA,NA,NA,NA,NA,NA,NA,2026,7,TRUE,FALSE,TRUE,"Summer adult",0.444444444444444,125.109047284223
"Common Tern","NLZ+",NA,NA,"8S","1116","STEHIR",NA,6,266,109,2026-07-02,1899-12-31 23:30:00,"Atlit Salt-Pans",32.695,34.932,"Yosef Kiat",NA,NA,NA,"LZ+",NA,NA,NA,NA,"L","Z","+",NA,"N",2,7,NA,NA,NA,NA,NA,NA,NA,NA,NA,NA,NA,NA,NA,NA,NA,NA,2026,7,TRUE,FALSE,TRUE,"Summer adult",0.409774436090226,110.952033773268
"Common Tern","NMA+",NA,NA,"8S","1117","STEHIR",NA,6,273,105,2026-07-02,1899-12-31 23:30:00,"Atlit Salt-Pans",32.695,34.932,"Yosef Kiat",NA,NA,NA,"MA+",NA,NA,NA,NA,"M","A","+",NA,"N",2,7,NA,NA,NA,NA,NA,NA,NA,NA,NA,NA,NA,NA,NA,NA,NA,NA,2026,7,TRUE,FALSE,TRUE,"Summer adult",0.384615384615385,98.7437115556371
"Common Tern","NMB+",NA,NA,"8S","1118","STEHIR",NA,6,255,118,2026-07-03,1899-12-31 01:00:00,"Atlit Salt-Pans",32.695,34.932,"Yosef Kiat",NA,NA,NA,"MB+",NA,NA,NA,NA,"M","B","+",NA,"N",3,7,NA,NA,NA,NA,NA,NA,NA,NA,NA,NA,NA,NA,NA,NA,NA,NA,2026,7,TRUE,FALSE,TRUE,"Summer adult",0.462745098039216,136.616200735768
"Common Tern","NMF+",NA,NA,"8S","1121","STEHIR",NA,6,269,108,2026-07-03,1899-12-31 01:00:00,"Atlit Salt-Pans",32.695,34.932,"Yosef Kiat",NA,NA,NA,"MF+",NA,NA,NA,NA,"M","F","+",NA,"N",3,7,NA,NA,NA,NA,NA,NA,NA,NA,NA,NA,NA,NA,NA,NA,NA,NA,2026,7,TRUE,FALSE,TRUE,"Summer adult",0.401486988847584,106.239259045792
"Common Tern","NMG+",NA,NA,"8S","1122","STEHIR",NA,6,270,98,2026-07-03,1899-12-31 01:00:00,"Atlit Salt-Pans",32.695,34.932,"Yosef Kiat",NA,NA,NA,"MG+",NA,NA,NA,NA,"M","G","+",NA,"N",3,7,NA,NA,NA,NA,NA,NA,NA,NA,NA,NA,NA,NA,NA,NA,NA,NA,2026,7,TRUE,FALSE,TRUE,"Summer adult",0.362962962962963,95.3180093229818
"Common Tern","NMJ+",NA,NA,"8S","1124","STEHIR",NA,6,267,98,2026-07-03,1899-12-31 01:00:00,"Atlit Salt-Pans",32.695,34.932,"Yosef Kiat",NA,NA,NA,"MJ+",NA,NA,NA,NA,"M","J","+",NA,"N",3,7,NA,NA,NA,NA,NA,NA,NA,NA,NA,NA,NA,NA,NA,NA,NA,NA,2026,7,TRUE,FALSE,TRUE,"Summer adult",0.367041198501873,98.6204900961529
"Common Tern","YGYT",NA,"R","DD","30592","STEHIR",NA,18,262,106,2026-07-03,1899-12-31 01:00:00,"Atlit Salt-Pans",32.695,34.932,"Yosef Kiat",NA,NA,NA,"GYT",NA,NA,NA,NA,"G","Y","T",NA,"Y",3,7,NA,NA,NA,NA,NA,NA,NA,NA,NA,NA,NA,NA,NA,NA,NA,NA,2026,7,FALSE,TRUE,TRUE,"Summer adult",0.404580152671756,112.998822920289
"Common Tern","W+V8",NA,"R","DD","35145","STEHIR",NA,9,269,109,2026-07-03,1899-12-31 01:00:00,"Atlit Salt-Pans",32.695,34.932,"Yosef Kiat",NA,NA,NA,"+V8",NA,NA,NA,NA,"+","V","8",NA,"W",3,7,NA,NA,NA,NA,NA,NA,NA,NA,NA,NA,NA,NA,NA,NA,NA,NA,2026,7,FALSE,TRUE,TRUE,"Summer adult",0.405204460966543,107.222955888809
"Common Tern","WF+G",NA,"R","DD","36452","STEHIR",NA,10,272,110,2026-07-03,1899-12-31 01:00:00,"Atlit Salt-Pans",32.695,34.932,"Yosef Kiat",NA,NA,NA,"F+G",NA,NA,NA,NA,"F","+","G",NA,"W",3,7,NA,NA,NA,NA,NA,NA,NA,NA,NA,NA,NA,NA,NA,NA,NA,NA,2026,7,FALSE,TRUE,TRUE,"Summer adult",0.404411764705882,104.609503671449
"Common Tern",NA,NA,"R","DD","33037","STEHIR",NA,11,268,116,2026-07-03,1899-12-31 01:00:00,"Atlit Salt-Pans",32.695,34.932,"Yosef Kiat",NA,NA,NA,NA,NA,NA,NA,NA,NA,NA,NA,NA,NA,3,7,NA,NA,NA,NA,NA,NA,NA,NA,NA,NA,NA,NA,NA,NA,NA,NA,2026,7,FALSE,TRUE,TRUE,"Summer adult",0.432835820895522,115.411730286611
"Common Tern","BGJS",NA,"R","DD","32818","STEHIR",NA,11,263,110,2026-07-09,1899-12-31 21:00:00,"Atlit Salt-Pans",32.695,34.932,"Yosef Kiat",NA,NA,NA,"GJS",NA,NA,NA,NA,"G","J","S",NA,"B",9,7,NA,NA,NA,NA,NA,NA,NA,NA,NA,NA,NA,NA,NA,NA,NA,NA,2026,7,FALSE,TRUE,TRUE,"Summer adult",0.418250950570342,115.909051648234
"Common Tern","WM+J",NA,"R","DD","36623","STEHIR",NA,7,269,119,2026-07-09,1899-12-31 21:00:00,"Atlit Salt-Pans",32.695,34.932,"Yosef Kiat",NA,NA,NA,"M+J",NA,NA,NA,NA,"M","+","J",NA,"W",9,7,NA,NA,NA,NA,NA,NA,NA,NA,NA,NA,NA,NA,NA,NA,NA,NA,2026,7,FALSE,TRUE,TRUE,"Summer adult",0.442379182156134,117.059924318975
"Common Tern","WH+S",NA,"R","DD","36505","STEHIR",NA,10,276,122,2026-07-09,1899-12-31 21:00:00,"Atlit Salt-Pans",32.695,34.932,"Yosef Kiat",NA,NA,NA,"H+S",NA,NA,NA,NA,"H","+","S",NA,"W",9,7,NA,NA,NA,NA,NA,NA,NA,NA,NA,NA,NA,NA,NA,NA,NA,NA,2026,7,FALSE,TRUE,TRUE,"Summer adult",0.442028985507246,110.971413871309
"Common Tern","NNX+",NA,NA,"8S","1156","STEHIR",NA,6,265,116,2026-07-09,1899-12-31 21:00:00,"Atlit Salt-Pans",32.695,34.932,"Yosef Kiat",NA,NA,NA,"NX+",NA,NA,NA,NA,"N","X","+",NA,"N",9,7,NA,NA,NA,NA,NA,NA,NA,NA,NA,NA,NA,NA,NA,NA,NA,NA,2026,7,TRUE,FALSE,TRUE,"Summer adult",0.437735849056604,119.440924985533
"Common Tern","NNZ+",NA,NA,"8S","1158","STEHIR",NA,6,262,127,2026-07-09,1899-12-31 21:00:00,"Atlit Salt-Pans",32.695,34.932,"Yosef Kiat",NA,NA,NA,"NZ+",NA,NA,NA,NA,"N","Z","+",NA,"N",9,7,NA,NA,NA,NA,NA,NA,NA,NA,NA,NA,NA,NA,NA,NA,NA,NA,2026,7,TRUE,FALSE,TRUE,"Summer adult",0.484732824427481,135.385382178082
"Common Tern","NPA+",NA,NA,"8S","1159","STEHIR",NA,6,261,119,2026-07-09,1899-12-31 21:00:00,"Atlit Salt-Pans",32.695,34.932,"Yosef Kiat",NA,NA,NA,"PA+",NA,NA,NA,NA,"P","A","+",NA,"N",9,7,NA,NA,NA,NA,NA,NA,NA,NA,NA,NA,NA,NA,NA,NA,NA,NA,2026,7,TRUE,FALSE,TRUE,"Summer adult",0.455938697318008,128.344626093298
"Common Tern","NPC+",NA,NA,"8S","1161","STEHIR",NA,6,277,129,2026-07-09,1899-12-31 21:00:00,"Atlit Salt-Pans",32.695,34.932,"Yosef Kiat",NA,NA,NA,"PC+",NA,NA,NA,NA,"P","C","+",NA,"N",9,7,NA,NA,NA,NA,NA,NA,NA,NA,NA,NA,NA,NA,NA,NA,NA,NA,2026,7,TRUE,FALSE,TRUE,"Summer adult",0.465703971119134,116.052092089316
"Common Tern","NPE+",NA,NA,"8S","1162","STEHIR",NA,6,282,138,2026-07-09,1899-12-31 21:00:00,"Atlit Salt-Pans",32.695,34.932,"Yosef Kiat",NA,NA,NA,"PE+",NA,NA,NA,NA,"P","E","+",NA,"N",9,7,NA,NA,NA,NA,NA,NA,NA,NA,NA,NA,NA,NA,NA,NA,NA,NA,2026,7,TRUE,FALSE,TRUE,"Summer adult",0.48936170212766,117.559729833149
"Common Tern","YGK5",NA,"R","DD","29734","STEHIR",NA,20,260,111,2026-07-09,1899-12-31 21:00:00,"Atlit Salt-Pans",32.695,34.932,"Yosef Kiat",NA,NA,NA,"GK5",NA,NA,NA,NA,"G","K","5",NA,"Y",9,7,NA,NA,NA,NA,NA,NA,NA,NA,NA,NA,NA,NA,NA,NA,NA,NA,2026,7,FALSE,TRUE,TRUE,"Summer adult",0.426923076923077,121.125564577659
"Common Tern","W+X0",NA,"R","DD","35157","STEHIR",NA,9,264,108,2026-07-09,1899-12-31 22:00:00,"Atlit Salt-Pans",32.695,34.932,"Yosef Kiat",NA,NA,NA,"+X0",NA,NA,NA,NA,"+","X","0",NA,"W",9,7,NA,NA,NA,NA,NA,NA,NA,NA,NA,NA,NA,NA,NA,NA,NA,NA,2026,7,FALSE,TRUE,TRUE,"Summer adult",0.409090909090909,112.492657329482
"Common Tern","W+W0",NA,"R","DD","35147","STEHIR",NA,9,268,109,2026-07-09,1899-12-31 22:00:00,"Atlit Salt-Pans",32.695,34.932,"Yosef Kiat",NA,NA,NA,"+W0",NA,NA,NA,NA,"+","W","0",NA,"W",9,7,NA,NA,NA,NA,NA,NA,NA,NA,NA,NA,NA,NA,NA,NA,NA,NA,2026,7,FALSE,TRUE,TRUE,"Summer adult",0.406716417910448,108.44722932104
"Common Tern","NPF+",NA,NA,"8S","1163","STEHIR",NA,6,263,120,2026-07-09,1899-12-31 22:00:00,"Atlit Salt-Pans",32.695,34.932,"Yosef Kiat",NA,NA,NA,"PF+",NA,NA,NA,NA,"P","F","+",NA,"N",9,7,NA,NA,NA,NA,NA,NA,NA,NA,NA,NA,NA,NA,NA,NA,NA,NA,2026,7,TRUE,FALSE,TRUE,"Summer adult",0.456273764258555,126.446238161709
"Common Tern","NPH+",NA,NA,"8S","1165","STEHIR",NA,6,272,130,2026-07-09,1899-12-31 22:00:00,"Atlit Salt-Pans",32.695,34.932,"Yosef Kiat",NA,NA,NA,"PH+",NA,NA,NA,NA,"P","H","+",NA,"N",9,7,NA,NA,NA,NA,NA,NA,NA,NA,NA,NA,NA,NA,NA,NA,NA,NA,2026,7,TRUE,FALSE,TRUE,"Summer adult",0.477941176470588,123.629413429894
"Common Tern","NPJ+",NA,NA,"8S","1166","STEHIR",NA,6,278,98,2026-07-09,1899-12-31 22:00:00,"Atlit Salt-Pans",32.695,34.932,"Yosef Kiat",NA,NA,NA,"PJ+",NA,NA,NA,NA,"P","J","+",NA,"N",9,7,NA,NA,NA,NA,NA,NA,NA,NA,NA,NA,NA,NA,NA,NA,NA,NA,2026,7,TRUE,FALSE,TRUE,"Summer adult",0.352517985611511,87.2004183528757
"Common Tern","NPK+",NA,NA,"8S","1167","STEHIR",NA,6,277,125,2026-07-09,1899-12-31 22:00:00,"Atlit Salt-Pans",32.695,34.932,"Yosef Kiat",NA,NA,NA,"PK+",NA,NA,NA,NA,"P","K","+",NA,"N",9,7,NA,NA,NA,NA,NA,NA,NA,NA,NA,NA,NA,NA,NA,NA,NA,NA,2026,7,TRUE,FALSE,TRUE,"Summer adult",0.451263537906137,112.453577605926
"Common Tern","W+V0",NA,"R","DD","35137","STEHIR",NA,9,271,114,2026-07-09,1899-12-31 23:00:00,"Atlit Salt-Pans",32.695,34.932,"Yosef Kiat",NA,NA,NA,"+V0",NA,NA,NA,NA,"+","V","0",NA,"W",9,7,NA,NA,NA,NA,NA,NA,NA,NA,NA,NA,NA,NA,NA,NA,NA,NA,2026,7,FALSE,TRUE,TRUE,"Summer adult",0.420664206642066,109.637597494227
"Common Tern","NF+6",NA,"R","DD","39728","STEHIR",NA,6,277,111,2026-07-09,1899-12-31 23:00:00,"Atlit Salt-Pans",32.695,34.932,"Yosef Kiat",NA,NA,NA,"F+6",NA,NA,NA,NA,"F","+","6",NA,"N",9,7,NA,NA,NA,NA,NA,NA,NA,NA,NA,NA,NA,NA,NA,NA,NA,NA,2026,7,FALSE,TRUE,TRUE,"Summer adult",0.40072202166065,99.8587769140622
"Common Tern","NPL+",NA,NA,"8S","1168","STEHIR",NA,6,275,123,2026-07-09,1899-12-31 23:00:00,"Atlit Salt-Pans",32.695,34.932,"Yosef Kiat",NA,NA,NA,"PL+",NA,NA,NA,NA,"P","L","+",NA,"N",9,7,NA,NA,NA,NA,NA,NA,NA,NA,NA,NA,NA,NA,NA,NA,NA,NA,2026,7,TRUE,FALSE,TRUE,"Summer adult",0.447272727272727,113.125836760825
"Common Tern","NPM+",NA,NA,"8S","1169","STEHIR",NA,6,257,111,2026-07-09,1899-12-31 23:00:00,"Atlit Salt-Pans",32.695,34.932,"Yosef Kiat",NA,NA,NA,"PM+",NA,NA,NA,NA,"P","M","+",NA,"N",9,7,NA,NA,NA,NA,NA,NA,NA,NA,NA,NA,NA,NA,NA,NA,NA,NA,2026,7,TRUE,FALSE,TRUE,"Summer adult",0.431906614785992,125.487437665427
"Common Tern","NPN+",NA,NA,"8S","1170","STEHIR",NA,6,270,117,2026-07-09,1899-12-31 23:00:00,"Atlit Salt-Pans",32.695,34.932,"Yosef Kiat",NA,NA,NA,"PN+",NA,NA,NA,NA,"P","N","+",NA,"N",9,7,NA,NA,NA,NA,NA,NA,NA,NA,NA,NA,NA,NA,NA,NA,NA,NA,2026,7,TRUE,FALSE,TRUE,"Summer adult",0.433333333333333,113.798031538662
"Common Tern","NPP+",NA,NA,"8S","1171","STEHIR",NA,6,271,102,2026-07-09,1899-12-31 23:00:00,"Atlit Salt-Pans",32.695,34.932,"Yosef Kiat",NA,NA,NA,"PP+",NA,NA,NA,NA,"P","P","+",NA,"N",9,7,NA,NA,NA,NA,NA,NA,NA,NA,NA,NA,NA,NA,NA,NA,NA,NA,2026,7,TRUE,FALSE,TRUE,"Summer adult",0.376383763837638,98.0967977579921
"Common Tern","NPT+",NA,NA,"8S","1174","STEHIR",NA,6,266,133,2026-07-09,1899-12-31 23:30:00,"Atlit Salt-Pans",32.695,34.932,"Yosef Kiat",NA,NA,NA,"PT+",NA,NA,NA,NA,"P","T","+",NA,"N",9,7,NA,NA,NA,NA,NA,NA,NA,NA,NA,NA,NA,NA,NA,NA,NA,NA,2026,7,TRUE,FALSE,TRUE,"Summer adult",0.5,135.381839374722
"Common Tern","NPU+",NA,NA,"8S","1175","STEHIR",NA,6,265,111,2026-07-09,1899-12-31 23:30:00,"Atlit Salt-Pans",32.695,34.932,"Yosef Kiat",NA,NA,NA,"PU+",NA,NA,NA,NA,"P","U","+",NA,"N",9,7,NA,NA,NA,NA,NA,NA,NA,NA,NA,NA,NA,NA,NA,NA,NA,NA,2026,7,TRUE,FALSE,TRUE,"Summer adult",0.418867924528302,114.292609253398
"Common Tern","NPV+",NA,NA,"8S","1176","STEHIR",NA,6,269,122,2026-07-09,1899-12-31 23:30:00,"Atlit Salt-Pans",32.695,34.932,"Yosef Kiat",NA,NA,NA,"PV+",NA,NA,NA,NA,"P","V","+",NA,"N",9,7,NA,NA,NA,NA,NA,NA,NA,NA,NA,NA,NA,NA,NA,NA,NA,NA,2026,7,TRUE,FALSE,TRUE,"Summer adult",0.453531598513011,120.011014848024
"Common Tern","WL+W",NA,"R","DD","36612","STEHIR",NA,7,276,107,2026-07-16,1899-12-31 23:45:00,"Atlit Salt-Pans",32.695,34.932,"Yosef Kiat",NA,NA,NA,"L+W",NA,NA,NA,NA,"L","+","W",NA,"W",16,7,NA,NA,NA,NA,NA,NA,NA,NA,NA,NA,NA,NA,NA,NA,NA,NA,2026,7,FALSE,TRUE,TRUE,"Summer adult",0.38768115942029,97.3273875756558
"Common Tern","NG4H",NA,"R","DD","28031","STEHIR",NA,19,271,120,2026-07-16,1899-12-31 23:45:00,"Atlit Salt-Pans",32.695,34.932,"Yosef Kiat",NA,NA,NA,"G4H",NA,NA,NA,NA,"G","4","H",NA,"N",16,7,NA,NA,NA,NA,NA,NA,NA,NA,NA,NA,NA,NA,NA,NA,NA,NA,2026,7,FALSE,TRUE,TRUE,"Summer adult",0.44280442804428,115.407997362344
"Common Tern","NJN+",NA,"R","8S","1065","STEHIR",NA,6,274,124,2026-07-16,1899-12-31 23:45:00,"Atlit Salt-Pans",32.695,34.932,"Yosef Kiat",NA,NA,NA,"JN+",NA,NA,NA,NA,"J","N","+",NA,"N",16,7,NA,NA,NA,NA,NA,NA,NA,NA,NA,NA,NA,NA,NA,NA,NA,NA,2026,7,FALSE,TRUE,TRUE,"Summer adult",0.452554744525547,115.319111822887
"Common Tern","W+L1",NA,"R","DD","35059","STEHIR",NA,9,267,124,2026-07-16,1899-12-31 23:45:00,"Atlit Salt-Pans",32.695,34.932,"Yosef Kiat",NA,NA,NA,"+L1",NA,NA,NA,NA,"+","L","1",NA,"W",16,7,NA,NA,NA,NA,NA,NA,NA,NA,NA,NA,NA,NA,NA,NA,NA,NA,2026,7,FALSE,TRUE,TRUE,"Summer adult",0.464419475655431,124.785109917581
"Common Tern","NNJ+",NA,"R","8S","1144","STEHIR",NA,6,268,107,2026-07-16,1899-12-31 23:45:00,"Atlit Salt-Pans",32.695,34.932,"Yosef Kiat",NA,NA,NA,"NJ+",NA,NA,NA,NA,"N","J","+",NA,"N",16,7,NA,NA,NA,NA,NA,NA,NA,NA,NA,NA,NA,NA,NA,NA,NA,NA,2026,7,FALSE,TRUE,TRUE,"Summer adult",0.399253731343284,106.457371902305
"Common Tern","NUF+",NA,NA,"8S","1249","STEHIR",NA,6,270,106,2026-07-16,1899-12-31 23:45:00,"Atlit Salt-Pans",32.695,34.932,"Yosef Kiat",NA,NA,NA,"UF+",NA,NA,NA,NA,"U","F","+",NA,"N",16,7,NA,NA,NA,NA,NA,NA,NA,NA,NA,NA,NA,NA,NA,NA,NA,NA,2026,7,TRUE,FALSE,TRUE,"Summer adult",0.392592592592593,103.099071308531
"Common Tern","NUH+",NA,NA,"8S","1251","STEHIR",NA,6,258,118,2026-07-16,1899-12-31 23:45:00,"Atlit Salt-Pans",32.695,34.932,"Yosef Kiat",NA,NA,NA,"UH+",NA,NA,NA,NA,"U","H","+",NA,"N",16,7,NA,NA,NA,NA,NA,NA,NA,NA,NA,NA,NA,NA,NA,NA,NA,NA,2026,7,TRUE,FALSE,TRUE,"Summer adult",0.457364341085271,131.83112644876
"Common Tern","NUJ+",NA,NA,"8S","1252","STEHIR",NA,6,282,130,2026-07-16,1899-12-31 23:45:00,"Atlit Salt-Pans",32.695,34.932,"Yosef Kiat",NA,NA,NA,"UJ+",NA,NA,NA,NA,"U","J","+",NA,"N",16,7,NA,NA,NA,NA,NA,NA,NA,NA,NA,NA,NA,NA,NA,NA,NA,NA,2026,7,TRUE,FALSE,TRUE,"Summer adult",0.460992907801418,110.744673031228
"Common Tern","NUK+",NA,NA,"8S","1253","STEHIR",NA,6,263,124,2026-07-16,1899-12-31 23:45:00,"Atlit Salt-Pans",32.695,34.932,"Yosef Kiat",NA,NA,NA,"UK+",NA,NA,NA,NA,"U","K","+",NA,"N",16,7,NA,NA,NA,NA,NA,NA,NA,NA,NA,NA,NA,NA,NA,NA,NA,NA,2026,7,TRUE,FALSE,TRUE,"Summer adult",0.47148288973384,130.6611127671
"Common Tern","NUM+",NA,NA,"8S","1255","STEHIR",NA,6,270,107,2026-07-16,1899-12-31 23:45:00,"Atlit Salt-Pans",32.695,34.932,"Yosef Kiat",NA,NA,NA,"UM+",NA,NA,NA,NA,"U","M","+",NA,"N",16,7,NA,NA,NA,NA,NA,NA,NA,NA,NA,NA,NA,NA,NA,NA,NA,NA,2026,7,TRUE,FALSE,TRUE,"Summer adult",0.396296296296296,104.071704056725
"Common Tern","NVG+",NA,NA,"8S","1271","STEHIR",NA,6,265,111,2026-07-30,1899-12-31 22:00:00,"Atlit Salt-Pans",32.695,34.932,"Yosef Kiat",NA,NA,NA,"VG+",NA,NA,NA,NA,"V","G","+",NA,"N",30,7,NA,NA,NA,NA,NA,NA,NA,NA,NA,NA,NA,NA,NA,NA,NA,NA,2026,7,TRUE,FALSE,TRUE,"Summer adult",0.418867924528302,114.292609253398
"Common Tern","NVK+",NA,NA,"8S","1274","STEHIR",NA,6,259,102,2026-07-30,1899-12-31 22:00:00,"Atlit Salt-Pans",32.695,34.932,"Yosef Kiat",NA,NA,NA,"VK+",NA,NA,NA,NA,"V","K","+",NA,"N",30,7,NA,NA,NA,NA,NA,NA,NA,NA,NA,NA,NA,NA,NA,NA,NA,NA,2026,7,TRUE,FALSE,TRUE,"Summer adult",0.393822393822394,112.619786446237
"Common Tern","NVL+",NA,NA,"8S","1275","STEHIR",NA,6,267,115,2026-07-30,1899-12-31 22:00:00,"Atlit Salt-Pans",32.695,34.932,"Yosef Kiat",NA,NA,NA,"VL+",NA,NA,NA,NA,"V","L","+",NA,"N",30,7,NA,NA,NA,NA,NA,NA,NA,NA,NA,NA,NA,NA,NA,NA,NA,NA,2026,7,TRUE,FALSE,TRUE,"Summer adult",0.430711610486891,115.728126133241
"Common Tern","NVP+",NA,NA,"8S","1278","STEHIR",NA,6,255,120,2026-07-30,1899-12-31 22:00:00,"Atlit Salt-Pans",32.695,34.932,"Yosef Kiat",NA,NA,NA,"VP+",NA,NA,NA,NA,"V","P","+",NA,"N",30,7,NA,NA,NA,NA,NA,NA,NA,NA,NA,NA,NA,NA,NA,NA,NA,NA,2026,7,TRUE,FALSE,TRUE,"Summer adult",0.470588235294118,138.931729561798
"Little Tern","W[AY]",NA,NA,"AB","40147","STEALB",NA,4,170,48.7,2010-07-01,1899-12-31,"Atlit Salt-Pans",32.695,34.932,"Yosef Kiat",NA,NA,NA,"[AY]",NA,62,NA,NA,"[","A","Y","]","W",1,7,NA,NA,NA,NA,NA,NA,NA,NA,NA,NA,NA,NA,NA,NA,NA,NA,2010,7,TRUE,FALSE,TRUE,"Summer adult",0.286470588235294,50.8457931919689
"Little Tern","W[AX]",NA,NA,"AB","40148","STEALB",NA,4,176,61.2,2010-07-01,1899-12-31,"Atlit Salt-Pans",32.695,34.932,"Yosef Kiat",NA,NA,NA,"[AX]",NA,73,NA,NA,"[","A","X","]","W",1,7,NA,NA,NA,NA,NA,NA,NA,NA,NA,NA,NA,NA,NA,NA,NA,NA,2010,7,TRUE,FALSE,TRUE,"Summer adult",0.347727272727273,57.8304835732208
"Little Tern","W[AW]",NA,NA,"AB","40149","STEALB",NA,4,175,43.2,2010-07-01,1899-12-31,"Atlit Salt-Pans",32.695,34.932,"Yosef Kiat",NA,NA,NA,"[AW]",NA,71,NA,NA,"[","A","W","]","W",1,7,NA,NA,NA,NA,NA,NA,NA,NA,NA,NA,NA,NA,NA,NA,NA,NA,2010,7,TRUE,FALSE,TRUE,"Summer adult",0.246857142857143,41.495950254578
"Little Tern","W[CC]",NA,NA,"AB","40150","STEALB",NA,4,180,50.3,2010-07-01,1899-12-31,"Atlit Salt-Pans",32.695,34.932,"Yosef Kiat",NA,NA,NA,"[CC]",NA,72,NA,NA,"[","C","C","]","W",1,7,NA,NA,NA,NA,NA,NA,NA,NA,NA,NA,NA,NA,NA,NA,NA,NA,2010,7,TRUE,FALSE,TRUE,"Summer adult",0.279444444444444,44.5559620373185
"Little Tern","W[CE]",NA,NA,"AB","40151","STEALB",NA,4,183,45.3,2010-07-01,1899-12-31,"Atlit Salt-Pans",32.695,34.932,"Yosef Kiat",NA,NA,NA,"[CE]",NA,69,NA,NA,"[","C","E","]","W",1,7,NA,NA,NA,NA,NA,NA,NA,NA,NA,NA,NA,NA,NA,NA,NA,NA,2010,7,TRUE,FALSE,TRUE,"Summer adult",0.247540983606557,38.264117868058
"Little Tern","W[CF]",NA,NA,"AB","40152","STEALB",NA,4,181,43.4,2010-07-01,1899-12-31,"Atlit Salt-Pans",32.695,34.932,"Yosef Kiat",NA,NA,NA,"[CF]",NA,68,NA,NA,"[","C","F","]","W",1,7,NA,NA,NA,NA,NA,NA,NA,NA,NA,NA,NA,NA,NA,NA,NA,NA,2010,7,TRUE,FALSE,TRUE,"Summer adult",0.239779005524862,37.8362546441974
"Little Tern","W[CH]",NA,NA,"AB","40153","STEALB",NA,4,167,44.7,2010-07-01,1899-12-31,"Atlit Salt-Pans",32.695,34.932,"Yosef Kiat",NA,NA,NA,"[CH]",NA,58,NA,NA,"[","C","H","]","W",1,7,NA,NA,NA,NA,NA,NA,NA,NA,NA,NA,NA,NA,NA,NA,NA,NA,2010,7,TRUE,FALSE,TRUE,"Summer adult",0.267664670658683,49.1214009467054
"Little Tern","W[CK]",NA,NA,"AB","40154","STEALB",NA,4,179,43,2010-07-01,1899-12-31 00:30:00,"Atlit Salt-Pans",32.695,34.932,"Yosef Kiat",NA,NA,NA,"[CK]",NA,62,NA,NA,"[","C","K","]","W",1,7,NA,NA,NA,NA,NA,NA,NA,NA,NA,NA,NA,NA,NA,NA,NA,NA,2010,7,TRUE,FALSE,TRUE,"Summer adult",0.240223463687151,38.7047506881684
"Little Tern","W[CJ]",NA,NA,"AB","40155","STEALB",NA,4,176,53.5,2010-07-01,1899-12-31 00:30:00,"Atlit Salt-Pans",32.695,34.932,"Yosef Kiat",NA,NA,NA,"[CJ]",NA,78,NA,NA,"[","C","J","]","W",1,7,NA,NA,NA,NA,NA,NA,NA,NA,NA,NA,NA,NA,NA,NA,NA,NA,2010,7,TRUE,FALSE,TRUE,"Summer adult",0.303977272727273,50.5544259994659
"Little Tern","W[CL]",NA,NA,"AB","40156","STEALB",NA,4,173,43.6,2010-07-01,1899-12-31 00:30:00,"Atlit Salt-Pans",32.695,34.932,"Yosef Kiat",NA,NA,NA,"[CL]",NA,62,NA,NA,"[","C","L","]","W",1,7,NA,NA,NA,NA,NA,NA,NA,NA,NA,NA,NA,NA,NA,NA,NA,NA,2010,7,TRUE,FALSE,TRUE,"Summer adult",0.252023121387283,43.2876896329952
"Little Tern","W[CM]",NA,NA,"AB","40157","STEALB",NA,4,176,45.7,2010-07-01,1899-12-31 00:30:00,"Atlit Salt-Pans",32.695,34.932,"Yosef Kiat",NA,NA,NA,"[CM]",NA,62,NA,NA,"[","C","M","]","W",1,7,NA,NA,NA,NA,NA,NA,NA,NA,NA,NA,NA,NA,NA,NA,NA,NA,2010,7,TRUE,FALSE,TRUE,"Summer adult",0.259659090909091,43.1838741715064
"Little Tern","NL8V","+",NA,"AB","99018","STEALB",NA,4,169,40.5,2010-07-01,1899-12-31 00:30:00,"Atlit Salt-Pans",32.695,34.932,"Yosef Kiat",NA,NA,NA,"L8V",NA,70,NA,NA,"L","8","V",NA,"N",1,7,NA,NA,NA,NA,NA,"CN",NA,NA,"AB-40158",NA,NA,NA,NA,NA,NA,NA,2010,7,TRUE,FALSE,TRUE,"Summer adult",0.239644970414201,43.0080319631889
"Little Tern","W[CP]",NA,NA,"AB","40159","STEALB",NA,4,172,45.4,2010-07-01,1899-12-31 01:00:00,"Atlit Salt-Pans",32.695,34.932,"Yosef Kiat",NA,NA,NA,"[CP]",NA,61,NA,NA,"[","C","P","]","W",1,7,NA,NA,NA,NA,NA,NA,NA,NA,NA,NA,NA,NA,NA,NA,NA,NA,2010,7,TRUE,FALSE,TRUE,"Summer adult",0.263953488372093,45.8325587252981
"Little Tern","W[CY]",NA,NA,"AB","40160","STEALB",NA,4,172,40,2010-07-01,1899-12-31 02:30:00,"Atlit Salt-Pans",32.695,34.932,"Yosef Kiat",NA,NA,NA,"[CY]",NA,66,NA,NA,"[","C","Y","]","W",1,7,NA,NA,NA,NA,NA,NA,NA,NA,NA,NA,NA,NA,NA,NA,NA,NA,2010,7,TRUE,FALSE,TRUE,"Summer adult",0.232558139534884,40.3811090090732
"Little Tern","W[CX]",NA,NA,"AB","40161","STEALB",NA,4,181,44.1,2010-07-01,1899-12-31 02:30:00,"Atlit Salt-Pans",32.695,34.932,"Yosef Kiat",NA,NA,NA,"[CX]",NA,69,NA,NA,"[","C","X","]","W",1,7,NA,NA,NA,NA,NA,NA,NA,NA,NA,NA,NA,NA,NA,NA,NA,NA,2010,7,TRUE,FALSE,TRUE,"Summer adult",0.243646408839779,38.446516815878
"Little Tern","W[CR]",NA,NA,"AB","40162","STEALB",NA,4,170,42.5,2010-07-01,1899-12-31 03:00:00,"Atlit Salt-Pans",32.695,34.932,"Yosef Kiat",NA,NA,NA,"[CR]",NA,80,NA,NA,"[","C","R","]","W",1,7,NA,NA,NA,NA,NA,NA,NA,NA,NA,NA,NA,NA,NA,NA,NA,NA,2010,7,TRUE,FALSE,TRUE,"Summer adult",0.25,44.372612128515
"Little Tern","W[CU]",NA,NA,"AB","40164","STEALB",NA,4,167,37.8,2010-07-01,1899-12-31 03:00:00,"Atlit Salt-Pans",32.695,34.932,"Yosef Kiat",NA,NA,NA,"[CU]",NA,72,NA,NA,"[","C","U","]","W",1,7,NA,NA,NA,NA,NA,NA,NA,NA,NA,NA,NA,NA,NA,NA,NA,NA,2010,7,TRUE,FALSE,TRUE,"Summer adult",0.226347305389222,41.5389028139925
"Little Tern","WH86","+",NA,"AB","99393","STEALB",NA,4,166,39.8,2010-07-01,1899-12-31 03:30:00,"Atlit Salt-Pans",32.695,34.932,"Yosef Kiat",NA,NA,NA,"H86",NA,58,NA,NA,"H","8","6",NA,"W",1,7,NA,NA,NA,NA,NA,"CT",NA,NA,"AB-40165",NA,NA,NA,NA,NA,NA,NA,2010,7,TRUE,FALSE,TRUE,"Summer adult",0.239759036144578,44.4987222495437
"Little Tern","W[EA]",NA,NA,"AB","40166","STEALB",NA,4,177,43,2010-07-01,1899-12-31 04:45:00,"Atlit Salt-Pans",32.695,34.932,"Yosef Kiat",NA,NA,NA,"[EA]",NA,66,NA,NA,"[","E","A","]","W",1,7,NA,NA,NA,NA,NA,NA,NA,NA,NA,NA,NA,NA,NA,NA,NA,NA,2010,7,TRUE,FALSE,TRUE,"Summer adult",0.242937853107345,39.9758412833432
"Little Tern","W[EE]",NA,NA,"AB","40167","STEALB",NA,4,180,44.7,2010-07-13,1899-12-31 20:45:00,"Atlit Salt-Pans",32.695,34.932,"Yosef Kiat",NA,NA,NA,"[EE]",NA,77,NA,NA,"[","E","E","]","W",13,7,NA,NA,NA,NA,NA,NA,NA,NA,NA,NA,NA,NA,NA,NA,NA,NA,2010,7,TRUE,FALSE,TRUE,"Summer adult",0.248333333333333,39.595457317458
"Little Tern","W[EC]",NA,NA,"AB","40168","STEALB",NA,4,172,49.9,2010-07-13,1899-12-31 20:45:00,"Atlit Salt-Pans",32.695,34.932,"Yosef Kiat",NA,NA,NA,"[EC]",NA,73,NA,NA,"[","E","C","]","W",13,7,NA,NA,NA,NA,NA,NA,NA,NA,NA,NA,NA,NA,NA,NA,NA,NA,2010,7,TRUE,FALSE,TRUE,"Summer adult",0.290116279069767,50.3754334888188
"Little Tern","W[EX]",NA,NA,"AB","40169","STEALB",NA,4,178,55.5,2010-07-13,1899-12-31 20:45:00,"Atlit Salt-Pans",32.695,34.932,"Yosef Kiat",NA,NA,NA,"[EX]",NA,68,NA,NA,"[","E","X","]","W",13,7,NA,NA,NA,NA,NA,NA,NA,NA,NA,NA,NA,NA,NA,NA,NA,NA,2010,7,TRUE,FALSE,TRUE,"Summer adult",0.311797752808989,50.7674980661177
"Little Tern","W[EU]",NA,NA,"AB","40170","STEALB",NA,4,167,46.6,2010-07-13,1899-12-31 20:45:00,"Atlit Salt-Pans",32.695,34.932,"Yosef Kiat",NA,NA,NA,"[EU]",NA,62,NA,NA,"[","E","U","]","W",13,7,NA,NA,NA,NA,NA,NA,NA,NA,NA,NA,NA,NA,NA,NA,NA,NA,2010,7,TRUE,FALSE,TRUE,"Summer adult",0.279041916167665,51.2093352151336
"Little Tern","W[EW]",NA,NA,"AB","40171","STEALB",NA,4,174,43.7,2010-07-13,1899-12-31 20:45:00,"Atlit Salt-Pans",32.695,34.932,"Yosef Kiat",NA,NA,NA,"[EW]",NA,65,NA,NA,"[","E","W","]","W",13,7,NA,NA,NA,NA,NA,NA,NA,NA,NA,NA,NA,NA,NA,NA,NA,NA,2010,7,TRUE,FALSE,TRUE,"Summer adult",0.251149425287356,42.6737445527792
"Little Tern","W[EM]",NA,NA,"AB","40172","STEALB",NA,4,171,41.3,2010-07-13,1899-12-31 21:15:00,"Atlit Salt-Pans",32.695,34.932,"Yosef Kiat",NA,NA,NA,"[EM]",NA,69,NA,NA,"[","E","M","]","W",13,7,NA,NA,NA,NA,NA,NA,NA,NA,NA,NA,NA,NA,NA,NA,NA,NA,2010,7,TRUE,FALSE,TRUE,"Summer adult",0.241520467836257,42.3985352479598
"Little Tern","W[ET]",NA,NA,"AB","40174","STEALB","F",4,171,49.1,2010-07-13,1899-12-31 21:15:00,"Atlit Salt-Pans",32.695,34.932,"Yosef Kiat",NA,NA,NA,"[ET]",NA,72,NA,NA,"[","E","T","]","W",13,7,NA,NA,NA,NA,NA,NA,NA,NA,NA,NA,NA,NA,NA,NA,NA,NA,2010,7,TRUE,FALSE,TRUE,"Summer adult",0.287134502923977,50.4060067960006
"Little Tern","W[CW]",NA,NA,"AB","40175","STEALB",NA,4,177,45.2,2010-07-13,1899-12-31 21:15:00,"Atlit Salt-Pans",32.695,34.932,"Yosef Kiat",NA,NA,NA,"[CW]",NA,71,NA,NA,"[","C","W","]","W",13,7,NA,NA,NA,NA,NA,NA,NA,NA,NA,NA,NA,NA,NA,NA,NA,NA,2010,7,TRUE,FALSE,TRUE,"Summer adult",0.255367231638418,42.0211168838863
"Little Tern","W[EP]",NA,NA,"AB","40176","STEALB",NA,4,176,42.2,2010-07-13,1899-12-31 22:00:00,"Atlit Salt-Pans",32.695,34.932,"Yosef Kiat",NA,NA,NA,"[EP]",NA,72,NA,NA,"[","E","P","]","W",13,7,NA,NA,NA,NA,NA,NA,NA,NA,NA,NA,NA,NA,NA,NA,NA,NA,2010,7,TRUE,FALSE,TRUE,"Summer adult",0.239772727272727,39.8765752743451
"Little Tern","W[EN]",NA,NA,"AB","40177","STEALB",NA,4,170,47.2,2010-07-13,1899-12-31 22:00:00,"Atlit Salt-Pans",32.695,34.932,"Yosef Kiat",NA,NA,NA,"[EN]",NA,60,NA,NA,"[","E","N","]","W",13,7,NA,NA,NA,NA,NA,NA,NA,NA,NA,NA,NA,NA,NA,NA,NA,NA,2010,7,TRUE,FALSE,TRUE,"Summer adult",0.277647058823529,49.2797009991978
"Little Tern","W[EH]",NA,NA,"AB","40178","STEALB",NA,4,177,44,2010-07-13,1899-12-31 22:00:00,"Atlit Salt-Pans",32.695,34.932,"Yosef Kiat",NA,NA,NA,"[EH]",NA,65,NA,NA,"[","E","H","]","W",13,7,NA,NA,NA,NA,NA,NA,NA,NA,NA,NA,NA,NA,NA,NA,NA,NA,2010,7,TRUE,FALSE,TRUE,"Summer adult",0.248587570621469,40.9055120108628
"Little Tern","W[EL]",NA,NA,"AB","40179","STEALB",NA,4,176,42.2,2010-07-13,1899-12-31 22:00:00,"Atlit Salt-Pans",32.695,34.932,"Yosef Kiat",NA,NA,NA,"[EL]",NA,67,NA,NA,"[","E","L","]","W",13,7,NA,NA,NA,NA,NA,NA,NA,NA,NA,NA,NA,NA,NA,NA,NA,NA,2010,7,TRUE,FALSE,TRUE,"Summer adult",0.239772727272727,39.8765752743451
"Little Tern","W[EJ]",NA,NA,"AB","40180","STEALB",NA,4,173,46.9,2010-07-14,1899-12-31,"Atlit Salt-Pans",32.695,34.932,"Yosef Kiat",NA,NA,NA,"[EJ]",NA,68,NA,NA,"[","E","J","]","W",14,7,NA,NA,NA,NA,NA,NA,NA,NA,NA,NA,NA,NA,NA,NA,NA,NA,2010,7,TRUE,FALSE,TRUE,"Summer adult",0.271098265895954,46.5640514630155
"Little Tern","W[EK]",NA,NA,"AB","40181","STEALB",NA,4,179,48.4,2010-07-14,1899-12-31,"Atlit Salt-Pans",32.695,34.932,"Yosef Kiat",NA,NA,NA,"[EK]",NA,49,NA,NA,"[","E","K","]","W",14,7,NA,NA,NA,NA,NA,NA,NA,NA,NA,NA,NA,NA,NA,NA,NA,NA,2010,7,TRUE,FALSE,TRUE,"Summer adult",0.270391061452514,43.5653472862175
"Little Tern","W[ER]",NA,NA,"AB","40182","STEALB",NA,4,170,45.8,2010-07-14,1899-12-31 02:30:00,"Atlit Salt-Pans",32.695,34.932,"Yosef Kiat",NA,NA,NA,"[ER]",NA,67,NA,NA,"[","E","R","]","W",14,7,NA,NA,NA,NA,NA,NA,NA,NA,NA,NA,NA,NA,NA,NA,NA,NA,2010,7,TRUE,FALSE,TRUE,"Summer adult",0.269411764705882,47.8180149526114
"Little Tern","W[EY]",NA,NA,"AB","40183","STEALB",NA,4,178,45.8,2010-07-14,1899-12-31 02:45:00,"Atlit Salt-Pans",32.695,34.932,"Yosef Kiat",NA,NA,NA,"[EY]",NA,67,NA,NA,"[","E","Y","]","W",14,7,NA,NA,NA,NA,NA,NA,NA,NA,NA,NA,NA,NA,NA,NA,NA,NA,2010,7,TRUE,FALSE,TRUE,"Summer adult",0.257303370786517,41.8946200257331
"Little Tern","W[HX]",NA,NA,"AB","40184","STEALB",NA,4,175,42.5,2010-07-14,1899-12-31 02:45:00,"Atlit Salt-Pans",32.695,34.932,"Yosef Kiat",NA,NA,NA,"[HX]",NA,72,NA,NA,"[","H","X","]","W",14,7,NA,NA,NA,NA,NA,NA,NA,NA,NA,NA,NA,NA,NA,NA,NA,NA,2010,7,TRUE,FALSE,TRUE,"Summer adult",0.242857142857143,40.8235621717492
"Little Tern","W[HA]",NA,NA,"B","42001","STEALB",NA,4,179,47.2,2010-07-21,1899-12-31 23:00:00,"Atlit Salt-Pans",32.695,34.932,"Yosef Kiat",NA,NA,NA,"[HA]",NA,64,NA,NA,"[","H","A","]","W",21,7,NA,NA,NA,NA,NA,NA,NA,NA,NA,NA,NA,NA,NA,NA,NA,NA,2010,7,TRUE,FALSE,TRUE,"Summer adult",0.263687150837989,42.4852147088733
"Little Tern","WCL7","+",NA,"B","42002","STEALB",NA,4,176,42.6,2010-07-21,1899-12-31 23:00:00,"Atlit Salt-Pans",32.695,34.932,"Yosef Kiat",NA,NA,NA,"CL7",NA,65,NA,NA,"C","L","7",NA,"W",21,7,NA,NA,NA,NA,NA,"HU",NA,NA,NA,NA,NA,NA,NA,NA,NA,NA,2010,7,TRUE,FALSE,TRUE,"Summer adult",0.242045454545455,40.2545522911635
"Little Tern","W[FA]",NA,NA,"B","42005","STEALB",NA,4,166,45.7,2010-07-21,1899-12-31 23:00:00,"Atlit Salt-Pans",32.695,34.932,"Yosef Kiat",NA,NA,NA,"[FA]",NA,58,NA,NA,"[","F","A","]","W",21,7,NA,NA,NA,NA,NA,NA,NA,NA,NA,NA,NA,NA,NA,NA,NA,NA,2010,7,TRUE,FALSE,TRUE,"Summer adult",0.275301204819277,51.0952665026167
"Little Tern","W[FL]",NA,NA,"B","42006","STEALB",NA,4,176,46.4,2010-07-21,1899-12-31 23:00:00,"Atlit Salt-Pans",32.695,34.932,"Yosef Kiat",NA,NA,NA,"[FL]",NA,74.5,NA,NA,"[","F","L","]","W",21,7,NA,NA,NA,NA,NA,NA,NA,NA,NA,NA,NA,NA,NA,NA,NA,NA,2010,7,TRUE,FALSE,TRUE,"Summer adult",0.263636363636364,43.8453339509386
"Little Tern","W[FX]",NA,NA,"B","42007","STEALB",NA,4,168,45.1,2010-07-21,1899-12-31 23:00:00,"Atlit Salt-Pans",32.695,34.932,"Yosef Kiat",NA,NA,NA,"[FX]",NA,62,NA,NA,"[","F","X","]","W",21,7,NA,NA,NA,NA,NA,NA,NA,NA,NA,NA,NA,NA,NA,NA,NA,NA,2010,7,TRUE,FALSE,TRUE,"Summer adult",0.268452380952381,48.7173099578709
"Little Tern","W[FT]",NA,NA,"B","42008","STEALB",NA,4,171,41.8,2010-07-21,1899-12-31 23:00:00,"Atlit Salt-Pans",32.695,34.932,"Yosef Kiat",NA,NA,NA,"[FT]",NA,63,NA,NA,"[","F","T","]","W",21,7,NA,NA,NA,NA,NA,NA,NA,NA,NA,NA,NA,NA,NA,NA,NA,NA,2010,7,TRUE,FALSE,TRUE,"Summer adult",0.244444444444444,42.9118347061675
"Little Tern","NTIE","+",NA,"B","42010","STEALB",NA,4,167,45.6,2010-07-21,1899-12-31 23:00:00,"Atlit Salt-Pans",32.695,34.932,"Yosef Kiat",NA,NA,NA,"TIE",NA,55,NA,NA,"T","I","E",NA,"N",21,7,NA,NA,NA,NA,NA,"JU",NA,NA,NA,NA,NA,NA,NA,NA,NA,NA,2010,7,TRUE,FALSE,TRUE,"Summer adult",0.273053892215569,50.1104224422766
"Little Tern","W[FW]",NA,NA,"B","42011","STEALB",NA,4,176,43.5,2010-07-21,1899-12-31 23:00:00,"Atlit Salt-Pans",32.695,34.932,"Yosef Kiat",NA,NA,NA,"[FW]",NA,70,NA,NA,"[","F","W","]","W",21,7,NA,NA,NA,NA,NA,NA,NA,NA,NA,NA,NA,NA,NA,NA,NA,NA,2010,7,TRUE,FALSE,TRUE,"Summer adult",0.247159090909091,41.105000579005
"Little Tern","W[FR]",NA,NA,"B","42012","STEALB","M",4,167,43,2010-07-21,1899-12-31 23:00:00,"Atlit Salt-Pans",32.695,34.932,"Yosef Kiat",NA,NA,NA,"[FR]",NA,60,NA,NA,"[","F","R","]","W",21,7,NA,NA,NA,NA,NA,NA,NA,NA,NA,NA,NA,NA,NA,NA,NA,NA,2010,7,TRUE,FALSE,TRUE,"Summer adult",0.25748502994012,47.2532492328486
"Little Tern","W[HH]",NA,NA,"B","42013","STEALB",NA,4,177,43.5,2010-07-21,1899-12-31 23:00:00,"Atlit Salt-Pans",32.695,34.932,"Yosef Kiat",NA,NA,NA,"[HH]",NA,74,NA,NA,"[","H","H","]","W",21,7,NA,NA,NA,NA,NA,NA,NA,NA,NA,NA,NA,NA,NA,NA,NA,NA,2010,7,TRUE,FALSE,TRUE,"Summer adult",0.245762711864407,40.440676647103
"Little Tern","W[HW]",NA,NA,"B","42014","STEALB",NA,4,164,40.1,2010-07-21,1899-12-31 23:45:00,"Atlit Salt-Pans",32.695,34.932,"Yosef Kiat",NA,NA,NA,"[HW]",NA,61,NA,NA,"[","H","W","]","W",21,7,NA,NA,NA,NA,NA,NA,NA,NA,NA,NA,NA,NA,NA,NA,NA,NA,2010,7,TRUE,FALSE,TRUE,"Summer adult",0.244512195121951,46.4245670279536
"Little Tern","W[JF]",NA,NA,"B","42015","STEALB",NA,4,168,42.9,2010-07-21,1899-12-31 23:45:00,"Atlit Salt-Pans",32.695,34.932,"Yosef Kiat",NA,NA,NA,"[JF]",NA,62,NA,NA,"[","J","F","]","W",21,7,NA,NA,NA,NA,NA,NA,NA,NA,NA,NA,NA,NA,NA,NA,NA,NA,2010,7,TRUE,FALSE,TRUE,"Summer adult",0.255357142857143,46.3408558135845
"Little Tern","W[HM]",NA,NA,"B","42016","STEALB",NA,4,163,40.4,2010-07-21,1899-12-31 23:45:00,"Atlit Salt-Pans",32.695,34.932,"Yosef Kiat",NA,NA,NA,"[HM]",NA,58,NA,NA,"[","H","M","]","W",21,7,NA,NA,NA,NA,NA,NA,NA,NA,NA,NA,NA,NA,NA,NA,NA,NA,2010,7,TRUE,FALSE,TRUE,"Summer adult",0.247852760736196,47.6018400025948
"Little Tern","W[JK]",NA,NA,"B","42017","STEALB",NA,4,172,41.8,2010-07-21,1899-12-31 23:45:00,"Atlit Salt-Pans",32.695,34.932,"Yosef Kiat",NA,NA,NA,"[JK]",NA,69,NA,NA,"[","J","K","]","W",21,7,NA,NA,NA,NA,NA,NA,NA,NA,NA,NA,NA,NA,NA,NA,NA,NA,2010,7,TRUE,FALSE,TRUE,"Summer adult",0.243023255813953,42.1982589144815
"Little Tern","W[HY]",NA,NA,"B","42018","STEALB",NA,4,172,41.2,2010-07-21,1899-12-31 23:45:00,"Atlit Salt-Pans",32.695,34.932,"Yosef Kiat",NA,NA,NA,"[HY]",NA,61,NA,NA,"[","H","Y","]","W",21,7,NA,NA,NA,NA,NA,NA,NA,NA,NA,NA,NA,NA,NA,NA,NA,NA,2010,7,TRUE,FALSE,TRUE,"Summer adult",0.23953488372093,41.5925422793454
"Little Tern","W[JN]",NA,NA,"B","42019","STEALB",NA,4,172,45.4,2010-07-21,1899-12-31 23:45:00,"Atlit Salt-Pans",32.695,34.932,"Yosef Kiat",NA,NA,NA,"[JN]",NA,66,NA,NA,"[","J","N","]","W",21,7,NA,NA,NA,NA,NA,NA,NA,NA,NA,NA,NA,NA,NA,NA,NA,NA,2010,7,TRUE,FALSE,TRUE,"Summer adult",0.263953488372093,45.8325587252981
"Little Tern","W[JJ]",NA,NA,"B","42020","STEALB",NA,4,174,42.8,2010-07-21,1899-12-31 23:45:00,"Atlit Salt-Pans",32.695,34.932,"Yosef Kiat",NA,NA,NA,"[JJ]",NA,62,NA,NA,"[","J","J","]","W",21,7,NA,NA,NA,NA,NA,NA,NA,NA,NA,NA,NA,NA,NA,NA,NA,NA,2010,7,TRUE,FALSE,TRUE,"Summer adult",0.245977011494253,41.7948802484885
"Little Tern","W[JT]",NA,NA,"B","42021","STEALB",NA,4,168,38.5,2010-07-22,1899-12-31 00:30:00,"Atlit Salt-Pans",32.695,34.932,"Yosef Kiat",NA,NA,NA,"[JT]",NA,55,NA,NA,"[","J","T","]","W",22,7,NA,NA,NA,NA,NA,NA,NA,NA,NA,NA,NA,NA,NA,NA,NA,NA,2010,7,TRUE,FALSE,TRUE,"Summer adult",0.229166666666667,41.5879475250118
"Little Tern","W[FY]",NA,NA,"B","42022","STEALB",NA,4,169,42.7,2010-07-22,1899-12-31 00:30:00,"Atlit Salt-Pans",32.695,34.932,"Yosef Kiat",NA,NA,NA,"[FY]",NA,63,NA,NA,"[","F","Y","]","W",22,7,NA,NA,NA,NA,NA,NA,NA,NA,NA,NA,NA,NA,NA,NA,NA,NA,2010,7,TRUE,FALSE,TRUE,"Summer adult",0.252662721893491,45.3442707364979
"Little Tern","W[HL]",NA,NA,"B","42023","STEALB",NA,4,177,49.5,2010-07-22,1899-12-31 00:30:00,"Atlit Salt-Pans",32.695,34.932,"Yosef Kiat",NA,NA,NA,"[HL]",NA,67,NA,NA,"[","H","L","]","W",22,7,NA,NA,NA,NA,NA,NA,NA,NA,NA,NA,NA,NA,NA,NA,NA,NA,2010,7,TRUE,FALSE,TRUE,"Summer adult",0.279661016949153,46.0187010122207
"Little Tern","W[FN]",NA,NA,"B","42025","STEALB",NA,4,179,42.2,2010-07-22,1899-12-31 01:30:00,"Atlit Salt-Pans",32.695,34.932,"Yosef Kiat",NA,NA,NA,"[FN]",NA,67,NA,NA,"[","F","N","]","W",22,7,NA,NA,NA,NA,NA,NA,NA,NA,NA,NA,NA,NA,NA,NA,NA,NA,2010,7,TRUE,FALSE,TRUE,"Summer adult",0.235754189944134,37.9846623032723
"Little Tern","W[FU]",NA,NA,"B","42027","STEALB",NA,4,171,37.9,2010-07-22,1899-12-31 02:15:00,"Atlit Salt-Pans",32.695,34.932,"Yosef Kiat",NA,NA,NA,"[FU]",NA,66,NA,NA,"[","F","U","]","W",22,7,NA,NA,NA,NA,NA,NA,NA,NA,NA,NA,NA,NA,NA,NA,NA,NA,2010,7,TRUE,FALSE,TRUE,"Summer adult",0.221637426900585,38.9080989321471
"Little Tern","W[HE]",NA,NA,"B","42029","STEALB",NA,4,174,44.7,2010-07-22,1899-12-31 03:00:00,"Atlit Salt-Pans",32.695,34.932,"Yosef Kiat",NA,NA,NA,"[HE]",NA,71,NA,NA,"[","H","E","]","W",22,7,NA,NA,NA,NA,NA,NA,NA,NA,NA,NA,NA,NA,NA,NA,NA,NA,2010,7,TRUE,FALSE,TRUE,"Summer adult",0.256896551724138,43.6502604464354
"Little Tern","W[JY]",NA,NA,"B","42030","STEALB",NA,4,175,43.3,2010-07-22,1899-12-31 03:45:00,"Atlit Salt-Pans",32.695,34.932,"Yosef Kiat",NA,NA,NA,"[JY]",NA,61,NA,NA,"[","J","Y","]","W",22,7,NA,NA,NA,NA,NA,NA,NA,NA,NA,NA,NA,NA,NA,NA,NA,NA,2010,7,TRUE,FALSE,TRUE,"Summer adult",0.247428571428571,41.5920056949821
"Little Tern","W[HT]",NA,NA,"B","42032","STEALB",NA,4,171,42.7,2010-07-22,1899-12-31 03:45:00,"Atlit Salt-Pans",32.695,34.932,"Yosef Kiat",NA,NA,NA,"[HT]",NA,65,NA,NA,"[","H","T","]","W",22,7,NA,NA,NA,NA,NA,NA,NA,NA,NA,NA,NA,NA,NA,NA,NA,NA,2010,7,TRUE,FALSE,TRUE,"Summer adult",0.249707602339181,43.8357737309415
"Little Tern","W[HC]",NA,NA,"B","42033","STEALB",NA,4,171,43.3,2010-07-22,1899-12-31 04:45:00,"Atlit Salt-Pans",32.695,34.932,"Yosef Kiat",NA,NA,NA,"[HC]",NA,67,NA,NA,"[","H","C","]","W",22,7,NA,NA,NA,NA,NA,NA,NA,NA,NA,NA,NA,NA,NA,NA,NA,NA,2010,7,TRUE,FALSE,TRUE,"Summer adult",0.253216374269006,44.4517330807908
"Little Tern","W[JX]",NA,NA,"B","42034","STEALB",NA,4,178,42.7,2010-07-22,1899-12-31 04:45:00,"Atlit Salt-Pans",32.695,34.932,"Yosef Kiat",NA,NA,NA,"[JX]",NA,72,NA,NA,"[","J","X","]","W",22,7,NA,NA,NA,NA,NA,NA,NA,NA,NA,NA,NA,NA,NA,NA,NA,NA,2010,7,TRUE,FALSE,TRUE,"Summer adult",0.239887640449438,39.0589579715896
"Little Tern","WAA0",NA,NA,"B","41503","STEALB",NA,4,181,46.9,2011-06-06,1899-12-31 22:30:00,"Atlit Salt-Pans",32.695,34.932,"Yosef Kiat",NA,NA,NA,"AA0",NA,78,NA,NA,"A","A","0",NA,"W",6,6,NA,NA,NA,NA,NA,NA,NA,NA,NA,NA,NA,NA,NA,NA,NA,NA,2011,6,TRUE,FALSE,TRUE,"Summer adult",0.259116022099448,40.8875655026004
"Little Tern","WAB1",NA,NA,"B","41504","STEALB",NA,4,180,49.1,2011-06-06,1899-12-31 22:30:00,"Atlit Salt-Pans",32.695,34.932,"Yosef Kiat",NA,NA,NA,"AB1",NA,67,NA,NA,"A","B","1",NA,"W",6,6,NA,NA,NA,NA,NA,NA,NA,NA,NA,NA,NA,NA,NA,NA,NA,NA,2011,6,TRUE,FALSE,TRUE,"Summer adult",0.272777777777778,43.4929967402055
"Little Tern","WAB2",NA,NA,"B","41505","STEALB",NA,4,173,40.4,2011-06-20,1899-12-31 21:00:00,"Atlit Salt-Pans",32.695,34.932,"Yosef Kiat",NA,NA,NA,"AB2",NA,65,NA,NA,"A","B","2",NA,"W",20,6,NA,NA,NA,NA,NA,NA,NA,NA,NA,NA,NA,NA,NA,NA,NA,NA,2011,6,TRUE,FALSE,TRUE,"Summer adult",0.233526011560694,40.1106114947938
"Little Tern","WAB3",NA,NA,"B","41506","STEALB",NA,4,169,58.5,2011-06-20,1899-12-31 21:00:00,"Atlit Salt-Pans",32.695,34.932,"Yosef Kiat",NA,NA,NA,"AB3",NA,62,NA,NA,"A","B","3",NA,"W",20,6,NA,NA,NA,NA,NA,NA,NA,NA,NA,NA,NA,NA,NA,NA,NA,NA,2011,6,TRUE,FALSE,TRUE,"Summer adult",0.346153846153846,62.1227128357173
"Little Tern","WAB4",NA,NA,"B","41507","STEALB",NA,35,175,44.2,2011-06-20,1899-12-31 23:00:00,"Atlit Salt-Pans",32.695,34.932,"Yosef Kiat",NA,"Ring replace, B-85324",NA,"AB4",NA,69,NA,NA,"A","B","4",NA,"W",20,6,NA,NA,NA,NA,NA,NA,NA,NA,NA,NA,NA,NA,NA,NA,NA,NA,2011,6,TRUE,FALSE,TRUE,"Summer adult",0.252571428571429,42.4565046586192
"Little Tern","WAB5",NA,NA,"B","41508","STEALB",NA,4,171,43.9,2011-07-03,1899-12-31 22:00:00,"Atlit Salt-Pans",32.695,34.932,"Yosef Kiat",NA,NA,NA,"AB5",NA,71,NA,NA,"A","B","5",NA,"W",3,7,NA,NA,NA,NA,NA,NA,NA,NA,NA,NA,NA,NA,NA,NA,NA,NA,2011,7,TRUE,FALSE,TRUE,"Summer adult",0.25672514619883,45.0676924306401
"Little Tern","WAB6",NA,NA,"B","41509","STEALB",NA,4,179,49.3,2011-07-03,1899-12-31 22:00:00,"Atlit Salt-Pans",32.695,34.932,"Yosef Kiat",NA,NA,NA,"AB6",NA,73,NA,NA,"A","B","6",NA,"W",3,7,NA,NA,NA,NA,NA,NA,NA,NA,NA,NA,NA,NA,NA,NA,NA,NA,2011,7,TRUE,FALSE,TRUE,"Summer adult",0.275418994413408,44.3754467192257
"Little Tern","WAB9",NA,NA,"B","41512","STEALB",NA,4,174,36.1,2011-07-13,1899-12-31 22:00:00,"Atlit Salt-Pans",32.695,34.932,"Yosef Kiat",NA,NA,NA,"AB9",NA,72,NA,NA,"A","B","9",NA,"W",13,7,NA,NA,NA,NA,NA,NA,NA,NA,NA,NA,NA,NA,NA,NA,NA,NA,2011,7,TRUE,FALSE,TRUE,"Summer adult",0.207471264367816,35.2522237609915
"Little Tern","WAC6",NA,NA,"B","41519","STEALB",NA,4,170,40.7,2011-07-13,1899-12-31 23:30:00,"Atlit Salt-Pans",32.695,34.932,"Yosef Kiat",NA,NA,NA,"AC6",NA,72,NA,NA,"A","C","6",NA,"W",13,7,NA,NA,NA,NA,NA,NA,NA,NA,NA,NA,NA,NA,NA,NA,NA,NA,2011,7,TRUE,FALSE,TRUE,"Summer adult",0.239411764705882,42.4933014971897
"Little Tern","WAC8",NA,NA,"B","41521","STEALB",NA,4,174,44.6,2011-07-13,1899-12-31 23:30:00,"Atlit Salt-Pans",32.695,34.932,"Yosef Kiat",NA,NA,NA,"AC8",NA,50,NA,NA,"A","C","8",NA,"W",13,7,NA,NA,NA,NA,NA,NA,NA,NA,NA,NA,NA,NA,NA,NA,NA,NA,2011,7,TRUE,FALSE,TRUE,"Summer adult",0.25632183908046,43.5526088570698
"Little Tern","WAD1",NA,NA,"B","41524","STEALB",NA,4,167,40.6,2011-07-21,1899-12-31 00:30:00,"Atlit Salt-Pans",32.695,34.932,"Yosef Kiat",NA,NA,NA,"AD1",NA,70,NA,NA,"A","D","1",NA,"W",21,7,NA,NA,NA,NA,NA,NA,NA,NA,NA,NA,NA,NA,NA,NA,NA,NA,2011,7,TRUE,FALSE,TRUE,"Summer adult",0.24311377245509,44.6158585779919
"Little Tern","WAD3",NA,NA,"B","41526","STEALB",NA,4,168,46.2,2011-07-26,1899-12-31 20:30:00,"Atlit Salt-Pans",32.695,34.932,"Yosef Kiat",NA,NA,NA,"AD3",NA,70,NA,NA,"A","D","3",NA,"W",26,7,NA,NA,NA,NA,NA,NA,NA,NA,NA,NA,NA,NA,NA,NA,NA,NA,2011,7,TRUE,FALSE,TRUE,"Summer adult",0.275,49.9055370300141
"Little Tern","WAD6",NA,NA,"B","41529","STEALB",NA,4,178,48.2,2011-07-26,1899-12-31 22:30:00,"Atlit Salt-Pans",32.695,34.932,"Yosef Kiat",NA,NA,NA,"AD6",NA,66,NA,NA,"A","D","6",NA,"W",26,7,NA,NA,NA,NA,NA,NA,NA,NA,NA,NA,NA,NA,NA,NA,NA,NA,2011,7,TRUE,FALSE,TRUE,"Summer adult",0.270786516853933,44.0899712934571
"Little Tern","WJ52","+",NA,"B","41530","STEALB",NA,4,168,54.2,2011-07-26,1899-12-31 22:30:00,"Atlit Salt-Pans",32.695,34.932,"Yosef Kiat",NA,NA,NA,"J52",NA,70,NA,NA,"J","5","2",NA,"W",26,7,NA,NA,NA,NA,NA,"AD7",NA,NA,NA,NA,NA,NA,NA,NA,NA,NA,2011,7,TRUE,FALSE,TRUE,"Summer adult",0.322619047619048,58.5471884637828
"Little Tern","WAD8",NA,NA,"B","41531","STEALB",NA,4,173,41.5,2011-07-26,1899-12-31 22:30:00,"Atlit Salt-Pans",32.695,34.932,"Yosef Kiat",NA,NA,NA,"AD8",NA,60,NA,NA,"A","D","8",NA,"W",26,7,NA,NA,NA,NA,NA,NA,NA,NA,NA,NA,NA,NA,NA,NA,NA,NA,2011,7,TRUE,FALSE,TRUE,"Summer adult",0.239884393063584,41.2027321048005
"Little Tern","WAD9",NA,NA,"B","41532","STEALB",NA,4,172,39,2011-07-26,1899-12-31 22:30:00,"Atlit Salt-Pans",32.695,34.932,"Yosef Kiat",NA,NA,NA,"AD9",NA,65,NA,NA,"A","D","9",NA,"W",26,7,NA,NA,NA,NA,NA,NA,NA,NA,NA,NA,NA,NA,NA,NA,NA,NA,2011,7,TRUE,FALSE,TRUE,"Summer adult",0.226744186046512,39.3715812838464
"Little Tern","WAD0",NA,NA,"B","41533","STEALB",NA,4,173,42.2,2011-07-26,1899-12-31 22:30:00,"Atlit Salt-Pans",32.695,34.932,"Yosef Kiat",NA,NA,NA,"AD0",NA,60,NA,NA,"A","D","0",NA,"W",26,7,NA,NA,NA,NA,NA,NA,NA,NA,NA,NA,NA,NA,NA,NA,NA,NA,2011,7,TRUE,FALSE,TRUE,"Summer adult",0.24393063583815,41.8977179475321
"Little Tern","WAE1",NA,NA,"B","41534","STEALB",NA,29,166,39.6,2011-07-26,1899-12-31 22:30:00,"Atlit Salt-Pans",32.695,34.932,"Yosef Kiat",NA,"Ring replace, B-85471",NA,"AE1",NA,60,NA,NA,"A","E","1",NA,"W",26,7,NA,NA,NA,NA,NA,NA,NA,NA,NA,NA,NA,NA,NA,NA,NA,NA,2011,7,TRUE,FALSE,TRUE,"Summer adult",0.23855421686747,44.275110579948
"Little Tern","WAE2",NA,NA,"B","41535","STEALB",NA,4,169,44.8,2011-07-26,1899-12-31 23:30:00,"Atlit Salt-Pans",32.695,34.932,"Yosef Kiat",NA,NA,NA,"AE2",NA,59,NA,NA,"A","E","2",NA,"W",26,7,NA,NA,NA,NA,NA,NA,NA,NA,NA,NA,NA,NA,NA,NA,NA,NA,2011,7,TRUE,FALSE,TRUE,"Summer adult",0.26508875739645,47.5743168382929
"Little Tern","WAE3",NA,NA,"B","41536","STEALB",NA,4,174,43.4,2011-07-26,1899-12-31 23:30:00,"Atlit Salt-Pans",32.695,34.932,"Yosef Kiat",NA,NA,NA,"AE3",NA,71,NA,NA,"A","E","3",NA,"W",26,7,NA,NA,NA,NA,NA,NA,NA,NA,NA,NA,NA,NA,NA,NA,NA,NA,2011,7,TRUE,FALSE,TRUE,"Summer adult",0.249425287356322,42.3807897846823
"Little Tern","WAE9",NA,NA,"B","41544","STEALB",NA,4,166,45.1,2011-07-31,1899-12-31 20:30:00,"Atlit Salt-Pans",32.695,34.932,"Yosef Kiat",NA,NA,NA,"AE9",NA,65,NA,NA,"A","E","9",NA,"W",31,7,NA,NA,NA,NA,NA,NA,NA,NA,NA,NA,NA,NA,NA,NA,NA,NA,2011,7,TRUE,FALSE,TRUE,"Summer adult",0.271686746987952,50.4244314938296
"Little Tern","WAJ1",NA,NA,"B","41677","STEALB",NA,4,175,48.4,2012-06-24,1899-12-31 21:30:00,"Atlit Salt-Pans",32.695,34.932,"Yosef Kiat",NA,NA,NA,"AJ1",NA,66,NA,NA,"A","J","1",NA,"W",24,6,NA,NA,NA,NA,NA,NA,NA,NA,NA,NA,NA,NA,NA,NA,NA,NA,2012,6,TRUE,FALSE,TRUE,"Summer adult",0.276571428571429,46.490833155592
"Little Tern","WAJ4",NA,NA,"B","41680","STEALB",NA,4,165,42.1,2012-06-24,1899-12-31 23:00:00,"Atlit Salt-Pans",32.695,34.932,"Yosef Kiat",NA,NA,NA,"AJ4",NA,68,NA,NA,"A","J","4",NA,"W",24,6,NA,NA,NA,NA,NA,NA,NA,NA,NA,NA,NA,NA,NA,NA,NA,NA,2012,6,TRUE,FALSE,TRUE,"Summer adult",0.255151515151515,47.8953263497226
"Little Tern","WAJ5",NA,NA,"B","41681","STEALB","F",4,169,44,2012-06-24,1899-12-31 23:00:00,"Atlit Salt-Pans",32.695,34.932,"Yosef Kiat",NA,NA,NA,"AJ5",NA,65,NA,NA,"A","J","5",NA,"W",24,6,NA,NA,NA,NA,NA,NA,NA,NA,NA,NA,NA,NA,NA,NA,NA,NA,2012,6,TRUE,FALSE,TRUE,"Summer adult",0.260355029585799,46.7247754661805
"Little Tern","WAJ7",NA,NA,"B","41683","STEALB",NA,4,161,41.6,2012-06-24,1899-12-31 23:00:00,"Atlit Salt-Pans",32.695,34.932,"Yosef Kiat",NA,NA,NA,"AJ7",NA,63,NA,NA,"A","J","7",NA,"W",24,6,NA,NA,NA,NA,NA,NA,NA,NA,NA,NA,NA,NA,NA,NA,NA,NA,2012,6,TRUE,FALSE,TRUE,"Summer adult",0.258385093167702,50.7872954163036
"Little Tern","WAJ8",NA,NA,"B","41684","STEALB",NA,4,174,49.2,2012-06-24,1899-12-31 23:00:00,"Atlit Salt-Pans",32.695,34.932,"Yosef Kiat",NA,NA,NA,"AJ8",NA,55,NA,NA,"A","J","8",NA,"W",24,6,NA,NA,NA,NA,NA,NA,NA,NA,NA,NA,NA,NA,NA,NA,NA,NA,2012,6,TRUE,FALSE,TRUE,"Summer adult",0.282758620689655,48.0445819678887
"Little Tern","WAK3",NA,NA,"B","41689","STEALB",NA,4,171,44.5,2012-06-25,1899-12-31 01:30:00,"Atlit Salt-Pans",32.695,34.932,"Yosef Kiat",NA,NA,NA,"AK3",NA,76,NA,NA,"A","K","3",NA,"W",25,6,NA,NA,NA,NA,NA,NA,NA,NA,NA,NA,NA,NA,NA,NA,NA,NA,2012,6,TRUE,FALSE,TRUE,"Summer adult",0.260233918128655,45.6836517804894
"Little Tern","WAL6",NA,NA,"B","41703","STEALB",NA,4,178,47.9,2012-07-01,1899-12-31 22:00:00,"Atlit Salt-Pans",32.695,34.932,"Yosef Kiat",NA,NA,NA,"AL6",NA,66,NA,NA,"A","L","6",NA,"W",1,7,NA,NA,NA,NA,NA,NA,NA,NA,NA,NA,NA,NA,NA,NA,NA,NA,2012,7,TRUE,FALSE,TRUE,"Summer adult",0.269101123595506,43.8155523849916
"Little Tern","WAL7",NA,NA,"B","41704","STEALB",NA,4,172,47.1,2012-07-01,1899-12-31 22:00:00,"Atlit Salt-Pans",32.695,34.932,"Yosef Kiat",NA,NA,NA,"AL7",NA,66,NA,NA,"A","L","7",NA,"W",1,7,NA,NA,NA,NA,NA,NA,NA,NA,NA,NA,NA,NA,NA,NA,NA,NA,2012,7,TRUE,FALSE,TRUE,"Summer adult",0.273837209302326,47.5487558581837
"Little Tern","WAN3",NA,NA,"B","41720","STEALB","M",4,168,47.2,2012-07-02,1899-12-31,"Atlit Salt-Pans",32.695,34.932,"Yosef Kiat",NA,NA,NA,"AN3",NA,54,NA,NA,"A","N","3",NA,"W",2,7,NA,NA,NA,NA,NA,NA,NA,NA,NA,NA,NA,NA,NA,NA,NA,NA,2012,7,TRUE,FALSE,TRUE,"Summer adult",0.280952380952381,50.9857434592352
"Little Tern","WAN5",NA,NA,"B","41722","STEALB",NA,4,167,40.2,2012-07-02,1899-12-31,"Atlit Salt-Pans",32.695,34.932,"Yosef Kiat",NA,NA,NA,"AN5",NA,53,NA,NA,"A","N","5",NA,"W",2,7,NA,NA,NA,NA,NA,NA,NA,NA,NA,NA,NA,NA,NA,NA,NA,NA,2012,7,TRUE,FALSE,TRUE,"Summer adult",0.240718562874252,44.1762934688491
"Little Tern","WAN6",NA,NA,"B","41723","STEALB",NA,4,165,41.8,2012-07-02,1899-12-31,"Atlit Salt-Pans",32.695,34.932,"Yosef Kiat",NA,NA,NA,"AN6",NA,52,NA,NA,"A","N","6",NA,"W",2,7,NA,NA,NA,NA,NA,NA,NA,NA,NA,NA,NA,NA,NA,NA,NA,NA,2012,7,TRUE,FALSE,TRUE,"Summer adult",0.253333333333333,47.554029487373
"Little Tern","WAN8",NA,NA,"B","41725","STEALB",NA,4,169,41.6,2012-07-02,1899-12-31,"Atlit Salt-Pans",32.695,34.932,"Yosef Kiat",NA,NA,NA,"AN8",NA,52,NA,NA,"A","N","8",NA,"W",2,7,NA,NA,NA,NA,NA,NA,NA,NA,NA,NA,NA,NA,NA,NA,NA,NA,2012,7,TRUE,FALSE,TRUE,"Summer adult",0.246153846153846,44.1761513498434
"Little Tern","WAP1",NA,NA,"B","41738","STEALB",NA,4,170,37,2012-07-11,1899-12-31 23:30:00,"Atlit Salt-Pans",32.695,34.932,"Yosef Kiat",NA,NA,NA,"AP1",NA,64,NA,NA,"A","P","1",NA,"W",11,7,NA,NA,NA,NA,NA,NA,NA,NA,NA,NA,NA,NA,NA,NA,NA,NA,2012,7,TRUE,FALSE,TRUE,"Summer adult",0.217647058823529,38.6302740883542
"Little Tern","WAS1",NA,NA,"B","41748","STEALB",NA,4,170,47.4,2012-07-12,1899-12-31 00:30:00,"Atlit Salt-Pans",32.695,34.932,"Yosef Kiat",NA,NA,NA,"AS1",NA,62,NA,NA,"A","S","1",NA,"W",12,7,NA,NA,NA,NA,NA,NA,NA,NA,NA,NA,NA,NA,NA,NA,NA,NA,2012,7,TRUE,FALSE,TRUE,"Summer adult",0.278823529411765,49.4885132915673
"Little Tern","WAS3",NA,NA,"B","41750","STEALB",NA,4,175,46.5,2012-07-12,1899-12-31 00:30:00,"Atlit Salt-Pans",32.695,34.932,"Yosef Kiat",NA,NA,NA,"AS3",NA,64,NA,NA,"A","S","3",NA,"W",12,7,NA,NA,NA,NA,NA,NA,NA,NA,NA,NA,NA,NA,NA,NA,NA,NA,2012,7,TRUE,FALSE,TRUE,"Summer adult",0.265714285714286,44.6657797879138
"Little Tern","WAS5",NA,NA,"B","41752","STEALB",NA,4,181,44.4,2012-07-18,1899-12-31 21:30:00,"Atlit Salt-Pans",32.695,34.932,"Yosef Kiat",NA,NA,NA,"AS5",NA,71,NA,NA,"A","S","5",NA,"W",18,7,NA,NA,NA,NA,NA,NA,NA,NA,NA,NA,NA,NA,NA,NA,NA,NA,2012,7,TRUE,FALSE,TRUE,"Summer adult",0.245303867403315,38.7080577465982
"Little Tern","WAS6",NA,NA,"B","41753","STEALB",NA,4,165,39.1,2012-07-18,1899-12-31 21:30:00,"Atlit Salt-Pans",32.695,34.932,"Yosef Kiat",NA,NA,NA,"AS6",NA,64,NA,NA,"A","S","6",NA,"W",18,7,NA,NA,NA,NA,NA,NA,NA,NA,NA,NA,NA,NA,NA,NA,NA,NA,2012,7,TRUE,FALSE,TRUE,"Summer adult",0.236969696969697,44.4823577262269
"Little Tern","WAS7",NA,NA,"B","41754","STEALB",NA,4,172,46.4,2012-07-18,1899-12-31 21:30:00,"Atlit Salt-Pans",32.695,34.932,"Yosef Kiat",NA,NA,NA,"AS7",NA,50,NA,NA,"A","S","7",NA,"W",18,7,NA,NA,NA,NA,NA,NA,NA,NA,NA,NA,NA,NA,NA,NA,NA,NA,2012,7,TRUE,FALSE,TRUE,"Summer adult",0.269767441860465,46.8420864505249
"Little Tern","WAS9",NA,NA,"B","41756","STEALB",NA,4,171,41.3,2012-07-18,1899-12-31 23:00:00,"Atlit Salt-Pans",32.695,34.932,"Yosef Kiat",NA,NA,NA,"AS9",NA,67,NA,NA,"A","S","9",NA,"W",18,7,NA,NA,NA,NA,NA,NA,NA,NA,NA,NA,NA,NA,NA,NA,NA,NA,2012,7,TRUE,FALSE,TRUE,"Summer adult",0.241520467836257,42.3985352479598
"Little Tern","NL9C","+",NA,"B","41757","STEALB",NA,4,176,49.4,2012-07-18,1899-12-31 23:00:00,"Atlit Salt-Pans",32.695,34.932,"Yosef Kiat",NA,NA,NA,"L9C",NA,75,NA,NA,"L","9","C",NA,"N",18,7,NA,NA,NA,NA,NA,"AT0",NA,NA,NA,NA,NA,NA,NA,NA,NA,NA,2012,7,TRUE,FALSE,TRUE,"Summer adult",0.280681818181818,46.6801615770769
"Little Tern","WAT3",NA,NA,"B","41760","STEALB",NA,4,176,48.9,2012-07-18,1899-12-31 23:00:00,"Atlit Salt-Pans",32.695,34.932,"Yosef Kiat",NA,NA,NA,"AT3",NA,62,NA,NA,"A","T","3",NA,"W",18,7,NA,NA,NA,NA,NA,NA,NA,NA,NA,NA,NA,NA,NA,NA,NA,NA,2012,7,TRUE,FALSE,TRUE,"Summer adult",0.277840909090909,46.2076903060539
"Little Tern","WAT4",NA,NA,"B","41761","STEALB",NA,4,172,45,2012-07-18,1899-12-31 23:00:00,"Atlit Salt-Pans",32.695,34.932,"Yosef Kiat",NA,NA,NA,"AT4",NA,60,NA,NA,"A","T","4",NA,"W",18,7,NA,NA,NA,NA,NA,NA,NA,NA,NA,NA,NA,NA,NA,NA,NA,NA,2012,7,TRUE,FALSE,TRUE,"Summer adult",0.261627906976744,45.4287476352074
"Little Tern","WAT7",NA,NA,"B","41764","STEALB",NA,4,164,45.7,2012-07-19,1899-12-31,"Atlit Salt-Pans",32.695,34.932,"Yosef Kiat",NA,NA,NA,"AT7",NA,74,NA,NA,"A","T","7",NA,"W",19,7,NA,NA,NA,NA,NA,NA,NA,NA,NA,NA,NA,NA,NA,NA,NA,NA,2012,7,TRUE,FALSE,TRUE,"Summer adult",0.278658536585366,52.907798333603
"Little Tern","WAZ4",NA,NA,"B","41781","STEALB",NA,4,166,43.9,2012-07-22,1899-12-31 21:00:00,"Atlit Salt-Pans",32.695,34.932,"Yosef Kiat",NA,NA,NA,"AZ4",NA,66,NA,NA,"A","Z","4",NA,"W",22,7,NA,NA,NA,NA,NA,NA,NA,NA,NA,NA,NA,NA,NA,NA,NA,NA,2012,7,TRUE,FALSE,TRUE,"Summer adult",0.264457831325301,49.0827614762555
"Little Tern","WAZ9",NA,NA,"B","41786","STEALB",NA,4,176,48.6,2012-07-22,1899-12-31 21:30:00,"Atlit Salt-Pans",32.695,34.932,"Yosef Kiat",NA,NA,NA,"AZ9",NA,65,NA,NA,"A","Z","9",NA,"W",22,7,NA,NA,NA,NA,NA,NA,NA,NA,NA,NA,NA,NA,NA,NA,NA,NA,2012,7,TRUE,FALSE,TRUE,"Summer adult",0.276136363636364,45.92420754344
"Little Tern","WBA0",NA,NA,"B","41787","STEALB",NA,4,163,36.3,2012-07-22,1899-12-31 22:30:00,"Atlit Salt-Pans",32.695,34.932,"Yosef Kiat",NA,NA,NA,"BA0",NA,59,NA,NA,"B","A","0",NA,"W",22,7,NA,NA,NA,NA,NA,NA,NA,NA,NA,NA,NA,NA,NA,NA,NA,NA,2012,7,TRUE,FALSE,TRUE,"Summer adult",0.222699386503067,42.7709602003513
"Little Tern","WBA6",NA,NA,"B","41793","STEALB",NA,4,181,46.7,2012-07-22,1899-12-31 23:00:00,"Atlit Salt-Pans",32.695,34.932,"Yosef Kiat",NA,NA,NA,"BA6",NA,61,NA,NA,"B","A","6",NA,"W",22,7,NA,NA,NA,NA,NA,NA,NA,NA,NA,NA,NA,NA,NA,NA,NA,NA,2012,7,TRUE,FALSE,TRUE,"Summer adult",0.258011049723757,40.7132048821202
"Little Tern","WBA1",NA,"R","B","41788","STEALB",NA,5,171,44,2013-06-30,1899-12-31 21:30:00,"Atlit Salt-Pans",32.695,34.932,"Yosef Kiat",NA,NA,NA,"BA1",NA,68,NA,NA,"B","A","1",NA,"W",30,6,NA,NA,NA,NA,NA,NA,NA,NA,NA,NA,NA,NA,NA,NA,NA,NA,2013,6,FALSE,TRUE,TRUE,"Summer adult",0.257309941520468,45.1703523222816
"Little Tern","WBE3",NA,NA,"B","41869","STEALB",NA,4,175,42,2013-06-30,1899-12-31 21:30:00,"Atlit Salt-Pans",32.695,34.932,"Yosef Kiat",NA,NA,NA,"BE3",NA,58,NA,NA,"B","E","3",NA,"W",30,6,NA,NA,NA,NA,NA,NA,NA,NA,NA,NA,NA,NA,NA,NA,NA,NA,2013,6,TRUE,FALSE,TRUE,"Summer adult",0.24,40.3432849697286
"Little Tern","WBE4",NA,NA,"B","41870","STEALB",NA,4,177,49,2013-06-30,1899-12-31 21:30:00,"Atlit Salt-Pans",32.695,34.932,"Yosef Kiat",NA,NA,NA,"BE4",NA,61,NA,NA,"B","E","4",NA,"W",30,6,NA,NA,NA,NA,NA,NA,NA,NA,NA,NA,NA,NA,NA,NA,NA,NA,2013,6,TRUE,FALSE,TRUE,"Summer adult",0.27683615819209,45.5538656484609
"Little Tern","WBE6",NA,NA,"B","41872","STEALB",NA,4,172,45,2013-06-30,1899-12-31 21:30:00,"Atlit Salt-Pans",32.695,34.932,"Yosef Kiat",NA,NA,NA,"BE6",NA,68,NA,NA,"B","E","6",NA,"W",30,6,NA,NA,NA,NA,NA,NA,NA,NA,NA,NA,NA,NA,NA,NA,NA,NA,2013,6,TRUE,FALSE,TRUE,"Summer adult",0.261627906976744,45.4287476352074
"Little Tern","WBE7",NA,NA,"B","41874","STEALB",NA,4,178,38,2013-06-30,1899-12-31 21:30:00,"Atlit Salt-Pans",32.695,34.932,"Yosef Kiat",NA,NA,NA,"BE7",NA,65,NA,NA,"B","E","7",NA,"W",30,6,NA,NA,NA,NA,NA,NA,NA,NA,NA,NA,NA,NA,NA,NA,NA,NA,2013,6,TRUE,FALSE,TRUE,"Summer adult",0.213483146067416,34.7597284056301
"Little Tern","WA07",NA,"R","B","41734","STEALB",NA,5,166,42,2013-06-30,1899-12-31 21:30:00,"Atlit Salt-Pans",32.695,34.932,"Yosef Kiat",NA,NA,NA,"A07",NA,54,NA,NA,"A","0","7",NA,"W",30,6,NA,NA,NA,NA,NA,NA,NA,NA,NA,NA,NA,NA,NA,NA,NA,NA,2013,6,FALSE,TRUE,TRUE,"Summer adult",0.253012048192771,46.9584506150963
"Little Tern","WBE8",NA,NA,"B","41875","STEALB",NA,4,184,38,2013-06-30,1899-12-31 21:30:00,"Atlit Salt-Pans",32.695,34.932,"Yosef Kiat",NA,NA,NA,"BE8",NA,65,NA,NA,"B","E","8",NA,"W",30,6,NA,NA,NA,NA,NA,NA,NA,NA,NA,NA,NA,NA,NA,NA,NA,NA,2013,6,TRUE,FALSE,TRUE,"Summer adult",0.206521739130435,31.5988149076064
"Little Tern","WBE9",NA,NA,"B","41876","STEALB","M",4,173,42,2013-06-30,1899-12-31 21:30:00,"Atlit Salt-Pans",32.695,34.932,"Yosef Kiat",NA,NA,NA,"BE9",NA,75,NA,NA,"B","E","9",NA,"W",30,6,NA,NA,NA,NA,NA,NA,NA,NA,NA,NA,NA,NA,NA,NA,NA,NA,2013,6,TRUE,FALSE,TRUE,"Summer adult",0.242774566473988,41.6991505638945
"Little Tern","WH1E","+",NA,"B","41878","STEALB","M",4,171,46,2013-06-30,1899-12-31 21:30:00,"Atlit Salt-Pans",32.695,34.932,"Yosef Kiat",NA,NA,NA,"H1E",NA,65,NA,NA,"H","1","E",NA,"W",30,6,NA,NA,NA,NA,NA,"BG1",NA,NA,NA,NA,NA,NA,NA,NA,NA,NA,2013,6,TRUE,FALSE,TRUE,"Summer adult",0.269005847953216,47.2235501551126
"Little Tern","WBG2",NA,NA,"B","41879","STEALB",NA,4,172,43,2013-06-30,1899-12-31 22:30:00,"Atlit Salt-Pans",32.695,34.932,"Yosef Kiat",NA,NA,NA,"BG2",NA,69,NA,NA,"B","G","2",NA,"W",30,6,NA,NA,NA,NA,NA,NA,NA,NA,NA,NA,NA,NA,NA,NA,NA,NA,2013,6,TRUE,FALSE,TRUE,"Summer adult",0.25,43.4096921847537
"Little Tern","WBG3",NA,NA,"B","41880","STEALB",NA,4,180,53,2013-06-30,1899-12-31 22:30:00,"Atlit Salt-Pans",32.695,34.932,"Yosef Kiat",NA,NA,NA,"BG3",NA,62,NA,NA,"B","G","3",NA,"W",30,6,NA,NA,NA,NA,NA,NA,NA,NA,NA,NA,NA,NA,NA,NA,NA,NA,2013,6,TRUE,FALSE,TRUE,"Summer adult",0.294444444444444,46.9476339558227
"Little Tern","WBG4",NA,NA,"B","41881","STEALB",NA,4,168,46,2013-06-30,1899-12-31 22:30:00,"Atlit Salt-Pans",32.695,34.932,"Yosef Kiat",NA,NA,NA,"BG4",NA,65,NA,NA,"B","G","4",NA,"W",30,6,NA,NA,NA,NA,NA,NA,NA,NA,NA,NA,NA,NA,NA,NA,NA,NA,2013,6,TRUE,FALSE,TRUE,"Summer adult",0.273809523809524,49.6894957441699
"Little Tern","WAF0",NA,"R","B","41557","STEALB",NA,7,178,43,2013-06-30,1899-12-31 22:30:00,"Atlit Salt-Pans",32.695,34.932,"Yosef Kiat",NA,NA,NA,"AF0",NA,58,NA,NA,"A","F","0",NA,"W",30,6,NA,NA,NA,NA,NA,NA,NA,NA,NA,NA,NA,NA,NA,NA,NA,NA,2013,6,FALSE,TRUE,TRUE,"Summer adult",0.241573033707865,39.3333768800551
"Little Tern","WBG7",NA,NA,"B","41884","STEALB",NA,4,163,44,2013-06-30,1899-12-31 23:30:00,"Atlit Salt-Pans",32.695,34.932,"Yosef Kiat",NA,NA,NA,"BG7",NA,59,NA,NA,"B","G","7",NA,"W",30,6,NA,NA,NA,NA,NA,NA,NA,NA,NA,NA,NA,NA,NA,NA,NA,NA,2013,6,TRUE,FALSE,TRUE,"Summer adult",0.269938650306748,51.8435881216379
"Little Tern","WAK0",NA,"R","B","41675","STEALB",NA,5,174,46,2013-06-30,1899-12-31 23:30:00,"Atlit Salt-Pans",32.695,34.932,"Yosef Kiat",NA,NA,NA,"AK0",NA,64,NA,NA,"A","K","0",NA,"W",30,6,NA,NA,NA,NA,NA,NA,NA,NA,NA,NA,NA,NA,NA,NA,NA,NA,2013,6,FALSE,TRUE,TRUE,"Summer adult",0.264367816091954,44.9197311081886
"Little Tern","WBG8",NA,NA,"B","41885","STEALB",NA,4,180,41,2013-06-30,1899-12-31 23:30:00,"Atlit Salt-Pans",32.695,34.932,"Yosef Kiat",NA,NA,NA,"BG8",NA,67,NA,NA,"B","G","8",NA,"W",30,6,NA,NA,NA,NA,NA,NA,NA,NA,NA,NA,NA,NA,NA,NA,NA,NA,2013,6,TRUE,FALSE,TRUE,"Summer adult",0.227777777777778,36.317980984693
"Little Tern","WBG9",NA,NA,"B","41886","STEALB",NA,4,165,42,2013-06-30,1899-12-31 23:30:00,"Atlit Salt-Pans",32.695,34.932,"Yosef Kiat",NA,NA,NA,"BG9",NA,66,NA,NA,"B","G","9",NA,"W",30,6,NA,NA,NA,NA,NA,NA,NA,NA,NA,NA,NA,NA,NA,NA,NA,NA,2013,6,TRUE,FALSE,TRUE,"Summer adult",0.254545454545455,47.7815607289394
"Little Tern","WBH0",NA,NA,"B","41887","STEALB",NA,4,172,42,2013-07-01,1899-12-31,"Atlit Salt-Pans",32.695,34.932,"Yosef Kiat",NA,NA,NA,"BH0",NA,58,NA,NA,"B","H","0",NA,"W",1,7,NA,NA,NA,NA,NA,NA,NA,NA,NA,NA,NA,NA,NA,NA,NA,NA,2013,7,TRUE,FALSE,TRUE,"Summer adult",0.244186046511628,42.4001644595269
"Little Tern","WBH1",NA,NA,"B","41888","STEALB",NA,4,176,42,2013-07-01,1899-12-31,"Atlit Salt-Pans",32.695,34.932,"Yosef Kiat",NA,NA,NA,"BH1",NA,60,NA,NA,"B","H","1",NA,"W",1,7,NA,NA,NA,NA,NA,NA,NA,NA,NA,NA,NA,NA,NA,NA,NA,NA,2013,7,TRUE,FALSE,TRUE,"Summer adult",0.238636363636364,39.6875867659358
"Little Tern","WBH3",NA,NA,"B","41890","STEALB",NA,4,172,40,2013-07-01,1899-12-31 00:30:00,"Atlit Salt-Pans",32.695,34.932,"Yosef Kiat",NA,NA,NA,"BH3",NA,51,NA,NA,"B","H","3",NA,"W",1,7,NA,NA,NA,NA,NA,NA,NA,NA,NA,NA,NA,NA,NA,NA,NA,NA,2013,7,TRUE,FALSE,TRUE,"Summer adult",0.232558139534884,40.3811090090732
"Little Tern","WBH4",NA,NA,"B","41891","STEALB",NA,4,171,41,2013-07-01,1899-12-31 01:30:00,"Atlit Salt-Pans",32.695,34.932,"Yosef Kiat",NA,NA,NA,"BH4",NA,52,NA,NA,"B","H","4",NA,"W",1,7,NA,NA,NA,NA,NA,NA,NA,NA,NA,NA,NA,NA,NA,NA,NA,NA,2013,7,TRUE,FALSE,TRUE,"Summer adult",0.239766081871345,42.0905555730351
"Little Tern","WBH5",NA,NA,"B","41892","STEALB",NA,4,174,40,2013-07-01,1899-12-31 01:30:00,"Atlit Salt-Pans",32.695,34.932,"Yosef Kiat",NA,NA,NA,"BH5",NA,53,NA,NA,"B","H","5",NA,"W",1,7,NA,NA,NA,NA,NA,NA,NA,NA,NA,NA,NA,NA,NA,NA,NA,NA,2013,7,TRUE,FALSE,TRUE,"Summer adult",0.229885057471264,39.0606357462509
"Little Tern","WBI0",NA,NA,"B","41897","STEALB",NA,4,181,48,2013-07-10,1899-12-31 22:00:00,"Atlit Salt-Pans",32.695,34.932,"Yosef Kiat",NA,NA,NA,"BI0",NA,67,NA,NA,"B","I","0",NA,"W",10,7,NA,NA,NA,NA,NA,NA,NA,NA,NA,NA,NA,NA,NA,NA,NA,NA,2013,7,TRUE,FALSE,TRUE,"Summer adult",0.265193370165746,41.8465489152413
"Little Tern","WBI1",NA,NA,"B","41898","STEALB",NA,4,177,52,2013-07-10,1899-12-31 22:00:00,"Atlit Salt-Pans",32.695,34.932,"Yosef Kiat",NA,NA,NA,"BI1",NA,52,NA,NA,"B","I","1",NA,"W",10,7,NA,NA,NA,NA,NA,NA,NA,NA,NA,NA,NA,NA,NA,NA,NA,NA,2013,7,TRUE,FALSE,TRUE,"Summer adult",0.293785310734463,48.3428778310197
"Little Tern","WA08",NA,"R","B","41735","STEALB",NA,5,174,46,2013-07-10,1899-12-31 22:30:00,"Atlit Salt-Pans",32.695,34.932,"Yosef Kiat",NA,NA,NA,"A08",NA,51,NA,NA,"A","0","8",NA,"W",10,7,NA,NA,NA,NA,NA,NA,NA,NA,NA,NA,NA,NA,NA,NA,NA,NA,2013,7,FALSE,TRUE,TRUE,"Summer adult",0.264367816091954,44.9197311081886
"Little Tern","WN77","+","R","B","41779","STEALB",NA,5,177,40,2013-07-10,1899-12-31 23:00:00,"Atlit Salt-Pans",32.695,34.932,"Yosef Kiat",NA,NA,NA,"N77",NA,57,NA,NA,"N","7","7",NA,"W",10,7,NA,NA,NA,NA,NA,"AZ2",NA,NA,NA,NA,NA,NA,NA,NA,NA,NA,2013,7,FALSE,TRUE,TRUE,"Summer adult",0.225988700564972,37.1868291007844
"Little Tern","WBI8","+",NA,"B","41905","STEALB",NA,4,169,45,2013-07-10,1899-12-31 23:00:00,"Atlit Salt-Pans",32.695,34.932,"Yosef Kiat",NA,NA,NA,"E7C",NA,55,NA,NA,"E","7","C",NA,"W",10,7,NA,NA,NA,NA,NA,"BI8",NA,NA,NA,NA,NA,NA,NA,NA,NA,NA,2013,7,TRUE,FALSE,TRUE,"Summer adult",0.266272189349112,47.786702181321
"Little Tern","WBI9",NA,NA,"B","41906","STEALB",NA,4,180,45,2013-07-11,1899-12-31,"Atlit Salt-Pans",32.695,34.932,"Yosef Kiat",NA,NA,NA,"BI9",NA,72,NA,NA,"B","I","9",NA,"W",11,7,NA,NA,NA,NA,NA,NA,NA,NA,NA,NA,NA,NA,NA,NA,NA,NA,2013,7,TRUE,FALSE,TRUE,"Summer adult",0.25,39.8611986417362
"Little Tern","WBK0",NA,NA,"B","41907","STEALB",NA,4,176,43,2013-07-11,1899-12-31,"Atlit Salt-Pans",32.695,34.932,"Yosef Kiat",NA,NA,NA,"BK0",NA,78,NA,NA,"B","K","0",NA,"W",11,7,NA,NA,NA,NA,NA,NA,NA,NA,NA,NA,NA,NA,NA,NA,NA,NA,2013,7,TRUE,FALSE,TRUE,"Summer adult",0.244318181818182,40.6325293079819
"Little Tern","WBL1",NA,NA,"B","41918","STEALB",NA,4,173,41,2013-07-17,1899-12-31 20:30:00,"Atlit Salt-Pans",32.695,34.932,"Yosef Kiat",NA,"P-black:9-10, PC-black:9-10",NA,"BL1",NA,66,NA,NA,"B","L","1",NA,"W",17,7,NA,NA,NA,NA,NA,NA,NA,NA,NA,NA,NA,NA,NA,NA,NA,NA,2013,7,TRUE,FALSE,TRUE,"Summer adult",0.236994219653179,40.7063136457065
"Little Tern","WAC8",NA,"R","B","41521","STEALB",NA,8,175,43,2013-07-17,1899-12-31 20:30:00,"Atlit Salt-Pans",32.695,34.932,"Yosef Kiat",NA,"P-black:10, PC-black:10",NA,"AC8",NA,NA,NA,NA,"A","C","8",NA,"W",17,7,NA,NA,NA,NA,NA,NA,NA,NA,NA,NA,NA,NA,NA,NA,NA,NA,2013,7,FALSE,TRUE,TRUE,"Summer adult",0.245714285714286,41.3038393737698
"Little Tern","WBL2","+","R","B","42026","STEALB",NA,9,173,45,2013-07-17,1899-12-31 20:30:00,"Atlit Salt-Pans",32.695,34.932,"Yosef Kiat",NA,"P-black:9-10, PC-black:9-10",NA,"BL2",NA,NA,NA,NA,"B","L","2",NA,"W",17,7,NA,NA,NA,NA,NA,NA,NA,NA,NA,NA,NA,NA,NA,NA,NA,NA,2013,7,FALSE,TRUE,TRUE,"Summer adult",0.260115606936416,44.6776613184584
"Little Tern","WB00",NA,NA,"B","41935","STEALB","M",4,177,45,2013-07-17,1899-12-31 22:30:00,"Atlit Salt-Pans",32.695,34.932,"Yosef Kiat",NA,"P-black:7-10, PC-black:7-10",NA,"B00",NA,61,NA,NA,"B","0","0",NA,"W",17,7,NA,NA,NA,NA,NA,NA,NA,NA,NA,NA,NA,NA,NA,NA,NA,NA,2013,7,TRUE,FALSE,TRUE,"Summer adult",0.254237288135593,41.8351827383824
"Little Tern","WB01",NA,NA,"B","41936","STEALB",NA,4,167,42,2013-07-17,1899-12-31 22:30:00,"Atlit Salt-Pans",32.695,34.932,"Yosef Kiat",NA,"P-black:9-10, PC-black:9-10",NA,"B01",NA,NA,NA,NA,"B","0","1",NA,"W",17,7,NA,NA,NA,NA,NA,NA,NA,NA,NA,NA,NA,NA,NA,NA,NA,NA,2013,7,TRUE,FALSE,TRUE,"Summer adult",0.251497005988024,46.1543364599916
"Little Tern","WB02",NA,NA,"B","41937","STEALB",NA,4,170,43,2013-07-17,1899-12-31 22:30:00,"Atlit Salt-Pans",32.695,34.932,"Yosef Kiat",NA,"P-black:8-10, PC-black:8-10",NA,"B02",NA,NA,NA,NA,"B","0","2",NA,"W",17,7,NA,NA,NA,NA,NA,NA,NA,NA,NA,NA,NA,NA,NA,NA,NA,NA,2013,7,TRUE,FALSE,TRUE,"Summer adult",0.252941176470588,44.8946428594387
"Little Tern","WBP0",NA,NA,"B","41945","STEALB",NA,4,183,46,2013-07-18,1899-12-31,"Atlit Salt-Pans",32.695,34.932,"Yosef Kiat",NA,"P-black:9-10, PC-black:9-10",NA,"BP0",NA,66,NA,NA,"B","P","0",NA,"W",18,7,NA,NA,NA,NA,NA,NA,NA,NA,NA,NA,NA,NA,NA,NA,NA,NA,2013,7,TRUE,FALSE,TRUE,"Summer adult",0.251366120218579,38.8553956276086
"Little Tern","WBS3",NA,NA,"B","41958","STEALB",NA,4,182,51,2013-07-23,1899-12-31 21:30:00,"Atlit Salt-Pans",32.695,34.932,"Yosef Kiat",NA,"P-black:10, PC-black:10",NA,"BS3",NA,77,NA,NA,"B","S","3",NA,"W",23,7,NA,NA,NA,NA,NA,NA,NA,NA,NA,NA,NA,NA,NA,NA,NA,NA,2013,7,TRUE,FALSE,TRUE,"Summer adult",0.28021978021978,43.76301958152
"Little Tern","WALC","+",NA,"AB","70610","STEALB",NA,4,178,46,2014-06-29,1899-12-31 20:45:00,"Atlit Salt-Pans",32.695,34.932,"Yosef Kiat",NA,NA,NA,"ALC",NA,69,NA,NA,"A","L","C",NA,"W",29,6,NA,NA,NA,NA,NA,"BV4",NA,NA,NA,NA,NA,NA,NA,NA,NA,NA,2014,6,TRUE,FALSE,TRUE,"Summer adult",0.258426966292135,42.0775659647101
"Little Tern","WBA7",NA,"R","B","41794","STEALB",NA,7,176,48,2014-06-29,1899-12-31 20:45:00,"Atlit Salt-Pans",32.695,34.932,"Yosef Kiat",NA,NA,NA,"BA7",NA,69,NA,NA,"B","A","7",NA,"W",29,6,NA,NA,NA,NA,NA,NA,NA,NA,NA,NA,NA,NA,NA,NA,NA,NA,2014,6,FALSE,TRUE,TRUE,"Summer adult",0.272727272727273,45.3572420182124
"Little Tern","WBZ4",NA,NA,"AB","70620","STEALB",NA,4,172,46,2014-06-29,1899-12-31 21:15:00,"Atlit Salt-Pans",32.695,34.932,"Yosef Kiat",NA,NA,NA,"BZ4",NA,66,NA,NA,"B","Z","4",NA,"W",29,6,NA,NA,NA,NA,NA,NA,NA,NA,NA,NA,NA,NA,NA,NA,NA,NA,2014,6,TRUE,FALSE,TRUE,"Summer adult",0.267441860465116,46.4382753604342
"Little Tern","WN61","+",NA,"AB","70621","STEALB",NA,4,175,44,2014-06-29,1899-12-31 21:15:00,"Atlit Salt-Pans",32.695,34.932,"Yosef Kiat",NA,NA,NA,"N61",NA,NA,NA,NA,"N","6","1",NA,"W",29,6,NA,NA,NA,NA,NA,"BZ5",NA,NA,NA,NA,NA,NA,NA,NA,NA,NA,2014,6,TRUE,FALSE,TRUE,"Summer adult",0.251428571428571,42.2643937778109
"Little Tern","WBZ6",NA,NA,"AB","70622","STEALB",NA,4,163,42,2014-06-29,1899-12-31 21:15:00,"Atlit Salt-Pans",32.695,34.932,"Yosef Kiat",NA,NA,NA,"BZ6",NA,NA,NA,NA,"B","Z","6",NA,"W",29,6,NA,NA,NA,NA,NA,NA,NA,NA,NA,NA,NA,NA,NA,NA,NA,NA,2014,6,TRUE,FALSE,TRUE,"Summer adult",0.257668711656442,49.4870613888362
"Little Tern","WBZ7",NA,NA,"AB","70623","STEALB",NA,4,175,46,2014-06-29,1899-12-31 21:15:00,"Atlit Salt-Pans",32.695,34.932,"Yosef Kiat",NA,NA,NA,"BZ7",NA,NA,NA,NA,"B","Z","7",NA,"W",29,6,NA,NA,NA,NA,NA,NA,NA,NA,NA,NA,NA,NA,NA,NA,NA,NA,2014,6,TRUE,FALSE,TRUE,"Summer adult",0.262857142857143,44.1855025858932
"Little Tern","WBZ8",NA,NA,"AB","70624","STEALB",NA,4,172,44,2014-06-29,1899-12-31 21:15:00,"Atlit Salt-Pans",32.695,34.932,"Yosef Kiat",NA,NA,NA,"BZ8",NA,66,NA,NA,"B","Z","8",NA,"W",29,6,NA,NA,NA,NA,NA,NA,NA,NA,NA,NA,NA,NA,NA,NA,NA,NA,2014,6,TRUE,FALSE,TRUE,"Summer adult",0.255813953488372,44.4192199099805
"Little Tern","WBZ9",NA,NA,"AB","70625","STEALB","F",4,175,47,2014-06-29,1899-12-31 21:15:00,"Atlit Salt-Pans",32.695,34.932,"Yosef Kiat",NA,NA,NA,"BZ9",NA,NA,NA,NA,"B","Z","9",NA,"W",29,6,NA,NA,NA,NA,NA,NA,NA,NA,NA,NA,NA,NA,NA,NA,NA,NA,2014,6,TRUE,FALSE,TRUE,"Summer adult",0.268571428571429,45.1460569899344
"Little Tern","WCL1",NA,NA,"AB","70627","STEALB",NA,4,168,46,2014-06-29,1899-12-31 21:15:00,"Atlit Salt-Pans",32.695,34.932,"Yosef Kiat",NA,NA,NA,"CL1",NA,79,NA,NA,"C","L","1",NA,"W",29,6,NA,NA,NA,NA,NA,NA,NA,NA,NA,NA,NA,NA,NA,NA,NA,NA,2014,6,TRUE,FALSE,TRUE,"Summer adult",0.273809523809524,49.6894957441699
"Little Tern","WCL2",NA,NA,"AB","70628","STEALB",NA,4,172,43,2014-06-29,1899-12-31 22:00:00,"Atlit Salt-Pans",32.695,34.932,"Yosef Kiat",NA,NA,NA,"CL2",NA,63,NA,NA,"C","L","2",NA,"W",29,6,NA,NA,NA,NA,NA,NA,NA,NA,NA,NA,NA,NA,NA,NA,NA,NA,2014,6,TRUE,FALSE,TRUE,"Summer adult",0.25,43.4096921847537
"Little Tern","WCL3",NA,NA,"AB","70629","STEALB","F",4,169,40,2014-06-29,1899-12-31 22:00:00,"Atlit Salt-Pans",32.695,34.932,"Yosef Kiat",NA,NA,NA,"CL3",NA,66,NA,NA,"C","L","3",NA,"W",29,6,NA,NA,NA,NA,NA,NA,NA,NA,NA,NA,NA,NA,NA,NA,NA,NA,2014,6,TRUE,FALSE,TRUE,"Summer adult",0.236686390532544,42.4770686056187
"Little Tern","WCL4",NA,NA,"AB","70630","STEALB",NA,4,168,42,2014-06-29,1899-12-31 22:30:00,"Atlit Salt-Pans",32.695,34.932,"Yosef Kiat",NA,NA,NA,"CL4",NA,64,NA,NA,"C","L","4",NA,"W",29,6,NA,NA,NA,NA,NA,NA,NA,NA,NA,NA,NA,NA,NA,NA,NA,NA,2014,6,TRUE,FALSE,TRUE,"Summer adult",0.25,45.3686700272856
"Little Tern","WCL5",NA,NA,"AB","70631","STEALB",NA,4,174,42,2014-06-29,1899-12-31 22:30:00,"Atlit Salt-Pans",32.695,34.932,"Yosef Kiat",NA,NA,NA,"CL5",NA,78,NA,NA,"C","L","5",NA,"W",29,6,NA,NA,NA,NA,NA,NA,NA,NA,NA,NA,NA,NA,NA,NA,NA,NA,2014,6,TRUE,FALSE,TRUE,"Summer adult",0.241379310344828,41.0136675335635
"Little Tern","WCL7","+","R","B","42002","STEALB",NA,12,181,43,2014-06-29,1899-12-31 23:00:00,"Atlit Salt-Pans",32.695,34.932,"Yosef Kiat",NA,NA,NA,"CL7",NA,70,NA,NA,"C","L","7",NA,"W",29,6,NA,NA,NA,NA,NA,NA,NA,NA,NA,NA,NA,NA,NA,NA,NA,NA,2014,6,FALSE,TRUE,TRUE,"Summer adult",0.237569060773481,37.487533403237
"Little Tern","WCL8",NA,NA,"AB","70634","STEALB",NA,4,168,40,2014-06-29,1899-12-31 23:00:00,"Atlit Salt-Pans",32.695,34.932,"Yosef Kiat",NA,NA,NA,"CL8",NA,66,NA,NA,"C","L","8",NA,"W",29,6,NA,NA,NA,NA,NA,NA,NA,NA,NA,NA,NA,NA,NA,NA,NA,NA,2014,6,TRUE,FALSE,TRUE,"Summer adult",0.238095238095238,43.2082571688434
"Little Tern","WCN3",NA,NA,"AB","70639","STEALB",NA,4,164,45,2014-06-30,1899-12-31,"Atlit Salt-Pans",32.695,34.932,"Yosef Kiat",NA,NA,NA,"CN3",NA,57,NA,NA,"C","N","3",NA,"W",30,6,NA,NA,NA,NA,NA,NA,NA,NA,NA,NA,NA,NA,NA,NA,NA,NA,2014,6,TRUE,FALSE,TRUE,"Summer adult",0.274390243902439,52.0973944203968
"Little Tern","WCN4",NA,NA,"AB","70640","STEALB",NA,4,176,41,2014-06-30,1899-12-31,"Atlit Salt-Pans",32.695,34.932,"Yosef Kiat",NA,NA,NA,"CN4",NA,68,NA,NA,"C","N","4",NA,"W",30,6,NA,NA,NA,NA,NA,NA,NA,NA,NA,NA,NA,NA,NA,NA,NA,NA,2014,6,TRUE,FALSE,TRUE,"Summer adult",0.232954545454545,38.7426442238897
"Little Tern","WCP6",NA,NA,"AB","70652","STEALB",NA,4,165,44,2014-06-30,1899-12-31 01:00:00,"Atlit Salt-Pans",32.695,34.932,"Yosef Kiat",NA,NA,NA,"CP6",NA,72,NA,NA,"C","P","6",NA,"W",30,6,NA,NA,NA,NA,NA,NA,NA,NA,NA,NA,NA,NA,NA,NA,NA,NA,2014,6,TRUE,FALSE,TRUE,"Summer adult",0.266666666666667,50.0568731446032
"Little Tern","WCP7",NA,NA,"AB","70653","STEALB",NA,4,180,43,2014-06-30,1899-12-31 01:00:00,"Atlit Salt-Pans",32.695,34.932,"Yosef Kiat",NA,NA,NA,"CP7",NA,71,NA,NA,"C","P","7",NA,"W",30,6,NA,NA,NA,NA,NA,NA,NA,NA,NA,NA,NA,NA,NA,NA,NA,NA,2014,6,TRUE,FALSE,TRUE,"Summer adult",0.238888888888889,38.0895898132146
"Little Tern","WH00","+","R","B","41775","STEALB",NA,7,174,47,2014-06-30,1899-12-31 01:00:00,"Atlit Salt-Pans",32.695,34.932,"Yosef Kiat",NA,NA,NA,"H00",NA,63,NA,NA,"H","0","0",NA,"W",30,6,NA,NA,NA,NA,NA,"AV8",NA,NA,NA,NA,NA,NA,NA,NA,NA,NA,2014,6,FALSE,TRUE,TRUE,"Summer adult",0.270114942528736,45.8962470018449
"Little Tern","WCS5",NA,NA,"AB","70661","STEALB","M",4,180,49,2014-06-30,1899-12-31 02:00:00,"Atlit Salt-Pans",32.695,34.932,"Yosef Kiat",NA,NA,NA,"CS5",NA,76,NA,NA,"C","S","5",NA,"W",30,6,NA,NA,NA,NA,NA,NA,NA,NA,NA,NA,NA,NA,NA,NA,NA,NA,2014,6,TRUE,FALSE,TRUE,"Summer adult",0.272222222222222,43.4044162987794
"Little Tern","WCS6",NA,NA,"AB","70662","STEALB",NA,4,170,42,2014-06-30,1899-12-31 02:00:00,"Atlit Salt-Pans",32.695,34.932,"Yosef Kiat",NA,NA,NA,"CS6",NA,65,NA,NA,"C","S","6",NA,"W",30,6,NA,NA,NA,NA,NA,NA,NA,NA,NA,NA,NA,NA,NA,NA,NA,NA,2014,6,TRUE,FALSE,TRUE,"Summer adult",0.247058823529412,43.8505813975913
"Little Tern","WCS7",NA,NA,"AB","70663","STEALB",NA,4,178,42,2014-06-30,1899-12-31 02:00:00,"Atlit Salt-Pans",32.695,34.932,"Yosef Kiat",NA,NA,NA,"CS7",NA,NA,NA,NA,"C","S","7",NA,"W",30,6,NA,NA,NA,NA,NA,NA,NA,NA,NA,NA,NA,NA,NA,NA,NA,NA,2014,6,TRUE,FALSE,TRUE,"Summer adult",0.235955056179775,38.4186471851701
"Little Tern","WCS8",NA,NA,"AB","70664","STEALB",NA,4,180,40,2014-06-30,1899-12-31 02:00:00,"Atlit Salt-Pans",32.695,34.932,"Yosef Kiat",NA,NA,NA,"CS8",NA,82,NA,NA,"C","S","8",NA,"W",30,6,NA,NA,NA,NA,NA,NA,NA,NA,NA,NA,NA,NA,NA,NA,NA,NA,2014,6,TRUE,FALSE,TRUE,"Summer adult",0.222222222222222,35.4321765704322
"Little Tern","WCT2",NA,NA,"AB","70668","STEALB",NA,4,167,41,2014-06-30,1899-12-31 03:00:00,"Atlit Salt-Pans",32.695,34.932,"Yosef Kiat",NA,NA,NA,"CT2",NA,NA,NA,NA,"C","T","2",NA,"W",30,6,NA,NA,NA,NA,NA,NA,NA,NA,NA,NA,NA,NA,NA,NA,NA,NA,2014,6,TRUE,FALSE,TRUE,"Summer adult",0.245508982035928,45.0554236871347
"Little Tern","WCT5",NA,NA,"AB","70671","STEALB","F",4,176,48,2014-07-05,1899-12-31 23:00:00,"Atlit Salt-Pans",32.695,34.932,"Yosef Kiat",NA,"Sexing by blood testing",NA,"CT5",NA,73,NA,NA,"C","T","5",NA,"W",5,7,NA,NA,NA,NA,NA,NA,NA,NA,NA,NA,NA,NA,NA,NA,NA,NA,2014,7,TRUE,FALSE,TRUE,"Summer adult",0.272727272727273,45.3572420182124
"Little Tern","WCV8",NA,NA,"AB","70684","STEALB","F",4,176,38,2014-07-05,1899-12-31 23:30:00,"Atlit Salt-Pans",32.695,34.932,"Yosef Kiat",NA,"Sexing by blood testing",NA,"CV8",NA,66,NA,NA,"C","V","8",NA,"W",5,7,NA,NA,NA,NA,NA,NA,NA,NA,NA,NA,NA,NA,NA,NA,NA,NA,2014,7,TRUE,FALSE,TRUE,"Summer adult",0.215909090909091,35.9078165977515
"Little Tern","WCV9",NA,NA,"AB","70685","STEALB","M",4,179,47,2014-07-05,1899-12-31 23:30:00,"Atlit Salt-Pans",32.695,34.932,"Yosef Kiat",NA,"Sexing by blood testing",NA,"CV9",NA,63,NA,NA,"C","V","9",NA,"W",5,7,NA,NA,NA,NA,NA,NA,NA,NA,NA,NA,NA,NA,NA,NA,NA,NA,2014,7,TRUE,FALSE,TRUE,"Summer adult",0.262569832402235,42.3051926126492
"Little Tern","WCZ0",NA,NA,"AB","70686","STEALB","M",4,175,46,2014-07-05,1899-12-31 23:30:00,"Atlit Salt-Pans",32.695,34.932,"Yosef Kiat",NA,"Sexing by blood testing",NA,"CZ0",NA,NA,NA,NA,"C","Z","0",NA,"W",5,7,NA,NA,NA,NA,NA,NA,NA,NA,NA,NA,NA,NA,NA,NA,NA,NA,2014,7,TRUE,FALSE,TRUE,"Summer adult",0.262857142857143,44.1855025858932
"Little Tern","WCZ7",NA,NA,"AB","70693","STEALB","F",4,170,47,2014-07-06,1899-12-31 00:30:00,"Atlit Salt-Pans",32.695,34.932,"Yosef Kiat",NA,"Sexing by blood testing",NA,"CZ7",NA,62,NA,NA,"C","Z","7",NA,"W",6,7,NA,NA,NA,NA,NA,NA,NA,NA,NA,NA,NA,NA,NA,NA,NA,NA,2014,7,TRUE,FALSE,TRUE,"Summer adult",0.276470588235294,49.0708887068283
"Little Tern","WCZ8",NA,NA,"AB","70694","STEALB",NA,4,168,48,2014-07-06,1899-12-31 00:30:00,"Atlit Salt-Pans",32.695,34.932,"Yosef Kiat",NA,NA,NA,"CZ8",NA,NA,NA,NA,"C","Z","8",NA,"W",6,7,NA,NA,NA,NA,NA,NA,NA,NA,NA,NA,NA,NA,NA,NA,NA,NA,2014,7,TRUE,FALSE,TRUE,"Summer adult",0.285714285714286,51.8499086026121
"Little Tern","WCA8",NA,NA,"AB","70704","STEALB","F",4,175,48,2014-07-06,1899-12-31 02:30:00,"Atlit Salt-Pans",32.695,34.932,"Yosef Kiat",NA,"Sexing by blood testing",NA,"CA8",NA,NA,NA,NA,"C","A","8",NA,"W",6,7,NA,NA,NA,NA,NA,NA,NA,NA,NA,NA,NA,NA,NA,NA,NA,NA,2014,7,TRUE,FALSE,TRUE,"Summer adult",0.274285714285714,46.1066113939756
"Little Tern","WCA9",NA,NA,"AB","70705","STEALB","F",4,172,36,2014-07-06,1899-12-31 02:30:00,"Atlit Salt-Pans",32.695,34.932,"Yosef Kiat",NA,"Sexing by blood testing",NA,"CA9",NA,64,NA,NA,"C","A","9",NA,"W",6,7,NA,NA,NA,NA,NA,NA,NA,NA,NA,NA,NA,NA,NA,NA,NA,NA,2014,7,TRUE,FALSE,TRUE,"Summer adult",0.209302325581395,36.3429981081659
"Little Tern","WCB0",NA,NA,"AB","70706","STEALB","M",4,172,43,2014-07-06,1899-12-31 02:30:00,"Atlit Salt-Pans",32.695,34.932,"Yosef Kiat",NA,"Sexing by blood testing",NA,"CB0",NA,60,NA,NA,"C","B","0",NA,"W",6,7,NA,NA,NA,NA,NA,NA,NA,NA,NA,NA,NA,NA,NA,NA,NA,NA,2014,7,TRUE,FALSE,TRUE,"Summer adult",0.25,43.4096921847537
"Little Tern","WCB1",NA,NA,"AB","70707","STEALB","M",4,175,37,2014-07-06,1899-12-31 03:30:00,"Atlit Salt-Pans",32.695,34.932,"Yosef Kiat",NA,"Sexing by blood testing",NA,"CB1",NA,NA,NA,NA,"C","B","1",NA,"W",6,7,NA,NA,NA,NA,NA,NA,NA,NA,NA,NA,NA,NA,NA,NA,NA,NA,2014,7,TRUE,FALSE,TRUE,"Summer adult",0.211428571428571,35.5405129495228
"Little Tern","WCC1",NA,NA,"AB","70717","STEALB","F",4,172,46,2014-07-09,1899-12-31 21:00:00,"Atlit Salt-Pans",32.695,34.932,"Yosef Kiat",NA,"Sexing by blood testing",NA,"CC1",NA,74,NA,NA,"C","C","1",NA,"W",9,7,NA,NA,NA,NA,NA,NA,NA,NA,NA,NA,NA,NA,NA,NA,NA,NA,2014,7,TRUE,FALSE,TRUE,"Summer adult",0.267441860465116,46.4382753604342
"Little Tern","WCC2",NA,NA,"AB","70718","STEALB","F",4,169,41,2014-07-09,1899-12-31 21:00:00,"Atlit Salt-Pans",32.695,34.932,"Yosef Kiat",NA,"Sexing by blood testing",NA,"CC2",NA,NA,NA,NA,"C","C","2",NA,"W",9,7,NA,NA,NA,NA,NA,NA,NA,NA,NA,NA,NA,NA,NA,NA,NA,NA,2014,7,TRUE,FALSE,TRUE,"Summer adult",0.242603550295858,43.5389953207591
"Little Tern","WCC3",NA,NA,"AB","70719","STEALB","M",4,175,44,2014-07-09,1899-12-31 21:00:00,"Atlit Salt-Pans",32.695,34.932,"Yosef Kiat",NA,"Sexing by blood testing",NA,"CC3",NA,NA,NA,NA,"C","C","3",NA,"W",9,7,NA,NA,NA,NA,NA,NA,NA,NA,NA,NA,NA,NA,NA,NA,NA,NA,2014,7,TRUE,FALSE,TRUE,"Summer adult",0.251428571428571,42.2643937778109
"Little Tern","WCC4",NA,NA,"AB","70720","STEALB",NA,4,171,49,2014-07-09,1899-12-31 21:00:00,"Atlit Salt-Pans",32.695,34.932,"Yosef Kiat",NA,NA,NA,"CC4",NA,NA,NA,NA,"C","C","4",NA,"W",9,7,NA,NA,NA,NA,NA,NA,NA,NA,NA,NA,NA,NA,NA,NA,NA,NA,2014,7,TRUE,FALSE,TRUE,"Summer adult",0.286549707602339,50.3033469043591
"Little Tern","WCE2",NA,NA,"AB","70728","STEALB","M",4,172,45,2014-07-09,1899-12-31 23:30:00,"Atlit Salt-Pans",32.695,34.932,"Yosef Kiat",NA,"Sexing by blood testing",NA,"CE2",NA,NA,NA,NA,"C","E","2",NA,"W",9,7,NA,NA,NA,NA,NA,NA,NA,NA,NA,NA,NA,NA,NA,NA,NA,NA,2014,7,TRUE,FALSE,TRUE,"Summer adult",0.261627906976744,45.4287476352074
"Little Tern","WCE3",NA,NA,"AB","70729","STEALB","M",4,177,40,2014-07-10,1899-12-31 00:30:00,"Atlit Salt-Pans",32.695,34.932,"Yosef Kiat",NA,"Sexing by blood testing",NA,"CE3",NA,74,NA,NA,"C","E","3",NA,"W",10,7,NA,NA,NA,NA,NA,NA,NA,NA,NA,NA,NA,NA,NA,NA,NA,NA,2014,7,TRUE,FALSE,TRUE,"Summer adult",0.225988700564972,37.1868291007844
"Little Tern","WCE4",NA,NA,"AB","70730","STEALB","F",4,168,44,2014-07-10,1899-12-31 04:00:00,"Atlit Salt-Pans",32.695,34.932,"Yosef Kiat",NA,"Sexing by blood testing",NA,"CE4",NA,NA,NA,NA,"C","E","4",NA,"W",10,7,NA,NA,NA,NA,NA,NA,NA,NA,NA,NA,NA,NA,NA,NA,NA,NA,2014,7,TRUE,FALSE,TRUE,"Summer adult",0.261904761904762,47.5290828857277
"Little Tern","WCE5",NA,NA,"AB","70731","STEALB","F",4,163,42,2014-07-10,1899-12-31 04:00:00,"Atlit Salt-Pans",32.695,34.932,"Yosef Kiat",NA,"Sexing by blood testing",NA,"CE5",NA,NA,NA,NA,"C","E","5",NA,"W",10,7,NA,NA,NA,NA,NA,NA,NA,NA,NA,NA,NA,NA,NA,NA,NA,NA,2014,7,TRUE,FALSE,TRUE,"Summer adult",0.257668711656442,49.4870613888362
"Little Tern","WCE6",NA,NA,"AB","70732","STEALB","M",4,171,42,2014-07-10,1899-12-31 04:00:00,"Atlit Salt-Pans",32.695,34.932,"Yosef Kiat",NA,"Sexing by blood testing",NA,"CE6",NA,72,NA,NA,"C","E","6",NA,"W",10,7,NA,NA,NA,NA,NA,NA,NA,NA,NA,NA,NA,NA,NA,NA,NA,NA,2014,7,TRUE,FALSE,TRUE,"Summer adult",0.245614035087719,43.1171544894506
"Little Tern","WCE7",NA,NA,"AB","70733","STEALB","F",4,169,44,2014-07-10,1899-12-31 04:00:00,"Atlit Salt-Pans",32.695,34.932,"Yosef Kiat",NA,"Sexing by blood testing",NA,"CE7",NA,NA,NA,NA,"C","E","7",NA,"W",10,7,NA,NA,NA,NA,NA,NA,NA,NA,NA,NA,NA,NA,NA,NA,NA,NA,2014,7,TRUE,FALSE,TRUE,"Summer adult",0.260355029585799,46.7247754661805
"Little Tern","WCE9",NA,NA,"AB","70735","STEALB","F",4,171,48,2014-07-15,1899-12-31 21:30:00,"Atlit Salt-Pans",32.695,34.932,"Yosef Kiat",NA,"Sexing by blood testing",NA,"CE9",NA,75,NA,NA,"C","E","9",NA,"W",15,7,NA,NA,NA,NA,NA,NA,NA,NA,NA,NA,NA,NA,NA,NA,NA,NA,2014,7,TRUE,FALSE,TRUE,"Summer adult",0.280701754385965,49.2767479879436
"Little Tern","WCG1",NA,NA,"AB","70736","STEALB","M",4,172,46,2014-07-15,1899-12-31 22:30:00,"Atlit Salt-Pans",32.695,34.932,"Yosef Kiat",NA,"Sexing by blood testing",NA,"CG1",NA,72,NA,NA,"C","G","1",NA,"W",15,7,NA,NA,NA,NA,NA,NA,NA,NA,NA,NA,NA,NA,NA,NA,NA,NA,2014,7,TRUE,FALSE,TRUE,"Summer adult",0.267441860465116,46.4382753604342
"Little Tern","WCG2",NA,NA,"AB","70737","STEALB",NA,4,183,47,2014-07-15,1899-12-31 22:30:00,"Atlit Salt-Pans",32.695,34.932,"Yosef Kiat",NA,NA,NA,"CG2",NA,NA,NA,NA,"C","G","2",NA,"W",15,7,NA,NA,NA,NA,NA,NA,NA,NA,NA,NA,NA,NA,NA,NA,NA,NA,2014,7,TRUE,FALSE,TRUE,"Summer adult",0.256830601092896,39.7000781412523
"Little Tern","WCG5",NA,NA,"AB","70740","STEALB","F",4,177,48,2014-07-21,1899-12-31 20:30:00,"Atlit Salt-Pans",32.695,34.932,"Yosef Kiat",NA,"Sexing by blood testing",NA,"CG5",NA,NA,NA,NA,"C","G","5",NA,"W",21,7,NA,NA,NA,NA,NA,NA,NA,NA,NA,NA,NA,NA,NA,NA,NA,NA,2014,7,TRUE,FALSE,TRUE,"Summer adult",0.271186440677966,44.6241949209412
"Little Tern","WCG6",NA,NA,"AB","70741","STEALB","F",4,171,43,2014-07-21,1899-12-31 21:30:00,"Atlit Salt-Pans",32.695,34.932,"Yosef Kiat",NA,"Sexing by blood testing",NA,"CG6",NA,74,NA,NA,"C","G","6",NA,"W",21,7,NA,NA,NA,NA,NA,NA,NA,NA,NA,NA,NA,NA,NA,NA,NA,NA,2014,7,TRUE,FALSE,TRUE,"Summer adult",0.251461988304094,44.1437534058661
"Little Tern","WAZ3",NA,"R","B","41780","STEALB","F",7,170,46,2014-07-22,1899-12-31 00:30:00,"Atlit Salt-Pans",32.695,34.932,"Yosef Kiat",NA,"Sexing by blood testing",NA,"AZ3",NA,NA,NA,NA,"A","Z","3",NA,"W",22,7,NA,NA,NA,NA,NA,NA,NA,NA,NA,NA,NA,NA,NA,NA,NA,NA,2014,7,FALSE,TRUE,TRUE,"Summer adult",0.270588235294118,48.0268272449809
"Little Tern","WA09",NA,"R","B","41736","STEALB","F",7,176,45,2014-07-22,1899-12-31 00:30:00,"Atlit Salt-Pans",32.695,34.932,"Yosef Kiat",NA,"Sexing by blood testing",NA,"A09",NA,NA,NA,NA,"A","0","9",NA,"W",22,7,NA,NA,NA,NA,NA,NA,NA,NA,NA,NA,NA,NA,NA,NA,NA,NA,2014,7,FALSE,TRUE,TRUE,"Summer adult",0.255681818181818,42.5224143920741
"Little Tern","WCG7",NA,NA,"AB","70742","STEALB","F",4,171,44,2014-07-22,1899-12-31 00:30:00,"Atlit Salt-Pans",32.695,34.932,"Yosef Kiat",NA,"Sexing by blood testing",NA,"CG7",NA,NA,NA,NA,"C","G","7",NA,"W",22,7,NA,NA,NA,NA,NA,NA,NA,NA,NA,NA,NA,NA,NA,NA,NA,NA,2014,7,TRUE,FALSE,TRUE,"Summer adult",0.257309941520468,45.1703523222816
"Little Tern","WCG8",NA,NA,"AB","70743","STEALB","F",4,170,41,2014-07-22,1899-12-31 00:30:00,"Atlit Salt-Pans",32.695,34.932,"Yosef Kiat",NA,"Sexing by blood testing",NA,"CG8",NA,NA,NA,NA,"C","G","8",NA,"W",22,7,NA,NA,NA,NA,NA,NA,NA,NA,NA,NA,NA,NA,NA,NA,NA,NA,2014,7,TRUE,FALSE,TRUE,"Summer adult",0.241176470588235,42.8065199357439
"Little Tern","WCG9",NA,NA,"AB","70744","STEALB","M",4,176,48,2014-07-22,1899-12-31 00:30:00,"Atlit Salt-Pans",32.695,34.932,"Yosef Kiat",NA,"Sexing by blood testing",NA,"CG9",NA,NA,NA,NA,"C","G","9",NA,"W",22,7,NA,NA,NA,NA,NA,NA,NA,NA,NA,NA,NA,NA,NA,NA,NA,NA,2014,7,TRUE,FALSE,TRUE,"Summer adult",0.272727272727273,45.3572420182124
"Little Tern","NKIC","+",NA,"AB","70745","STEALB",NA,4,172,41,2014-07-22,1899-12-31 00:30:00,"Atlit Salt-Pans",32.695,34.932,"Yosef Kiat",NA,NA,NA,"KIC",NA,NA,NA,NA,"K","I","C",NA,"N",22,7,NA,NA,NA,NA,NA,"CH0",NA,NA,NA,NA,NA,NA,NA,NA,NA,NA,2014,7,TRUE,FALSE,TRUE,"Summer adult",0.238372093023256,41.3906367343001
"Little Tern","WCH1",NA,NA,"AB","70746","STEALB","M",4,174,43,2014-07-22,1899-12-31 00:30:00,"Atlit Salt-Pans",32.695,34.932,"Yosef Kiat",NA,"Sexing by blood testing",NA,"CH1",NA,NA,NA,NA,"C","H","1",NA,"W",22,7,NA,NA,NA,NA,NA,NA,NA,NA,NA,NA,NA,NA,NA,NA,NA,NA,2014,7,TRUE,FALSE,TRUE,"Summer adult",0.247126436781609,41.9901834272198
"Little Tern","NRE",NA,NA,"AB","70781","STEALB","F",4,170,43,2015-06-25,1899-12-31 20:30:00,"Atlit Salt-Pans",32.695,34.932,"Yosef Kiat",NA,"Sexing by blood testing",NA,"RE",NA,70,NA,NA,"R","E",NA,NA,"N",25,6,NA,NA,NA,NA,NA,NA,NA,NA,NA,NA,NA,NA,NA,NA,NA,NA,2015,6,TRUE,FALSE,TRUE,"Summer adult",0.252941176470588,44.8946428594387
"Little Tern","NRH",NA,NA,"AB","70782","STEALB","F",4,175,43,2015-06-25,1899-12-31 20:30:00,"Atlit Salt-Pans",32.695,34.932,"Yosef Kiat",NA,"Sexing by blood testing",NA,"RH",NA,68,NA,NA,"R","H",NA,NA,"N",25,6,NA,NA,NA,NA,NA,NA,NA,NA,NA,NA,NA,NA,NA,NA,NA,NA,2015,6,TRUE,FALSE,TRUE,"Summer adult",0.245714285714286,41.3038393737698
"Little Tern","NRK",NA,NA,"AB","70783","STEALB","F",4,175,40,2015-06-25,1899-12-31 20:30:00,"Atlit Salt-Pans",32.695,34.932,"Yosef Kiat",NA,"Sexing by blood testing",NA,"RK",NA,72,NA,NA,"R","K",NA,NA,"N",25,6,NA,NA,NA,NA,NA,NA,NA,NA,NA,NA,NA,NA,NA,NA,NA,NA,2015,6,TRUE,FALSE,TRUE,"Summer adult",0.228571428571429,38.4221761616463
"Little Tern","NLH",NA,NA,"AB","70785","STEALB","M",4,180,47,2015-06-25,1899-12-31 22:00:00,"Atlit Salt-Pans",32.695,34.932,"Yosef Kiat",NA,"Sexing by blood testing",NA,"LH",NA,76,NA,NA,"L","H",NA,NA,"N",25,6,NA,NA,NA,NA,NA,NA,NA,NA,NA,NA,NA,NA,NA,NA,NA,NA,2015,6,TRUE,FALSE,TRUE,"Summer adult",0.261111111111111,41.6328074702578
"Little Tern","NLJ",NA,NA,"AB","70788","STEALB","F",4,173,45,2015-06-25,1899-12-31 22:00:00,"Atlit Salt-Pans",32.695,34.932,"Yosef Kiat",NA,"Sexing by blood testing",NA,"LJ",NA,NA,NA,NA,"L","J",NA,NA,"N",25,6,NA,NA,NA,NA,NA,NA,NA,NA,NA,NA,NA,NA,NA,NA,NA,NA,2015,6,TRUE,FALSE,TRUE,"Summer adult",0.260115606936416,44.6776613184584
"Little Tern","NLK",NA,NA,"AB","70789","STEALB","M",4,176,48,2015-06-25,1899-12-31 22:00:00,"Atlit Salt-Pans",32.695,34.932,"Yosef Kiat",NA,"Sexing by blood testing",NA,"LK",NA,77,NA,NA,"L","K",NA,NA,"N",25,6,NA,NA,NA,NA,NA,NA,NA,NA,NA,NA,NA,NA,NA,NA,NA,NA,2015,6,TRUE,FALSE,TRUE,"Summer adult",0.272727272727273,45.3572420182124
"Little Tern","NRJ",NA,NA,"AB","70790","STEALB","F",4,176,50,2015-06-25,1899-12-31 22:00:00,"Atlit Salt-Pans",32.695,34.932,"Yosef Kiat",NA,"Sexing by blood testing",NA,"RJ",NA,67,NA,NA,"R","J",NA,NA,"N",25,6,NA,NA,NA,NA,NA,NA,NA,NA,NA,NA,NA,NA,NA,NA,NA,NA,2015,6,TRUE,FALSE,TRUE,"Summer adult",0.284090909090909,47.2471271023046
"Little Tern","NLL",NA,NA,"AB","70791","STEALB","F",4,168,45,2015-06-25,1899-12-31 22:00:00,"Atlit Salt-Pans",32.695,34.932,"Yosef Kiat",NA,"Sexing by blood testing",NA,"LL",NA,NA,NA,NA,"L","L",NA,NA,"N",25,6,NA,NA,NA,NA,NA,NA,NA,NA,NA,NA,NA,NA,NA,NA,NA,NA,2015,6,TRUE,FALSE,TRUE,"Summer adult",0.267857142857143,48.6092893149488
"Little Tern","NRL",NA,NA,"AB","70792","STEALB","M",4,169,51,2015-06-25,1899-12-31 22:00:00,"Atlit Salt-Pans",32.695,34.932,"Yosef Kiat",NA,"Sexing by blood testing",NA,"RL",NA,67,NA,NA,"R","L",NA,NA,"N",25,6,NA,NA,NA,NA,NA,NA,NA,NA,NA,NA,NA,NA,NA,NA,NA,NA,2015,6,TRUE,FALSE,TRUE,"Summer adult",0.301775147928994,54.1582624721638
"Little Tern","NLN",NA,NA,"AB","70793","STEALB","F",4,169,46,2015-06-25,1899-12-31 22:00:00,"Atlit Salt-Pans",32.695,34.932,"Yosef Kiat",NA,"Sexing by blood testing",NA,"LN",NA,NA,NA,NA,"L","N",NA,NA,"N",25,6,NA,NA,NA,NA,NA,NA,NA,NA,NA,NA,NA,NA,NA,NA,NA,NA,2015,6,TRUE,FALSE,TRUE,"Summer adult",0.272189349112426,48.8486288964615
"Little Tern","NRN",NA,NA,"AB","70794","STEALB","M",4,175,50,2015-06-25,1899-12-31 22:00:00,"Atlit Salt-Pans",32.695,34.932,"Yosef Kiat",NA,"Sexing by blood testing",NA,"RN",NA,72,NA,NA,"R","N",NA,NA,"N",25,6,NA,NA,NA,NA,NA,NA,NA,NA,NA,NA,NA,NA,NA,NA,NA,NA,2015,6,TRUE,FALSE,TRUE,"Summer adult",0.285714285714286,48.0277202020579
"Little Tern","NLP",NA,NA,"AB","70795","STEALB","F",4,172,47,2015-06-25,1899-12-31 22:00:00,"Atlit Salt-Pans",32.695,34.932,"Yosef Kiat",NA,"Sexing by blood testing",NA,"LP",NA,68,NA,NA,"L","P",NA,NA,"N",25,6,NA,NA,NA,NA,NA,NA,NA,NA,NA,NA,NA,NA,NA,NA,NA,NA,2015,6,TRUE,FALSE,TRUE,"Summer adult",0.273255813953488,47.447803085661
"Little Tern","NRP",NA,NA,"AB","70796","STEALB","F",4,172,46,2015-06-25,1899-12-31 22:00:00,"Atlit Salt-Pans",32.695,34.932,"Yosef Kiat",NA,"Sexing by blood testing",NA,"RP",NA,66,NA,NA,"R","P",NA,NA,"N",25,6,NA,NA,NA,NA,NA,NA,NA,NA,NA,NA,NA,NA,NA,NA,NA,NA,2015,6,TRUE,FALSE,TRUE,"Summer adult",0.267441860465116,46.4382753604342
"Little Tern","NLT",NA,NA,"AB","70797","STEALB","M",4,171,45,2015-06-25,1899-12-31 22:00:00,"Atlit Salt-Pans",32.695,34.932,"Yosef Kiat",NA,"Sexing by blood testing",NA,"LT",NA,NA,NA,NA,"L","T",NA,NA,"N",25,6,NA,NA,NA,NA,NA,NA,NA,NA,NA,NA,NA,NA,NA,NA,NA,NA,2015,6,TRUE,FALSE,TRUE,"Summer adult",0.263157894736842,46.1969512386971
"Little Tern","NRT",NA,NA,"AB","70798","STEALB","F",4,174,45,2015-06-25,1899-12-31 22:00:00,"Atlit Salt-Pans",32.695,34.932,"Yosef Kiat",NA,"Sexing by blood testing",NA,"RT",NA,NA,NA,NA,"R","T",NA,NA,"N",25,6,NA,NA,NA,NA,NA,NA,NA,NA,NA,NA,NA,NA,NA,NA,NA,NA,2015,6,TRUE,FALSE,TRUE,"Summer adult",0.258620689655172,43.9432152145323
"Little Tern","NLV",NA,NA,"AB","70799","STEALB","M",4,185,48,2015-06-25,1899-12-31 22:00:00,"Atlit Salt-Pans",32.695,34.932,"Yosef Kiat",NA,"Sexing by blood testing",NA,"LV",NA,77,NA,NA,"L","V",NA,NA,"N",25,6,NA,NA,NA,NA,NA,NA,NA,NA,NA,NA,NA,NA,NA,NA,NA,NA,2015,6,TRUE,FALSE,TRUE,"Summer adult",0.259459459459459,39.296966010498
"Little Tern","WBN2",NA,"R","B","41927","STEALB","M",7,178,49,2015-06-25,1899-12-31 23:00:00,"Atlit Salt-Pans",32.695,34.932,"Yosef Kiat",NA,"Sexing by blood testing",NA,"BN2",NA,73,NA,NA,"B","N","2",NA,"W",25,6,NA,NA,NA,NA,NA,NA,NA,NA,NA,NA,NA,NA,NA,NA,NA,NA,2015,6,FALSE,TRUE,TRUE,"Summer adult",0.275280898876405,44.8217550493651
"Little Tern","WBP2",NA,"R","B","41947","STEALB","M",7,170,44,2015-06-25,1899-12-31 23:00:00,"Atlit Salt-Pans",32.695,34.932,"Yosef Kiat",NA,"Sexing by blood testing",NA,"BP2",NA,75,NA,NA,"B","P","2",NA,"W",25,6,NA,NA,NA,NA,NA,NA,NA,NA,NA,NA,NA,NA,NA,NA,NA,NA,2015,6,FALSE,TRUE,TRUE,"Summer adult",0.258823529411765,45.9387043212861
"Little Tern","NR0",NA,NA,"AB","70821","STEALB","M",4,178,48,2015-06-25,1899-12-31 23:00:00,"Atlit Salt-Pans",32.695,34.932,"Yosef Kiat",NA,"Sexing by blood testing",NA,"R0",NA,NA,NA,NA,"R","0",NA,NA,"N",25,6,NA,NA,NA,NA,NA,NA,NA,NA,NA,NA,NA,NA,NA,NA,NA,NA,2015,6,TRUE,FALSE,TRUE,"Summer adult",0.269662921348315,43.9070253544801
"Little Tern","NR1",NA,NA,"AB","70822","STEALB","M",4,169,47,2015-06-25,1899-12-31 23:00:00,"Atlit Salt-Pans",32.695,34.932,"Yosef Kiat",NA,"Sexing by blood testing",NA,"R1",NA,NA,NA,NA,"R","1",NA,NA,"N",25,6,NA,NA,NA,NA,NA,NA,NA,NA,NA,NA,NA,NA,NA,NA,NA,NA,2015,6,TRUE,FALSE,TRUE,"Summer adult",0.27810650887574,49.9105556116019
"Little Tern","WET7","+","R","AB","70689","STEALB","F",5,170,45,2015-06-25,1899-12-31 23:00:00,"Atlit Salt-Pans",32.695,34.932,"Yosef Kiat",NA,"Sexing by blood testing",NA,"ET7",NA,NA,NA,NA,"E","T","7",NA,"W",25,6,NA,NA,NA,NA,NA,"CZ3",NA,NA,NA,NA,NA,NA,NA,NA,NA,NA,2015,6,FALSE,TRUE,TRUE,"Summer adult",0.264705882352941,46.9827657831335
"Little Tern","NR2",NA,NA,"AB","70823","STEALB","M",4,188,50,2015-06-25,1899-12-31 23:00:00,"Atlit Salt-Pans",32.695,34.932,"Yosef Kiat",NA,"Sexing by blood testing",NA,"R2",NA,NA,NA,NA,"R","2",NA,NA,"N",25,6,NA,NA,NA,NA,NA,NA,NA,NA,NA,NA,NA,NA,NA,NA,NA,NA,2015,6,TRUE,FALSE,TRUE,"Summer adult",0.265957446808511,39.0838144945697
"Little Tern","NR3",NA,NA,"AB","70824","STEALB","M",4,167,45,2015-06-25,1899-12-31 23:00:00,"Atlit Salt-Pans",32.695,34.932,"Yosef Kiat",NA,"Sexing by blood testing",NA,"R3",NA,NA,NA,NA,"R","3",NA,NA,"N",25,6,NA,NA,NA,NA,NA,NA,NA,NA,NA,NA,NA,NA,NA,NA,NA,NA,2015,6,TRUE,FALSE,TRUE,"Summer adult",0.269461077844311,49.4510747785625
"Little Tern","NL3",NA,NA,"AB","70825","STEALB","M",4,177,45,2015-06-25,1899-12-31 23:00:00,"Atlit Salt-Pans",32.695,34.932,"Yosef Kiat",NA,"Sexing by blood testing",NA,"L3",NA,NA,NA,NA,"L","3",NA,NA,"N",25,6,NA,NA,NA,NA,NA,NA,NA,NA,NA,NA,NA,NA,NA,NA,NA,NA,2015,6,TRUE,FALSE,TRUE,"Summer adult",0.254237288135593,41.8351827383824
"Little Tern","NL4",NA,NA,"AB","70826","STEALB","M",4,176,43,2015-06-25,1899-12-31 23:00:00,"Atlit Salt-Pans",32.695,34.932,"Yosef Kiat",NA,"Sexing by blood testing",NA,"L4",NA,NA,NA,NA,"L","4",NA,NA,"N",25,6,NA,NA,NA,NA,NA,NA,NA,NA,NA,NA,NA,NA,NA,NA,NA,NA,2015,6,TRUE,FALSE,TRUE,"Summer adult",0.244318181818182,40.6325293079819
"Little Tern","NR4",NA,NA,"AB","70829","STEALB","M",4,182,45,2015-06-26,1899-12-31 01:00:00,"Atlit Salt-Pans",32.695,34.932,"Yosef Kiat",NA,"Sexing by blood testing",NA,"R4",NA,NA,NA,NA,"R","4",NA,NA,"N",26,6,NA,NA,NA,NA,NA,NA,NA,NA,NA,NA,NA,NA,NA,NA,NA,NA,2015,6,TRUE,FALSE,TRUE,"Summer adult",0.247252747252747,38.6144290425176
"Little Tern","NL5",NA,NA,"AB","70830","STEALB","M",4,168,42,2015-06-26,1899-12-31 01:00:00,"Atlit Salt-Pans",32.695,34.932,"Yosef Kiat",NA,"Sexing by blood testing",NA,"L5",NA,NA,NA,NA,"L","5",NA,NA,"N",26,6,NA,NA,NA,NA,NA,NA,NA,NA,NA,NA,NA,NA,NA,NA,NA,NA,2015,6,TRUE,FALSE,TRUE,"Summer adult",0.25,45.3686700272856
"Little Tern","NR5",NA,NA,"AB","70831","STEALB","M",4,172,42,2015-06-26,1899-12-31 01:00:00,"Atlit Salt-Pans",32.695,34.932,"Yosef Kiat",NA,"Sexing by blood testing",NA,"R5",NA,NA,NA,NA,"R","5",NA,NA,"N",26,6,NA,NA,NA,NA,NA,NA,NA,NA,NA,NA,NA,NA,NA,NA,NA,NA,2015,6,TRUE,FALSE,TRUE,"Summer adult",0.244186046511628,42.4001644595269
"Little Tern","NL6",NA,NA,"AB","70832","STEALB","F",4,167,38,2015-06-26,1899-12-31 01:00:00,"Atlit Salt-Pans",32.695,34.932,"Yosef Kiat",NA,"Sexing by blood testing",NA,"L6",NA,NA,NA,NA,"L","6",NA,NA,"N",26,6,NA,NA,NA,NA,NA,NA,NA,NA,NA,NA,NA,NA,NA,NA,NA,NA,2015,6,TRUE,FALSE,TRUE,"Summer adult",0.227544910179641,41.7586853685639
"Little Tern","NR7",NA,NA,"AB","70833","STEALB","F",4,170,46,2015-06-26,1899-12-31 01:00:00,"Atlit Salt-Pans",32.695,34.932,"Yosef Kiat",NA,"Sexing by blood testing",NA,"R7",NA,NA,NA,NA,"R","7",NA,NA,"N",26,6,NA,NA,NA,NA,NA,NA,NA,NA,NA,NA,NA,NA,NA,NA,NA,NA,2015,6,TRUE,FALSE,TRUE,"Summer adult",0.270588235294118,48.0268272449809
"Little Tern","NL7",NA,NA,"AB","70834","STEALB",NA,4,170,44,2015-06-26,1899-12-31 01:00:00,"Atlit Salt-Pans",32.695,34.932,"Yosef Kiat",NA,NA,NA,"L7",NA,NA,NA,NA,"L","7",NA,NA,"N",26,6,NA,NA,NA,NA,NA,NA,NA,NA,NA,NA,NA,NA,NA,NA,NA,NA,2015,6,TRUE,FALSE,TRUE,"Summer adult",0.258823529411765,45.9387043212861
"Little Tern","WBE9",NA,"R","B","41876","STEALB","M",8,174,42,2015-06-26,1899-12-31 02:00:00,"Atlit Salt-Pans",32.695,34.932,"Yosef Kiat",NA,"Sexing by blood testing",NA,"BE9",NA,NA,NA,NA,"B","E","9",NA,"W",26,6,NA,NA,NA,NA,NA,NA,NA,NA,NA,NA,NA,NA,NA,NA,NA,NA,2015,6,FALSE,TRUE,TRUE,"Summer adult",0.241379310344828,41.0136675335635
"Little Tern","NR8",NA,NA,"AB","70840","STEALB","M",4,175,43,2015-06-26,1899-12-31 02:00:00,"Atlit Salt-Pans",32.695,34.932,"Yosef Kiat",NA,"Sexing by blood testing",NA,"R8",NA,NA,NA,NA,"R","8",NA,NA,"N",26,6,NA,NA,NA,NA,NA,NA,NA,NA,NA,NA,NA,NA,NA,NA,NA,NA,2015,6,TRUE,FALSE,TRUE,"Summer adult",0.245714285714286,41.3038393737698
"Little Tern","NL8",NA,NA,"AB","70841","STEALB","M",4,177,44,2015-06-26,1899-12-31 02:00:00,"Atlit Salt-Pans",32.695,34.932,"Yosef Kiat",NA,"Sexing by blood testing",NA,"L8",NA,NA,NA,NA,"L","8",NA,NA,"N",26,6,NA,NA,NA,NA,NA,NA,NA,NA,NA,NA,NA,NA,NA,NA,NA,NA,2015,6,TRUE,FALSE,TRUE,"Summer adult",0.248587570621469,40.9055120108628
"Little Tern","WCB8",NA,"R","AB","70714","STEALB","F",5,174,48,2015-06-26,1899-12-31 02:00:00,"Atlit Salt-Pans",32.695,34.932,"Yosef Kiat",NA,"Sexing by blood testing",NA,"CB8",NA,NA,NA,NA,"C","B","8",NA,"W",26,6,NA,NA,NA,NA,NA,NA,NA,NA,NA,NA,NA,NA,NA,NA,NA,NA,2015,6,FALSE,TRUE,TRUE,"Summer adult",0.275862068965517,46.8727628955011
"Little Tern","WCH1",NA,"R","AB","70746","STEALB","M",6,173,42,2015-06-26,1899-12-31 02:00:00,"Atlit Salt-Pans",32.695,34.932,"Yosef Kiat",NA,"Sexing by blood testing",NA,"CH1",NA,NA,NA,NA,"C","H","1",NA,"W",26,6,NA,NA,NA,NA,NA,NA,NA,NA,NA,NA,NA,NA,NA,NA,NA,NA,2015,6,FALSE,TRUE,TRUE,"Summer adult",0.242774566473988,41.6991505638945
"Little Tern","WB06",NA,"R","B","41941","STEALB","M",7,171,44,2015-06-26,1899-12-31 02:00:00,"Atlit Salt-Pans",32.695,34.932,"Yosef Kiat",NA,"Sexing by blood testing",NA,"B06",NA,NA,NA,NA,"B","0","6",NA,"W",26,6,NA,NA,NA,NA,NA,NA,NA,NA,NA,NA,NA,NA,NA,NA,NA,NA,2015,6,FALSE,TRUE,TRUE,"Summer adult",0.257309941520468,45.1703523222816
"Little Tern","NR9",NA,NA,"AB","70842","STEALB","M",4,178,49,2015-06-26,1899-12-31 02:00:00,"Atlit Salt-Pans",32.695,34.932,"Yosef Kiat",NA,"Sexing by blood testing",NA,"R9",NA,NA,NA,NA,"R","9",NA,NA,"N",26,6,NA,NA,NA,NA,NA,NA,NA,NA,NA,NA,NA,NA,NA,NA,NA,NA,2015,6,TRUE,FALSE,TRUE,"Summer adult",0.275280898876405,44.8217550493651
"Little Tern","WCC0",NA,"R","AB","70716","STEALB","F",5,167,43,2015-06-26,1899-12-31 03:00:00,"Atlit Salt-Pans",32.695,34.932,"Yosef Kiat",NA,"Sexing by blood testing",NA,"CC0",NA,NA,NA,NA,"C","C","0",NA,"W",26,6,NA,NA,NA,NA,NA,NA,NA,NA,NA,NA,NA,NA,NA,NA,NA,NA,2015,6,FALSE,TRUE,TRUE,"Summer adult",0.25748502994012,47.2532492328486
"Little Tern","NL9","+","R","AB","70701","STEALB","F",5,157,39,2015-06-26,1899-12-31 03:00:00,"Atlit Salt-Pans",32.695,34.932,"Yosef Kiat",NA,"Sexing by blood testing",NA,"L9",NA,NA,NA,NA,"L","9",NA,NA,"N",26,6,NA,NA,NA,NA,NA,NA,NA,NA,NA,NA,NA,NA,NA,NA,NA,NA,2015,6,FALSE,TRUE,TRUE,"Summer adult",0.248407643312102,51.1856525200086
"Little Tern","YLH",NA,NA,"AB","70843","STEALB","F",4,172,40,2015-06-26,1899-12-31 03:00:00,"Atlit Salt-Pans",32.695,34.932,"Yosef Kiat",NA,"Sexing by blood testing",NA,"LH",NA,NA,NA,NA,"L","H",NA,NA,"Y",26,6,NA,NA,NA,NA,NA,NA,NA,NA,NA,NA,NA,NA,NA,NA,NA,NA,2015,6,TRUE,FALSE,TRUE,"Summer adult",0.232558139534884,40.3811090090732
"Little Tern","YLJ",NA,NA,"AB","70844","STEALB","M",4,177,45,2015-06-26,1899-12-31 03:00:00,"Atlit Salt-Pans",32.695,34.932,"Yosef Kiat",NA,"Sexing by blood testing",NA,"LJ",NA,NA,NA,NA,"L","J",NA,NA,"Y",26,6,NA,NA,NA,NA,NA,NA,NA,NA,NA,NA,NA,NA,NA,NA,NA,NA,2015,6,TRUE,FALSE,TRUE,"Summer adult",0.254237288135593,41.8351827383824
"Little Tern","YLK",NA,NA,"AB","70845","STEALB","F",4,174,51,2015-06-26,1899-12-31 03:00:00,"Atlit Salt-Pans",32.695,34.932,"Yosef Kiat",NA,"Sexing by blood testing",NA,"LK",NA,NA,NA,NA,"L","K",NA,NA,"Y",26,6,NA,NA,NA,NA,NA,NA,NA,NA,NA,NA,NA,NA,NA,NA,NA,NA,2015,6,TRUE,FALSE,TRUE,"Summer adult",0.293103448275862,49.8023105764699
"Little Tern","WCC6",NA,"R","AB","70722","STEALB","F",5,170,48,2015-06-29,1899-12-31 20:30:00,"Atlit Salt-Pans",32.695,34.932,"Yosef Kiat",NA,"Sexing by blood testing",NA,"CC6",NA,70,NA,NA,"C","C","6",NA,"W",29,6,NA,NA,NA,NA,NA,NA,NA,NA,NA,NA,NA,NA,NA,NA,NA,NA,2015,6,FALSE,TRUE,TRUE,"Summer adult",0.282352941176471,50.1149501686758
"Little Tern","YL1",NA,NA,"AB","70891","STEALB","F",4,173,45,2015-06-30,1899-12-31 02:00:00,"Atlit Salt-Pans",32.695,34.932,"Yosef Kiat",NA,"Sexing by blood testing",NA,"L1",NA,NA,NA,NA,"L","1",NA,NA,"Y",30,6,NA,NA,NA,NA,NA,NA,NA,NA,NA,NA,NA,NA,NA,NA,NA,NA,2015,6,TRUE,FALSE,TRUE,"Summer adult",0.260115606936416,44.6776613184584
"Little Tern","YR4",NA,NA,"AB","70892","STEALB","F",4,170,36,2015-06-30,1899-12-31 02:00:00,"Atlit Salt-Pans",32.695,34.932,"Yosef Kiat",NA,"Sexing by blood testing",NA,"R4",NA,NA,NA,NA,"R","4",NA,NA,"Y",30,6,NA,NA,NA,NA,NA,NA,NA,NA,NA,NA,NA,NA,NA,NA,NA,NA,2015,6,TRUE,FALSE,TRUE,"Summer adult",0.211764705882353,37.5862126265068
"Little Tern","YR5",NA,NA,"AB","70893","STEALB","M",4,178,44,2015-06-30,1899-12-31 02:00:00,"Atlit Salt-Pans",32.695,34.932,"Yosef Kiat",NA,"Sexing by blood testing",NA,"R5",NA,NA,NA,NA,"R","5",NA,NA,"Y",30,6,NA,NA,NA,NA,NA,NA,NA,NA,NA,NA,NA,NA,NA,NA,NA,NA,2015,6,TRUE,FALSE,TRUE,"Summer adult",0.247191011235955,40.2481065749401
"Little Tern","YR6",NA,NA,"AB","70894","STEALB","F",4,175,43,2015-06-30,1899-12-31 02:00:00,"Atlit Salt-Pans",32.695,34.932,"Yosef Kiat",NA,"Sexing by blood testing",NA,"R6",NA,NA,NA,NA,"R","6",NA,NA,"Y",30,6,NA,NA,NA,NA,NA,NA,NA,NA,NA,NA,NA,NA,NA,NA,NA,NA,2015,6,TRUE,FALSE,TRUE,"Summer adult",0.245714285714286,41.3038393737698
"Little Tern","YR7",NA,NA,"AB","70895","STEALB","M",4,173,45,2015-06-30,1899-12-31 02:00:00,"Atlit Salt-Pans",32.695,34.932,"Yosef Kiat",NA,"Sexing by blood testing",NA,"R7",NA,NA,NA,NA,"R","7",NA,NA,"Y",30,6,NA,NA,NA,NA,NA,NA,NA,NA,NA,NA,NA,NA,NA,NA,NA,NA,2015,6,TRUE,FALSE,TRUE,"Summer adult",0.260115606936416,44.6776613184584
"Little Tern","YR8",NA,NA,"AB","70896","STEALB","M",4,172,44,2015-06-30,1899-12-31 02:00:00,"Atlit Salt-Pans",32.695,34.932,"Yosef Kiat",NA,"Sexing by blood testing",NA,"R8",NA,NA,NA,NA,"R","8",NA,NA,"Y",30,6,NA,NA,NA,NA,NA,NA,NA,NA,NA,NA,NA,NA,NA,NA,NA,NA,2015,6,TRUE,FALSE,TRUE,"Summer adult",0.255813953488372,44.4192199099805
"Little Tern","YR9",NA,NA,"AB","70897","STEALB","F",4,169,42,2015-06-30,1899-12-31 02:00:00,"Atlit Salt-Pans",32.695,34.932,"Yosef Kiat",NA,"Sexing by blood testing",NA,"R9",NA,NA,NA,NA,"R","9",NA,NA,"Y",30,6,NA,NA,NA,NA,NA,NA,NA,NA,NA,NA,NA,NA,NA,NA,NA,NA,2015,6,TRUE,FALSE,TRUE,"Summer adult",0.248520710059172,44.6009220358996
"Little Tern","YL2",NA,NA,"AB","70898","STEALB","M",4,171,44,2015-06-30,1899-12-31 02:00:00,"Atlit Salt-Pans",32.695,34.932,"Yosef Kiat",NA,"Sexing by blood testing",NA,"L2",NA,NA,NA,NA,"L","2",NA,NA,"Y",30,6,NA,NA,NA,NA,NA,NA,NA,NA,NA,NA,NA,NA,NA,NA,NA,NA,2015,6,TRUE,FALSE,TRUE,"Summer adult",0.257309941520468,45.1703523222816
"Little Tern","YL3",NA,NA,"AB","70899","STEALB","M",4,180,43,2015-06-30,1899-12-31 04:00:00,"Atlit Salt-Pans",32.695,34.932,"Yosef Kiat",NA,"Sexing by blood testing",NA,"L3",NA,NA,NA,NA,"L","3",NA,NA,"Y",30,6,NA,NA,NA,NA,NA,NA,NA,NA,NA,NA,NA,NA,NA,NA,NA,NA,2015,6,TRUE,FALSE,TRUE,"Summer adult",0.238888888888889,38.0895898132146
"Little Tern","YL6",NA,NA,"AB","70911","STEALB","M",4,172,39,2015-07-05,1899-12-31 03:00:00,"Atlit Salt-Pans",32.695,34.932,"Yosef Kiat",NA,"Sexing by blood testing",NA,"L6",NA,NA,NA,NA,"L","6",NA,NA,"Y",5,7,NA,NA,NA,NA,NA,NA,NA,NA,NA,NA,NA,NA,NA,NA,NA,NA,2015,7,TRUE,FALSE,TRUE,"Summer adult",0.226744186046512,39.3715812838464
"Little Tern","YL7",NA,NA,"AB","70912","STEALB",NA,4,173,48,2015-07-05,1899-12-31 03:00:00,"Atlit Salt-Pans",32.695,34.932,"Yosef Kiat",NA,NA,NA,"L7",NA,NA,NA,NA,"L","7",NA,NA,"Y",5,7,NA,NA,NA,NA,NA,NA,NA,NA,NA,NA,NA,NA,NA,NA,NA,NA,2015,7,TRUE,FALSE,TRUE,"Summer adult",0.277456647398844,47.6561720730223
"Little Tern","YL8",NA,NA,"AB","70914","STEALB","M",4,167,41,2015-07-05,1899-12-31 04:00:00,"Atlit Salt-Pans",32.695,34.932,"Yosef Kiat",NA,"Sexing by blood testing",NA,"L8",NA,NA,NA,NA,"L","8",NA,NA,"Y",5,7,NA,NA,NA,NA,NA,NA,NA,NA,NA,NA,NA,NA,NA,NA,NA,NA,2015,7,TRUE,FALSE,TRUE,"Summer adult",0.245508982035928,45.0554236871347
"Little Tern","WBP1",NA,"R","B","41946","STEALB","M",7,180,48,2015-07-13,1899-12-31 20:30:00,"Atlit Salt-Pans",32.695,34.932,"Yosef Kiat",NA,"Sexing by blood testing",NA,"BP1",NA,NA,NA,NA,"B","P","1",NA,"W",13,7,NA,NA,NA,NA,NA,NA,NA,NA,NA,NA,NA,NA,NA,NA,NA,NA,2015,7,FALSE,TRUE,TRUE,"Summer adult",0.266666666666667,42.5186118845186
"Little Tern","YL9",NA,NA,"AB","70917","STEALB","M",4,170,45,2015-07-13,1899-12-31 20:30:00,"Atlit Salt-Pans",32.695,34.932,"Yosef Kiat",NA,"Sexing by blood testing",NA,"L9",NA,NA,NA,NA,"L","9",NA,NA,"Y",13,7,NA,NA,NA,NA,NA,NA,NA,NA,NA,NA,NA,NA,NA,NA,NA,NA,2015,7,TRUE,FALSE,TRUE,"Summer adult",0.264705882352941,46.9827657831335
"Little Tern","RLH",NA,NA,"AB","70918","STEALB","F",4,174,41,2015-07-13,1899-12-31 20:30:00,"Atlit Salt-Pans",32.695,34.932,"Yosef Kiat",NA,"Sexing by blood testing",NA,"LH",NA,NA,NA,NA,"L","H",NA,NA,"R",13,7,NA,NA,NA,NA,NA,NA,NA,NA,NA,NA,NA,NA,NA,NA,NA,NA,2015,7,TRUE,FALSE,TRUE,"Summer adult",0.235632183908046,40.0371516399072
"Little Tern","RLJ",NA,NA,"AB","70919","STEALB","M",4,176,48,2015-07-13,1899-12-31 20:30:00,"Atlit Salt-Pans",32.695,34.932,"Yosef Kiat",NA,"Sexing by blood testing",NA,"LJ",NA,NA,NA,NA,"L","J",NA,NA,"R",13,7,NA,NA,NA,NA,NA,NA,NA,NA,NA,NA,NA,NA,NA,NA,NA,NA,2015,7,TRUE,FALSE,TRUE,"Summer adult",0.272727272727273,45.3572420182124
"Little Tern","WCH6",NA,"R","AB","70751","STEALB","M",5,177,44,2015-07-13,1899-12-31 20:30:00,"Atlit Salt-Pans",32.695,34.932,"Yosef Kiat",NA,"Sexing by blood testing",NA,"CH6",NA,NA,NA,NA,"C","H","6",NA,"W",13,7,NA,NA,NA,NA,NA,NA,NA,NA,NA,NA,NA,NA,NA,NA,NA,NA,2015,7,FALSE,TRUE,TRUE,"Summer adult",0.248587570621469,40.9055120108628
"Little Tern","WBZ2",NA,"R","AB","70618","STEALB","M",5,170,43,2015-07-13,1899-12-31 21:30:00,"Atlit Salt-Pans",32.695,34.932,"Yosef Kiat",NA,"Sexing by blood testing",NA,"BZ2",NA,NA,NA,NA,"B","Z","2",NA,"W",13,7,NA,NA,NA,NA,NA,NA,NA,NA,NA,NA,NA,NA,NA,NA,NA,NA,2015,7,FALSE,TRUE,TRUE,"Summer adult",0.252941176470588,44.8946428594387
"Little Tern","RLK",NA,NA,"AB","70921","STEALB",NA,4,172,42,2015-07-13,1899-12-31 22:00:00,"Atlit Salt-Pans",32.695,34.932,"Yosef Kiat",NA,NA,NA,"LK",NA,NA,NA,NA,"L","K",NA,NA,"R",13,7,NA,NA,NA,NA,NA,NA,NA,NA,NA,NA,NA,NA,NA,NA,NA,NA,2015,7,TRUE,FALSE,TRUE,"Summer adult",0.244186046511628,42.4001644595269
"Little Tern","RRE",NA,NA,"AB","70924","STEALB","F",4,177,50,2015-07-13,1899-12-31 23:00:00,"Atlit Salt-Pans",32.695,34.932,"Yosef Kiat",NA,"Sexing by blood testing",NA,"RE",NA,NA,NA,NA,"R","E",NA,NA,"R",13,7,NA,NA,NA,NA,NA,NA,NA,NA,NA,NA,NA,NA,NA,NA,NA,NA,2015,7,TRUE,FALSE,TRUE,"Summer adult",0.282485875706215,46.4835363759805
"Little Tern","RRH",NA,NA,"AB","70927","STEALB","F",4,172,45,2015-07-13,1899-12-31 23:30:00,"Atlit Salt-Pans",32.695,34.932,"Yosef Kiat",NA,"Sexing by blood testing",NA,"RH",NA,NA,NA,NA,"R","H",NA,NA,"R",13,7,NA,NA,NA,NA,NA,NA,NA,NA,NA,NA,NA,NA,NA,NA,NA,NA,2015,7,TRUE,FALSE,TRUE,"Summer adult",0.261627906976744,45.4287476352074
"Little Tern","RLL",NA,NA,"AB","70929","STEALB",NA,4,167,39,2015-07-14,1899-12-31,"Atlit Salt-Pans",32.695,34.932,"Yosef Kiat",NA,NA,NA,"LL",NA,NA,NA,NA,"L","L",NA,NA,"R",14,7,NA,NA,NA,NA,NA,NA,NA,NA,NA,NA,NA,NA,NA,NA,NA,NA,2015,7,TRUE,FALSE,TRUE,"Summer adult",0.233532934131737,42.8575981414208
"Little Tern","RRJ",NA,NA,"AB","70930","STEALB","M",4,169,43,2015-07-14,1899-12-31 01:00:00,"Atlit Salt-Pans",32.695,34.932,"Yosef Kiat",NA,"Sexing by blood testing",NA,"RJ",NA,NA,NA,NA,"R","J",NA,NA,"R",14,7,NA,NA,NA,NA,NA,NA,NA,NA,NA,NA,NA,NA,NA,NA,NA,NA,2015,7,TRUE,FALSE,TRUE,"Summer adult",0.254437869822485,45.6628487510401
"Little Tern","WB07",NA,"R","B","41942","STEALB","F",7,173,46,2015-07-27,1899-12-31 22:00:00,"Atlit Salt-Pans",32.695,34.932,"Yosef Kiat",NA,"Sexing by blood testing",NA,"B07",NA,NA,NA,NA,"B","0","7",NA,"W",27,7,NA,NA,NA,NA,NA,NA,NA,NA,NA,NA,NA,NA,NA,NA,NA,NA,2015,7,FALSE,TRUE,TRUE,"Summer adult",0.265895953757225,45.6704982366464
"Little Tern","RLT",NA,NA,"AB","70953","STEALB","F",4,172,45,2015-07-27,1899-12-31 22:00:00,"Atlit Salt-Pans",32.695,34.932,"Yosef Kiat",NA,"Sexing by blood testing",NA,"LT",NA,NA,NA,NA,"L","T",NA,NA,"R",27,7,NA,NA,NA,NA,NA,NA,NA,NA,NA,NA,NA,NA,NA,NA,NA,NA,2015,7,TRUE,FALSE,TRUE,"Summer adult",0.261627906976744,45.4287476352074
"Little Tern","RLV",NA,NA,"AB","70954","STEALB","M",4,173,44,2015-07-27,1899-12-31 22:00:00,"Atlit Salt-Pans",32.695,34.932,"Yosef Kiat",NA,"Sexing by blood testing",NA,"LV",NA,NA,NA,NA,"L","V",NA,NA,"R",27,7,NA,NA,NA,NA,NA,NA,NA,NA,NA,NA,NA,NA,NA,NA,NA,NA,2015,7,TRUE,FALSE,TRUE,"Summer adult",0.254335260115607,43.6848244002704
"Little Tern","RRV",NA,NA,"AB","70955","STEALB","M",4,171,48,2015-07-27,1899-12-31 23:30:00,"Atlit Salt-Pans",32.695,34.932,"Yosef Kiat",NA,"Sexing by blood testing",NA,"RV",NA,NA,NA,NA,"R","V",NA,NA,"R",27,7,NA,NA,NA,NA,NA,NA,NA,NA,NA,NA,NA,NA,NA,NA,NA,NA,2015,7,TRUE,FALSE,TRUE,"Summer adult",0.280701754385965,49.2767479879436
"Little Tern","NL24",NA,NA,"AB","70372","STEALB",NA,4,169,49,2016-06-20,1899-12-31 22:00:00,"Atlit Salt-Pans",32.695,34.932,"Yosef Kiat",NA,"Bill(d)=6.9",NA,"L24",NA,69,TRUE,NA,"L","2","4",NA,"N",20,6,NA,NA,NA,NA,NA,NA,NA,NA,NA,NA,NA,NA,NA,NA,NA,NA,2016,6,TRUE,FALSE,TRUE,"Summer adult",0.289940828402367,52.0344090418829
"Little Tern","NL27",NA,NA,"AB","70375","STEALB",NA,4,171,41,2016-06-20,1899-12-31 23:00:00,"Atlit Salt-Pans",32.695,34.932,"Yosef Kiat",NA,"R1=45, Bill(d)=6.2",NA,"L27",NA,67,TRUE,NA,"L","2","7",NA,"N",20,6,NA,NA,NA,NA,NA,NA,NA,NA,NA,NA,NA,NA,NA,NA,NA,NA,2016,6,TRUE,FALSE,TRUE,"Summer adult",0.239766081871345,42.0905555730351
"Little Tern","NL3J",NA,NA,"AB","70383","STEALB",NA,4,173,45,2016-06-20,1899-12-31 23:30:00,"Atlit Salt-Pans",32.695,34.932,"Yosef Kiat",NA,"R1=43, Bill(d)=6.7",NA,"L3J",NA,63,TRUE,NA,"L","3","J",NA,"N",20,6,NA,NA,NA,NA,NA,NA,NA,NA,NA,NA,NA,NA,NA,NA,NA,NA,2016,6,TRUE,FALSE,TRUE,"Summer adult",0.260115606936416,44.6776613184584
"Little Tern","NL3K",NA,NA,"AB","70384","STEALB",NA,4,176,45,2016-06-20,1899-12-31 23:30:00,"Atlit Salt-Pans",32.695,34.932,"Yosef Kiat",NA,"R1=47, Bill(d)=6.4",NA,"L3K",NA,70,TRUE,NA,"L","3","K",NA,"N",20,6,NA,NA,NA,NA,NA,NA,NA,NA,NA,NA,NA,NA,NA,NA,NA,NA,2016,6,TRUE,FALSE,TRUE,"Summer adult",0.255681818181818,42.5224143920741
"Little Tern","NL3L",NA,NA,"AB","70385","STEALB",NA,4,172,43,2016-06-21,1899-12-31 00:15:00,"Atlit Salt-Pans",32.695,34.932,"Yosef Kiat",NA,"R1=44, Bill(d)=6.3",NA,"L3L",NA,66,TRUE,NA,"L","3","L",NA,"N",21,6,NA,NA,NA,NA,NA,NA,NA,NA,NA,NA,NA,NA,NA,NA,NA,NA,2016,6,TRUE,FALSE,TRUE,"Summer adult",0.25,43.4096921847537
"Little Tern","NL3N",NA,NA,"AB","70386","STEALB",NA,4,165,41,2016-06-21,1899-12-31 00:15:00,"Atlit Salt-Pans",32.695,34.932,"Yosef Kiat",NA,"R1=44, Bill(d)=5.9",NA,"L3N",NA,70,TRUE,NA,"L","3","N",NA,"N",21,6,NA,NA,NA,NA,NA,NA,NA,NA,NA,NA,NA,NA,NA,NA,NA,NA,2016,6,TRUE,FALSE,TRUE,"Summer adult",0.248484848484848,46.6439045211075
"Little Tern","NL3P",NA,NA,"AB","70387","STEALB",NA,4,175,45,2016-06-21,1899-12-31 00:15:00,"Atlit Salt-Pans",32.695,34.932,"Yosef Kiat",NA,"Bill(d)=6.5",NA,"L3P",NA,NA,TRUE,NA,"L","3","P",NA,"N",21,6,NA,NA,NA,NA,NA,NA,NA,NA,NA,NA,NA,NA,NA,NA,NA,NA,2016,6,TRUE,FALSE,TRUE,"Summer adult",0.257142857142857,43.2249481818521
"Little Tern","NL3X",NA,NA,"AB","70391","STEALB",NA,4,171,43,2016-06-21,1899-12-31 00:45:00,"Atlit Salt-Pans",32.695,34.932,"Yosef Kiat",NA,"Bill(d)=6.6",NA,"L3X",NA,67,TRUE,NA,"L","3","X",NA,"N",21,6,NA,NA,NA,NA,NA,NA,NA,NA,NA,NA,NA,NA,NA,NA,NA,NA,2016,6,TRUE,FALSE,TRUE,"Summer adult",0.251461988304094,44.1437534058661
"Little Tern","NL3Z",NA,NA,"AB","70392","STEALB",NA,4,176,48,2016-06-21,1899-12-31 02:00:00,"Atlit Salt-Pans",32.695,34.932,"Yosef Kiat",NA,"Bill(d)=6.5",NA,"L3Z",NA,NA,TRUE,NA,"L","3","Z",NA,"N",21,6,NA,NA,NA,NA,NA,NA,NA,NA,NA,NA,NA,NA,NA,NA,NA,NA,2016,6,TRUE,FALSE,TRUE,"Summer adult",0.272727272727273,45.3572420182124
"Little Tern","WE32",NA,"R","AB","70889","STEALB",NA,5,167,41,2016-06-21,1899-12-31 02:00:00,"Atlit Salt-Pans",32.695,34.932,"Yosef Kiat",NA,"Bill(d)=5.9",NA,"E32",NA,NA,TRUE,NA,"E","3","2",NA,"W",21,6,NA,NA,NA,NA,NA,NA,NA,NA,NA,NA,NA,NA,NA,NA,NA,NA,2016,6,FALSE,TRUE,TRUE,"Summer adult",0.245508982035928,45.0554236871347
"Little Tern","NL31",NA,NA,"AB","70394","STEALB",NA,4,173,48,2016-06-26,1899-12-31 20:30:00,"Atlit Salt-Pans",32.695,34.932,"Yosef Kiat",NA,"R1=46, Bill(d)=6.2",NA,"L31",NA,71,TRUE,NA,"L","3","1",NA,"N",26,6,NA,NA,NA,NA,NA,NA,NA,NA,NA,NA,NA,NA,NA,NA,NA,NA,2016,6,TRUE,FALSE,TRUE,"Summer adult",0.277456647398844,47.6561720730223
"Little Tern","NL33",NA,NA,"AB","70396","STEALB",NA,4,177,48,2016-06-26,1899-12-31 20:30:00,"Atlit Salt-Pans",32.695,34.932,"Yosef Kiat",NA,"R1=51, Bill(d)=6.8",NA,"L33",NA,78,TRUE,NA,"L","3","3",NA,"N",26,6,NA,NA,NA,NA,NA,NA,NA,NA,NA,NA,NA,NA,NA,NA,NA,NA,2016,6,TRUE,FALSE,TRUE,"Summer adult",0.271186440677966,44.6241949209412
"Little Tern","NL34",NA,NA,"AB","70397","STEALB",NA,4,169,48,2016-06-26,1899-12-31 20:30:00,"Atlit Salt-Pans",32.695,34.932,"Yosef Kiat",NA,"R1=47, Bill(d)=6.7",NA,"L34",NA,67,TRUE,NA,"L","3","4",NA,"N",26,6,NA,NA,NA,NA,NA,NA,NA,NA,NA,NA,NA,NA,NA,NA,NA,NA,2016,6,TRUE,FALSE,TRUE,"Summer adult",0.284023668639053,50.9724823267424
"Little Tern","NL35",NA,NA,"AB","70398","STEALB",NA,4,170,48,2016-06-26,1899-12-31 20:30:00,"Atlit Salt-Pans",32.695,34.932,"Yosef Kiat",NA,"R1=49, Bill(d)=5.9",NA,"L35",NA,67,TRUE,NA,"L","3","5",NA,"N",26,6,NA,NA,NA,NA,NA,NA,NA,NA,NA,NA,NA,NA,NA,NA,NA,NA,2016,6,TRUE,FALSE,TRUE,"Summer adult",0.282352941176471,50.1149501686758
"Little Tern","NL4B",NA,NA,"AB","70403","STEALB",NA,4,168,44,2016-06-26,1899-12-31 21:30:00,"Atlit Salt-Pans",32.695,34.932,"Yosef Kiat",NA,"R1=47, Bill(d)=6.0",NA,"L4B",NA,65,TRUE,NA,"L","4","B",NA,"N",26,6,NA,NA,NA,NA,NA,NA,NA,NA,NA,NA,NA,NA,NA,NA,NA,NA,2016,6,TRUE,FALSE,TRUE,"Summer adult",0.261904761904762,47.5290828857277
"Little Tern","NL4C",NA,NA,"AB","70404","STEALB",NA,4,171,47,2016-06-26,1899-12-31 21:30:00,"Atlit Salt-Pans",32.695,34.932,"Yosef Kiat",NA,"Bill(d)=6.7",NA,"L4C",NA,NA,TRUE,NA,"L","4","C",NA,"N",26,6,NA,NA,NA,NA,NA,NA,NA,NA,NA,NA,NA,NA,NA,NA,NA,NA,2016,6,TRUE,FALSE,TRUE,"Summer adult",0.274853801169591,48.2501490715281
"Little Tern","NL4E",NA,NA,"AB","70405","STEALB",NA,4,173,46,2016-06-26,1899-12-31 21:30:00,"Atlit Salt-Pans",32.695,34.932,"Yosef Kiat",NA,"Bill(d)=6.8",NA,"L4E",NA,NA,TRUE,NA,"L","4","E",NA,"N",26,6,NA,NA,NA,NA,NA,NA,NA,NA,NA,NA,NA,NA,NA,NA,NA,NA,2016,6,TRUE,FALSE,TRUE,"Summer adult",0.265895953757225,45.6704982366464
"Little Tern","NL4J",NA,NA,"AB","70407","STEALB",NA,4,171,43,2016-06-26,1899-12-31 21:30:00,"Atlit Salt-Pans",32.695,34.932,"Yosef Kiat",NA,"Bill(d)=6.0",NA,"L4J",NA,NA,TRUE,NA,"L","4","J",NA,"N",26,6,NA,NA,NA,NA,NA,NA,NA,NA,NA,NA,NA,NA,NA,NA,NA,NA,2016,6,TRUE,FALSE,TRUE,"Summer adult",0.251461988304094,44.1437534058661
"Little Tern","NL4L",NA,NA,"AB","70409","STEALB",NA,4,177,48,2016-06-26,1899-12-31 22:30:00,"Atlit Salt-Pans",32.695,34.932,"Yosef Kiat",NA,"Bill(d)=6.5",NA,"L4L",NA,NA,TRUE,NA,"L","4","L",NA,"N",26,6,NA,NA,NA,NA,NA,NA,NA,NA,NA,NA,NA,NA,NA,NA,NA,NA,2016,6,TRUE,FALSE,TRUE,"Summer adult",0.271186440677966,44.6241949209412
"Little Tern","NL4N",NA,NA,"AB","70410","STEALB",NA,4,170,43,2016-06-26,1899-12-31 23:30:00,"Atlit Salt-Pans",32.695,34.932,"Yosef Kiat",NA,"Bill(d)=6.3",NA,"L4N",NA,NA,TRUE,NA,"L","4","N",NA,"N",26,6,NA,NA,NA,NA,NA,NA,NA,NA,NA,NA,NA,NA,NA,NA,NA,NA,2016,6,TRUE,FALSE,TRUE,"Summer adult",0.252941176470588,44.8946428594387
"Little Tern","NL4P",NA,NA,"AB","70411","STEALB",NA,4,167,45,2016-06-26,1899-12-31 23:30:00,"Atlit Salt-Pans",32.695,34.932,"Yosef Kiat",NA,"Bill(d)=6.3",NA,"L4P",NA,NA,TRUE,NA,"L","4","P",NA,"N",26,6,NA,NA,NA,NA,NA,NA,NA,NA,NA,NA,NA,NA,NA,NA,NA,NA,2016,6,TRUE,FALSE,TRUE,"Summer adult",0.269461077844311,49.4510747785625
"Little Tern","NL4T",NA,NA,"AB","70414","STEALB",NA,4,170,45,2016-06-27,1899-12-31 00:30:00,"Atlit Salt-Pans",32.695,34.932,"Yosef Kiat",NA,NA,NA,"L4T",NA,NA,NA,NA,"L","4","T",NA,"N",27,6,NA,NA,NA,NA,NA,NA,NA,NA,NA,NA,NA,NA,NA,NA,NA,NA,2016,6,TRUE,FALSE,TRUE,"Summer adult",0.264705882352941,46.9827657831335
"Little Tern","NL5B",NA,NA,"AB","70430","STEALB",NA,4,167,45,2016-07-04,1899-12-31 00:30:00,"Atlit Salt-Pans",32.695,34.932,"Yosef Kiat",NA,"Bill(d)=6.3",NA,"L5B",NA,NA,TRUE,NA,"L","5","B",NA,"N",4,7,NA,NA,NA,NA,NA,NA,NA,NA,NA,NA,NA,NA,NA,NA,NA,NA,2016,7,TRUE,FALSE,TRUE,"Summer adult",0.269461077844311,49.4510747785625
"Little Tern","WAE7",NA,"R","B","41540","STEALB","F",13,173,42,2016-07-04,1899-12-31 01:30:00,"Atlit Salt-Pans",32.695,34.932,"Yosef Kiat",NA,"Bill(d)=6.1",NA,"AE7",NA,NA,TRUE,NA,"A","E","7",NA,"W",4,7,NA,NA,NA,NA,NA,NA,NA,NA,NA,NA,NA,NA,NA,NA,NA,NA,2016,7,FALSE,TRUE,TRUE,"Summer adult",0.242774566473988,41.6991505638945
"Little Tern","NL4Z",NA,NA,"AB","70417","STEALB",NA,4,167,48,2016-07-04,1899-12-31 20:30:00,"Atlit Salt-Pans",32.695,34.932,"Yosef Kiat",NA,"Bill(d)=6.4",NA,"L4Z",NA,NA,TRUE,NA,"L","4","Z",NA,"N",4,7,NA,NA,NA,NA,NA,NA,NA,NA,NA,NA,NA,NA,NA,NA,NA,NA,2016,7,TRUE,FALSE,TRUE,"Summer adult",0.287425149700599,52.7478130971333
"Little Tern","NL40",NA,NA,"AB","70418","STEALB",NA,4,176,47,2016-07-04,1899-12-31 20:30:00,"Atlit Salt-Pans",32.695,34.932,"Yosef Kiat",NA,"Bill(d)=6.7",NA,"L40",NA,NA,TRUE,NA,"L","4","0",NA,"N",4,7,NA,NA,NA,NA,NA,NA,NA,NA,NA,NA,NA,NA,NA,NA,NA,NA,2016,7,TRUE,FALSE,TRUE,"Summer adult",0.267045454545455,44.4122994761663
"Little Tern","NL41",NA,NA,"AB","70419","STEALB",NA,4,176,45,2016-07-04,1899-12-31 20:30:00,"Atlit Salt-Pans",32.695,34.932,"Yosef Kiat",NA,"Bill(d)=6.7",NA,"L41",NA,NA,TRUE,NA,"L","4","1",NA,"N",4,7,NA,NA,NA,NA,NA,NA,NA,NA,NA,NA,NA,NA,NA,NA,NA,NA,2016,7,TRUE,FALSE,TRUE,"Summer adult",0.255681818181818,42.5224143920741
"Little Tern","NL42",NA,NA,"AB","70420","STEALB",NA,4,182,54,2016-07-04,1899-12-31 20:30:00,"Atlit Salt-Pans",32.695,34.932,"Yosef Kiat",NA,"Bill(d)=6.2",NA,"L42",NA,NA,TRUE,NA,"L","4","2",NA,"N",4,7,NA,NA,NA,NA,NA,NA,NA,NA,NA,NA,NA,NA,NA,NA,NA,NA,2016,7,TRUE,FALSE,TRUE,"Summer adult",0.296703296703297,46.3373148510211
"Little Tern","WE37",NA,"R","AB","70904","STEALB","F",5,168,49,2016-07-04,1899-12-31 20:30:00,"Atlit Salt-Pans",32.695,34.932,"Yosef Kiat",NA,"Sexing by blood testing, Bill(d)=6.4",NA,"E37",NA,NA,TRUE,NA,"E","3","7",NA,"W",4,7,NA,NA,NA,NA,NA,NA,NA,NA,NA,NA,NA,NA,NA,NA,NA,NA,2016,7,FALSE,TRUE,TRUE,"Summer adult",0.291666666666667,52.9301150318332
"Little Tern","WCK7",NA,"R","AB","70810","STEALB",NA,5,171,46,2016-07-04,1899-12-31 20:30:00,"Atlit Salt-Pans",32.695,34.932,"Yosef Kiat",NA,"Bill(d)=7.4",NA,"CK7",NA,NA,TRUE,NA,"C","K","7",NA,"W",4,7,NA,NA,NA,NA,NA,NA,NA,NA,NA,NA,NA,NA,NA,NA,NA,NA,2016,7,FALSE,TRUE,TRUE,"Summer adult",0.269005847953216,47.2235501551126
"Little Tern","WCS0",NA,"R","AB","70656","STEALB",NA,7,166,55,2016-07-04,1899-12-31 20:30:00,"Atlit Salt-Pans",32.695,34.932,"Yosef Kiat",NA,"Bill(d)=6.8",NA,"CS0",NA,NA,TRUE,NA,"C","S","0",NA,"W",4,7,NA,NA,NA,NA,NA,NA,NA,NA,NA,NA,NA,NA,NA,NA,NA,NA,2016,7,FALSE,TRUE,TRUE,"Summer adult",0.331325301204819,61.4932091388166
"Little Tern","WBP1",NA,"R","B","41946","STEALB","M",9,179,45,2016-07-04,1899-12-31 22:00:00,"Atlit Salt-Pans",32.695,34.932,"Yosef Kiat",NA,"Bill(d)=7.1",NA,"BP1",NA,NA,TRUE,NA,"B","P","1",NA,"W",4,7,NA,NA,NA,NA,NA,NA,NA,NA,NA,NA,NA,NA,NA,NA,NA,NA,2016,7,FALSE,TRUE,TRUE,"Summer adult",0.251396648044693,40.5049716504088
"Little Tern","NL43",NA,NA,"AB","70421","STEALB","M",4,176,44,2016-07-04,1899-12-31 22:00:00,"Atlit Salt-Pans",32.695,34.932,"Yosef Kiat",NA,"Sexing by blood testing, Bill(d)=6.2",NA,"L43",NA,NA,TRUE,NA,"L","4","3",NA,"N",4,7,NA,NA,NA,NA,NA,NA,NA,NA,NA,NA,NA,NA,NA,NA,NA,NA,2016,7,TRUE,FALSE,TRUE,"Summer adult",0.25,41.577471850028
"Little Tern","NL44",NA,NA,"AB","70422","STEALB",NA,4,167,45,2016-07-04,1899-12-31 22:00:00,"Atlit Salt-Pans",32.695,34.932,"Yosef Kiat",NA,NA,NA,"L44",NA,NA,NA,NA,"L","4","4",NA,"N",4,7,NA,NA,NA,NA,NA,NA,NA,NA,NA,NA,NA,NA,NA,NA,NA,NA,2016,7,TRUE,FALSE,TRUE,"Summer adult",0.269461077844311,49.4510747785625
"Little Tern","NL45",NA,NA,"AB","70423","STEALB",NA,4,175,49,2016-07-04,1899-12-31 22:00:00,"Atlit Salt-Pans",32.695,34.932,"Yosef Kiat",NA,"Bill(d)=6.8",NA,"L45",NA,NA,TRUE,NA,"L","4","5",NA,"N",4,7,NA,NA,NA,NA,NA,NA,NA,NA,NA,NA,NA,NA,NA,NA,NA,NA,2016,7,TRUE,FALSE,TRUE,"Summer adult",0.28,47.0671657980167
"Little Tern","NL46",NA,NA,"AB","70424","STEALB",NA,4,174,45,2016-07-04,1899-12-31 22:00:00,"Atlit Salt-Pans",32.695,34.932,"Yosef Kiat",NA,"Bill(d)=6.5",NA,"L46",NA,NA,TRUE,NA,"L","4","6",NA,"N",4,7,NA,NA,NA,NA,NA,NA,NA,NA,NA,NA,NA,NA,NA,NA,NA,NA,2016,7,TRUE,FALSE,TRUE,"Summer adult",0.258620689655172,43.9432152145323
"Little Tern","NL47",NA,NA,"AB","70425","STEALB",NA,4,168,41,2016-07-04,1899-12-31 22:00:00,"Atlit Salt-Pans",32.695,34.932,"Yosef Kiat",NA,"Bill(d)=6.2",NA,"L47",NA,NA,TRUE,NA,"L","4","7",NA,"N",4,7,NA,NA,NA,NA,NA,NA,NA,NA,NA,NA,NA,NA,NA,NA,NA,NA,2016,7,TRUE,FALSE,TRUE,"Summer adult",0.244047619047619,44.2884635980645
"Little Tern","WE02",NA,"R","AB","70827","STEALB","M",5,174,45,2016-07-04,1899-12-31 22:30:00,"Atlit Salt-Pans",32.695,34.932,"Yosef Kiat",NA,"Bill(d)=7.3",NA,"E02",NA,NA,TRUE,NA,"E","0","2",NA,"W",4,7,NA,NA,NA,NA,NA,NA,NA,NA,NA,NA,NA,NA,NA,NA,NA,NA,2016,7,FALSE,TRUE,TRUE,"Summer adult",0.258620689655172,43.9432152145323
"Little Tern","NL49",NA,NA,"AB","70427","STEALB",NA,4,174,44,2016-07-04,1899-12-31 22:30:00,"Atlit Salt-Pans",32.695,34.932,"Yosef Kiat",NA,"Bill(d)=6.1",NA,"L49",NA,NA,TRUE,NA,"L","4","9",NA,"N",4,7,NA,NA,NA,NA,NA,NA,NA,NA,NA,NA,NA,NA,NA,NA,NA,NA,2016,7,TRUE,FALSE,TRUE,"Summer adult",0.252873563218391,42.966699320876
"Little Tern","NL5A",NA,NA,"AB","70428","STEALB",NA,4,176,45,2016-07-04,1899-12-31 22:30:00,"Atlit Salt-Pans",32.695,34.932,"Yosef Kiat",NA,"Bill(d)=6.3",NA,"L5A",NA,NA,TRUE,NA,"L","5","A",NA,"N",4,7,NA,NA,NA,NA,NA,NA,NA,NA,NA,NA,NA,NA,NA,NA,NA,NA,2016,7,TRUE,FALSE,TRUE,"Summer adult",0.255681818181818,42.5224143920741
"Little Tern","NL5C",NA,NA,"AB","70432","STEALB",NA,4,168,47,2016-07-13,1899-12-31 20:30:00,"Atlit Salt-Pans",32.695,34.932,"Yosef Kiat",NA,"Bill(d)=6.2",NA,"L5C",NA,59,TRUE,NA,"L","5","C",NA,"N",13,7,NA,NA,NA,NA,NA,NA,NA,NA,NA,NA,NA,NA,NA,NA,NA,NA,2016,7,TRUE,FALSE,TRUE,"Summer adult",0.279761904761905,50.769702173391
"Little Tern","NL5E",NA,NA,"AB","70433","STEALB",NA,4,171,43,2016-07-13,1899-12-31 20:30:00,"Atlit Salt-Pans",32.695,34.932,"Yosef Kiat",NA,"Bill(d)=6.1",NA,"L5E",NA,NA,TRUE,NA,"L","5","E",NA,"N",13,7,NA,NA,NA,NA,NA,NA,NA,NA,NA,NA,NA,NA,NA,NA,NA,NA,2016,7,TRUE,FALSE,TRUE,"Summer adult",0.251461988304094,44.1437534058661
"Little Tern","NL5H",NA,NA,"AB","70434","STEALB",NA,4,180,49,2016-07-13,1899-12-31 20:30:00,"Atlit Salt-Pans",32.695,34.932,"Yosef Kiat",NA,"Bill(d)=6.5",NA,"L5H",NA,74,TRUE,NA,"L","5","H",NA,"N",13,7,NA,NA,NA,NA,NA,NA,NA,NA,NA,NA,NA,NA,NA,NA,NA,NA,2016,7,TRUE,FALSE,TRUE,"Summer adult",0.272222222222222,43.4044162987794
"Little Tern","NL5K",NA,NA,"AB","70436","STEALB",NA,4,176,42,2016-07-13,1899-12-31 21:30:00,"Atlit Salt-Pans",32.695,34.932,"Yosef Kiat",NA,"Bill(d)=5.5",NA,"L5K",NA,NA,TRUE,NA,"L","5","K",NA,"N",13,7,NA,NA,NA,NA,NA,NA,NA,NA,NA,NA,NA,NA,NA,NA,NA,NA,2016,7,TRUE,FALSE,TRUE,"Summer adult",0.238636363636364,39.6875867659358
"Little Tern","NL5L",NA,NA,"AB","70437","STEALB",NA,4,168,50,2016-07-13,1899-12-31 21:30:00,"Atlit Salt-Pans",32.695,34.932,"Yosef Kiat",NA,"Bill(d)=6.1",NA,"L5L",NA,NA,TRUE,NA,"L","5","L",NA,"N",13,7,NA,NA,NA,NA,NA,NA,NA,NA,NA,NA,NA,NA,NA,NA,NA,NA,2016,7,TRUE,FALSE,TRUE,"Summer adult",0.297619047619048,54.0103214610543
"Little Tern","NL5N",NA,NA,"AB","70438","STEALB",NA,4,175,51,2016-07-13,1899-12-31 21:30:00,"Atlit Salt-Pans",32.695,34.932,"Yosef Kiat",NA,"Bill(d)=6.9",NA,"L5N",NA,NA,TRUE,NA,"L","5","N",NA,"N",13,7,NA,NA,NA,NA,NA,NA,NA,NA,NA,NA,NA,NA,NA,NA,NA,NA,2016,7,TRUE,FALSE,TRUE,"Summer adult",0.291428571428571,48.988274606099
"Little Tern","NL5P",NA,NA,"AB","70439","STEALB",NA,4,181,52,2016-07-13,1899-12-31 21:30:00,"Atlit Salt-Pans",32.695,34.932,"Yosef Kiat",NA,"Bill(d)=6.4",NA,"L5P",NA,NA,TRUE,NA,"L","5","P",NA,"N",13,7,NA,NA,NA,NA,NA,NA,NA,NA,NA,NA,NA,NA,NA,NA,NA,NA,2016,7,TRUE,FALSE,TRUE,"Summer adult",0.287292817679558,45.3337613248448
"Little Tern","NKIC","+","R","AB","70745","STEALB",NA,8,176,42,2016-07-13,1899-12-31 21:30:00,"Atlit Salt-Pans",32.695,34.932,"Yosef Kiat",NA,"Bill(d)=6.5",NA,"KIC",NA,NA,TRUE,NA,"K","I","C",NA,"N",13,7,NA,NA,NA,NA,NA,"CH0",NA,NA,NA,NA,NA,NA,NA,NA,NA,NA,2016,7,FALSE,TRUE,TRUE,"Summer adult",0.238636363636364,39.6875867659358
"Little Tern","WE79",NA,"R","AB","70975","STEALB",NA,5,167,40,2016-07-13,1899-12-31 21:30:00,"Atlit Salt-Pans",32.695,34.932,"Yosef Kiat",NA,"Bill(d)=5.6",NA,"E79",NA,NA,TRUE,NA,"E","7","9",NA,"W",13,7,NA,NA,NA,NA,NA,NA,NA,NA,NA,NA,NA,NA,NA,NA,NA,NA,2016,7,FALSE,TRUE,TRUE,"Summer adult",0.239520958083832,43.9565109142778
"Little Tern","NL5Z",NA,NA,"AB","70444","STEALB",NA,4,169,52,2016-07-13,1899-12-31 21:30:00,"Atlit Salt-Pans",32.695,34.932,"Yosef Kiat",NA,"Bill(d)=6.9",NA,"L5Z",NA,NA,TRUE,NA,"L","5","Z",NA,"N",13,7,NA,NA,NA,NA,NA,NA,NA,NA,NA,NA,NA,NA,NA,NA,NA,NA,2016,7,TRUE,FALSE,TRUE,"Summer adult",0.307692307692308,55.2201891873043
"Little Tern","NL50",NA,NA,"AB","70445","STEALB",NA,4,172,44,2016-07-13,1899-12-31 21:30:00,"Atlit Salt-Pans",32.695,34.932,"Yosef Kiat",NA,"Bill(d)=6.3",NA,"L50",NA,NA,TRUE,NA,"L","5","0",NA,"N",13,7,NA,NA,NA,NA,NA,NA,NA,NA,NA,NA,NA,NA,NA,NA,NA,NA,2016,7,TRUE,FALSE,TRUE,"Summer adult",0.255813953488372,44.4192199099805
"Little Tern","NL51",NA,NA,"AB","70446","STEALB",NA,4,174,46,2016-07-13,1899-12-31 21:30:00,"Atlit Salt-Pans",32.695,34.932,"Yosef Kiat",NA,"Bill(d)=6.5",NA,"L51",NA,NA,TRUE,NA,"L","5","1",NA,"N",13,7,NA,NA,NA,NA,NA,NA,NA,NA,NA,NA,NA,NA,NA,NA,NA,NA,2016,7,TRUE,FALSE,TRUE,"Summer adult",0.264367816091954,44.9197311081886
"Little Tern","NL52",NA,NA,"AB","70447","STEALB",NA,4,170,50,2016-07-13,1899-12-31 21:30:00,"Atlit Salt-Pans",32.695,34.932,"Yosef Kiat",NA,"Bill(d)=6.7",NA,"L52",NA,NA,TRUE,NA,"L","5","2",NA,"N",13,7,NA,NA,NA,NA,NA,NA,NA,NA,NA,NA,NA,NA,NA,NA,NA,NA,2016,7,TRUE,FALSE,TRUE,"Summer adult",0.294117647058824,52.2030730923706
"Little Tern","NL53",NA,NA,"AB","70448","STEALB",NA,4,173,45,2016-07-13,1899-12-31 21:30:00,"Atlit Salt-Pans",32.695,34.932,"Yosef Kiat",NA,"Bill(d)=6.0",NA,"L53",NA,NA,TRUE,NA,"L","5","3",NA,"N",13,7,NA,NA,NA,NA,NA,NA,NA,NA,NA,NA,NA,NA,NA,NA,NA,NA,2016,7,TRUE,FALSE,TRUE,"Summer adult",0.260115606936416,44.6776613184584
"Little Tern","NL54",NA,NA,"AB","70449","STEALB",NA,4,174,47,2016-07-13,1899-12-31 21:30:00,"Atlit Salt-Pans",32.695,34.932,"Yosef Kiat",NA,"Bill(d)=6.5",NA,"L54",NA,NA,TRUE,NA,"L","5","4",NA,"N",13,7,NA,NA,NA,NA,NA,NA,NA,NA,NA,NA,NA,NA,NA,NA,NA,NA,2016,7,TRUE,FALSE,TRUE,"Summer adult",0.270114942528736,45.8962470018449
"Little Tern","NL55",NA,NA,"AB","70450","STEALB",NA,4,171,44,2016-07-13,1899-12-31 21:30:00,"Atlit Salt-Pans",32.695,34.932,"Yosef Kiat",NA,"Bill(d)=5.8",NA,"L55",NA,NA,TRUE,NA,"L","5","5",NA,"N",13,7,NA,NA,NA,NA,NA,NA,NA,NA,NA,NA,NA,NA,NA,NA,NA,NA,2016,7,TRUE,FALSE,TRUE,"Summer adult",0.257309941520468,45.1703523222816
"Little Tern","WASS","+",NA,"AB","70451","STEALB",NA,4,169,45,2016-07-13,1899-12-31 21:30:00,"Atlit Salt-Pans",32.695,34.932,"Yosef Kiat",NA,"Bill(d)=6.2",NA,"ASS",NA,NA,TRUE,NA,"A","S","S",NA,"W",13,7,NA,NA,NA,NA,NA,"L56",NA,NA,NA,NA,NA,NA,NA,NA,NA,NA,2016,7,TRUE,FALSE,TRUE,"Summer adult",0.266272189349112,47.786702181321
"Little Tern","NL57",NA,NA,"AB","70452","STEALB",NA,4,164,45,2016-07-13,1899-12-31 21:30:00,"Atlit Salt-Pans",32.695,34.932,"Yosef Kiat",NA,"Bill(d)=5.9",NA,"L57",NA,NA,TRUE,NA,"L","5","7",NA,"N",13,7,NA,NA,NA,NA,NA,NA,NA,NA,NA,NA,NA,NA,NA,NA,NA,NA,2016,7,TRUE,FALSE,TRUE,"Summer adult",0.274390243902439,52.0973944203968
"Little Tern","NL58",NA,NA,"AB","70453","STEALB",NA,4,177,46,2016-07-13,1899-12-31 21:30:00,"Atlit Salt-Pans",32.695,34.932,"Yosef Kiat",NA,"Bill(d)=6.5",NA,"L58",NA,NA,TRUE,NA,"L","5","8",NA,"N",13,7,NA,NA,NA,NA,NA,NA,NA,NA,NA,NA,NA,NA,NA,NA,NA,NA,2016,7,TRUE,FALSE,TRUE,"Summer adult",0.259887005649718,42.764853465902
"Little Tern","NL6A",NA,NA,"AB","70455","STEALB",NA,4,170,46,2016-07-14,1899-12-31 00:30:00,"Atlit Salt-Pans",32.695,34.932,"Yosef Kiat",NA,"Bill(d)=6.5",NA,"L6A",NA,NA,NA,NA,"L","6","A",NA,"N",14,7,NA,NA,NA,NA,NA,NA,NA,NA,NA,NA,NA,NA,NA,NA,NA,NA,2016,7,TRUE,FALSE,TRUE,"Summer adult",0.270588235294118,48.0268272449809
"Little Tern","NL6J",NA,NA,"AB","70460","STEALB",NA,4,168,50,2016-07-21,1899-12-31 20:30:00,"Atlit Salt-Pans",32.695,34.932,"Yosef Kiat",NA,"Bill(d)=5.8",NA,"L6J",NA,NA,TRUE,NA,"L","6","J",NA,"N",21,7,NA,NA,NA,NA,NA,NA,NA,NA,NA,NA,NA,NA,NA,NA,NA,NA,2016,7,TRUE,FALSE,TRUE,"Summer adult",0.297619047619048,54.0103214610543
"Little Tern","NL6K",NA,NA,"AB","70461","STEALB","M",4,178,48,2016-07-21,1899-12-31 20:30:00,"Atlit Salt-Pans",32.695,34.932,"Yosef Kiat",NA,"Bill(d)=6.5",NA,"L6K",NA,NA,TRUE,NA,"L","6","K",NA,"N",21,7,NA,NA,NA,NA,NA,NA,NA,NA,NA,NA,NA,NA,NA,NA,NA,NA,2016,7,TRUE,FALSE,TRUE,"Summer adult",0.269662921348315,43.9070253544801
"Little Tern","NL6L",NA,NA,"AB","70462","STEALB",NA,4,170,41,2016-07-21,1899-12-31 20:30:00,"Atlit Salt-Pans",32.695,34.932,"Yosef Kiat",NA,"Bill(d)=6.8",NA,"L6L",NA,NA,TRUE,NA,"L","6","L",NA,"N",21,7,NA,NA,NA,NA,NA,NA,NA,NA,NA,NA,NA,NA,NA,NA,NA,NA,2016,7,TRUE,FALSE,TRUE,"Summer adult",0.241176470588235,42.8065199357439
"Little Tern","NL6N",NA,NA,"AB","70463","STEALB",NA,4,178,47,2016-07-21,1899-12-31 20:30:00,"Atlit Salt-Pans",32.695,34.932,"Yosef Kiat",NA,"Bill(d)=6.5",NA,"L6N",NA,NA,TRUE,NA,"L","6","N",NA,"N",21,7,NA,NA,NA,NA,NA,NA,NA,NA,NA,NA,NA,NA,NA,NA,NA,NA,2016,7,TRUE,FALSE,TRUE,"Summer adult",0.264044943820225,42.9922956595951
"Little Tern","WCE3",NA,"R","AB","70729","STEALB","M",8,173,42,2016-07-21,1899-12-31 21:30:00,"Atlit Salt-Pans",32.695,34.932,"Yosef Kiat",NA,NA,NA,"CE3",NA,NA,NA,NA,"C","E","3",NA,"W",21,7,NA,NA,NA,NA,NA,NA,NA,NA,NA,NA,NA,NA,NA,NA,NA,NA,2016,7,FALSE,TRUE,TRUE,"Summer adult",0.242774566473988,41.6991505638945
"Little Tern","WCA8",NA,"R","AB","70704","STEALB","F",8,169,45,2016-07-21,1899-12-31 21:30:00,"Atlit Salt-Pans",32.695,34.932,"Yosef Kiat",NA,"Bill(d)=6.9",NA,"CA8",NA,NA,TRUE,NA,"C","A","8",NA,"W",21,7,NA,NA,NA,NA,NA,NA,NA,NA,NA,NA,NA,NA,NA,NA,NA,NA,2016,7,FALSE,TRUE,TRUE,"Summer adult",0.266272189349112,47.786702181321
"Little Tern","NL6S",NA,NA,"AB","70465","STEALB",NA,4,171,44,2016-07-21,1899-12-31 21:30:00,"Atlit Salt-Pans",32.695,34.932,"Yosef Kiat",NA,"Bill(d)=6.3",NA,"L6S",NA,NA,TRUE,NA,"L","6","S",NA,"N",21,7,NA,NA,NA,NA,NA,NA,NA,NA,NA,NA,NA,NA,NA,NA,NA,NA,2016,7,TRUE,FALSE,TRUE,"Summer adult",0.257309941520468,45.1703523222816
"Little Tern","WE38",NA,"R","AB","70905","STEALB","M",5,175,47,2016-07-21,1899-12-31 22:30:00,"Atlit Salt-Pans",32.695,34.932,"Yosef Kiat",NA,"Sexing by blood testing, Bill(d)=6.7",NA,"E38",NA,NA,TRUE,NA,"E","3","8",NA,"W",21,7,NA,NA,NA,NA,NA,NA,NA,NA,NA,NA,NA,NA,NA,NA,NA,NA,2016,7,FALSE,TRUE,TRUE,"Summer adult",0.268571428571429,45.1460569899344
"Little Tern","WE25",NA,"R","AB","70873","STEALB",NA,5,171,42,2016-07-21,1899-12-31 22:30:00,"Atlit Salt-Pans",32.695,34.932,"Yosef Kiat",NA,"Bill(d)=6.8",NA,"E25",NA,NA,TRUE,NA,"E","2","5",NA,"W",21,7,NA,NA,NA,NA,NA,NA,NA,NA,NA,NA,NA,NA,NA,NA,NA,NA,2016,7,FALSE,TRUE,TRUE,"Summer adult",0.245614035087719,43.1171544894506
"Little Tern","NL6V",NA,NA,"AB","70467","STEALB",NA,4,167,46,2016-07-22,1899-12-31 00:15:00,"Atlit Salt-Pans",32.695,34.932,"Yosef Kiat",NA,NA,NA,"L6V",NA,NA,TRUE,NA,"L","6","V",NA,"N",22,7,NA,NA,NA,NA,NA,NA,NA,NA,NA,NA,NA,NA,NA,NA,NA,NA,2016,7,TRUE,FALSE,TRUE,"Summer adult",0.275449101796407,50.5499875514194
"Little Tern","NL6X",NA,NA,"AB","70468","STEALB",NA,4,165,42,2016-07-31,1899-12-31 21:00:00,"Atlit Salt-Pans",32.695,34.932,"Yosef Kiat",NA,NA,NA,"L6X",NA,NA,NA,NA,"L","6","X",NA,"N",31,7,NA,NA,NA,NA,NA,NA,NA,NA,NA,NA,NA,NA,NA,NA,NA,NA,2016,7,TRUE,FALSE,TRUE,"Summer adult",0.254545454545455,47.7815607289394
"Little Tern","WCP1",NA,"R","AB","70647","STEALB",NA,9,165,44,2017-06-27,NA,"Atlit Salt-Pans",32.695,34.932,"Yosef Kiat",NA,NA,NA,"CP1",NA,63,NA,NA,"C","P","1",NA,"W",27,6,NA,NA,NA,NA,NA,NA,NA,NA,NA,NA,NA,NA,NA,NA,NA,NA,2017,6,FALSE,TRUE,TRUE,"Summer adult",0.266666666666667,50.0568731446032
"Little Tern","YL5",NA,"R","AB","70910","STEALB",NA,8,171,58,2017-06-27,NA,"Atlit Salt-Pans",32.695,34.932,"Yosef Kiat",NA,NA,NA,"L5",NA,74,NA,NA,"L","5",NA,NA,"Y",27,6,NA,NA,NA,NA,NA,NA,NA,NA,NA,NA,NA,NA,NA,NA,NA,NA,2017,6,FALSE,TRUE,TRUE,"Summer adult",0.339181286549708,59.5427371520985
"Little Tern","NL9T",NA,NA,"AB","99042","STEALB",NA,4,169,46,2017-06-27,NA,"Atlit Salt-Pans",32.695,34.932,"Yosef Kiat",NA,NA,NA,"L9T",NA,70,NA,NA,"L","9","T",NA,"N",27,6,NA,NA,NA,NA,NA,NA,NA,NA,NA,NA,NA,NA,NA,NA,NA,NA,2017,6,TRUE,FALSE,TRUE,"Summer adult",0.272189349112426,48.8486288964615
"Little Tern","WH1B","+",NA,"AB","99043","STEALB",NA,4,164,45,2017-06-27,NA,"Atlit Salt-Pans",32.695,34.932,"Yosef Kiat",NA,NA,NA,"H1B",NA,74,NA,NA,"H","1","B",NA,"N",27,6,NA,NA,NA,NA,NA,"L9V",NA,NA,NA,NA,NA,NA,NA,NA,NA,NA,2017,6,TRUE,FALSE,TRUE,"Summer adult",0.274390243902439,52.0973944203968
"Little Tern","NL0",NA,"R","AB","70817","STEALB",NA,8,171,46,2017-06-27,NA,"Atlit Salt-Pans",32.695,34.932,"Yosef Kiat",NA,NA,NA,"L0",NA,NA,NA,NA,"L","0",NA,NA,"N",27,6,NA,NA,NA,NA,NA,NA,NA,NA,NA,NA,NA,NA,NA,NA,NA,NA,2017,6,FALSE,TRUE,TRUE,"Summer adult",0.269005847953216,47.2235501551126
"Little Tern","YR9",NA,"R","AB","70897","STEALB","F",8,172,46,2017-06-27,NA,"Atlit Salt-Pans",32.695,34.932,"Yosef Kiat",NA,NA,NA,"R9",NA,NA,NA,NA,"R","9",NA,NA,"Y",27,6,NA,NA,NA,NA,NA,NA,NA,NA,NA,NA,NA,NA,NA,NA,NA,NA,2017,6,FALSE,TRUE,TRUE,"Summer adult",0.267441860465116,46.4382753604342
"Little Tern","WCS8",NA,"R","AB","70664","STEALB",NA,10,179,44,2017-06-27,NA,"Atlit Salt-Pans",32.695,34.932,"Yosef Kiat",NA,NA,NA,"CS8",NA,78,NA,NA,"C","S","8",NA,"W",27,6,NA,NA,NA,NA,NA,NA,NA,NA,NA,NA,NA,NA,NA,NA,NA,NA,2017,6,FALSE,TRUE,TRUE,"Summer adult",0.245810055865922,39.6048611692886
"Little Tern","NL9Z",NA,NA,"AB","99045","STEALB",NA,4,167,44,2017-06-27,NA,"Atlit Salt-Pans",32.695,34.932,"Yosef Kiat",NA,NA,NA,"L9Z",NA,NA,NA,NA,"L","9","Z",NA,"N",27,6,NA,NA,NA,NA,NA,NA,NA,NA,NA,NA,NA,NA,NA,NA,NA,NA,2017,6,TRUE,FALSE,TRUE,"Summer adult",0.263473053892216,48.3521620057055
"Little Tern","NL90",NA,NA,"AB","99046","STEALB",NA,4,171,48,2017-06-27,NA,"Atlit Salt-Pans",32.695,34.932,"Yosef Kiat",NA,NA,NA,"L90",NA,NA,NA,NA,"L","9","0",NA,"N",27,6,NA,NA,NA,NA,NA,NA,NA,NA,NA,NA,NA,NA,NA,NA,NA,NA,2017,6,TRUE,FALSE,TRUE,"Summer adult",0.280701754385965,49.2767479879436
"Little Tern","NL91",NA,NA,"AB","99047","STEALB",NA,4,177,41,2017-06-27,NA,"Atlit Salt-Pans",32.695,34.932,"Yosef Kiat",NA,NA,NA,"L91",NA,NA,NA,NA,"L","9","1",NA,"N",27,6,NA,NA,NA,NA,NA,NA,NA,NA,NA,NA,NA,NA,NA,NA,NA,NA,2017,6,TRUE,FALSE,TRUE,"Summer adult",0.231638418079096,38.116499828304
"Little Tern","NL92",NA,NA,"AB","99048","STEALB",NA,4,177,45,2017-06-27,NA,"Atlit Salt-Pans",32.695,34.932,"Yosef Kiat",NA,NA,NA,"L92",NA,72,NA,NA,"L","9","2",NA,"N",27,6,NA,NA,NA,NA,NA,NA,NA,NA,NA,NA,NA,NA,NA,NA,NA,NA,2017,6,TRUE,FALSE,TRUE,"Summer adult",0.254237288135593,41.8351827383824
"Little Tern","NL93",NA,NA,"AB","99049","STEALB",NA,4,171,45,2017-06-27,NA,"Atlit Salt-Pans",32.695,34.932,"Yosef Kiat",NA,NA,NA,"L93",NA,NA,NA,NA,"L","9","3",NA,"N",27,6,NA,NA,NA,NA,NA,NA,NA,NA,NA,NA,NA,NA,NA,NA,NA,NA,2017,6,TRUE,FALSE,TRUE,"Summer adult",0.263157894736842,46.1969512386971
"Little Tern","NL94",NA,NA,"AB","99050","STEALB",NA,4,175,41,2017-06-27,NA,"Atlit Salt-Pans",32.695,34.932,"Yosef Kiat",NA,NA,NA,"L94",NA,70,NA,NA,"L","9","4",NA,"N",27,6,NA,NA,NA,NA,NA,NA,NA,NA,NA,NA,NA,NA,NA,NA,NA,NA,2017,6,TRUE,FALSE,TRUE,"Summer adult",0.234285714285714,39.3827305656875
"Little Tern","WE49",NA,"R","AB","70928","STEALB",NA,7,172,43,2017-06-27,NA,"Atlit Salt-Pans",32.695,34.932,"Yosef Kiat",NA,NA,NA,"E49",NA,NA,NA,NA,"E","4","9",NA,"W",27,6,NA,NA,NA,NA,NA,NA,NA,NA,NA,NA,NA,NA,NA,NA,NA,NA,2017,6,FALSE,TRUE,TRUE,"Summer adult",0.25,43.4096921847537
"Little Tern","NL95",NA,NA,"AB","99051","STEALB",NA,4,172,43,2017-06-27,NA,"Atlit Salt-Pans",32.695,34.932,"Yosef Kiat",NA,NA,NA,"L95",NA,NA,NA,NA,"L","9","5",NA,"N",27,6,NA,NA,NA,NA,NA,NA,NA,NA,NA,NA,NA,NA,NA,NA,NA,NA,2017,6,TRUE,FALSE,TRUE,"Summer adult",0.25,43.4096921847537
"Little Tern","NL96",NA,NA,"AB","99052","STEALB",NA,4,169,47,2017-06-27,NA,"Atlit Salt-Pans",32.695,34.932,"Yosef Kiat",NA,NA,NA,"L96",NA,64,NA,NA,"L","9","6",NA,"N",27,6,NA,NA,NA,NA,NA,NA,NA,NA,NA,NA,NA,NA,NA,NA,NA,NA,2017,6,TRUE,FALSE,TRUE,"Summer adult",0.27810650887574,49.9105556116019
"Little Tern","NL97",NA,NA,"AB","99053","STEALB",NA,4,169,44,2017-06-27,NA,"Atlit Salt-Pans",32.695,34.932,"Yosef Kiat",NA,NA,NA,"L97",NA,67,NA,NA,"L","9","7",NA,"N",27,6,NA,NA,NA,NA,NA,NA,NA,NA,NA,NA,NA,NA,NA,NA,NA,NA,2017,6,TRUE,FALSE,TRUE,"Summer adult",0.260355029585799,46.7247754661805
"Little Tern","WCI2",NA,"R","AB","70779","STEALB",NA,7,168,42,2017-06-27,NA,"Atlit Salt-Pans",32.695,34.932,"Yosef Kiat",NA,NA,NA,"CI2",NA,NA,NA,NA,"C","I","2",NA,"W",27,6,NA,NA,NA,NA,NA,NA,NA,NA,NA,NA,NA,NA,NA,NA,NA,NA,2017,6,FALSE,TRUE,TRUE,"Summer adult",0.25,45.3686700272856
"Little Tern","YLN",NA,"R","B","41961","STEALB","M",11,167,44,2017-07-05,1899-12-31 20:45:00,"Atlit Salt-Pans",32.695,34.932,"Yosef Kiat",NA,NA,NA,"LN",NA,NA,NA,NA,"L","N",NA,NA,"Y",5,7,NA,NA,NA,NA,NA,NA,NA,NA,NA,NA,NA,NA,NA,NA,NA,NA,2017,7,FALSE,TRUE,TRUE,"Summer adult",0.263473053892216,48.3521620057055
"Little Tern","NL98",NA,NA,"AB","99054","STEALB",NA,4,177,49,2017-07-05,1899-12-31 20:45:00,"Atlit Salt-Pans",32.695,34.932,"Yosef Kiat",NA,NA,NA,"L98",NA,NA,NA,NA,"L","9","8",NA,"N",5,7,NA,NA,NA,NA,NA,NA,NA,NA,NA,NA,NA,NA,NA,NA,NA,NA,2017,7,TRUE,FALSE,TRUE,"Summer adult",0.27683615819209,45.5538656484609
"Little Tern","NL99",NA,NA,"AB","99055","STEALB",NA,4,177,50,2017-07-05,1899-12-31 20:45:00,"Atlit Salt-Pans",32.695,34.932,"Yosef Kiat",NA,NA,NA,"L99",NA,NA,NA,NA,"L","9","9",NA,"N",5,7,NA,NA,NA,NA,NA,NA,NA,NA,NA,NA,NA,NA,NA,NA,NA,NA,2017,7,TRUE,FALSE,TRUE,"Summer adult",0.282485875706215,46.4835363759805
"Little Tern","NL41",NA,"R","AB","70419","STEALB",NA,6,176,46,2017-07-05,1899-12-31 20:45:00,"Atlit Salt-Pans",32.695,34.932,"Yosef Kiat",NA,NA,NA,"L41",NA,NA,NA,NA,"L","4","1",NA,"N",5,7,NA,NA,NA,NA,NA,NA,NA,NA,NA,NA,NA,NA,NA,NA,NA,NA,2017,7,FALSE,TRUE,TRUE,"Summer adult",0.261363636363636,43.4673569341202
"Little Tern","WE83","+","R","AB","99058","STEALB",NA,18,177,49,2017-07-05,1899-12-31 21:45:00,"Atlit Salt-Pans",32.695,34.932,"Yosef Kiat",NA,NA,NA,"E83",NA,NA,NA,NA,"E","8","3",NA,"W",5,7,NA,NA,NA,NA,NA,"HU",NA,NA,"AB-12721",NA,NA,NA,NA,NA,NA,NA,2017,7,FALSE,TRUE,TRUE,"Summer adult",0.27683615819209,45.5538656484609
"Little Tern","WE71",NA,"R","AB","70965","STEALB",NA,7,173,44,2017-07-05,1899-12-31 21:45:00,"Atlit Salt-Pans",32.695,34.932,"Yosef Kiat",NA,NA,NA,"E71",NA,NA,NA,NA,"E","7","1",NA,"W",5,7,NA,NA,NA,NA,NA,NA,NA,NA,NA,NA,NA,NA,NA,NA,NA,NA,2017,7,FALSE,TRUE,TRUE,"Summer adult",0.254335260115607,43.6848244002704
"Little Tern","NL0A",NA,"R","B","41694","STEALB",NA,13,166,46,2017-07-05,1899-12-31 21:45:00,"Atlit Salt-Pans",32.695,34.932,"Yosef Kiat",NA,NA,NA,"L0A",NA,NA,NA,NA,"L","0","A",NA,"N",5,7,NA,NA,NA,NA,NA,NA,NA,NA,NA,NA,NA,NA,NA,NA,NA,NA,2017,7,FALSE,TRUE,TRUE,"Summer adult",0.27710843373494,51.4306840070103
"Little Tern","WBL6",NA,"R","B","41922","STEALB",NA,11,176,45,2017-07-05,1899-12-31 21:45:00,"Atlit Salt-Pans",32.695,34.932,"Yosef Kiat",NA,NA,NA,"BL6",NA,NA,NA,NA,"B","L","6",NA,"W",5,7,NA,NA,NA,NA,NA,NA,NA,NA,NA,NA,NA,NA,NA,NA,NA,NA,2017,7,FALSE,TRUE,TRUE,"Summer adult",0.255681818181818,42.5224143920741
"Little Tern","WE84",NA,NA,"AB","99059","STEALB",NA,4,178,46,2017-07-05,1899-12-31 21:45:00,"Atlit Salt-Pans",32.695,34.932,"Yosef Kiat",NA,NA,NA,"E84",NA,NA,NA,NA,"E","8","4",NA,"W",5,7,NA,NA,NA,NA,NA,NA,NA,NA,NA,NA,NA,NA,NA,NA,NA,NA,2017,7,TRUE,FALSE,TRUE,"Summer adult",0.258426966292135,42.0775659647101
"Little Tern","YL2",NA,"R","AB","70898","STEALB","M",8,166,41,2017-07-05,1899-12-31 21:45:00,"Atlit Salt-Pans",32.695,34.932,"Yosef Kiat",NA,NA,NA,"L2",NA,NA,NA,NA,"L","2",NA,NA,"Y",5,7,NA,NA,NA,NA,NA,NA,NA,NA,NA,NA,NA,NA,NA,NA,NA,NA,2017,7,FALSE,TRUE,TRUE,"Summer adult",0.246987951807229,45.8403922671179
"Little Tern","WE85",NA,"R","B","42062","STEALB",NA,18,177,46,2017-07-05,1899-12-31 21:45:00,"Atlit Salt-Pans",32.695,34.932,"Yosef Kiat",NA,NA,NA,"E85",NA,NA,NA,NA,"E","8","5",NA,"W",5,7,NA,NA,NA,NA,NA,NA,NA,NA,NA,NA,NA,NA,NA,NA,NA,NA,2017,7,FALSE,TRUE,TRUE,"Summer adult",0.259887005649718,42.764853465902
"Little Tern","WE53",NA,"R","AB","70934","STEALB",NA,7,170,45,2017-07-05,1899-12-31 21:45:00,"Atlit Salt-Pans",32.695,34.932,"Yosef Kiat",NA,NA,NA,"E53",NA,NA,NA,NA,"E","5","3",NA,"W",5,7,NA,NA,NA,NA,NA,NA,NA,NA,NA,NA,NA,NA,NA,NA,NA,NA,2017,7,FALSE,TRUE,TRUE,"Summer adult",0.264705882352941,46.9827657831335
"Little Tern","WE86",NA,NA,"AB","99060","STEALB",NA,4,178,44,2017-07-05,1899-12-31 21:45:00,"Atlit Salt-Pans",32.695,34.932,"Yosef Kiat",NA,NA,NA,"E86",NA,NA,NA,NA,"E","8","6",NA,"W",5,7,NA,NA,NA,NA,NA,NA,NA,NA,NA,NA,NA,NA,NA,NA,NA,NA,2017,7,TRUE,FALSE,TRUE,"Summer adult",0.247191011235955,40.2481065749401
"Little Tern","WE87",NA,NA,"AB","99061","STEALB",NA,4,176,50,2017-07-05,1899-12-31 21:45:00,"Atlit Salt-Pans",32.695,34.932,"Yosef Kiat",NA,NA,NA,"E87",NA,NA,NA,NA,"E","8","7",NA,"W",5,7,NA,NA,NA,NA,NA,NA,NA,NA,NA,NA,NA,NA,NA,NA,NA,NA,2017,7,TRUE,FALSE,TRUE,"Summer adult",0.284090909090909,47.2471271023046
"Little Tern","WE88",NA,NA,"AB","99062","STEALB",NA,4,173,49,2017-07-05,1899-12-31 21:45:00,"Atlit Salt-Pans",32.695,34.932,"Yosef Kiat",NA,NA,NA,"E88",NA,NA,NA,NA,"E","8","8",NA,"W",5,7,NA,NA,NA,NA,NA,NA,NA,NA,NA,NA,NA,NA,NA,NA,NA,NA,2017,7,TRUE,FALSE,TRUE,"Summer adult",0.283236994219653,48.6490089912102
"Little Tern","WE89",NA,NA,"AB","99063","STEALB",NA,4,168,46,2017-07-05,1899-12-31 21:45:00,"Atlit Salt-Pans",32.695,34.932,"Yosef Kiat",NA,NA,NA,"E89",NA,NA,NA,NA,"E","8","9",NA,"W",5,7,NA,NA,NA,NA,NA,NA,NA,NA,NA,NA,NA,NA,NA,NA,NA,NA,2017,7,TRUE,FALSE,TRUE,"Summer adult",0.273809523809524,49.6894957441699
"Little Tern","WE90",NA,NA,"AB","99064","STEALB",NA,4,172,44,2017-07-05,1899-12-31 21:45:00,"Atlit Salt-Pans",32.695,34.932,"Yosef Kiat",NA,NA,NA,"E90",NA,NA,NA,NA,"E","9","0",NA,"W",5,7,NA,NA,NA,NA,NA,NA,NA,NA,NA,NA,NA,NA,NA,NA,NA,NA,2017,7,TRUE,FALSE,TRUE,"Summer adult",0.255813953488372,44.4192199099805
"Little Tern","WE91",NA,NA,"AB","99065","STEALB",NA,4,167,45,2017-07-05,1899-12-31 21:45:00,"Atlit Salt-Pans",32.695,34.932,"Yosef Kiat",NA,NA,NA,"E91",NA,NA,NA,NA,"E","9","1",NA,"W",5,7,NA,NA,NA,NA,NA,NA,NA,NA,NA,NA,NA,NA,NA,NA,NA,NA,2017,7,TRUE,FALSE,TRUE,"Summer adult",0.269461077844311,49.4510747785625
"Little Tern","WE94",NA,NA,"AB","99068","STEALB",NA,4,177,46,2017-07-05,1899-12-31 23:30:00,"Atlit Salt-Pans",32.695,34.932,"Yosef Kiat",NA,NA,NA,"E94",NA,NA,NA,NA,"E","9","4",NA,"W",5,7,NA,NA,NA,NA,NA,NA,NA,NA,NA,NA,NA,NA,NA,NA,NA,NA,2017,7,TRUE,FALSE,TRUE,"Summer adult",0.259887005649718,42.764853465902
"Little Tern","WE95",NA,NA,"AB","99069","STEALB",NA,4,175,44,2017-07-05,1899-12-31 23:30:00,"Atlit Salt-Pans",32.695,34.932,"Yosef Kiat",NA,NA,NA,"E95",NA,NA,NA,NA,"E","9","5",NA,"W",5,7,NA,NA,NA,NA,NA,NA,NA,NA,NA,NA,NA,NA,NA,NA,NA,NA,2017,7,TRUE,FALSE,TRUE,"Summer adult",0.251428571428571,42.2643937778109
"Little Tern","WE96",NA,NA,"AB","99070","STEALB",NA,4,173,44,2017-07-06,1899-12-31 00:30:00,"Atlit Salt-Pans",32.695,34.932,"Yosef Kiat",NA,NA,NA,"E96",NA,NA,NA,NA,"E","9","6",NA,"W",6,7,NA,NA,NA,NA,NA,NA,NA,NA,NA,NA,NA,NA,NA,NA,NA,NA,2017,7,TRUE,FALSE,TRUE,"Summer adult",0.254335260115607,43.6848244002704
"Little Tern","WE97",NA,NA,"AB","99071","STEALB",NA,4,175,43,2017-07-06,1899-12-31 00:30:00,"Atlit Salt-Pans",32.695,34.932,"Yosef Kiat",NA,NA,NA,"E97",NA,NA,NA,NA,"E","9","7",NA,"W",6,7,NA,NA,NA,NA,NA,NA,NA,NA,NA,NA,NA,NA,NA,NA,NA,NA,2017,7,TRUE,FALSE,TRUE,"Summer adult",0.245714285714286,41.3038393737698
"Little Tern","WE98",NA,NA,"AB","99072","STEALB",NA,4,180,48,2017-07-06,1899-12-31 01:30:00,"Atlit Salt-Pans",32.695,34.932,"Yosef Kiat",NA,NA,NA,"E98",NA,NA,NA,NA,"E","9","8",NA,"W",6,7,NA,NA,NA,NA,NA,NA,NA,NA,NA,NA,NA,NA,NA,NA,NA,NA,2017,7,TRUE,FALSE,TRUE,"Summer adult",0.266666666666667,42.5186118845186
"Little Tern","WE99",NA,NA,"AB","99073","STEALB",NA,4,170,40,2017-07-06,1899-12-31 01:30:00,"Atlit Salt-Pans",32.695,34.932,"Yosef Kiat",NA,NA,NA,"E99",NA,NA,NA,NA,"E","9","9",NA,"W",6,7,NA,NA,NA,NA,NA,NA,NA,NA,NA,NA,NA,NA,NA,NA,NA,NA,2017,7,TRUE,FALSE,TRUE,"Summer adult",0.235294117647059,41.7624584738965
"Little Tern","WE60",NA,"R","AB","70948","STEALB","F",7,166,44,2017-07-06,1899-12-31 01:30:00,"Atlit Salt-Pans",32.695,34.932,"Yosef Kiat",NA,NA,NA,"E60",NA,NA,NA,NA,"E","6","0",NA,"W",6,7,NA,NA,NA,NA,NA,NA,NA,NA,NA,NA,NA,NA,NA,NA,NA,NA,2017,7,FALSE,TRUE,TRUE,"Summer adult",0.265060240963855,49.1945673110533
"Little Tern","RL0",NA,NA,"AB","99074","STEALB",NA,4,176,46,2017-07-06,1899-12-31 01:30:00,"Atlit Salt-Pans",32.695,34.932,"Yosef Kiat",NA,NA,NA,"L0",NA,NA,NA,NA,"L","0",NA,NA,"R",6,7,NA,NA,NA,NA,NA,NA,NA,NA,NA,NA,NA,NA,NA,NA,NA,NA,2017,7,TRUE,FALSE,TRUE,"Summer adult",0.261363636363636,43.4673569341202
"Little Tern","RR1",NA,NA,"AB","99075","STEALB",NA,4,174,45,2017-07-06,1899-12-31 02:30:00,"Atlit Salt-Pans",32.695,34.932,"Yosef Kiat",NA,NA,NA,"R1",NA,NA,NA,NA,"R","1",NA,NA,"R",6,7,NA,NA,NA,NA,NA,NA,NA,NA,NA,NA,NA,NA,NA,NA,NA,NA,2017,7,TRUE,FALSE,TRUE,"Summer adult",0.258620689655172,43.9432152145323
"Little Tern","RR2",NA,NA,"AB","99076","STEALB",NA,4,167,45,2017-07-06,1899-12-31 02:30:00,"Atlit Salt-Pans",32.695,34.932,"Yosef Kiat",NA,NA,NA,"R2",NA,NA,NA,NA,"R","2",NA,NA,"R",6,7,NA,NA,NA,NA,NA,NA,NA,NA,NA,NA,NA,NA,NA,NA,NA,NA,2017,7,TRUE,FALSE,TRUE,"Summer adult",0.269461077844311,49.4510747785625
"Little Tern","RR3",NA,NA,"AB","99077","STEALB",NA,4,172,45,2017-07-06,1899-12-31 02:30:00,"Atlit Salt-Pans",32.695,34.932,"Yosef Kiat",NA,NA,NA,"R3",NA,NA,NA,NA,"R","3",NA,NA,"R",6,7,NA,NA,NA,NA,NA,NA,NA,NA,NA,NA,NA,NA,NA,NA,NA,NA,2017,7,TRUE,FALSE,TRUE,"Summer adult",0.261627906976744,45.4287476352074
"Little Tern","RR4",NA,NA,"AB","99078","STEALB",NA,4,164,42,2017-07-06,1899-12-31 02:30:00,"Atlit Salt-Pans",32.695,34.932,"Yosef Kiat",NA,NA,NA,"R4",NA,NA,NA,NA,"R","4",NA,NA,"R",6,7,NA,NA,NA,NA,NA,NA,NA,NA,NA,NA,NA,NA,NA,NA,NA,NA,2017,7,TRUE,FALSE,TRUE,"Summer adult",0.25609756097561,48.6242347923704
"Little Tern","WBS3",NA,"R","B","41958","STEALB",NA,12,182,50,2017-07-13,1899-12-31 22:00:00,"Atlit Salt-Pans",32.695,34.932,"Yosef Kiat",NA,NA,NA,"BS3",NA,NA,NA,NA,"B","S","3",NA,"W",13,7,NA,NA,NA,NA,NA,NA,NA,NA,NA,NA,NA,NA,NA,NA,NA,NA,2017,7,FALSE,TRUE,TRUE,"Summer adult",0.274725274725275,42.9049211583529
"Little Tern","RR5",NA,NA,"AB","99079","STEALB",NA,4,174,50,2017-07-13,1899-12-31 22:00:00,"Atlit Salt-Pans",32.695,34.932,"Yosef Kiat",NA,NA,NA,"R5",NA,NA,NA,NA,"R","5",NA,NA,"R",13,7,NA,NA,NA,NA,NA,NA,NA,NA,NA,NA,NA,NA,NA,NA,NA,NA,2017,7,TRUE,FALSE,TRUE,"Summer adult",0.28735632183908,48.8257946828137
"Little Tern","RL6",NA,NA,"AB","99080","STEALB",NA,4,173,44,2017-07-13,1899-12-31 22:00:00,"Atlit Salt-Pans",32.695,34.932,"Yosef Kiat",NA,NA,NA,"L6",NA,NA,NA,NA,"L","6",NA,NA,"R",13,7,NA,NA,NA,NA,NA,NA,NA,NA,NA,NA,NA,NA,NA,NA,NA,NA,2017,7,TRUE,FALSE,TRUE,"Summer adult",0.254335260115607,43.6848244002704
"Little Tern","RR6",NA,NA,"AB","99081","STEALB",NA,4,174,45,2017-07-13,1899-12-31 22:00:00,"Atlit Salt-Pans",32.695,34.932,"Yosef Kiat",NA,NA,NA,"R6",NA,NA,NA,NA,"R","6",NA,NA,"R",13,7,NA,NA,NA,NA,NA,NA,NA,NA,NA,NA,NA,NA,NA,NA,NA,NA,2017,7,TRUE,FALSE,TRUE,"Summer adult",0.258620689655172,43.9432152145323
"Little Tern","RR7",NA,NA,"AB","99082","STEALB",NA,4,175,44,2017-07-13,1899-12-31 22:00:00,"Atlit Salt-Pans",32.695,34.932,"Yosef Kiat",NA,NA,NA,"R7",NA,NA,NA,NA,"R","7",NA,NA,"R",13,7,NA,NA,NA,NA,NA,NA,NA,NA,NA,NA,NA,NA,NA,NA,NA,NA,2017,7,TRUE,FALSE,TRUE,"Summer adult",0.251428571428571,42.2643937778109
"Little Tern","RR8",NA,NA,"AB","99083","STEALB",NA,4,170,44,2017-07-13,1899-12-31 22:45:00,"Atlit Salt-Pans",32.695,34.932,"Yosef Kiat",NA,NA,NA,"R8",NA,NA,NA,NA,"R","8",NA,NA,"R",13,7,NA,NA,NA,NA,NA,NA,NA,NA,NA,NA,NA,NA,NA,NA,NA,NA,2017,7,TRUE,FALSE,TRUE,"Summer adult",0.258823529411765,45.9387043212861
"Little Tern","NL4X",NA,"R","AB","70416","STEALB",NA,5,166,42,2017-07-13,1899-12-31 23:45:00,"Atlit Salt-Pans",32.695,34.932,"Yosef Kiat",NA,NA,NA,"L4X",NA,NA,NA,NA,"L","4","X",NA,"N",13,7,NA,NA,NA,NA,NA,NA,NA,NA,NA,NA,NA,NA,NA,NA,NA,NA,2017,7,FALSE,TRUE,TRUE,"Summer adult",0.253012048192771,46.9584506150963
"Little Tern","WE14",NA,"R","AB","70851","STEALB",NA,7,171,43,2017-07-13,1899-12-31 23:45:00,"Atlit Salt-Pans",32.695,34.932,"Yosef Kiat",NA,NA,NA,"E14",NA,NA,NA,NA,"E","1","4",NA,"W",13,7,NA,NA,NA,NA,NA,NA,NA,NA,NA,NA,NA,NA,NA,NA,NA,NA,2017,7,FALSE,TRUE,TRUE,"Summer adult",0.251461988304094,44.1437534058661
"Little Tern","RR9",NA,NA,"AB","99085","STEALB",NA,4,168,42,2017-07-14,1899-12-31 01:00:00,"Atlit Salt-Pans",32.695,34.932,"Yosef Kiat",NA,NA,NA,"R9",NA,NA,NA,NA,"R","9",NA,NA,"R",14,7,NA,NA,NA,NA,NA,NA,NA,NA,NA,NA,NA,NA,NA,NA,NA,NA,2017,7,TRUE,FALSE,TRUE,"Summer adult",0.25,45.3686700272856
"Little Tern","RL2",NA,NA,"AB","99086","STEALB",NA,4,163,41,2017-07-14,1899-12-31 01:30:00,"Atlit Salt-Pans",32.695,34.932,"Yosef Kiat",NA,NA,NA,"L2",NA,NA,NA,NA,"L","2",NA,NA,"R",14,7,NA,NA,NA,NA,NA,NA,NA,NA,NA,NA,NA,NA,NA,NA,NA,NA,2017,7,TRUE,FALSE,TRUE,"Summer adult",0.251533742331288,48.3087980224353
"Little Tern","NJIC",NA,NA,"AB","99169","STEALB",NA,4,174,45,2018-06-24,1899-12-31 20:00:00,"Atlit Salt-Pans",32.695,34.932,"Yosef Kiat",NA,NA,NA,"JIC",NA,NA,NA,NA,"J","I","C",NA,"N",24,6,NA,NA,NA,NA,NA,NA,NA,NA,NA,NA,NA,NA,NA,NA,NA,NA,2018,6,TRUE,FALSE,TRUE,"Summer adult",0.258620689655172,43.9432152145323
"Little Tern","NJIE",NA,NA,"AB","99170","STEALB",NA,4,176,46,2018-06-24,1899-12-31 20:00:00,"Atlit Salt-Pans",32.695,34.932,"Yosef Kiat",NA,NA,NA,"JIE",NA,NA,NA,NA,"J","I","E",NA,"N",24,6,NA,NA,NA,NA,NA,NA,NA,NA,NA,NA,NA,NA,NA,NA,NA,NA,2018,6,TRUE,FALSE,TRUE,"Summer adult",0.261363636363636,43.4673569341202
"Little Tern","NJIH",NA,NA,"AB","99171","STEALB",NA,4,181,44,2018-06-24,1899-12-31 20:00:00,"Atlit Salt-Pans",32.695,34.932,"Yosef Kiat",NA,NA,NA,"JIH",NA,NA,NA,NA,"J","I","H",NA,"N",24,6,NA,NA,NA,NA,NA,NA,NA,NA,NA,NA,NA,NA,NA,NA,NA,NA,2018,6,TRUE,FALSE,TRUE,"Summer adult",0.243093922651934,38.3593365056379
"Little Tern","WASB","+","R","5S","1007","STEALB",NA,7,173,49,2018-06-24,1899-12-31 20:00:00,"Atlit Salt-Pans",32.695,34.932,"Yosef Kiat",NA,NA,NA,"ASB",NA,NA,NA,NA,"A","S","B",NA,"W",24,6,NA,NA,NA,NA,NA,"L4A",NA,NA,"AB-70402",NA,NA,NA,NA,NA,NA,NA,2018,6,FALSE,TRUE,TRUE,"Summer adult",0.283236994219653,48.6490089912102
"Little Tern","NJIK",NA,NA,"AB","99173","STEALB","F",4,173,43,2018-06-24,1899-12-31 21:30:00,"Atlit Salt-Pans",32.695,34.932,"Yosef Kiat",NA,NA,NA,"JIK",NA,NA,NA,NA,"J","I","K",NA,"N",24,6,NA,NA,NA,NA,NA,NA,NA,NA,NA,NA,NA,NA,NA,NA,NA,NA,2018,6,TRUE,FALSE,TRUE,"Summer adult",0.248554913294798,42.6919874820825
"Little Tern","NJIP",NA,NA,"AB","99176","STEALB",NA,4,174,45,2018-06-24,1899-12-31 22:30:00,"Atlit Salt-Pans",32.695,34.932,"Yosef Kiat",NA,NA,NA,"JIP",NA,NA,NA,NA,"J","I","P",NA,"N",24,6,NA,NA,NA,NA,NA,NA,NA,NA,NA,NA,NA,NA,NA,NA,NA,NA,2018,6,TRUE,FALSE,TRUE,"Summer adult",0.258620689655172,43.9432152145323
"Little Tern","NJIS",NA,NA,"AB","99177","STEALB",NA,4,167,46,2018-06-24,1899-12-31 22:30:00,"Atlit Salt-Pans",32.695,34.932,"Yosef Kiat",NA,NA,NA,"JIS",NA,NA,NA,NA,"J","I","S",NA,"N",24,6,NA,NA,NA,NA,NA,NA,NA,NA,NA,NA,NA,NA,NA,NA,NA,NA,2018,6,TRUE,FALSE,TRUE,"Summer adult",0.275449101796407,50.5499875514194
"Little Tern","NJIT",NA,NA,"AB","99178","STEALB","M",4,176,43,2018-06-24,1899-12-31 22:30:00,"Atlit Salt-Pans",32.695,34.932,"Yosef Kiat",NA,NA,NA,"JIT",NA,NA,NA,NA,"J","I","T",NA,"N",24,6,NA,NA,NA,NA,NA,NA,NA,NA,NA,NA,NA,NA,NA,NA,NA,NA,2018,6,TRUE,FALSE,TRUE,"Summer adult",0.244318181818182,40.6325293079819
"Little Tern","NJIV",NA,NA,"AB","99179","STEALB",NA,4,177,44,2018-06-24,1899-12-31 22:30:00,"Atlit Salt-Pans",32.695,34.932,"Yosef Kiat",NA,NA,NA,"JIV",NA,NA,NA,NA,"J","I","V",NA,"N",24,6,NA,NA,NA,NA,NA,NA,NA,NA,NA,NA,NA,NA,NA,NA,NA,NA,2018,6,TRUE,FALSE,TRUE,"Summer adult",0.248587570621469,40.9055120108628
"Little Tern","NJIX",NA,NA,"AB","99180","STEALB",NA,4,164,44,2018-06-24,1899-12-31 22:30:00,"Atlit Salt-Pans",32.695,34.932,"Yosef Kiat",NA,NA,NA,"JIX",NA,NA,NA,NA,"J","I","X",NA,"N",24,6,NA,NA,NA,NA,NA,NA,NA,NA,NA,NA,NA,NA,NA,NA,NA,NA,2018,6,TRUE,FALSE,TRUE,"Summer adult",0.268292682926829,50.939674544388
"Little Tern","NJIZ",NA,NA,"AB","99181","STEALB",NA,4,172,45,2018-06-24,1899-12-31 22:30:00,"Atlit Salt-Pans",32.695,34.932,"Yosef Kiat",NA,NA,NA,"JIZ",NA,NA,NA,NA,"J","I","Z",NA,"N",24,6,NA,NA,NA,NA,NA,NA,NA,NA,NA,NA,NA,NA,NA,NA,NA,NA,2018,6,TRUE,FALSE,TRUE,"Summer adult",0.261627906976744,45.4287476352074
"Little Tern","NKIA",NA,NA,"AB","99182","STEALB",NA,4,169,42,2018-06-24,1899-12-31 22:30:00,"Atlit Salt-Pans",32.695,34.932,"Yosef Kiat",NA,NA,NA,"KIA",NA,NA,NA,NA,"K","I","A",NA,"N",24,6,NA,NA,NA,NA,NA,NA,NA,NA,NA,NA,NA,NA,NA,NA,NA,NA,2018,6,TRUE,FALSE,TRUE,"Summer adult",0.248520710059172,44.6009220358996
"Little Tern","NKIB",NA,NA,"AB","99183","STEALB",NA,4,165,46,2018-06-24,1899-12-31 22:30:00,"Atlit Salt-Pans",32.695,34.932,"Yosef Kiat",NA,NA,NA,"KIB",NA,NA,NA,NA,"K","I","B",NA,"N",24,6,NA,NA,NA,NA,NA,NA,NA,NA,NA,NA,NA,NA,NA,NA,NA,NA,2018,6,TRUE,FALSE,TRUE,"Summer adult",0.278787878787879,52.332185560267
"Little Tern","WE81",NA,"R","AB","99056","STEALB",NA,5,173,41,2018-06-24,1899-12-31 22:30:00,"Atlit Salt-Pans",32.695,34.932,"Yosef Kiat",NA,NA,NA,"E81",NA,NA,NA,NA,"E","8","1",NA,"W",24,6,NA,NA,NA,NA,NA,NA,NA,NA,NA,NA,NA,NA,NA,NA,NA,NA,2018,6,FALSE,TRUE,TRUE,"Summer adult",0.236994219653179,40.7063136457065
"Little Tern","NL6K",NA,"R","AB","70461","STEALB","M",8,177,43,2018-06-24,1899-12-31 22:30:00,"Atlit Salt-Pans",32.695,34.932,"Yosef Kiat",NA,NA,NA,"L6K",NA,NA,NA,NA,"L","6","K",NA,"N",24,6,NA,NA,NA,NA,NA,NA,NA,NA,NA,NA,NA,NA,NA,NA,NA,NA,2018,6,FALSE,TRUE,TRUE,"Summer adult",0.242937853107345,39.9758412833432
"Little Tern","WCE2",NA,"R","AB","70728","STEALB","M",12,171,43,2018-06-24,1899-12-31 22:30:00,"Atlit Salt-Pans",32.695,34.932,"Yosef Kiat",NA,NA,NA,"CE2",NA,NA,NA,NA,"C","E","2",NA,"W",24,6,NA,NA,NA,NA,NA,NA,NA,NA,NA,NA,NA,NA,NA,NA,NA,NA,2018,6,FALSE,TRUE,TRUE,"Summer adult",0.251461988304094,44.1437534058661
"Little Tern","GLC",NA,"R","AB","70770","STEALB",NA,10,180,43,2018-06-24,1899-12-31 22:30:00,"Atlit Salt-Pans",32.695,34.932,"Yosef Kiat",NA,NA,NA,"LC",NA,NA,NA,NA,"L","C",NA,NA,"G",24,6,NA,NA,NA,NA,NA,NA,NA,NA,NA,NA,NA,NA,NA,NA,NA,NA,2018,6,FALSE,TRUE,TRUE,"Summer adult",0.238888888888889,38.0895898132146
"Little Tern","NL93",NA,"R","AB","99049","STEALB",NA,6,174,43,2018-06-24,1899-12-31 22:30:00,"Atlit Salt-Pans",32.695,34.932,"Yosef Kiat",NA,NA,NA,"L93",NA,NA,NA,NA,"L","9","3",NA,"N",24,6,NA,NA,NA,NA,NA,NA,NA,NA,NA,NA,NA,NA,NA,NA,NA,NA,2018,6,FALSE,TRUE,TRUE,"Summer adult",0.247126436781609,41.9901834272198
"Little Tern","WB04",NA,"R","B","41939","STEALB",NA,13,177,40,2018-06-24,1899-12-31 22:30:00,"Atlit Salt-Pans",32.695,34.932,"Yosef Kiat",NA,NA,NA,"B04",NA,NA,NA,NA,"B","0","4",NA,"W",24,6,NA,NA,NA,NA,NA,NA,NA,NA,NA,NA,NA,NA,NA,NA,NA,NA,2018,6,FALSE,TRUE,TRUE,"Summer adult",0.225988700564972,37.1868291007844
"Little Tern","WAV5",NA,"R","B","41772","STEALB","M",15,174,43,2018-06-24,1899-12-31 22:30:00,"Atlit Salt-Pans",32.695,34.932,"Yosef Kiat",NA,NA,NA,"AV5",NA,NA,NA,NA,"A","V","5",NA,"W",24,6,NA,NA,NA,NA,NA,NA,NA,NA,NA,NA,NA,NA,NA,NA,NA,NA,2018,6,FALSE,TRUE,TRUE,"Summer adult",0.247126436781609,41.9901834272198
"Little Tern","WE92",NA,"R","AB","99066","STEALB","F",5,171,46,2018-06-24,1899-12-31 22:30:00,"Atlit Salt-Pans",32.695,34.932,"Yosef Kiat",NA,NA,NA,"E92",NA,NA,NA,NA,"E","9","2",NA,"W",24,6,NA,NA,NA,NA,NA,NA,NA,NA,NA,NA,NA,NA,NA,NA,NA,NA,2018,6,FALSE,TRUE,TRUE,"Summer adult",0.269005847953216,47.2235501551126
"Little Tern","NKIC","+","R","AB","70745","STEALB",NA,12,176,43,2018-06-24,1899-12-31 22:30:00,"Atlit Salt-Pans",32.695,34.932,"Yosef Kiat",NA,NA,NA,"KIC",NA,NA,NA,NA,"K","I","C",NA,"N",24,6,NA,NA,NA,NA,NA,"CH0",NA,NA,NA,NA,NA,NA,NA,NA,NA,NA,2018,6,FALSE,TRUE,TRUE,"Summer adult",0.244318181818182,40.6325293079819
"Little Tern","NKIH",NA,NA,"AB","99185","STEALB",NA,4,173,49,2018-06-24,1899-12-31 23:30:00,"Atlit Salt-Pans",32.695,34.932,"Yosef Kiat",NA,NA,NA,"KIH",NA,NA,NA,NA,"K","I","H",NA,"N",24,6,NA,NA,NA,NA,NA,NA,NA,NA,NA,NA,NA,NA,NA,NA,NA,NA,2018,6,TRUE,FALSE,TRUE,"Summer adult",0.283236994219653,48.6490089912102
"Little Tern","WE63",NA,"R","AB","70952","STEALB","M",9,168,39,2018-06-25,1899-12-31 00:30:00,"Atlit Salt-Pans",32.695,34.932,"Yosef Kiat",NA,NA,NA,"E63",NA,NA,NA,NA,"E","6","3",NA,"W",25,6,NA,NA,NA,NA,NA,NA,NA,NA,NA,NA,NA,NA,NA,NA,NA,NA,2018,6,FALSE,TRUE,TRUE,"Summer adult",0.232142857142857,42.1280507396223
"Little Tern","NKIJ",NA,NA,"AB","99186","STEALB",NA,4,166,39,2018-06-25,1899-12-31 00:30:00,"Atlit Salt-Pans",32.695,34.932,"Yosef Kiat",NA,NA,NA,"KIJ",NA,NA,NA,NA,"K","I","J",NA,"N",25,6,NA,NA,NA,NA,NA,NA,NA,NA,NA,NA,NA,NA,NA,NA,NA,NA,2018,6,TRUE,FALSE,TRUE,"Summer adult",0.234939759036145,43.6042755711609
"Little Tern","WE07",NA,"R","AB","70838","STEALB",NA,9,171,42,2018-07-03,1899-12-31 20:45:00,"Atlit Salt-Pans",32.695,34.932,"Yosef Kiat",NA,NA,NA,"E07",NA,NA,NA,NA,"E","0","7",NA,"W",3,7,NA,NA,NA,NA,NA,NA,NA,NA,NA,NA,NA,NA,NA,NA,NA,NA,2018,7,FALSE,TRUE,TRUE,"Summer adult",0.245614035087719,43.1171544894506
"Little Tern","NKIP",NA,NA,"AB","99190","STEALB",NA,4,173,44,2018-07-03,1899-12-31 20:45:00,"Atlit Salt-Pans",32.695,34.932,"Yosef Kiat",NA,NA,NA,"KIP",NA,NA,NA,NA,"K","I","P",NA,"N",3,7,NA,NA,NA,NA,NA,NA,NA,NA,NA,NA,NA,NA,NA,NA,NA,NA,2018,7,TRUE,FALSE,TRUE,"Summer adult",0.254335260115607,43.6848244002704
"Little Tern","NKIS",NA,NA,"AB","99191","STEALB",NA,4,169,46,2018-07-03,1899-12-31 20:45:00,"Atlit Salt-Pans",32.695,34.932,"Yosef Kiat",NA,NA,NA,"KIS",NA,NA,NA,NA,"K","I","S",NA,"N",3,7,NA,NA,NA,NA,NA,NA,NA,NA,NA,NA,NA,NA,NA,NA,NA,NA,2018,7,TRUE,FALSE,TRUE,"Summer adult",0.272189349112426,48.8486288964615
"Little Tern","NKIT",NA,NA,"AB","99192","STEALB",NA,4,171,43,2018-07-03,1899-12-31 20:45:00,"Atlit Salt-Pans",32.695,34.932,"Yosef Kiat",NA,NA,NA,"KIT",NA,NA,NA,NA,"K","I","T",NA,"N",3,7,NA,NA,NA,NA,NA,NA,NA,NA,NA,NA,NA,NA,NA,NA,NA,NA,2018,7,TRUE,FALSE,TRUE,"Summer adult",0.251461988304094,44.1437534058661
"Little Tern","NKIV",NA,NA,"AB","99193","STEALB",NA,4,172,41,2018-07-03,1899-12-31 20:45:00,"Atlit Salt-Pans",32.695,34.932,"Yosef Kiat",NA,NA,NA,"KIV",NA,NA,NA,NA,"K","I","V",NA,"N",3,7,NA,NA,NA,NA,NA,NA,NA,NA,NA,NA,NA,NA,NA,NA,NA,NA,2018,7,TRUE,FALSE,TRUE,"Summer adult",0.238372093023256,41.3906367343001
"Little Tern","NKIX",NA,NA,"AB","99194","STEALB",NA,4,173,49,2018-07-03,1899-12-31 20:45:00,"Atlit Salt-Pans",32.695,34.932,"Yosef Kiat",NA,NA,NA,"KIX",NA,NA,NA,NA,"K","I","X",NA,"N",3,7,NA,NA,NA,NA,NA,NA,NA,NA,NA,NA,NA,NA,NA,NA,NA,NA,2018,7,TRUE,FALSE,TRUE,"Summer adult",0.283236994219653,48.6490089912102
"Little Tern","WH1C","+",NA,"AB","99195","STEALB",NA,4,176,44,2018-07-03,1899-12-31 20:45:00,"Atlit Salt-Pans",32.695,34.932,"Yosef Kiat",NA,NA,NA,"H1C",NA,NA,NA,NA,"H","1","C",NA,"N",3,7,NA,NA,NA,NA,NA,"KIZ",NA,NA,NA,NA,NA,NA,NA,NA,NA,NA,2018,7,TRUE,FALSE,TRUE,"Summer adult",0.25,41.577471850028
"Little Tern","NNIK",NA,NA,"AB","99202","STEALB",NA,4,170,45,2018-07-03,1899-12-31 22:00:00,"Atlit Salt-Pans",32.695,34.932,"Yosef Kiat",NA,NA,NA,"NIK",NA,NA,NA,NA,"N","I","K",NA,"N",3,7,NA,NA,NA,NA,NA,NA,NA,NA,NA,NA,NA,NA,NA,NA,NA,NA,2018,7,TRUE,FALSE,TRUE,"Summer adult",0.264705882352941,46.9827657831335
"Little Tern","NNIL",NA,NA,"AB","99203","STEALB",NA,5,174,55,2018-07-03,1899-12-31 22:00:00,"Atlit Salt-Pans",32.695,34.932,"Yosef Kiat",NA,NA,NA,"NIL",NA,NA,NA,NA,"N","I","L",NA,"N",3,7,NA,NA,NA,NA,NA,NA,NA,NA,NA,NA,NA,NA,NA,NA,NA,NA,2018,7,TRUE,FALSE,TRUE,"Summer adult",0.316091954022989,53.708374151095
"Little Tern","NNIN",NA,NA,"AB","99204","STEALB",NA,4,170,44,2018-07-03,1899-12-31 23:00:00,"Atlit Salt-Pans",32.695,34.932,"Yosef Kiat",NA,NA,NA,"NIN",NA,NA,NA,NA,"N","I","N",NA,"N",3,7,NA,NA,NA,NA,NA,NA,NA,NA,NA,NA,NA,NA,NA,NA,NA,NA,2018,7,TRUE,FALSE,TRUE,"Summer adult",0.258823529411765,45.9387043212861
"Little Tern","NNIP",NA,NA,"AB","99205","STEALB",NA,4,175,41,2018-07-03,1899-12-31 23:00:00,"Atlit Salt-Pans",32.695,34.932,"Yosef Kiat",NA,NA,NA,"NIP",NA,NA,NA,NA,"N","I","P",NA,"N",3,7,NA,NA,NA,NA,NA,NA,NA,NA,NA,NA,NA,NA,NA,NA,NA,NA,2018,7,TRUE,FALSE,TRUE,"Summer adult",0.234285714285714,39.3827305656875
"Little Tern","NNIS",NA,NA,"AB","99206","STEALB",NA,4,178,45,2018-07-03,1899-12-31 23:00:00,"Atlit Salt-Pans",32.695,34.932,"Yosef Kiat",NA,NA,NA,"NIS",NA,NA,NA,NA,"N","I","S",NA,"N",3,7,NA,NA,NA,NA,NA,NA,NA,NA,NA,NA,NA,NA,NA,NA,NA,NA,2018,7,TRUE,FALSE,TRUE,"Summer adult",0.252808988764045,41.1628362698251
"Little Tern","NNIT",NA,NA,"AB","99207","STEALB",NA,4,175,45,2018-07-03,1899-12-31 23:00:00,"Atlit Salt-Pans",32.695,34.932,"Yosef Kiat",NA,NA,NA,"NIT",NA,NA,NA,NA,"N","I","T",NA,"N",3,7,NA,NA,NA,NA,NA,NA,NA,NA,NA,NA,NA,NA,NA,NA,NA,NA,2018,7,TRUE,FALSE,TRUE,"Summer adult",0.257142857142857,43.2249481818521
"Little Tern","NL8J",NA,"R","AB","99011","STEALB",NA,6,181,43,2018-07-03,1899-12-31 23:00:00,"Atlit Salt-Pans",32.695,34.932,"Yosef Kiat",NA,NA,NA,"L8J",NA,NA,NA,NA,"L","8","J",NA,"N",3,7,NA,NA,NA,NA,NA,NA,NA,NA,NA,NA,NA,NA,NA,NA,NA,NA,2018,7,FALSE,TRUE,TRUE,"Summer adult",0.237569060773481,37.487533403237
"Little Tern","NL39",NA,"R","AB","70401","STEALB",NA,7,176,42,2018-07-03,1899-12-31 23:00:00,"Atlit Salt-Pans",32.695,34.932,"Yosef Kiat",NA,NA,NA,"L39",NA,NA,NA,NA,"L","3","9",NA,"N",3,7,NA,NA,NA,NA,NA,NA,NA,NA,NA,NA,NA,NA,NA,NA,NA,NA,2018,7,FALSE,TRUE,TRUE,"Summer adult",0.238636363636364,39.6875867659358
"Little Tern","WH1B","+","R","AB","99043","STEALB",NA,6,177,40,2018-07-03,1899-12-31 23:00:00,"Atlit Salt-Pans",32.695,34.932,"Yosef Kiat",NA,NA,NA,"H1B",NA,NA,NA,NA,"H","1","B",NA,"N",3,7,NA,NA,NA,NA,NA,"L9V",NA,NA,NA,NA,NA,NA,NA,NA,NA,NA,2018,7,FALSE,TRUE,TRUE,"Summer adult",0.225988700564972,37.1868291007844
"Little Tern","WBK0",NA,"R","B","41907","STEALB",NA,14,172,43,2018-07-10,1899-12-31 20:30:00,"Atlit Salt-Pans",32.695,34.932,"Yosef Kiat",NA,NA,NA,"BK0",NA,NA,NA,NA,"B","K","0",NA,"W",10,7,NA,NA,NA,NA,NA,NA,NA,NA,NA,NA,NA,NA,NA,NA,NA,NA,2018,7,FALSE,TRUE,TRUE,"Summer adult",0.25,43.4096921847537
"Little Tern","WA09",NA,"R","B","41736","STEALB","F",15,173,44,2018-07-10,1899-12-31 20:30:00,"Atlit Salt-Pans",32.695,34.932,"Yosef Kiat",NA,NA,NA,"A09",NA,NA,NA,NA,"A","0","9",NA,"W",10,7,NA,NA,NA,NA,NA,NA,NA,NA,NA,NA,NA,NA,NA,NA,NA,NA,2018,7,FALSE,TRUE,TRUE,"Summer adult",0.254335260115607,43.6848244002704
"Little Tern","NVIV",NA,NA,"AB","99266","STEALB",NA,4,173,44,2018-07-10,1899-12-31 20:30:00,"Atlit Salt-Pans",32.695,34.932,"Yosef Kiat",NA,NA,NA,"VIV",NA,NA,NA,NA,"V","I","V",NA,"N",10,7,NA,NA,NA,NA,NA,NA,NA,NA,NA,NA,NA,NA,NA,NA,NA,NA,2018,7,TRUE,FALSE,TRUE,"Summer adult",0.254335260115607,43.6848244002704
"Little Tern","NVIX",NA,NA,"AB","99267","STEALB",NA,4,161,44,2018-07-10,1899-12-31 20:30:00,"Atlit Salt-Pans",32.695,34.932,"Yosef Kiat",NA,NA,NA,"VIX",NA,NA,NA,NA,"V","I","X",NA,"N",10,7,NA,NA,NA,NA,NA,NA,NA,NA,NA,NA,NA,NA,NA,NA,NA,NA,2018,7,TRUE,FALSE,TRUE,"Summer adult",0.273291925465839,53.7173316903211
"Little Tern","NXIN",NA,NA,"AB","99277","STEALB",NA,4,175,40,2018-07-20,1899-12-31 01:00:00,"Atlit Salt-Pans",32.695,34.932,"Yosef Kiat",NA,NA,NA,"XIN",NA,NA,NA,NA,"X","I","N",NA,"N",20,7,NA,NA,NA,NA,NA,NA,NA,NA,NA,NA,NA,NA,NA,NA,NA,NA,2018,7,TRUE,FALSE,TRUE,"Summer adult",0.228571428571429,38.4221761616463
"Little Tern","NL4X",NA,"R","AB","70416","STEALB",NA,7,168,44,2018-07-30,1899-12-31 22:30:00,"Atlit Salt-Pans",32.695,34.932,"Yosef Kiat",NA,NA,NA,"L4X",NA,NA,NA,NA,"L","4","X",NA,"N",30,7,NA,NA,NA,NA,NA,NA,NA,NA,NA,NA,NA,NA,NA,NA,NA,NA,2018,7,FALSE,TRUE,TRUE,"Summer adult",0.261904761904762,47.5290828857277
"Little Tern","NXIX",NA,NA,"AB","99282","STEALB",NA,4,164,44,2018-07-30,1899-12-31 23:00:00,"Atlit Salt-Pans",32.695,34.932,"Yosef Kiat",NA,NA,NA,"XIX",NA,NA,NA,NA,"X","I","X",NA,"N",30,7,NA,NA,NA,NA,NA,NA,NA,NA,NA,NA,NA,NA,NA,NA,NA,NA,2018,7,TRUE,FALSE,TRUE,"Summer adult",0.268292682926829,50.939674544388
"Little Tern","WH30",NA,NA,"AB","99336","STEALB",NA,4,172,47,2019-07-02,1899-12-31 20:30:00,"Atlit Salt-Pans",32.695,34.932,"Yosef Kiat",NA,NA,NA,"H30",NA,68,NA,NA,"H","3","0",NA,"W",2,7,NA,NA,NA,NA,NA,NA,NA,NA,NA,NA,NA,NA,NA,NA,NA,NA,2019,7,TRUE,FALSE,TRUE,"Summer adult",0.273255813953488,47.447803085661
"Little Tern","WH31",NA,NA,"AB","99337","STEALB",NA,4,172,49,2019-07-02,1899-12-31 20:30:00,"Atlit Salt-Pans",32.695,34.932,"Yosef Kiat",NA,NA,NA,"H31",NA,71,NA,NA,"H","3","1",NA,"W",2,7,NA,NA,NA,NA,NA,NA,NA,NA,NA,NA,NA,NA,NA,NA,NA,NA,2019,7,TRUE,FALSE,TRUE,"Summer adult",0.284883720930233,49.4668585361147
"Little Tern","WH32",NA,NA,"AB","99338","STEALB",NA,4,176,49,2019-07-02,1899-12-31 20:30:00,"Atlit Salt-Pans",32.695,34.932,"Yosef Kiat",NA,NA,NA,"H32",NA,71,NA,NA,"H","3","2",NA,"W",2,7,NA,NA,NA,NA,NA,NA,NA,NA,NA,NA,NA,NA,NA,NA,NA,NA,2019,7,TRUE,FALSE,TRUE,"Summer adult",0.278409090909091,46.3021845602585
"Little Tern","WH55",NA,NA,"AB","99361","STEALB",NA,4,170,45,2019-07-02,1899-12-31 22:00:00,"Atlit Salt-Pans",32.695,34.932,"Yosef Kiat",NA,NA,NA,"H55",NA,NA,NA,NA,"H","5","5",NA,"W",2,7,NA,NA,NA,NA,NA,NA,NA,NA,NA,NA,NA,NA,NA,NA,NA,NA,2019,7,TRUE,FALSE,TRUE,"Summer adult",0.264705882352941,46.9827657831335
"Little Tern","WH56",NA,NA,"AB","99362","STEALB",NA,4,174,44,2019-07-02,1899-12-31 22:00:00,"Atlit Salt-Pans",32.695,34.932,"Yosef Kiat",NA,NA,NA,"H56",NA,NA,NA,NA,"H","5","6",NA,"W",2,7,NA,NA,NA,NA,NA,NA,NA,NA,NA,NA,NA,NA,NA,NA,NA,NA,2019,7,TRUE,FALSE,TRUE,"Summer adult",0.252873563218391,42.966699320876
"Little Tern","WH57",NA,NA,"AB","99363","STEALB",NA,4,181,43,2019-07-02,1899-12-31 22:00:00,"Atlit Salt-Pans",32.695,34.932,"Yosef Kiat",NA,NA,NA,"H57",NA,NA,NA,NA,"H","5","7",NA,"W",2,7,NA,NA,NA,NA,NA,NA,NA,NA,NA,NA,NA,NA,NA,NA,NA,NA,2019,7,TRUE,FALSE,TRUE,"Summer adult",0.237569060773481,37.487533403237
"Little Tern","NSIV",NA,"R","AB","99238","STEALB",NA,6,175,57,2019-07-02,1899-12-31 22:00:00,"Atlit Salt-Pans",32.695,34.932,"Yosef Kiat",NA,NA,NA,"SIV",NA,NA,NA,NA,"S","I","V",NA,"N",2,7,NA,NA,NA,NA,NA,NA,NA,NA,NA,NA,NA,NA,NA,NA,NA,NA,2019,7,FALSE,TRUE,TRUE,"Summer adult",0.325714285714286,54.751601030346
"Little Tern","WH58",NA,NA,"AB","99364","STEALB",NA,4,173,45,2019-07-02,1899-12-31 22:00:00,"Atlit Salt-Pans",32.695,34.932,"Yosef Kiat",NA,NA,NA,"H58",NA,NA,NA,NA,"H","5","8",NA,"W",2,7,NA,NA,NA,NA,NA,NA,NA,NA,NA,NA,NA,NA,NA,NA,NA,NA,2019,7,TRUE,FALSE,TRUE,"Summer adult",0.260115606936416,44.6776613184584
"Little Tern","WH59",NA,NA,"AB","99365","STEALB",NA,4,175,45,2019-07-02,1899-12-31 22:00:00,"Atlit Salt-Pans",32.695,34.932,"Yosef Kiat",NA,NA,NA,"H59",NA,NA,NA,NA,"H","5","9",NA,"W",2,7,NA,NA,NA,NA,NA,NA,NA,NA,NA,NA,NA,NA,NA,NA,NA,NA,2019,7,TRUE,FALSE,TRUE,"Summer adult",0.257142857142857,43.2249481818521
"Little Tern","NPIA",NA,"R","AB","99211","STEALB",NA,5,169,46,2019-07-02,1899-12-31 22:00:00,"Atlit Salt-Pans",32.695,34.932,"Yosef Kiat",NA,NA,NA,"PIA",NA,NA,NA,NA,"P","I","A",NA,"N",2,7,NA,NA,NA,NA,NA,NA,NA,NA,NA,NA,NA,NA,NA,NA,NA,NA,2019,7,FALSE,TRUE,TRUE,"Summer adult",0.272189349112426,48.8486288964615
"Little Tern","NJIN",NA,"R","AB","99175","STEALB",NA,5,174,45,2019-07-02,1899-12-31 22:00:00,"Atlit Salt-Pans",32.695,34.932,"Yosef Kiat",NA,NA,NA,"JIN",NA,NA,NA,NA,"J","I","N",NA,"N",2,7,NA,NA,NA,NA,NA,NA,NA,NA,NA,NA,NA,NA,NA,NA,NA,NA,2019,7,FALSE,TRUE,TRUE,"Summer adult",0.258620689655172,43.9432152145323
"Little Tern","NVIH",NA,"R","AB","99258","STEALB",NA,6,175,46,2019-07-02,1899-12-31 22:00:00,"Atlit Salt-Pans",32.695,34.932,"Yosef Kiat",NA,NA,NA,"VIH",NA,NA,NA,NA,"V","I","H",NA,"N",2,7,NA,NA,NA,NA,NA,NA,NA,NA,NA,NA,NA,NA,NA,NA,NA,NA,2019,7,FALSE,TRUE,TRUE,"Summer adult",0.262857142857143,44.1855025858932
"Little Tern","WH60",NA,NA,"AB","99366","STEALB",NA,4,174,54,2019-07-02,1899-12-31 22:00:00,"Atlit Salt-Pans",32.695,34.932,"Yosef Kiat",NA,NA,NA,"H60",NA,NA,NA,NA,"H","6","0",NA,"W",2,7,NA,NA,NA,NA,NA,NA,NA,NA,NA,NA,NA,NA,NA,NA,NA,NA,2019,7,TRUE,FALSE,TRUE,"Summer adult",0.310344827586207,52.7318582574388
"Little Tern","WH61",NA,NA,"AB","99367","STEALB",NA,4,176,45,2019-07-02,1899-12-31 22:00:00,"Atlit Salt-Pans",32.695,34.932,"Yosef Kiat",NA,NA,NA,"H61",NA,NA,NA,NA,"H","6","1",NA,"W",2,7,NA,NA,NA,NA,NA,NA,NA,NA,NA,NA,NA,NA,NA,NA,NA,NA,2019,7,TRUE,FALSE,TRUE,"Summer adult",0.255681818181818,42.5224143920741
"Little Tern","WH62",NA,NA,"AB","99368","STEALB",NA,4,174,46,2019-07-02,1899-12-31 22:00:00,"Atlit Salt-Pans",32.695,34.932,"Yosef Kiat",NA,NA,NA,"H62",NA,NA,NA,NA,"H","6","2",NA,"W",2,7,NA,NA,NA,NA,NA,NA,NA,NA,NA,NA,NA,NA,NA,NA,NA,NA,2019,7,TRUE,FALSE,TRUE,"Summer adult",0.264367816091954,44.9197311081886
"Little Tern","WH63",NA,NA,"AB","99369","STEALB",NA,4,171,50,2019-07-02,1899-12-31 22:00:00,"Atlit Salt-Pans",32.695,34.932,"Yosef Kiat",NA,NA,NA,"H63",NA,NA,NA,NA,"H","6","3",NA,"W",2,7,NA,NA,NA,NA,NA,NA,NA,NA,NA,NA,NA,NA,NA,NA,NA,NA,2019,7,TRUE,FALSE,TRUE,"Summer adult",0.292397660818713,51.3299458207746
"Little Tern","WH64",NA,NA,"AB","99370","STEALB",NA,4,173,42,2019-07-02,1899-12-31 22:00:00,"Atlit Salt-Pans",32.695,34.932,"Yosef Kiat",NA,NA,NA,"H64",NA,NA,NA,NA,"H","6","4",NA,"W",2,7,NA,NA,NA,NA,NA,NA,NA,NA,NA,NA,NA,NA,NA,NA,NA,NA,2019,7,TRUE,FALSE,TRUE,"Summer adult",0.242774566473988,41.6991505638945
"Little Tern","WH65",NA,NA,"AB","99371","STEALB",NA,4,174,46,2019-07-02,1899-12-31 22:00:00,"Atlit Salt-Pans",32.695,34.932,"Yosef Kiat",NA,NA,NA,"H65",NA,NA,NA,NA,"H","6","5",NA,"W",2,7,NA,NA,NA,NA,NA,NA,NA,NA,NA,NA,NA,NA,NA,NA,NA,NA,2019,7,TRUE,FALSE,TRUE,"Summer adult",0.264367816091954,44.9197311081886
"Little Tern","WH66",NA,NA,"AB","99372","STEALB",NA,4,177,46,2019-07-02,1899-12-31 22:00:00,"Atlit Salt-Pans",32.695,34.932,"Yosef Kiat",NA,NA,NA,"H66",NA,NA,NA,NA,"H","6","6",NA,"W",2,7,NA,NA,NA,NA,NA,NA,NA,NA,NA,NA,NA,NA,NA,NA,NA,NA,2019,7,TRUE,FALSE,TRUE,"Summer adult",0.259887005649718,42.764853465902
"Little Tern","WH67",NA,NA,"AB","99373","STEALB",NA,4,175,50,2019-07-02,1899-12-31 22:00:00,"Atlit Salt-Pans",32.695,34.932,"Yosef Kiat",NA,NA,NA,"H67",NA,NA,NA,NA,"H","6","7",NA,"W",2,7,NA,NA,NA,NA,NA,NA,NA,NA,NA,NA,NA,NA,NA,NA,NA,NA,2019,7,TRUE,FALSE,TRUE,"Summer adult",0.285714285714286,48.0277202020579
"Little Tern","WH74",NA,NA,"AB","99380","STEALB",NA,4,174,47,2019-07-03,1899-12-31 01:00:00,"Atlit Salt-Pans",32.695,34.932,"Yosef Kiat",NA,NA,NA,"H74",NA,NA,NA,NA,"H","7","4",NA,"W",3,7,NA,NA,NA,NA,NA,NA,NA,NA,NA,NA,NA,NA,NA,NA,NA,NA,2019,7,TRUE,FALSE,TRUE,"Summer adult",0.270114942528736,45.8962470018449
"Little Tern","WH75",NA,NA,"AB","99381","STEALB",NA,4,174,43,2019-07-03,1899-12-31 01:00:00,"Atlit Salt-Pans",32.695,34.932,"Yosef Kiat",NA,NA,NA,"H75",NA,NA,NA,NA,"H","7","5",NA,"W",3,7,NA,NA,NA,NA,NA,NA,NA,NA,NA,NA,NA,NA,NA,NA,NA,NA,2019,7,TRUE,FALSE,TRUE,"Summer adult",0.247126436781609,41.9901834272198
"Little Tern","WH76",NA,NA,"AB","99382","STEALB",NA,4,177,44,2019-07-03,1899-12-31 01:00:00,"Atlit Salt-Pans",32.695,34.932,"Yosef Kiat",NA,NA,NA,"H76",NA,NA,NA,NA,"H","7","6",NA,"W",3,7,NA,NA,NA,NA,NA,NA,NA,NA,NA,NA,NA,NA,NA,NA,NA,NA,2019,7,TRUE,FALSE,TRUE,"Summer adult",0.248587570621469,40.9055120108628
"Little Tern","WH77",NA,NA,"AB","99383","STEALB",NA,4,174,43,2019-07-03,1899-12-31 01:00:00,"Atlit Salt-Pans",32.695,34.932,"Yosef Kiat",NA,NA,NA,"H77",NA,NA,NA,NA,"H","7","7",NA,"W",3,7,NA,NA,NA,NA,NA,NA,NA,NA,NA,NA,NA,NA,NA,NA,NA,NA,2019,7,TRUE,FALSE,TRUE,"Summer adult",0.247126436781609,41.9901834272198
"Little Tern","WH78",NA,NA,"AB","99384","STEALB",NA,4,172,48,2019-07-03,1899-12-31 01:00:00,"Atlit Salt-Pans",32.695,34.932,"Yosef Kiat",NA,NA,NA,"H78",NA,NA,NA,NA,"H","7","8",NA,"W",3,7,NA,NA,NA,NA,NA,NA,NA,NA,NA,NA,NA,NA,NA,NA,NA,NA,2019,7,TRUE,FALSE,TRUE,"Summer adult",0.27906976744186,48.4573308108879
"Little Tern","NTIP",NA,"R","AB","99248","STEALB",NA,6,171,42,2019-07-03,1899-12-31 01:45:00,"Atlit Salt-Pans",32.695,34.932,"Yosef Kiat",NA,NA,NA,"TIP",NA,NA,NA,NA,"T","I","P",NA,"N",3,7,NA,NA,NA,NA,NA,NA,NA,NA,NA,NA,NA,NA,NA,NA,NA,NA,2019,7,FALSE,TRUE,TRUE,"Summer adult",0.245614035087719,43.1171544894506
"Little Tern","WH79",NA,NA,"AB","99385","STEALB",NA,4,166,42,2019-07-03,1899-12-31 01:45:00,"Atlit Salt-Pans",32.695,34.932,"Yosef Kiat",NA,NA,NA,"H79",NA,NA,NA,NA,"H","7","9",NA,"W",3,7,NA,NA,NA,NA,NA,NA,NA,NA,NA,NA,NA,NA,NA,NA,NA,NA,2019,7,TRUE,FALSE,TRUE,"Summer adult",0.253012048192771,46.9584506150963
"Little Tern","WH80",NA,NA,"AB","99386","STEALB",NA,4,172,43,2019-07-03,1899-12-31 01:45:00,"Atlit Salt-Pans",32.695,34.932,"Yosef Kiat",NA,NA,NA,"H80",NA,NA,NA,NA,"H","8","0",NA,"W",3,7,NA,NA,NA,NA,NA,NA,NA,NA,NA,NA,NA,NA,NA,NA,NA,NA,2019,7,TRUE,FALSE,TRUE,"Summer adult",0.25,43.4096921847537
"Little Tern","WH87",NA,NA,"AB","99392","STEALB",NA,4,169,45,2019-07-08,1899-12-31 20:45:00,"Atlit Salt-Pans",32.695,34.932,"Yosef Kiat",NA,NA,NA,"H87",NA,NA,NA,NA,"H","8","7",NA,"W",8,7,NA,NA,NA,NA,NA,NA,NA,NA,NA,NA,NA,NA,NA,NA,NA,NA,2019,7,TRUE,FALSE,TRUE,"Summer adult",0.266272189349112,47.786702181321
"Little Tern","WH86","+","R","AB","99393","STEALB",NA,22,162,50,2019-07-08,1899-12-31 20:45:00,"Atlit Salt-Pans",32.695,34.932,"Yosef Kiat",NA,"Ring replace, AB-40165",NA,"H86",NA,NA,NA,NA,"H","8","6",NA,"W",8,7,NA,NA,NA,NA,NA,"CT",NA,NA,"AB-40165",NA,NA,NA,NA,NA,NA,NA,2019,7,FALSE,TRUE,TRUE,"Summer adult",0.308641975308642,59.9650602064872
"Little Tern","WH88",NA,NA,"AB","99394","STEALB",NA,4,167,41,2019-07-08,1899-12-31 20:45:00,"Atlit Salt-Pans",32.695,34.932,"Yosef Kiat",NA,NA,NA,"H88",NA,NA,NA,NA,"H","8","8",NA,"W",8,7,NA,NA,NA,NA,NA,NA,NA,NA,NA,NA,NA,NA,NA,NA,NA,NA,2019,7,TRUE,FALSE,TRUE,"Summer adult",0.245508982035928,45.0554236871347
"Little Tern","YRN",NA,"R","AB","70865","STEALB","F",12,178,47,2019-07-08,1899-12-31 20:45:00,"Atlit Salt-Pans",32.695,34.932,"Yosef Kiat",NA,NA,NA,"RN",NA,NA,NA,NA,"R","N",NA,NA,"Y",8,7,NA,NA,NA,NA,NA,NA,NA,NA,NA,NA,NA,NA,NA,NA,NA,NA,2019,7,FALSE,TRUE,TRUE,"Summer adult",0.264044943820225,42.9922956595951
"Little Tern","NZIL",NA,"R","AB","99294","STEALB",NA,5,172,46,2019-07-08,1899-12-31 20:45:00,"Atlit Salt-Pans",32.695,34.932,"Yosef Kiat",NA,NA,NA,"ZIL",NA,NA,NA,NA,"Z","I","L",NA,"N",8,7,NA,NA,NA,NA,NA,NA,NA,NA,NA,NA,NA,NA,NA,NA,NA,NA,2019,7,FALSE,TRUE,TRUE,"Summer adult",0.267441860465116,46.4382753604342
"Little Tern","WH89",NA,NA,"AB","99395","STEALB",NA,4,178,54,2019-07-08,1899-12-31 20:45:00,"Atlit Salt-Pans",32.695,34.932,"Yosef Kiat",NA,NA,NA,"H89",NA,NA,NA,NA,"H","8","9",NA,"W",8,7,NA,NA,NA,NA,NA,NA,NA,NA,NA,NA,NA,NA,NA,NA,NA,NA,2019,7,TRUE,FALSE,TRUE,"Summer adult",0.303370786516854,49.3954035237902
"Little Tern","WH90",NA,NA,"AB","99396","STEALB",NA,4,175,48,2019-07-08,1899-12-31 21:30:00,"Atlit Salt-Pans",32.695,34.932,"Yosef Kiat",NA,NA,NA,"H90",NA,NA,NA,NA,"H","9","0",NA,"W",8,7,NA,NA,NA,NA,NA,NA,NA,NA,NA,NA,NA,NA,NA,NA,NA,NA,2019,7,TRUE,FALSE,TRUE,"Summer adult",0.274285714285714,46.1066113939756
"Little Tern","WJ00",NA,NA,"AB","99406","STEALB",NA,4,170,47,2019-07-15,1899-12-31 20:45:00,"Atlit Salt-Pans",32.695,34.932,"Yosef Kiat",NA,NA,NA,"J00",NA,NA,NA,NA,"J","0","0",NA,"W",15,7,NA,NA,NA,NA,NA,NA,NA,NA,NA,NA,NA,NA,NA,NA,NA,NA,2019,7,TRUE,FALSE,TRUE,"Summer adult",0.276470588235294,49.0708887068283
"Little Tern","NL4V",NA,"R","AB","70415","STEALB",NA,9,173,44,2019-07-15,1899-12-31 20:45:00,"Atlit Salt-Pans",32.695,34.932,"Yosef Kiat",NA,NA,NA,"L4V",NA,NA,NA,NA,"L","4","V",NA,"N",15,7,NA,NA,NA,NA,NA,NA,NA,NA,NA,NA,NA,NA,NA,NA,NA,NA,2019,7,FALSE,TRUE,TRUE,"Summer adult",0.254335260115607,43.6848244002704
"Little Tern","WJ02",NA,NA,"AB","99408","STEALB",NA,4,178,42,2019-07-15,1899-12-31 21:30:00,"Atlit Salt-Pans",32.695,34.932,"Yosef Kiat",NA,NA,NA,"J02",NA,NA,NA,NA,"J","0","2",NA,"W",15,7,NA,NA,NA,NA,NA,NA,NA,NA,NA,NA,NA,NA,NA,NA,NA,NA,2019,7,TRUE,FALSE,TRUE,"Summer adult",0.235955056179775,38.4186471851701
"Little Tern","WK44","+","R","AB","70697","STEALB",NA,13,172,42,2019-07-15,1899-12-31 21:30:00,"Atlit Salt-Pans",32.695,34.932,"Yosef Kiat",NA,NA,NA,"K44",NA,NA,NA,NA,"K","4","4",NA,"W",15,7,NA,NA,NA,NA,NA,"CA1",NA,NA,NA,NA,NA,NA,NA,NA,NA,NA,2019,7,FALSE,TRUE,TRUE,"Summer adult",0.244186046511628,42.4001644595269
"Little Tern","WJ03",NA,NA,"AB","99409","STEALB",NA,4,170,47,2019-07-15,1899-12-31 21:30:00,"Atlit Salt-Pans",32.695,34.932,"Yosef Kiat",NA,NA,NA,"J03",NA,NA,NA,NA,"J","0","3",NA,"W",15,7,NA,NA,NA,NA,NA,NA,NA,NA,NA,NA,NA,NA,NA,NA,NA,NA,2019,7,TRUE,FALSE,TRUE,"Summer adult",0.276470588235294,49.0708887068283
"Little Tern","WJ05",NA,NA,"AB","99411","STEALB",NA,4,172,41,2019-07-15,1899-12-31 23:00:00,"Atlit Salt-Pans",32.695,34.932,"Yosef Kiat",NA,NA,NA,"J05",NA,NA,NA,NA,"J","0","5",NA,"W",15,7,NA,NA,NA,NA,NA,NA,NA,NA,NA,NA,NA,NA,NA,NA,NA,NA,2019,7,TRUE,FALSE,TRUE,"Summer adult",0.238372093023256,41.3906367343001
"Little Tern","WJ08",NA,NA,"AB","99414","STEALB",NA,4,171,44,2019-07-16,1899-12-31,"Atlit Salt-Pans",32.695,34.932,"Yosef Kiat",NA,NA,NA,"J08",NA,NA,NA,NA,"J","0","8",NA,"W",16,7,NA,NA,NA,NA,NA,NA,NA,NA,NA,NA,NA,NA,NA,NA,NA,NA,2019,7,TRUE,FALSE,TRUE,"Summer adult",0.257309941520468,45.1703523222816
"Little Tern","WJ09",NA,NA,"AB","99415","STEALB",NA,4,178,46,2019-07-21,1899-12-31 20:45:00,"Atlit Salt-Pans",32.695,34.932,"Yosef Kiat",NA,NA,NA,"J09",NA,NA,NA,NA,"J","0","9",NA,"W",21,7,NA,NA,NA,NA,NA,NA,NA,NA,NA,NA,NA,NA,NA,NA,NA,NA,2019,7,TRUE,FALSE,TRUE,"Summer adult",0.258426966292135,42.0775659647101
"Little Tern","WJ14",NA,NA,"AB","99420","STEALB",NA,4,177,44,2019-07-21,1899-12-31 23:30:00,"Atlit Salt-Pans",32.695,34.932,"Yosef Kiat",NA,NA,NA,"J14",NA,NA,NA,NA,"J","1","4",NA,"W",21,7,NA,NA,NA,NA,NA,NA,NA,NA,NA,NA,NA,NA,NA,NA,NA,NA,2019,7,TRUE,FALSE,TRUE,"Summer adult",0.248587570621469,40.9055120108628
"Little Tern","NSIC",NA,"R","AB","99228","STEALB",NA,7,173,46,2020-06-25,1899-12-31 21:00:00,"Atlit Salt-Pans",32.695,34.932,"Yosef Kiat",NA,"Geolocator 24TF",NA,"SIC",NA,NA,NA,NA,"S","I","C",NA,"N",25,6,NA,NA,NA,NA,NA,NA,NA,NA,NA,NA,NA,NA,NA,NA,NA,NA,2020,6,FALSE,TRUE,TRUE,"Summer adult",0.265895953757225,45.6704982366464
"Little Tern","WJ67",NA,NA,"AB","99478","STEALB",NA,4,171,50,2020-06-25,1899-12-31 21:00:00,"Atlit Salt-Pans",32.695,34.932,"Yosef Kiat",NA,"Geolocator 24UW",NA,"J67",NA,NA,NA,NA,"J","6","7",NA,"W",25,6,NA,NA,NA,NA,NA,NA,NA,NA,NA,NA,NA,NA,NA,NA,NA,NA,2020,6,TRUE,FALSE,TRUE,"Summer adult",0.292397660818713,51.3299458207746
"Little Tern","WJ68",NA,NA,"AB","99479","STEALB",NA,4,178,48,2020-06-25,1899-12-31 21:00:00,"Atlit Salt-Pans",32.695,34.932,"Yosef Kiat",NA,NA,NA,"J68",NA,NA,NA,NA,"J","6","8",NA,"W",25,6,NA,NA,NA,NA,NA,NA,NA,NA,NA,NA,NA,NA,NA,NA,NA,NA,2020,6,TRUE,FALSE,TRUE,"Summer adult",0.269662921348315,43.9070253544801
"Little Tern","WJ69",NA,NA,"AB","99480","STEALB",NA,4,174,47,2020-06-25,1899-12-31 21:00:00,"Atlit Salt-Pans",32.695,34.932,"Yosef Kiat",NA,"Geolocator 24UR",NA,"J69",NA,NA,NA,NA,"J","6","9",NA,"W",25,6,NA,NA,NA,NA,NA,NA,NA,NA,NA,NA,NA,NA,NA,NA,NA,NA,2020,6,TRUE,FALSE,TRUE,"Summer adult",0.270114942528736,45.8962470018449
"Little Tern","WJ70",NA,NA,"AB","99481","STEALB",NA,4,173,40,2020-06-25,1899-12-31 21:00:00,"Atlit Salt-Pans",32.695,34.932,"Yosef Kiat",NA,NA,NA,"J70",NA,NA,NA,NA,"J","7","0",NA,"W",25,6,NA,NA,NA,NA,NA,NA,NA,NA,NA,NA,NA,NA,NA,NA,NA,NA,2020,6,TRUE,FALSE,TRUE,"Summer adult",0.23121387283237,39.7134767275186
"Little Tern","WJ71",NA,NA,"AB","99482","STEALB",NA,4,172,43,2020-06-25,1899-12-31 23:30:00,"Atlit Salt-Pans",32.695,34.932,"Yosef Kiat",NA,"Geolocator 24UP",NA,"J71",NA,NA,NA,NA,"J","7","1",NA,"W",25,6,NA,NA,NA,NA,NA,NA,NA,NA,NA,NA,NA,NA,NA,NA,NA,NA,2020,6,TRUE,FALSE,TRUE,"Summer adult",0.25,43.4096921847537
"Little Tern","WJ64",NA,"R","AB","99474","STEALB",NA,4,176,42,2020-06-26,1899-12-31 01:00:00,"Atlit Salt-Pans",32.695,34.932,"Yosef Kiat",NA,NA,NA,"J64",NA,NA,NA,NA,"J","6","4",NA,"W",26,6,NA,NA,NA,NA,NA,NA,NA,NA,NA,NA,NA,NA,NA,NA,NA,NA,2020,6,FALSE,TRUE,TRUE,"Summer adult",0.238636363636364,39.6875867659358
"Little Tern","WJ72",NA,NA,"AB","99483","STEALB",NA,4,176,42,2020-06-26,1899-12-31 01:00:00,"Atlit Salt-Pans",32.695,34.932,"Yosef Kiat",NA,NA,NA,"J72",NA,NA,NA,NA,"J","7","2",NA,"W",26,6,NA,NA,NA,NA,NA,NA,NA,NA,NA,NA,NA,NA,NA,NA,NA,NA,2020,6,TRUE,FALSE,TRUE,"Summer adult",0.238636363636364,39.6875867659358
"Little Tern","WJ73",NA,NA,"AB","99484","STEALB",NA,4,173,40,2020-06-26,1899-12-31 01:00:00,"Atlit Salt-Pans",32.695,34.932,"Yosef Kiat",NA,NA,NA,"J73",NA,NA,NA,NA,"J","7","3",NA,"W",26,6,NA,NA,NA,NA,NA,NA,NA,NA,NA,NA,NA,NA,NA,NA,NA,NA,2020,6,TRUE,FALSE,TRUE,"Summer adult",0.23121387283237,39.7134767275186
"Little Tern","WJ74",NA,NA,"AB","99485","STEALB",NA,4,180,43,2020-06-26,1899-12-31 01:00:00,"Atlit Salt-Pans",32.695,34.932,"Yosef Kiat",NA,NA,NA,"J74",NA,NA,NA,NA,"J","7","4",NA,"W",26,6,NA,NA,NA,NA,NA,NA,NA,NA,NA,NA,NA,NA,NA,NA,NA,NA,2020,6,TRUE,FALSE,TRUE,"Summer adult",0.238888888888889,38.0895898132146
"Little Tern","WJ75",NA,NA,"AB","99486","STEALB",NA,4,173,49,2020-06-26,1899-12-31 01:00:00,"Atlit Salt-Pans",32.695,34.932,"Yosef Kiat",NA,NA,NA,"J75",NA,NA,NA,NA,"J","7","5",NA,"W",26,6,NA,NA,NA,NA,NA,NA,NA,NA,NA,NA,NA,NA,NA,NA,NA,NA,2020,6,TRUE,FALSE,TRUE,"Summer adult",0.283236994219653,48.6490089912102
"Little Tern","WJ76",NA,NA,"AB","99487","STEALB",NA,4,175,43,2020-06-26,1899-12-31 02:00:00,"Atlit Salt-Pans",32.695,34.932,"Yosef Kiat",NA,NA,NA,"J76",NA,NA,NA,NA,"J","7","6",NA,"W",26,6,NA,NA,NA,NA,NA,NA,NA,NA,NA,NA,NA,NA,NA,NA,NA,NA,2020,6,TRUE,FALSE,TRUE,"Summer adult",0.245714285714286,41.3038393737698
"Little Tern","WJ19",NA,"R","AB","99425","STEALB",NA,6,173,49,2020-06-30,1899-12-31 20:30:00,"Atlit Salt-Pans",32.695,34.932,"Yosef Kiat",NA,"Geolocator 24TX",NA,"J19",NA,NA,NA,NA,"J","1","9",NA,"W",30,6,NA,NA,NA,NA,NA,NA,NA,NA,NA,NA,NA,NA,NA,NA,NA,NA,2020,6,FALSE,TRUE,TRUE,"Summer adult",0.283236994219653,48.6490089912102
"Little Tern","WJ77",NA,NA,"AB","99488","STEALB",NA,4,168,46,2020-06-30,1899-12-31 20:30:00,"Atlit Salt-Pans",32.695,34.932,"Yosef Kiat",NA,NA,NA,"J77",NA,NA,NA,NA,"J","7","7",NA,"W",30,6,NA,NA,NA,NA,NA,NA,NA,NA,NA,NA,NA,NA,NA,NA,NA,NA,2020,6,TRUE,FALSE,TRUE,"Summer adult",0.273809523809524,49.6894957441699
"Little Tern","WJ78",NA,NA,"AB","99489","STEALB",NA,4,170,38,2020-06-30,1899-12-31 20:30:00,"Atlit Salt-Pans",32.695,34.932,"Yosef Kiat",NA,NA,NA,"J78",NA,NA,NA,NA,"J","7","8",NA,"W",30,6,NA,NA,NA,NA,NA,NA,NA,NA,NA,NA,NA,NA,NA,NA,NA,NA,2020,6,TRUE,FALSE,TRUE,"Summer adult",0.223529411764706,39.6743355502016
"Little Tern","WJ79",NA,NA,"AB","99490","STEALB",NA,4,179,46,2020-06-30,1899-12-31 20:30:00,"Atlit Salt-Pans",32.695,34.932,"Yosef Kiat",NA,NA,NA,"J79",NA,NA,NA,NA,"J","7","9",NA,"W",30,6,NA,NA,NA,NA,NA,NA,NA,NA,NA,NA,NA,NA,NA,NA,NA,NA,2020,6,TRUE,FALSE,TRUE,"Summer adult",0.256983240223464,41.405082131529
"Little Tern","WH33",NA,"R","AB","99339","STEALB",NA,5,178,46,2020-06-30,1899-12-31 22:30:00,"Atlit Salt-Pans",32.695,34.932,"Yosef Kiat",NA,"Geolocator 24TV",NA,"H33",NA,NA,NA,NA,"H","3","3",NA,"W",30,6,NA,NA,NA,NA,NA,NA,NA,NA,NA,NA,NA,NA,NA,NA,NA,NA,2020,6,FALSE,TRUE,TRUE,"Summer adult",0.258426966292135,42.0775659647101
"Little Tern","WJ80","+","R","AB","70724","STEALB",NA,15,167,41,2020-06-30,1899-12-31 22:30:00,"Atlit Salt-Pans",32.695,34.932,"Yosef Kiat",NA,"Geolocator 24TE",NA,"J80",NA,NA,NA,NA,"J","8","0",NA,"W",30,6,NA,NA,NA,NA,NA,"CC8",NA,NA,NA,NA,NA,NA,NA,NA,NA,NA,2020,6,FALSE,TRUE,TRUE,"Summer adult",0.245508982035928,45.0554236871347
"Little Tern","WJ81",NA,NA,"AB","99491","STEALB",NA,4,171,44,2020-06-30,1899-12-31 22:30:00,"Atlit Salt-Pans",32.695,34.932,"Yosef Kiat",NA,NA,NA,"J81",NA,NA,NA,NA,"J","8","1",NA,"W",30,6,NA,NA,NA,NA,NA,NA,NA,NA,NA,NA,NA,NA,NA,NA,NA,NA,2020,6,TRUE,FALSE,TRUE,"Summer adult",0.257309941520468,45.1703523222816
"Little Tern","WJ82",NA,NA,"AB","99492","STEALB",NA,4,167,41,2020-06-30,1899-12-31 22:30:00,"Atlit Salt-Pans",32.695,34.932,"Yosef Kiat",NA,NA,NA,"J82",NA,NA,NA,NA,"J","8","2",NA,"W",30,6,NA,NA,NA,NA,NA,NA,NA,NA,NA,NA,NA,NA,NA,NA,NA,NA,2020,6,TRUE,FALSE,TRUE,"Summer adult",0.245508982035928,45.0554236871347
"Little Tern","WJ48",NA,"R","AB","99454","STEALB",NA,5,171,43,2020-06-30,1899-12-31 22:30:00,"Atlit Salt-Pans",32.695,34.932,"Yosef Kiat",NA,NA,NA,"J48",NA,NA,NA,NA,"J","4","8",NA,"W",30,6,NA,NA,NA,NA,NA,NA,NA,NA,NA,NA,NA,NA,NA,NA,NA,NA,2020,6,FALSE,TRUE,TRUE,"Summer adult",0.251461988304094,44.1437534058661
"Little Tern","WJ83",NA,NA,"AB","99493","STEALB",NA,4,177,45,2020-06-30,1899-12-31 22:30:00,"Atlit Salt-Pans",32.695,34.932,"Yosef Kiat",NA,NA,NA,"J83",NA,NA,NA,NA,"J","8","3",NA,"W",30,6,NA,NA,NA,NA,NA,NA,NA,NA,NA,NA,NA,NA,NA,NA,NA,NA,2020,6,TRUE,FALSE,TRUE,"Summer adult",0.254237288135593,41.8351827383824
"Little Tern","WJ84",NA,NA,"AB","99494","STEALB",NA,4,173,43,2020-06-30,1899-12-31 22:30:00,"Atlit Salt-Pans",32.695,34.932,"Yosef Kiat",NA,NA,NA,"J84",NA,NA,NA,NA,"J","8","4",NA,"W",30,6,NA,NA,NA,NA,NA,NA,NA,NA,NA,NA,NA,NA,NA,NA,NA,NA,2020,6,TRUE,FALSE,TRUE,"Summer adult",0.248554913294798,42.6919874820825
"Little Tern","WJ85",NA,NA,"AB","99495","STEALB",NA,4,178,44,2020-06-30,1899-12-31 22:30:00,"Atlit Salt-Pans",32.695,34.932,"Yosef Kiat",NA,NA,NA,"J85",NA,NA,NA,NA,"J","8","5",NA,"W",30,6,NA,NA,NA,NA,NA,NA,NA,NA,NA,NA,NA,NA,NA,NA,NA,NA,2020,6,TRUE,FALSE,TRUE,"Summer adult",0.247191011235955,40.2481065749401
"Little Tern","WJ30",NA,"R","AB","99436","STEALB",NA,6,172,45,2020-06-30,1899-12-31 22:30:00,"Atlit Salt-Pans",32.695,34.932,"Yosef Kiat",NA,"Geolocator 24UX",NA,"J30",NA,NA,NA,NA,"J","3","0",NA,"W",30,6,NA,NA,NA,NA,NA,NA,NA,NA,NA,NA,NA,NA,NA,NA,NA,NA,2020,6,FALSE,TRUE,TRUE,"Summer adult",0.261627906976744,45.4287476352074
"Little Tern","WJ86",NA,NA,"AB","99496","STEALB",NA,4,175,45,2020-06-30,1899-12-31 22:30:00,"Atlit Salt-Pans",32.695,34.932,"Yosef Kiat",NA,NA,NA,"J86",NA,NA,NA,NA,"J","8","6",NA,"W",30,6,NA,NA,NA,NA,NA,NA,NA,NA,NA,NA,NA,NA,NA,NA,NA,NA,2020,6,TRUE,FALSE,TRUE,"Summer adult",0.257142857142857,43.2249481818521
"Little Tern","WJ87",NA,NA,"AB","99497","STEALB",NA,4,168,49,2020-06-30,1899-12-31 22:30:00,"Atlit Salt-Pans",32.695,34.932,"Yosef Kiat",NA,NA,NA,"J87",NA,NA,NA,NA,"J","8","7",NA,"W",30,6,NA,NA,NA,NA,NA,NA,NA,NA,NA,NA,NA,NA,NA,NA,NA,NA,2020,6,TRUE,FALSE,TRUE,"Summer adult",0.291666666666667,52.9301150318332
"Little Tern","WJ88",NA,NA,"AB","99498","STEALB",NA,4,161,45,2020-06-30,1899-12-31 22:30:00,"Atlit Salt-Pans",32.695,34.932,"Yosef Kiat",NA,NA,NA,"J88",NA,NA,NA,NA,"J","8","8",NA,"W",30,6,NA,NA,NA,NA,NA,NA,NA,NA,NA,NA,NA,NA,NA,NA,NA,NA,2020,6,TRUE,FALSE,TRUE,"Summer adult",0.279503105590062,54.9381801378284
"Little Tern","WJ89",NA,NA,"AB","99499","STEALB",NA,4,172,47,2020-06-30,1899-12-31 22:30:00,"Atlit Salt-Pans",32.695,34.932,"Yosef Kiat",NA,NA,NA,"J89",NA,NA,NA,NA,"J","8","9",NA,"W",30,6,NA,NA,NA,NA,NA,NA,NA,NA,NA,NA,NA,NA,NA,NA,NA,NA,2020,6,TRUE,FALSE,TRUE,"Summer adult",0.273255813953488,47.447803085661
"Little Tern","WJ90",NA,NA,"AB","99500","STEALB",NA,4,167,42,2020-06-30,1899-12-31 22:30:00,"Atlit Salt-Pans",32.695,34.932,"Yosef Kiat",NA,NA,NA,"J90",NA,NA,NA,NA,"J","9","0",NA,"W",30,6,NA,NA,NA,NA,NA,NA,NA,NA,NA,NA,NA,NA,NA,NA,NA,NA,2020,6,TRUE,FALSE,TRUE,"Summer adult",0.251497005988024,46.1543364599916
"Little Tern","WJ91",NA,NA,"AB","99501","STEALB",NA,4,166,48,2020-06-30,1899-12-31 22:30:00,"Atlit Salt-Pans",32.695,34.932,"Yosef Kiat",NA,NA,NA,"J91",NA,NA,NA,NA,"J","9","1",NA,"W",30,6,NA,NA,NA,NA,NA,NA,NA,NA,NA,NA,NA,NA,NA,NA,NA,NA,2020,6,TRUE,FALSE,TRUE,"Summer adult",0.289156626506024,53.6668007029672
"Little Tern","WJ92",NA,NA,"AB","99502","STEALB",NA,4,166,44,2020-06-30,1899-12-31 22:30:00,"Atlit Salt-Pans",32.695,34.932,"Yosef Kiat",NA,NA,NA,"J92",NA,NA,NA,NA,"J","9","2",NA,"W",30,6,NA,NA,NA,NA,NA,NA,NA,NA,NA,NA,NA,NA,NA,NA,NA,NA,2020,6,TRUE,FALSE,TRUE,"Summer adult",0.265060240963855,49.1945673110533
"Little Tern","WE92",NA,"R","AB","99066","STEALB","F",9,171,44,2020-07-01,1899-12-31,"Atlit Salt-Pans",32.695,34.932,"Yosef Kiat",NA,NA,NA,"E92",NA,NA,NA,NA,"E","9","2",NA,"W",1,7,NA,NA,NA,NA,NA,NA,NA,NA,NA,NA,NA,NA,NA,NA,NA,NA,2020,7,FALSE,TRUE,TRUE,"Summer adult",0.257309941520468,45.1703523222816
"Little Tern","WJ93",NA,NA,"AB","99503","STEALB",NA,4,167,45,2020-07-01,1899-12-31,"Atlit Salt-Pans",32.695,34.932,"Yosef Kiat",NA,NA,NA,"J93",NA,NA,NA,NA,"J","9","3",NA,"W",1,7,NA,NA,NA,NA,NA,NA,NA,NA,NA,NA,NA,NA,NA,NA,NA,NA,2020,7,TRUE,FALSE,TRUE,"Summer adult",0.269461077844311,49.4510747785625
"Little Tern","WJ94",NA,NA,"AB","99504","STEALB",NA,4,176,40,2020-07-01,1899-12-31 01:00:00,"Atlit Salt-Pans",32.695,34.932,"Yosef Kiat",NA,NA,NA,"J94",NA,NA,NA,NA,"J","9","4",NA,"W",1,7,NA,NA,NA,NA,NA,NA,NA,NA,NA,NA,NA,NA,NA,NA,NA,NA,2020,7,TRUE,FALSE,TRUE,"Summer adult",0.227272727272727,37.7977016818436
"Little Tern","WJ95",NA,NA,"AB","99505","STEALB",NA,4,166,42,2020-07-01,1899-12-31 01:00:00,"Atlit Salt-Pans",32.695,34.932,"Yosef Kiat",NA,NA,NA,"J95",NA,NA,NA,NA,"J","9","5",NA,"W",1,7,NA,NA,NA,NA,NA,NA,NA,NA,NA,NA,NA,NA,NA,NA,NA,NA,2020,7,TRUE,FALSE,TRUE,"Summer adult",0.253012048192771,46.9584506150963
"Little Tern","WJ96",NA,NA,"AB","99506","STEALB",NA,4,168,41,2020-07-01,1899-12-31 01:00:00,"Atlit Salt-Pans",32.695,34.932,"Yosef Kiat",NA,NA,NA,"J96",NA,NA,NA,NA,"J","9","6",NA,"W",1,7,NA,NA,NA,NA,NA,NA,NA,NA,NA,NA,NA,NA,NA,NA,NA,NA,2020,7,TRUE,FALSE,TRUE,"Summer adult",0.244047619047619,44.2884635980645
"Little Tern","WJ97",NA,NA,"AB","99507","STEALB",NA,4,168,42,2020-07-01,1899-12-31 01:45:00,"Atlit Salt-Pans",32.695,34.932,"Yosef Kiat",NA,NA,NA,"J97",NA,NA,NA,NA,"J","9","7",NA,"W",1,7,NA,NA,NA,NA,NA,NA,NA,NA,NA,NA,NA,NA,NA,NA,NA,NA,2020,7,TRUE,FALSE,TRUE,"Summer adult",0.25,45.3686700272856
"Little Tern","WJ98",NA,NA,"AB","99508","STEALB",NA,4,172,45,2020-07-01,1899-12-31 01:45:00,"Atlit Salt-Pans",32.695,34.932,"Yosef Kiat",NA,NA,NA,"J98",NA,NA,NA,NA,"J","9","8",NA,"W",1,7,NA,NA,NA,NA,NA,NA,NA,NA,NA,NA,NA,NA,NA,NA,NA,NA,2020,7,TRUE,FALSE,TRUE,"Summer adult",0.261627906976744,45.4287476352074
"Little Tern","WJ99",NA,NA,"AB","99509","STEALB",NA,4,171,45,2020-07-01,1899-12-31 01:45:00,"Atlit Salt-Pans",32.695,34.932,"Yosef Kiat",NA,NA,NA,"J99",NA,NA,NA,NA,"J","9","9",NA,"W",1,7,NA,NA,NA,NA,NA,NA,NA,NA,NA,NA,NA,NA,NA,NA,NA,NA,2020,7,TRUE,FALSE,TRUE,"Summer adult",0.263157894736842,46.1969512386971
"Little Tern","WK00",NA,NA,"AB","99510","STEALB",NA,4,172,53,2020-07-01,1899-12-31 02:15:00,"Atlit Salt-Pans",32.695,34.932,"Yosef Kiat",NA,NA,NA,"K00",NA,NA,NA,NA,"K","0","0",NA,"W",1,7,NA,NA,NA,NA,NA,NA,NA,NA,NA,NA,NA,NA,NA,NA,NA,NA,2020,7,TRUE,FALSE,TRUE,"Summer adult",0.308139534883721,53.504969437022
"Little Tern","WK01",NA,NA,"AB","99511","STEALB",NA,4,172,44,2020-07-01,1899-12-31 02:15:00,"Atlit Salt-Pans",32.695,34.932,"Yosef Kiat",NA,NA,NA,"K01",NA,NA,NA,NA,"K","0","1",NA,"W",1,7,NA,NA,NA,NA,NA,NA,NA,NA,NA,NA,NA,NA,NA,NA,NA,NA,2020,7,TRUE,FALSE,TRUE,"Summer adult",0.255813953488372,44.4192199099805
"Little Tern","WK02",NA,NA,"AB","99512","STEALB",NA,5,174,43,2020-07-06,1899-12-31 20:45:00,"Atlit Salt-Pans",32.695,34.932,"Yosef Kiat",NA,NA,NA,"K02",NA,NA,NA,NA,"K","0","2",NA,"W",6,7,NA,NA,NA,NA,NA,NA,NA,NA,NA,NA,NA,NA,NA,NA,NA,NA,2020,7,TRUE,FALSE,TRUE,"Summer adult",0.247126436781609,41.9901834272198
"Little Tern","WK03",NA,NA,"AB","99513","STEALB",NA,4,165,41,2020-07-06,1899-12-31 20:45:00,"Atlit Salt-Pans",32.695,34.932,"Yosef Kiat",NA,NA,NA,"K03",NA,NA,NA,NA,"K","0","3",NA,"W",6,7,NA,NA,NA,NA,NA,NA,NA,NA,NA,NA,NA,NA,NA,NA,NA,NA,2020,7,TRUE,FALSE,TRUE,"Summer adult",0.248484848484848,46.6439045211075
"Little Tern","WK04",NA,NA,"AB","99514","STEALB",NA,4,172,45,2020-07-06,1899-12-31 20:45:00,"Atlit Salt-Pans",32.695,34.932,"Yosef Kiat",NA,NA,NA,"K04",NA,NA,NA,NA,"K","0","4",NA,"W",6,7,NA,NA,NA,NA,NA,NA,NA,NA,NA,NA,NA,NA,NA,NA,NA,NA,2020,7,TRUE,FALSE,TRUE,"Summer adult",0.261627906976744,45.4287476352074
"Little Tern","WK05",NA,NA,"AB","99515","STEALB",NA,4,178,47,2020-07-06,1899-12-31 21:30:00,"Atlit Salt-Pans",32.695,34.932,"Yosef Kiat",NA,NA,NA,"K05",NA,NA,NA,NA,"K","0","5",NA,"W",6,7,NA,NA,NA,NA,NA,NA,NA,NA,NA,NA,NA,NA,NA,NA,NA,NA,2020,7,TRUE,FALSE,TRUE,"Summer adult",0.264044943820225,42.9922956595951
"Little Tern","WK06",NA,NA,"AB","99516","STEALB",NA,4,170,45,2020-07-06,1899-12-31 22:15:00,"Atlit Salt-Pans",32.695,34.932,"Yosef Kiat",NA,NA,NA,"K06",NA,NA,NA,NA,"K","0","6",NA,"W",6,7,NA,NA,NA,NA,NA,NA,NA,NA,NA,NA,NA,NA,NA,NA,NA,NA,2020,7,TRUE,FALSE,TRUE,"Summer adult",0.264705882352941,46.9827657831335
"Little Tern","WK07",NA,NA,"AB","99517","STEALB",NA,4,168,47,2020-07-06,1899-12-31 22:15:00,"Atlit Salt-Pans",32.695,34.932,"Yosef Kiat",NA,NA,NA,"K07",NA,NA,NA,NA,"K","0","7",NA,"W",6,7,NA,NA,NA,NA,NA,NA,NA,NA,NA,NA,NA,NA,NA,NA,NA,NA,2020,7,TRUE,FALSE,TRUE,"Summer adult",0.279761904761905,50.769702173391
"Little Tern","WK08",NA,NA,"AB","99518","STEALB",NA,4,168,45,2020-07-06,1899-12-31 22:15:00,"Atlit Salt-Pans",32.695,34.932,"Yosef Kiat",NA,NA,NA,"K08",NA,NA,NA,NA,"K","0","8",NA,"W",6,7,NA,NA,NA,NA,NA,NA,NA,NA,NA,NA,NA,NA,NA,NA,NA,NA,2020,7,TRUE,FALSE,TRUE,"Summer adult",0.267857142857143,48.6092893149488
"Little Tern","WK09",NA,NA,"AB","99519","STEALB",NA,4,161,44,2020-07-06,1899-12-31 22:15:00,"Atlit Salt-Pans",32.695,34.932,"Yosef Kiat",NA,NA,NA,"K09",NA,NA,NA,NA,"K","0","9",NA,"W",6,7,NA,NA,NA,NA,NA,NA,NA,NA,NA,NA,NA,NA,NA,NA,NA,NA,2020,7,TRUE,FALSE,TRUE,"Summer adult",0.273291925465839,53.7173316903211
"Little Tern","WK10",NA,NA,"AB","99520","STEALB",NA,4,173,43,2020-07-06,1899-12-31 22:15:00,"Atlit Salt-Pans",32.695,34.932,"Yosef Kiat",NA,NA,NA,"K10",NA,NA,NA,NA,"K","1","0",NA,"W",6,7,NA,NA,NA,NA,NA,NA,NA,NA,NA,NA,NA,NA,NA,NA,NA,NA,2020,7,TRUE,FALSE,TRUE,"Summer adult",0.248554913294798,42.6919874820825
"Little Tern","WK11",NA,NA,"AB","99521","STEALB",NA,4,167,40,2020-07-06,1899-12-31 22:15:00,"Atlit Salt-Pans",32.695,34.932,"Yosef Kiat",NA,NA,NA,"K11",NA,NA,NA,NA,"K","1","1",NA,"W",6,7,NA,NA,NA,NA,NA,NA,NA,NA,NA,NA,NA,NA,NA,NA,NA,NA,2020,7,TRUE,FALSE,TRUE,"Summer adult",0.239520958083832,43.9565109142778
"Little Tern","WK12",NA,NA,"AB","99522","STEALB",NA,4,169,37,2020-07-06,1899-12-31 22:15:00,"Atlit Salt-Pans",32.695,34.932,"Yosef Kiat",NA,NA,NA,"K12",NA,NA,NA,NA,"K","1","2",NA,"W",6,7,NA,NA,NA,NA,NA,NA,NA,NA,NA,NA,NA,NA,NA,NA,NA,NA,2020,7,TRUE,FALSE,TRUE,"Summer adult",0.218934911242604,39.2912884601973
"Little Tern","WK13",NA,NA,"AB","99523","STEALB",NA,4,171,49,2020-07-06,1899-12-31 22:15:00,"Atlit Salt-Pans",32.695,34.932,"Yosef Kiat",NA,NA,NA,"K13",NA,NA,NA,NA,"K","1","3",NA,"W",6,7,NA,NA,NA,NA,NA,NA,NA,NA,NA,NA,NA,NA,NA,NA,NA,NA,2020,7,TRUE,FALSE,TRUE,"Summer adult",0.286549707602339,50.3033469043591
"Little Tern","WK14",NA,NA,"AB","99524","STEALB",NA,4,179,49,2020-07-06,1899-12-31 22:15:00,"Atlit Salt-Pans",32.695,34.932,"Yosef Kiat",NA,NA,NA,"K14",NA,NA,NA,NA,"K","1","4",NA,"W",6,7,NA,NA,NA,NA,NA,NA,NA,NA,NA,NA,NA,NA,NA,NA,NA,NA,2020,7,TRUE,FALSE,TRUE,"Summer adult",0.273743016759777,44.1054135748896
"Little Tern","WK15",NA,NA,"AB","99525","STEALB",NA,4,174,38,2020-07-06,1899-12-31 23:30:00,"Atlit Salt-Pans",32.695,34.932,"Yosef Kiat",NA,NA,NA,"K15",NA,NA,NA,NA,"K","1","5",NA,"W",6,7,NA,NA,NA,NA,NA,NA,NA,NA,NA,NA,NA,NA,NA,NA,NA,NA,2020,7,TRUE,FALSE,TRUE,"Summer adult",0.218390804597701,37.1076039589384
"Little Tern","WK26",NA,NA,"AB","99536","STEALB",NA,4,166,43,2020-07-21,1899-12-31 21:30:00,"Atlit Salt-Pans",32.695,34.932,"Yosef Kiat",NA,NA,NA,"K26",NA,NA,NA,NA,"K","2","6",NA,"W",21,7,NA,NA,NA,NA,NA,NA,NA,NA,NA,NA,NA,NA,NA,NA,NA,NA,2020,7,TRUE,FALSE,TRUE,"Summer adult",0.259036144578313,48.0765089630748
"Little Tern","WK27",NA,NA,"AB","99537","STEALB",NA,4,172,44,2020-07-21,1899-12-31 23:00:00,"Atlit Salt-Pans",32.695,34.932,"Yosef Kiat",NA,NA,NA,"K27",NA,NA,NA,NA,"K","2","7",NA,"W",21,7,NA,NA,NA,NA,NA,NA,NA,NA,NA,NA,NA,NA,NA,NA,NA,NA,2020,7,TRUE,FALSE,TRUE,"Summer adult",0.255813953488372,44.4192199099805
"Little Tern","NVIX",NA,"R","AB","99267","STEALB",NA,8,168,44,2020-07-22,1899-12-31,"Atlit Salt-Pans",32.695,34.932,"Yosef Kiat",NA,NA,NA,"VIX",NA,NA,NA,NA,"V","I","X",NA,"N",22,7,NA,NA,NA,NA,NA,NA,NA,NA,NA,NA,NA,NA,NA,NA,NA,NA,2020,7,FALSE,TRUE,TRUE,"Summer adult",0.261904761904762,47.5290828857277
"Little Tern","WK28",NA,NA,"AB","99538","STEALB",NA,5,172,45,2020-07-22,1899-12-31,"Atlit Salt-Pans",32.695,34.932,"Yosef Kiat",NA,NA,NA,"K28",NA,NA,NA,NA,"K","2","8",NA,"W",22,7,NA,NA,NA,NA,NA,NA,NA,NA,NA,NA,NA,NA,NA,NA,NA,NA,2020,7,TRUE,FALSE,TRUE,"Summer adult",0.261627906976744,45.4287476352074
"Little Tern","WK32",NA,NA,"AB","99542","STEALB",NA,5,173,53,2020-07-28,1899-12-31 21:00:00,"Atlit Salt-Pans",32.695,34.932,"Yosef Kiat",NA,NA,NA,"K32",NA,NA,NA,NA,"K","3","2",NA,"W",28,7,NA,NA,NA,NA,NA,NA,NA,NA,NA,NA,NA,NA,NA,NA,NA,NA,2020,7,TRUE,FALSE,TRUE,"Summer adult",0.30635838150289,52.6203566639621
"Little Tern","WK34",NA,NA,"AB","99544","STEALB",NA,5,167,42,2020-07-28,1899-12-31 23:30:00,"Atlit Salt-Pans",32.695,34.932,"Yosef Kiat",NA,NA,NA,"K34",NA,NA,NA,NA,"K","3","4",NA,"W",28,7,NA,NA,NA,NA,NA,NA,NA,NA,NA,NA,NA,NA,NA,NA,NA,NA,2020,7,TRUE,FALSE,TRUE,"Summer adult",0.251497005988024,46.1543364599916
"Little Tern","WK79",NA,NA,"AB","99625","STEALB",NA,4,172,46,2021-06-27,1899-12-31 23:00:00,"Atlit Salt-Pans",32.695,34.932,"Yosef Kiat",NA,NA,NA,"K79",NA,NA,NA,NA,"K","7","9",NA,"W",27,6,NA,NA,NA,NA,NA,NA,NA,NA,NA,NA,NA,NA,NA,NA,NA,NA,2021,6,TRUE,FALSE,TRUE,"Summer adult",0.267441860465116,46.4382753604342
"Little Tern","WK80",NA,NA,"AB","99626","STEALB",NA,4,167,46,2021-06-27,1899-12-31 23:00:00,"Atlit Salt-Pans",32.695,34.932,"Yosef Kiat",NA,NA,NA,"K80",NA,NA,NA,NA,"K","8","0",NA,"W",27,6,NA,NA,NA,NA,NA,NA,NA,NA,NA,NA,NA,NA,NA,NA,NA,NA,2021,6,TRUE,FALSE,TRUE,"Summer adult",0.275449101796407,50.5499875514194
"Little Tern","WK93",NA,NA,"AB","99639","STEALB",NA,4,174,47,2021-07-01,1899-12-31 22:15:00,"Atlit Salt-Pans",32.695,34.932,"Yosef Kiat",NA,NA,NA,"K93",NA,NA,NA,NA,"K","9","3",NA,"W",1,7,NA,NA,NA,NA,NA,NA,NA,NA,NA,NA,NA,NA,NA,NA,NA,NA,2021,7,TRUE,FALSE,TRUE,"Summer adult",0.270114942528736,45.8962470018449
"Little Tern","WN05",NA,NA,"AB","99651","STEALB",NA,4,170,42,2021-07-11,1899-12-31 21:00:00,"Atlit Salt-Pans",32.695,34.932,"Yosef Kiat",NA,NA,NA,"N05",NA,NA,NA,NA,"N","0","5",NA,"W",11,7,NA,NA,NA,NA,NA,NA,NA,NA,NA,NA,NA,NA,NA,NA,NA,NA,2021,7,TRUE,FALSE,TRUE,"Summer adult",0.247058823529412,43.8505813975913
"Little Tern","WN06",NA,NA,"AB","99652","STEALB",NA,4,168,43,2021-07-11,1899-12-31 21:00:00,"Atlit Salt-Pans",32.695,34.932,"Yosef Kiat",NA,NA,NA,"N06",NA,NA,NA,NA,"N","0","6",NA,"W",11,7,NA,NA,NA,NA,NA,NA,NA,NA,NA,NA,NA,NA,NA,NA,NA,NA,2021,7,TRUE,FALSE,TRUE,"Summer adult",0.255952380952381,46.4488764565067
"Little Tern","WN07",NA,NA,"AB","99653","STEALB",NA,4,178,40,2021-07-11,1899-12-31 21:00:00,"Atlit Salt-Pans",32.695,34.932,"Yosef Kiat",NA,NA,NA,"N07",NA,NA,NA,NA,"N","0","7",NA,"W",11,7,NA,NA,NA,NA,NA,NA,NA,NA,NA,NA,NA,NA,NA,NA,NA,NA,2021,7,TRUE,FALSE,TRUE,"Summer adult",0.224719101123595,36.5891877954001
"Little Tern","WN36",NA,NA,"AB","99682","STEALB",NA,4,173,45,2021-07-20,1899-12-31 21:00:00,"Atlit Salt-Pans",32.695,34.932,"Yosef Kiat",NA,NA,NA,"N36",NA,NA,NA,NA,"N","3","6",NA,"W",20,7,NA,NA,NA,NA,NA,NA,NA,NA,NA,NA,NA,NA,NA,NA,NA,NA,2021,7,TRUE,FALSE,TRUE,"Summer adult",0.260115606936416,44.6776613184584
"Little Tern","WN39",NA,NA,"AB","99685","STEALB",NA,4,175,39,2021-07-20,1899-12-31 21:00:00,"Atlit Salt-Pans",32.695,34.932,"Yosef Kiat",NA,NA,NA,"N39",NA,NA,NA,NA,"N","3","9",NA,"W",20,7,NA,NA,NA,NA,NA,NA,NA,NA,NA,NA,NA,NA,NA,NA,NA,NA,2021,7,TRUE,FALSE,TRUE,"Summer adult",0.222857142857143,37.4616217576051
"Little Tern","WN40",NA,NA,"AB","99686","STEALB",NA,4,165,45,2021-07-20,1899-12-31 21:00:00,"Atlit Salt-Pans",32.695,34.932,"Yosef Kiat",NA,NA,NA,"N40",NA,NA,NA,NA,"N","4","0",NA,"W",20,7,NA,NA,NA,NA,NA,NA,NA,NA,NA,NA,NA,NA,NA,NA,NA,NA,2021,7,TRUE,FALSE,TRUE,"Summer adult",0.272727272727273,51.1945293524351
"Little Tern","WN41",NA,NA,"AB","99687","STEALB",NA,4,173,43,2021-07-20,1899-12-31 21:00:00,"Atlit Salt-Pans",32.695,34.932,"Yosef Kiat",NA,NA,NA,"N41",NA,NA,NA,NA,"N","4","1",NA,"W",20,7,NA,NA,NA,NA,NA,NA,NA,NA,NA,NA,NA,NA,NA,NA,NA,NA,2021,7,TRUE,FALSE,TRUE,"Summer adult",0.248554913294798,42.6919874820825
"Little Tern","WN42",NA,NA,"AB","99688","STEALB",NA,4,170,43,2021-07-20,1899-12-31 21:00:00,"Atlit Salt-Pans",32.695,34.932,"Yosef Kiat",NA,NA,NA,"N42",NA,NA,NA,NA,"N","4","2",NA,"W",20,7,NA,NA,NA,NA,NA,NA,NA,NA,NA,NA,NA,NA,NA,NA,NA,NA,2021,7,TRUE,FALSE,TRUE,"Summer adult",0.252941176470588,44.8946428594387
"Little Tern","WN43",NA,NA,"AB","99689","STEALB",NA,4,166,45,2021-07-20,1899-12-31 21:00:00,"Atlit Salt-Pans",32.695,34.932,"Yosef Kiat",NA,NA,NA,"N43",NA,NA,NA,NA,"N","4","3",NA,"W",20,7,NA,NA,NA,NA,NA,NA,NA,NA,NA,NA,NA,NA,NA,NA,NA,NA,2021,7,TRUE,FALSE,TRUE,"Summer adult",0.271084337349398,50.3126256590318
"Little Tern","WN44",NA,NA,"AB","99690","STEALB",NA,4,171,44,2021-07-20,1899-12-31 21:00:00,"Atlit Salt-Pans",32.695,34.932,"Yosef Kiat",NA,NA,NA,"N44",NA,NA,NA,NA,"N","4","4",NA,"W",20,7,NA,NA,NA,NA,NA,NA,NA,NA,NA,NA,NA,NA,NA,NA,NA,NA,2021,7,TRUE,FALSE,TRUE,"Summer adult",0.257309941520468,45.1703523222816
"Little Tern","WN47",NA,NA,"AB","99693","STEALB",NA,4,170,42,2021-07-20,1899-12-31 23:30:00,"Atlit Salt-Pans",32.695,34.932,"Yosef Kiat",NA,NA,NA,"N47",NA,NA,NA,NA,"N","4","7",NA,"W",20,7,NA,NA,NA,NA,NA,NA,NA,NA,NA,NA,NA,NA,NA,NA,NA,NA,2021,7,TRUE,FALSE,TRUE,"Summer adult",0.247058823529412,43.8505813975913
"Little Tern","WE7J",NA,NA,"AB","99805","STEALB","F",4,167,45,2022-06-23,1899-12-31 20:15:00,"Atlit Salt-Pans",32.695,34.932,"Yosef Kiat",NA,NA,NA,"E7J",NA,NA,NA,NA,"E","7","J",NA,"W",23,6,NA,NA,NA,NA,NA,NA,NA,NA,NA,NA,NA,NA,NA,NA,NA,NA,2022,6,TRUE,FALSE,TRUE,"Summer adult",0.269461077844311,49.4510747785625
"Little Tern","WE0K",NA,NA,"AB","99808","STEALB",NA,4,174,47,2022-06-23,1899-12-31 20:45:00,"Atlit Salt-Pans",32.695,34.932,"Yosef Kiat",NA,NA,NA,"E0K",NA,NA,NA,NA,"E","0","K",NA,"W",23,6,NA,NA,NA,NA,NA,NA,NA,NA,NA,NA,NA,NA,NA,NA,NA,NA,2022,6,TRUE,FALSE,TRUE,"Summer adult",0.270114942528736,45.8962470018449
"Little Tern","WE1K",NA,NA,"AB","99809","STEALB",NA,4,174,48,2022-06-23,1899-12-31 20:45:00,"Atlit Salt-Pans",32.695,34.932,"Yosef Kiat",NA,NA,NA,"E1K",NA,NA,NA,NA,"E","1","K",NA,"W",23,6,NA,NA,NA,NA,NA,NA,NA,NA,NA,NA,NA,NA,NA,NA,NA,NA,2022,6,TRUE,FALSE,TRUE,"Summer adult",0.275862068965517,46.8727628955011
"Little Tern","WE5J",NA,"R","AB","99803","STEALB",NA,4,172,46,2022-06-23,1899-12-31 20:45:00,"Atlit Salt-Pans",32.695,34.932,"Yosef Kiat",NA,NA,NA,"E5J",NA,NA,NA,NA,"E","5","J",NA,"W",23,6,NA,NA,NA,NA,NA,NA,NA,NA,NA,NA,NA,NA,NA,NA,NA,NA,2022,6,FALSE,TRUE,TRUE,"Summer adult",0.267441860465116,46.4382753604342
"Little Tern","NKIB",NA,"R","AB","99183","STEALB",NA,12,169,45,2022-06-23,1899-12-31 21:30:00,"Atlit Salt-Pans",32.695,34.932,"Yosef Kiat",NA,NA,NA,"KIB",NA,NA,NA,NA,"K","I","B",NA,"N",23,6,NA,NA,NA,NA,NA,NA,NA,NA,NA,NA,NA,NA,NA,NA,NA,NA,2022,6,FALSE,TRUE,TRUE,"Summer adult",0.266272189349112,47.786702181321
"Little Tern","WE2K",NA,NA,"AB","99810","STEALB",NA,4,177,45,2022-06-23,1899-12-31 21:30:00,"Atlit Salt-Pans",32.695,34.932,"Yosef Kiat",NA,NA,NA,"E2K",NA,NA,NA,NA,"E","2","K",NA,"W",23,6,NA,NA,NA,NA,NA,NA,NA,NA,NA,NA,NA,NA,NA,NA,NA,NA,2022,6,TRUE,FALSE,TRUE,"Summer adult",0.254237288135593,41.8351827383824
"Little Tern","WE3K",NA,NA,"AB","99811","STEALB",NA,4,177,46,2022-06-23,1899-12-31 21:30:00,"Atlit Salt-Pans",32.695,34.932,"Yosef Kiat",NA,NA,NA,"E3K",NA,NA,NA,NA,"E","3","K",NA,"W",23,6,NA,NA,NA,NA,NA,NA,NA,NA,NA,NA,NA,NA,NA,NA,NA,NA,2022,6,TRUE,FALSE,TRUE,"Summer adult",0.259887005649718,42.764853465902
"Little Tern","WE4K",NA,NA,"AB","99812","STEALB",NA,4,172,45,2022-06-23,1899-12-31 21:30:00,"Atlit Salt-Pans",32.695,34.932,"Yosef Kiat",NA,NA,NA,"E4K",NA,NA,NA,NA,"E","4","K",NA,"W",23,6,NA,NA,NA,NA,NA,NA,NA,NA,NA,NA,NA,NA,NA,NA,NA,NA,2022,6,TRUE,FALSE,TRUE,"Summer adult",0.261627906976744,45.4287476352074
"Little Tern","WE5K",NA,NA,"AB","99813","STEALB",NA,4,164,42,2022-06-23,1899-12-31 21:30:00,"Atlit Salt-Pans",32.695,34.932,"Yosef Kiat",NA,NA,NA,"E5K",NA,NA,NA,NA,"E","5","K",NA,"W",23,6,NA,NA,NA,NA,NA,NA,NA,NA,NA,NA,NA,NA,NA,NA,NA,NA,2022,6,TRUE,FALSE,TRUE,"Summer adult",0.25609756097561,48.6242347923704
"Little Tern","WE6K",NA,NA,"AB","99814","STEALB",NA,4,171,47,2022-06-23,1899-12-31 21:30:00,"Atlit Salt-Pans",32.695,34.932,"Yosef Kiat",NA,NA,NA,"E6K",NA,NA,NA,NA,"E","6","K",NA,"W",23,6,NA,NA,NA,NA,NA,NA,NA,NA,NA,NA,NA,NA,NA,NA,NA,NA,2022,6,TRUE,FALSE,TRUE,"Summer adult",0.274853801169591,48.2501490715281
"Little Tern","WE9K","+","R","AB","99817","STEALB",NA,27,170,47,2022-06-30,1899-12-31 20:15:00,"Atlit Salt-Pans",32.695,34.932,"Yosef Kiat",NA,NA,NA,"E9K",NA,NA,NA,NA,"E","9","K",NA,"W",30,6,NA,NA,NA,NA,NA,"AM",NA,NA,"AB-18905",NA,NA,NA,NA,NA,NA,NA,2022,6,FALSE,TRUE,TRUE,"Summer adult",0.276470588235294,49.0708887068283
"Little Tern","WN96",NA,"R","AB","99744","STEALB","F",4,169,44,2022-06-30,1899-12-31 20:15:00,"Atlit Salt-Pans",32.695,34.932,"Yosef Kiat",NA,NA,NA,"N96",NA,NA,NA,NA,"N","9","6",NA,"W",30,6,NA,NA,NA,NA,NA,NA,NA,NA,NA,NA,NA,NA,NA,NA,NA,NA,2022,6,FALSE,TRUE,TRUE,"Summer adult",0.260355029585799,46.7247754661805
"Little Tern","NL2E",NA,"R","AB","70346","STEALB","M",16,174,49,2022-06-30,1899-12-31 20:15:00,"Atlit Salt-Pans",32.695,34.932,"Yosef Kiat",NA,NA,NA,"L2E",NA,NA,NA,NA,"L","2","E",NA,"N",30,6,NA,NA,NA,NA,NA,NA,NA,NA,NA,NA,NA,NA,NA,NA,NA,NA,2022,6,FALSE,TRUE,TRUE,"Summer adult",0.281609195402299,47.8492787891574
"Little Tern","NXIX",NA,"R","AB","99282","STEALB",NA,12,165,50,2022-06-30,1899-12-31 20:15:00,"Atlit Salt-Pans",32.695,34.932,"Yosef Kiat",NA,NA,NA,"XIX",NA,NA,NA,NA,"X","I","X",NA,"N",30,6,NA,NA,NA,NA,NA,NA,NA,NA,NA,NA,NA,NA,NA,NA,NA,NA,2022,6,FALSE,TRUE,TRUE,"Summer adult",0.303030303030303,56.8828103915945
"Little Tern","WE0L",NA,NA,"AB","99818","STEALB",NA,4,171,44,2022-06-30,1899-12-31 21:30:00,"Atlit Salt-Pans",32.695,34.932,"Yosef Kiat",NA,NA,NA,"E0L",NA,NA,NA,NA,"E","0","L",NA,"W",30,6,NA,NA,NA,NA,NA,NA,NA,NA,NA,NA,NA,NA,NA,NA,NA,NA,2022,6,TRUE,FALSE,TRUE,"Summer adult",0.257309941520468,45.1703523222816
"Little Tern","WE1L",NA,NA,"AB","99819","STEALB",NA,4,174,50,2022-06-30,1899-12-31 21:30:00,"Atlit Salt-Pans",32.695,34.932,"Yosef Kiat",NA,NA,NA,"E1L",NA,NA,NA,NA,"E","1","L",NA,"W",30,6,NA,NA,NA,NA,NA,NA,NA,NA,NA,NA,NA,NA,NA,NA,NA,NA,2022,6,TRUE,FALSE,TRUE,"Summer adult",0.28735632183908,48.8257946828137
"Little Tern","WE0N",NA,NA,"AB","99828","STEALB",NA,4,171,43,2022-07-01,1899-12-31 00:30:00,"Atlit Salt-Pans",32.695,34.932,"Yosef Kiat",NA,NA,NA,"E0N",NA,NA,NA,NA,"E","0","N",NA,"W",1,7,NA,NA,NA,NA,NA,NA,NA,NA,NA,NA,NA,NA,NA,NA,NA,NA,2022,7,TRUE,FALSE,TRUE,"Summer adult",0.251461988304094,44.1437534058661
"Little Tern","WE6N",NA,NA,"AB","99834","STEALB",NA,4,170,42,2022-07-01,1899-12-31 01:30:00,"Atlit Salt-Pans",32.695,34.932,"Yosef Kiat",NA,NA,NA,"E6N",NA,NA,NA,NA,"E","6","N",NA,"W",1,7,NA,NA,NA,NA,NA,NA,NA,NA,NA,NA,NA,NA,NA,NA,NA,NA,2022,7,TRUE,FALSE,TRUE,"Summer adult",0.247058823529412,43.8505813975913
"Little Tern","WE7N",NA,NA,"AB","99835","STEALB",NA,4,170,43,2022-07-01,1899-12-31 01:30:00,"Atlit Salt-Pans",32.695,34.932,"Yosef Kiat",NA,NA,NA,"E7N",NA,NA,NA,NA,"E","7","N",NA,"W",1,7,NA,NA,NA,NA,NA,NA,NA,NA,NA,NA,NA,NA,NA,NA,NA,NA,2022,7,TRUE,FALSE,TRUE,"Summer adult",0.252941176470588,44.8946428594387
"Little Tern","WE8N",NA,NA,"AB","99836","STEALB","F",4,173,39,2022-07-01,1899-12-31 01:30:00,"Atlit Salt-Pans",32.695,34.932,"Yosef Kiat",NA,NA,NA,"E8N",NA,NA,NA,NA,"E","8","N",NA,"W",1,7,NA,NA,NA,NA,NA,NA,NA,NA,NA,NA,NA,NA,NA,NA,NA,NA,2022,7,TRUE,FALSE,TRUE,"Summer adult",0.225433526011561,38.7206398093306
"Little Tern","WE9N",NA,NA,"AB","99837","STEALB",NA,4,165,42,2022-07-01,1899-12-31 01:30:00,"Atlit Salt-Pans",32.695,34.932,"Yosef Kiat",NA,NA,NA,"E9N",NA,NA,NA,NA,"E","9","N",NA,"W",1,7,NA,NA,NA,NA,NA,NA,NA,NA,NA,NA,NA,NA,NA,NA,NA,NA,2022,7,TRUE,FALSE,TRUE,"Summer adult",0.254545454545455,47.7815607289394
"Little Tern","WE0P",NA,NA,"AB","99838","STEALB",NA,4,184,40,2022-07-01,1899-12-31 01:30:00,"Atlit Salt-Pans",32.695,34.932,"Yosef Kiat",NA,NA,NA,"E0P",NA,NA,NA,NA,"E","0","P",NA,"W",1,7,NA,NA,NA,NA,NA,NA,NA,NA,NA,NA,NA,NA,NA,NA,NA,NA,2022,7,TRUE,FALSE,TRUE,"Summer adult",0.217391304347826,33.2619104290594
"Little Tern","WE1P",NA,NA,"AB","99839","STEALB",NA,4,184,40,2022-07-01,1899-12-31 01:30:00,"Atlit Salt-Pans",32.695,34.932,"Yosef Kiat",NA,NA,NA,"E1P",NA,NA,NA,NA,"E","1","P",NA,"W",1,7,NA,NA,NA,NA,NA,NA,NA,NA,NA,NA,NA,NA,NA,NA,NA,NA,2022,7,TRUE,FALSE,TRUE,"Summer adult",0.217391304347826,33.2619104290594
"Little Tern","WE2P",NA,NA,"AB","99840","STEALB",NA,4,184,40,2022-07-01,1899-12-31 01:30:00,"Atlit Salt-Pans",32.695,34.932,"Yosef Kiat",NA,NA,NA,"E2P",NA,NA,NA,NA,"E","2","P",NA,"W",1,7,NA,NA,NA,NA,NA,NA,NA,NA,NA,NA,NA,NA,NA,NA,NA,NA,2022,7,TRUE,FALSE,TRUE,"Summer adult",0.217391304347826,33.2619104290594
"Little Tern","WN18",NA,"R","AB","99664","STEALB",NA,5,184,40,2022-07-01,1899-12-31 01:30:00,"Atlit Salt-Pans",32.695,34.932,"Yosef Kiat",NA,NA,NA,"N18",NA,NA,NA,NA,"N","1","8",NA,"W",1,7,NA,NA,NA,NA,NA,NA,NA,NA,NA,NA,NA,NA,NA,NA,NA,NA,2022,7,FALSE,TRUE,TRUE,"Summer adult",0.217391304347826,33.2619104290594
"Little Tern","WN05",NA,"R","AB","99651","STEALB",NA,6,184,40,2022-07-01,1899-12-31 01:30:00,"Atlit Salt-Pans",32.695,34.932,"Yosef Kiat",NA,NA,NA,"N05",NA,NA,NA,NA,"N","0","5",NA,"W",1,7,NA,NA,NA,NA,NA,NA,NA,NA,NA,NA,NA,NA,NA,NA,NA,NA,2022,7,FALSE,TRUE,TRUE,"Summer adult",0.217391304347826,33.2619104290594
"Little Tern","WN38",NA,"R","AB","99684","STEALB",NA,5,184,40,2022-07-01,1899-12-31 02:15:00,"Atlit Salt-Pans",32.695,34.932,"Yosef Kiat",NA,NA,NA,"N38",NA,NA,NA,NA,"N","3","8",NA,"W",1,7,NA,NA,NA,NA,NA,NA,NA,NA,NA,NA,NA,NA,NA,NA,NA,NA,2022,7,FALSE,TRUE,TRUE,"Summer adult",0.217391304347826,33.2619104290594
"Little Tern","WE3P",NA,NA,"AB","99841","STEALB",NA,4,184,40,2022-07-01,1899-12-31 02:15:00,"Atlit Salt-Pans",32.695,34.932,"Yosef Kiat",NA,NA,NA,"E3P",NA,NA,NA,NA,"E","3","P",NA,"W",1,7,NA,NA,NA,NA,NA,NA,NA,NA,NA,NA,NA,NA,NA,NA,NA,NA,2022,7,TRUE,FALSE,TRUE,"Summer adult",0.217391304347826,33.2619104290594
"Little Tern","WE5S",NA,NA,"AB","99853","STEALB",NA,5,165,41,2022-07-10,1899-12-31 23:15:00,"Atlit Salt-Pans",32.695,34.932,"Yosef Kiat",NA,NA,NA,"E5S",NA,NA,NA,NA,"E","5","S",NA,"W",10,7,NA,NA,NA,NA,NA,NA,NA,NA,NA,NA,NA,NA,NA,NA,NA,NA,2022,7,TRUE,FALSE,TRUE,"Summer adult",0.248484848484848,46.6439045211075
"Little Tern","WE6S",NA,NA,"AB","99854","STEALB",NA,4,175,40,2022-07-10,1899-12-31 23:15:00,"Atlit Salt-Pans",32.695,34.932,"Yosef Kiat",NA,NA,NA,"E6S",NA,NA,NA,NA,"E","6","S",NA,"W",10,7,NA,NA,NA,NA,NA,NA,NA,NA,NA,NA,NA,NA,NA,NA,NA,NA,2022,7,TRUE,FALSE,TRUE,"Summer adult",0.228571428571429,38.4221761616463
"Little Tern","WE7S",NA,NA,"AB","99855","STEALB",NA,4,171,44,2022-07-11,1899-12-31 01:15:00,"Atlit Salt-Pans",32.695,34.932,"Yosef Kiat",NA,NA,NA,"E7S",NA,NA,NA,NA,"E","7","S",NA,"W",11,7,NA,NA,NA,NA,NA,NA,NA,NA,NA,NA,NA,NA,NA,NA,NA,NA,2022,7,TRUE,FALSE,TRUE,"Summer adult",0.257309941520468,45.1703523222816
"Little Tern","WE8S",NA,NA,"AB","99856","STEALB",NA,5,178,40,2022-07-11,1899-12-31 02:00:00,"Atlit Salt-Pans",32.695,34.932,"Yosef Kiat",NA,NA,NA,"E8S",NA,NA,NA,NA,"E","8","S",NA,"W",11,7,NA,NA,NA,NA,NA,NA,NA,NA,NA,NA,NA,NA,NA,NA,NA,NA,2022,7,TRUE,FALSE,TRUE,"Summer adult",0.224719101123595,36.5891877954001
"Little Tern","WE1T",NA,NA,"AB","99859","STEALB",NA,4,170,45,2022-07-18,1899-12-31 20:30:00,"Atlit Salt-Pans",32.695,34.932,"Yosef Kiat",NA,NA,NA,"E1T",NA,NA,NA,NA,"E","1","T",NA,"W",18,7,NA,NA,NA,NA,NA,NA,NA,NA,NA,NA,NA,NA,NA,NA,NA,NA,2022,7,TRUE,FALSE,TRUE,"Summer adult",0.264705882352941,46.9827657831335
"Little Tern","WE4V",NA,NA,"AB","99872","STEALB",NA,4,171,40,2022-07-18,1899-12-31 22:30:00,"Atlit Salt-Pans",32.695,34.932,"Yosef Kiat",NA,NA,NA,"E4V",NA,NA,NA,NA,"E","4","V",NA,"W",18,7,NA,NA,NA,NA,NA,NA,NA,NA,NA,NA,NA,NA,NA,NA,NA,NA,2022,7,TRUE,FALSE,TRUE,"Summer adult",0.233918128654971,41.0639566566196
"Little Tern","WE5V",NA,NA,"AB","99873","STEALB",NA,5,168,41,2022-07-18,1899-12-31 22:30:00,"Atlit Salt-Pans",32.695,34.932,"Yosef Kiat",NA,NA,NA,"E5V",NA,NA,NA,NA,"E","5","V",NA,"W",18,7,NA,NA,NA,NA,NA,NA,NA,NA,NA,NA,NA,NA,NA,NA,NA,NA,2022,7,TRUE,FALSE,TRUE,"Summer adult",0.244047619047619,44.2884635980645
"Little Tern","WE6V",NA,NA,"AB","99874","STEALB",NA,4,176,46,2022-07-18,1899-12-31 22:30:00,"Atlit Salt-Pans",32.695,34.932,"Yosef Kiat",NA,NA,NA,"E6V",NA,NA,NA,NA,"E","6","V",NA,"W",18,7,NA,NA,NA,NA,NA,NA,NA,NA,NA,NA,NA,NA,NA,NA,NA,NA,2022,7,TRUE,FALSE,TRUE,"Summer adult",0.261363636363636,43.4673569341202
"Little Tern","WE7V",NA,NA,"AB","99875","STEALB",NA,4,172,42,2022-07-18,1899-12-31 22:30:00,"Atlit Salt-Pans",32.695,34.932,"Yosef Kiat",NA,NA,NA,"E7V",NA,NA,NA,NA,"E","7","V",NA,"W",18,7,NA,NA,NA,NA,NA,NA,NA,NA,NA,NA,NA,NA,NA,NA,NA,NA,2022,7,TRUE,FALSE,TRUE,"Summer adult",0.244186046511628,42.4001644595269
"Little Tern","WK73",NA,"R","AB","99618","STEALB",NA,6,178,47,2022-07-18,1899-12-31 23:30:00,"Atlit Salt-Pans",32.695,34.932,"Yosef Kiat",NA,NA,NA,"K73",NA,NA,NA,NA,"K","7","3",NA,"W",18,7,NA,NA,NA,NA,NA,NA,NA,NA,NA,NA,NA,NA,NA,NA,NA,NA,2022,7,FALSE,TRUE,TRUE,"Summer adult",0.264044943820225,42.9922956595951
"Little Tern","WE8V",NA,NA,"AB","99876","STEALB",NA,5,169,46,2022-07-18,1899-12-31 23:30:00,"Atlit Salt-Pans",32.695,34.932,"Yosef Kiat",NA,NA,NA,"E8V",NA,NA,NA,NA,"E","8","V",NA,"W",18,7,NA,NA,NA,NA,NA,NA,NA,NA,NA,NA,NA,NA,NA,NA,NA,NA,2022,7,TRUE,FALSE,TRUE,"Summer adult",0.272189349112426,48.8486288964615
"Little Tern","WE9V",NA,NA,"AB","99877","STEALB",NA,4,169,43,2022-07-18,1899-12-31 23:30:00,"Atlit Salt-Pans",32.695,34.932,"Yosef Kiat",NA,NA,NA,"E9V",NA,NA,NA,NA,"E","9","V",NA,"W",18,7,NA,NA,NA,NA,NA,NA,NA,NA,NA,NA,NA,NA,NA,NA,NA,NA,2022,7,TRUE,FALSE,TRUE,"Summer adult",0.254437869822485,45.6628487510401
"Little Tern","WE0Z",NA,NA,"AB","99888","STEALB",NA,4,169,45,2022-07-19,1899-12-31 01:00:00,"Atlit Salt-Pans",32.695,34.932,"Yosef Kiat",NA,NA,NA,"E0Z",NA,NA,NA,NA,"E","0","Z",NA,"W",19,7,NA,NA,NA,NA,NA,NA,NA,NA,NA,NA,NA,NA,NA,NA,NA,NA,2022,7,TRUE,FALSE,TRUE,"Summer adult",0.266272189349112,47.786702181321
"Little Tern","WE2Z",NA,NA,"AB","99890","STEALB",NA,4,168,40,2022-07-19,1899-12-31 01:00:00,"Atlit Salt-Pans",32.695,34.932,"Yosef Kiat",NA,NA,NA,"E2Z",NA,NA,NA,NA,"E","2","Z",NA,"W",19,7,NA,NA,NA,NA,NA,NA,NA,NA,NA,NA,NA,NA,NA,NA,NA,NA,2022,7,TRUE,FALSE,TRUE,"Summer adult",0.238095238095238,43.2082571688434
"Little Tern","NKIT",NA,"R","AB","99192","STEALB",NA,12,173,42,2022-07-29,1899-12-31 01:00:00,"Atlit Salt-Pans",32.695,34.932,"Yosef Kiat",NA,NA,NA,"KIT",NA,NA,NA,NA,"K","I","T",NA,"N",29,7,NA,NA,NA,NA,NA,NA,NA,NA,NA,NA,NA,NA,NA,NA,NA,NA,2022,7,FALSE,TRUE,TRUE,"Summer adult",0.242774566473988,41.6991505638945
"Little Tern","WN69",NA,"R","AB","99718","STEALB",NA,5,175,45,2022-07-29,1899-12-31 01:00:00,"Atlit Salt-Pans",32.695,34.932,"Yosef Kiat",NA,NA,NA,"N69",NA,NA,NA,NA,"N","6","9",NA,"W",29,7,NA,NA,NA,NA,NA,NA,NA,NA,NA,NA,NA,NA,NA,NA,NA,NA,2022,7,FALSE,TRUE,TRUE,"Summer adult",0.257142857142857,43.2249481818521
"Little Tern","WN69",NA,"R","AB","99663","STEALB",NA,5,174,47,2022-07-29,1899-12-31 01:00:00,"Atlit Salt-Pans",32.695,34.932,"Yosef Kiat",NA,NA,NA,"N69",NA,NA,NA,NA,"N","6","9",NA,"W",29,7,NA,NA,NA,NA,NA,NA,NA,NA,NA,NA,NA,NA,NA,NA,NA,NA,2022,7,FALSE,TRUE,TRUE,"Summer adult",0.270114942528736,45.8962470018449
"Little Tern","WK86",NA,"R","AB","99632","STEALB",NA,6,183,50,2022-07-29,1899-12-31 01:00:00,"Atlit Salt-Pans",32.695,34.932,"Yosef Kiat",NA,NA,NA,"K86",NA,NA,NA,NA,"K","8","6",NA,"W",29,7,NA,NA,NA,NA,NA,NA,NA,NA,NA,NA,NA,NA,NA,NA,NA,NA,2022,7,FALSE,TRUE,TRUE,"Summer adult",0.273224043715847,42.2341256821833
"Little Tern","WEC2",NA,NA,"AB","99919","STEALB",NA,4,166,42,2022-07-29,1899-12-31 01:00:00,"Atlit Salt-Pans",32.695,34.932,"Yosef Kiat",NA,NA,NA,"EC2",NA,NA,NA,NA,"E","C","2",NA,"W",29,7,NA,NA,NA,NA,NA,NA,NA,NA,NA,NA,NA,NA,NA,NA,NA,NA,2022,7,TRUE,FALSE,TRUE,"Summer adult",0.253012048192771,46.9584506150963
"Little Tern","WEC3",NA,NA,"AB","99920","STEALB",NA,4,183,44,2022-07-29,1899-12-31 01:00:00,"Atlit Salt-Pans",32.695,34.932,"Yosef Kiat",NA,NA,NA,"EC3",NA,NA,NA,NA,"E","C","3",NA,"W",29,7,NA,NA,NA,NA,NA,NA,NA,NA,NA,NA,NA,NA,NA,NA,NA,NA,2022,7,TRUE,FALSE,TRUE,"Summer adult",0.240437158469945,37.1660306003213
"Little Tern","WEC4",NA,NA,"AB","99921","STEALB",NA,4,177,46,2022-07-29,1899-12-31 01:00:00,"Atlit Salt-Pans",32.695,34.932,"Yosef Kiat",NA,NA,NA,"EC4",NA,NA,NA,NA,"E","C","4",NA,"W",29,7,NA,NA,NA,NA,NA,NA,NA,NA,NA,NA,NA,NA,NA,NA,NA,NA,2022,7,TRUE,FALSE,TRUE,"Summer adult",0.259887005649718,42.764853465902
"Little Tern","WEC5",NA,NA,"AB","99922","STEALB",NA,4,168,47,2022-07-29,1899-12-31 01:00:00,"Atlit Salt-Pans",32.695,34.932,"Yosef Kiat",NA,NA,NA,"EC5",NA,NA,NA,NA,"E","C","5",NA,"W",29,7,NA,NA,NA,NA,NA,NA,NA,NA,NA,NA,NA,NA,NA,NA,NA,NA,2022,7,TRUE,FALSE,TRUE,"Summer adult",0.279761904761905,50.769702173391
"Little Tern","WEC6",NA,NA,"AB","99923","STEALB",NA,4,174,50,2022-07-29,1899-12-31 01:00:00,"Atlit Salt-Pans",32.695,34.932,"Yosef Kiat",NA,NA,NA,"EC6",NA,NA,NA,NA,"E","C","6",NA,"W",29,7,NA,NA,NA,NA,NA,NA,NA,NA,NA,NA,NA,NA,NA,NA,NA,NA,2022,7,TRUE,FALSE,TRUE,"Summer adult",0.28735632183908,48.8257946828137
"Little Tern","WEN3",NA,NA,"AB","99977","STEALB",NA,4,172,44,2023-07-05,1899-12-31 21:00:00,"Atlit Salt-Pans",32.695,34.932,"Yosef Kiat",NA,NA,NA,"EN3",NA,NA,NA,NA,"E","N","3",NA,"W",5,7,NA,NA,NA,NA,NA,NA,NA,NA,NA,NA,NA,NA,NA,NA,NA,NA,2023,7,TRUE,FALSE,TRUE,"Summer adult",0.255813953488372,44.4192199099805
"Little Tern","WEN4",NA,NA,"AB","99978","STEALB",NA,4,175,47,2023-07-05,1899-12-31 21:00:00,"Atlit Salt-Pans",32.695,34.932,"Yosef Kiat",NA,NA,NA,"EN4",NA,NA,NA,NA,"E","N","4",NA,"W",5,7,NA,NA,NA,NA,NA,NA,NA,NA,NA,NA,NA,NA,NA,NA,NA,NA,2023,7,TRUE,FALSE,TRUE,"Summer adult",0.268571428571429,45.1460569899344
"Little Tern","WH89",NA,"R","AB","99395","STEALB",NA,12,180,48,2023-07-05,1899-12-31 21:00:00,"Atlit Salt-Pans",32.695,34.932,"Yosef Kiat",NA,NA,NA,"H89",NA,NA,NA,NA,"H","8","9",NA,"W",5,7,NA,NA,NA,NA,NA,NA,NA,NA,NA,NA,NA,NA,NA,NA,NA,NA,2023,7,FALSE,TRUE,TRUE,"Summer adult",0.266666666666667,42.5186118845186
"Little Tern","WEP4",NA,NA,"AB","99987","STEALB",NA,4,168,42,2023-07-30,1899-12-31 20:30:00,"Atlit Salt-Pans",32.695,34.932,"Yosef Kiat",NA,NA,NA,"EP4",NA,NA,NA,NA,"E","P","4",NA,"W",21,6,NA,NA,NA,NA,NA,NA,NA,NA,NA,NA,NA,NA,NA,NA,NA,NA,2023,7,TRUE,FALSE,TRUE,"Summer adult",0.25,45.3686700272856
"Little Tern","WEP5",NA,NA,"AB","99988","STEALB",NA,4,173,39,2023-07-30,1899-12-31 20:30:00,"Atlit Salt-Pans",32.695,34.932,"Yosef Kiat",NA,NA,NA,"EP5",NA,NA,NA,NA,"E","P","5",NA,"W",21,6,NA,NA,NA,NA,NA,NA,NA,NA,NA,NA,NA,NA,NA,NA,NA,NA,2023,7,TRUE,FALSE,TRUE,"Summer adult",0.225433526011561,38.7206398093306
"Little Tern","WEP6",NA,NA,"AB","99989","STEALB",NA,4,174,49,2023-07-30,1899-12-31 20:30:00,"Atlit Salt-Pans",32.695,34.932,"Yosef Kiat",NA,NA,NA,"EP6",NA,NA,NA,NA,"E","P","6",NA,"W",21,6,NA,NA,NA,NA,NA,NA,NA,NA,NA,NA,NA,NA,NA,NA,NA,NA,2023,7,TRUE,FALSE,TRUE,"Summer adult",0.281609195402299,47.8492787891574
"Little Tern","WEP7",NA,NA,"AB","99990","STEALB",NA,4,180,47,2023-07-30,1899-12-31 20:30:00,"Atlit Salt-Pans",32.695,34.932,"Yosef Kiat",NA,NA,NA,"EP7",NA,NA,NA,NA,"E","P","7",NA,"W",21,6,NA,NA,NA,NA,NA,NA,NA,NA,NA,NA,NA,NA,NA,NA,NA,NA,2023,7,TRUE,FALSE,TRUE,"Summer adult",0.261111111111111,41.6328074702578
"Little Tern","WEP8",NA,NA,"AB","99991","STEALB",NA,4,173,44,2023-07-30,1899-12-31 20:30:00,"Atlit Salt-Pans",32.695,34.932,"Yosef Kiat",NA,NA,NA,"EP8",NA,NA,NA,NA,"E","P","8",NA,"W",21,6,NA,NA,NA,NA,NA,NA,NA,NA,NA,NA,NA,NA,NA,NA,NA,NA,2023,7,TRUE,FALSE,TRUE,"Summer adult",0.254335260115607,43.6848244002704
"Little Tern","WEP9",NA,NA,"AB","99992","STEALB",NA,4,171,44,2023-07-30,1899-12-31 20:30:00,"Atlit Salt-Pans",32.695,34.932,"Yosef Kiat",NA,NA,NA,"EP9",NA,NA,NA,NA,"E","P","9",NA,"W",21,6,NA,NA,NA,NA,NA,NA,NA,NA,NA,NA,NA,NA,NA,NA,NA,NA,2023,7,TRUE,FALSE,TRUE,"Summer adult",0.257309941520468,45.1703523222816
"Little Tern","WES0",NA,NA,"AB","99993","STEALB",NA,4,172,44,2023-07-30,1899-12-31 20:30:00,"Atlit Salt-Pans",32.695,34.932,"Yosef Kiat",NA,NA,NA,"ES0",NA,NA,NA,NA,"E","S","0",NA,"W",21,6,NA,NA,NA,NA,NA,NA,NA,NA,NA,NA,NA,NA,NA,NA,NA,NA,2023,7,TRUE,FALSE,TRUE,"Summer adult",0.255813953488372,44.4192199099805
"Little Tern","WEN4",NA,"R","AB","99978","STEALB",NA,4,171,47,2023-07-30,1899-12-31 20:30:00,"Atlit Salt-Pans",32.695,34.932,"Yosef Kiat",NA,NA,NA,"EN4",NA,NA,NA,NA,"E","N","4",NA,"W",21,6,NA,NA,NA,NA,NA,NA,NA,NA,NA,NA,NA,NA,NA,NA,NA,NA,2023,7,FALSE,TRUE,TRUE,"Summer adult",0.274853801169591,48.2501490715281
"Little Tern","WEJ0",NA,"R","AB","99946","STEALB",NA,5,178,46,2023-07-30,1899-12-31 20:30:00,"Atlit Salt-Pans",32.695,34.932,"Yosef Kiat",NA,NA,NA,"EJ0",NA,NA,NA,NA,"E","J","0",NA,"W",21,6,NA,NA,NA,NA,NA,NA,NA,NA,NA,NA,NA,NA,NA,NA,NA,NA,2023,7,FALSE,TRUE,TRUE,"Summer adult",0.258426966292135,42.0775659647101
"Little Tern","WES2",NA,NA,"AB","99995","STEALB",NA,4,177,41,2023-07-30,1899-12-31 21:15:00,"Atlit Salt-Pans",32.695,34.932,"Yosef Kiat",NA,NA,NA,"ES2",NA,NA,NA,NA,"E","S","2",NA,"W",21,6,NA,NA,NA,NA,NA,NA,NA,NA,NA,NA,NA,NA,NA,NA,NA,NA,2023,7,TRUE,FALSE,TRUE,"Summer adult",0.231638418079096,38.116499828304
"Little Tern","WES3",NA,NA,"AB","99996","STEALB",NA,4,170,40,2023-07-30,1899-12-31 21:15:00,"Atlit Salt-Pans",32.695,34.932,"Yosef Kiat",NA,NA,NA,"ES3",NA,NA,NA,NA,"E","S","3",NA,"W",21,6,NA,NA,NA,NA,NA,NA,NA,NA,NA,NA,NA,NA,NA,NA,NA,NA,2023,7,TRUE,FALSE,TRUE,"Summer adult",0.235294117647059,41.7624584738965
"Little Tern","WES4",NA,NA,"AB","99997","STEALB",NA,4,172,47,2023-07-30,1899-12-31 21:15:00,"Atlit Salt-Pans",32.695,34.932,"Yosef Kiat",NA,NA,NA,"ES4",NA,NA,NA,NA,"E","S","4",NA,"W",21,6,NA,NA,NA,NA,NA,NA,NA,NA,NA,NA,NA,NA,NA,NA,NA,NA,2023,7,TRUE,FALSE,TRUE,"Summer adult",0.273255813953488,47.447803085661
"Little Tern","WN67",NA,"R","AB","99713","STEALB",NA,7,176,45,2023-07-30,1899-12-31 21:15:00,"Atlit Salt-Pans",32.695,34.932,"Yosef Kiat",NA,NA,NA,"N67",NA,NA,NA,NA,"N","6","7",NA,"W",21,6,NA,NA,NA,NA,NA,NA,NA,NA,NA,NA,NA,NA,NA,NA,NA,NA,2023,7,FALSE,TRUE,TRUE,"Summer adult",0.255681818181818,42.5224143920741
"Little Tern","WN07",NA,"R","AB","99653","STEALB",NA,8,176,40,2023-07-31,1899-12-31 00:30:00,"Atlit Salt-Pans",32.695,34.932,"Yosef Kiat",NA,NA,NA,"N07",NA,NA,NA,NA,"N","0","7",NA,"W",21,6,NA,NA,NA,NA,NA,NA,NA,NA,NA,NA,NA,NA,NA,NA,NA,NA,2023,7,FALSE,TRUE,TRUE,"Summer adult",0.227272727272727,37.7977016818436
"Little Tern","WH1S",NA,NA,"B","100086","STEALB",NA,4,174,43,2024-07-15,1899-12-31 20:30:00,"Atlit Salt-Pans",32.695,34.932,"Yosef Kiat",NA,NA,NA,"H1S",NA,NA,NA,NA,"H","1","S",NA,"W",15,7,NA,NA,NA,NA,NA,NA,NA,NA,NA,NA,NA,NA,NA,NA,NA,NA,2024,7,TRUE,FALSE,TRUE,"Summer adult",0.247126436781609,41.9901834272198
"Little Tern","WH1T",NA,NA,"B","100087","STEALB",NA,4,170,43,2024-07-15,1899-12-31 20:30:00,"Atlit Salt-Pans",32.695,34.932,"Yosef Kiat",NA,NA,NA,"H1T",NA,NA,NA,NA,"H","1","T",NA,"W",15,7,NA,NA,NA,NA,NA,NA,NA,NA,NA,NA,NA,NA,NA,NA,NA,NA,2024,7,TRUE,FALSE,TRUE,"Summer adult",0.252941176470588,44.8946428594387
"Little Tern","WH1V",NA,NA,"B","100088","STEALB",NA,4,173,46,2024-07-15,1899-12-31 20:30:00,"Atlit Salt-Pans",32.695,34.932,"Yosef Kiat",NA,NA,NA,"H1V",NA,NA,NA,NA,"H","1","V",NA,"W",15,7,NA,NA,NA,NA,NA,NA,NA,NA,NA,NA,NA,NA,NA,NA,NA,NA,2024,7,TRUE,FALSE,TRUE,"Summer adult",0.265895953757225,45.6704982366464
"Little Tern","WH2A",NA,NA,"B","100091","STEALB",NA,5,167,41,2024-07-15,1899-12-31 22:30:00,"Atlit Salt-Pans",32.695,34.932,"Yosef Kiat",NA,NA,NA,"H2A",NA,NA,NA,NA,"H","2","A",NA,"W",15,7,NA,NA,NA,NA,NA,NA,NA,NA,NA,NA,NA,NA,NA,NA,NA,NA,2024,7,TRUE,FALSE,TRUE,"Summer adult",0.245508982035928,45.0554236871347
"Little Tern","WH2B",NA,NA,"B","100092","STEALB",NA,4,168,45,2024-07-15,1899-12-31 22:30:00,"Atlit Salt-Pans",32.695,34.932,"Yosef Kiat",NA,NA,NA,"H2B",NA,NA,NA,NA,"H","2","B",NA,"W",15,7,NA,NA,NA,NA,NA,NA,NA,NA,NA,NA,NA,NA,NA,NA,NA,NA,2024,7,TRUE,FALSE,TRUE,"Summer adult",0.267857142857143,48.6092893149488
"Little Tern","WH2C",NA,NA,"B","100093","STEALB",NA,4,172,47,2024-07-15,1899-12-31 22:30:00,"Atlit Salt-Pans",32.695,34.932,"Yosef Kiat",NA,NA,NA,"H2C",NA,NA,NA,NA,"H","2","C",NA,"W",15,7,NA,NA,NA,NA,NA,NA,NA,NA,NA,NA,NA,NA,NA,NA,NA,NA,2024,7,TRUE,FALSE,TRUE,"Summer adult",0.273255813953488,47.447803085661
"Little Tern","WH2E",NA,NA,"B","100094","STEALB",NA,5,176,41,2024-07-15,1899-12-31 22:30:00,"Atlit Salt-Pans",32.695,34.932,"Yosef Kiat",NA,NA,NA,"H2E",NA,NA,NA,NA,"H","2","E",NA,"W",15,7,NA,NA,NA,NA,NA,NA,NA,NA,NA,NA,NA,NA,NA,NA,NA,NA,2024,7,TRUE,FALSE,TRUE,"Summer adult",0.232954545454545,38.7426442238897
"Little Tern","WH2H",NA,"R","AB","99915","STEALB",NA,8,180,40,2024-07-15,1899-12-31 22:30:00,"Atlit Salt-Pans",32.695,34.932,"Yosef Kiat",NA,NA,NA,"H2H",NA,NA,NA,NA,"H","2","H",NA,"W",15,7,NA,NA,NA,NA,NA,NA,NA,NA,NA,NA,NA,NA,NA,NA,NA,NA,2024,7,FALSE,TRUE,TRUE,"Summer adult",0.222222222222222,35.4321765704322
"Little Tern","WH2J",NA,NA,"B","100095","STEALB",NA,4,165,40,2024-07-16,1899-12-31,"Atlit Salt-Pans",32.695,34.932,"Yosef Kiat",NA,NA,NA,"H2J",NA,NA,NA,NA,"H","2","J",NA,"W",16,7,NA,NA,NA,NA,NA,NA,NA,NA,NA,NA,NA,NA,NA,NA,NA,NA,2024,7,TRUE,FALSE,TRUE,"Summer adult",0.242424242424242,45.5062483132756
"Little Tern","WH2L",NA,NA,"B","100098","STEALB",NA,4,171,44,2024-07-25,1899-12-31 20:45:00,"Atlit Salt-Pans",32.695,34.932,"Yosef Kiat",NA,NA,NA,"H2L",NA,NA,NA,NA,"H","2","L",NA,"W",25,7,NA,NA,NA,NA,NA,NA,NA,NA,NA,NA,NA,NA,NA,NA,NA,NA,2024,7,TRUE,FALSE,TRUE,"Summer adult",0.257309941520468,45.1703523222816
"Little Tern","WH2N",NA,NA,"B","100099","STEALB",NA,4,177,50,2024-07-25,1899-12-31 20:45:00,"Atlit Salt-Pans",32.695,34.932,"Yosef Kiat",NA,NA,NA,"H2N",NA,NA,NA,NA,"H","2","N",NA,"W",25,7,NA,NA,NA,NA,NA,NA,NA,NA,NA,NA,NA,NA,NA,NA,NA,NA,2024,7,TRUE,FALSE,TRUE,"Summer adult",0.282485875706215,46.4835363759805
"Little Tern","WABT",NA,NA,"B","100174","STEALB",NA,4,172,40.4,2025-06-30,1899-12-31 22:30:00,"Atlit Salt-Pans",32.695,34.932,"Yosef Kiat",NA,NA,NA,"ABT",NA,NA,NA,NA,"A","B","T",NA,"W",30,6,NA,NA,NA,NA,NA,NA,NA,NA,NA,NA,NA,NA,NA,NA,NA,NA,2025,6,TRUE,FALSE,TRUE,"Summer adult",0.234883720930233,40.784920099164
"Little Tern","WABV",NA,NA,"B","100175","STEALB",NA,4,165,40.8,2025-06-30,1899-12-31 22:30:00,"Atlit Salt-Pans",32.695,34.932,"Yosef Kiat",NA,NA,NA,"ABV",NA,NA,NA,NA,"A","B","V",NA,"W",30,6,NA,NA,NA,NA,NA,NA,NA,NA,NA,NA,NA,NA,NA,NA,NA,NA,2025,6,TRUE,FALSE,TRUE,"Summer adult",0.247272727272727,46.4163732795411
"Little Tern","WABX",NA,NA,"B","100176","STEALB",NA,4,178,47.4,2025-06-30,1899-12-31 22:30:00,"Atlit Salt-Pans",32.695,34.932,"Yosef Kiat",NA,NA,NA,"ABX",NA,NA,NA,NA,"A","B","X",NA,"W",30,6,NA,NA,NA,NA,NA,NA,NA,NA,NA,NA,NA,NA,NA,NA,NA,NA,2025,6,TRUE,FALSE,TRUE,"Summer adult",0.266292134831461,43.3581875375491
"Little Tern","WABZ",NA,NA,"B","100177","STEALB",NA,4,162,42.8,2025-06-30,1899-12-31 22:30:00,"Atlit Salt-Pans",32.695,34.932,"Yosef Kiat",NA,NA,NA,"ABZ",NA,NA,NA,NA,"A","B","Z",NA,"W",30,6,NA,NA,NA,NA,NA,NA,NA,NA,NA,NA,NA,NA,NA,NA,NA,NA,2025,6,TRUE,FALSE,TRUE,"Summer adult",0.264197530864198,51.330091536753
"Little Tern","WACA",NA,NA,"B","100178","STEALB",NA,4,172,46.2,2025-06-30,1899-12-31 23:15:00,"Atlit Salt-Pans",32.695,34.932,"Yosef Kiat",NA,NA,NA,"ACA",NA,NA,NA,NA,"A","C","A",NA,"W",30,6,NA,NA,NA,NA,NA,NA,NA,NA,NA,NA,NA,NA,NA,NA,NA,NA,2025,6,TRUE,FALSE,TRUE,"Summer adult",0.268604651162791,46.6401809054796
"Little Tern","WACB",NA,NA,"B","100179","STEALB",NA,4,181,49,2025-06-30,1899-12-31 23:15:00,"Atlit Salt-Pans",32.695,34.932,"Yosef Kiat",NA,NA,NA,"ACB",NA,NA,NA,NA,"A","C","B",NA,"W",30,6,NA,NA,NA,NA,NA,NA,NA,NA,NA,NA,NA,NA,NA,NA,NA,NA,2025,6,TRUE,FALSE,TRUE,"Summer adult",0.270718232044199,42.7183520176422
"Little Tern","WACC",NA,NA,"B","100180","STEALB",NA,4,168,51.3,2025-06-30,1899-12-31 23:15:00,"Atlit Salt-Pans",32.695,34.932,"Yosef Kiat",NA,NA,NA,"ACC",NA,NA,NA,NA,"A","C","C",NA,"W",30,6,NA,NA,NA,NA,NA,NA,NA,NA,NA,NA,NA,NA,NA,NA,NA,NA,2025,6,TRUE,FALSE,TRUE,"Summer adult",0.305357142857143,55.4145898190417
"Little Tern","WAET",NA,NA,"B","100204","STEALB",NA,4,173,45,2025-07-14,1899-12-31 00:30:00,"Atlit Salt-Pans",32.695,34.932,"Yosef Kiat",NA,NA,NA,"AET",NA,NA,NA,NA,"A","E","T",NA,"W",14,7,NA,NA,NA,NA,NA,NA,NA,NA,NA,NA,NA,NA,NA,NA,NA,NA,2025,7,TRUE,FALSE,TRUE,"Summer adult",0.260115606936416,44.6776613184584
"Little Tern","WALS",NA,NA,"B","100271","STEALB",NA,4,173,47,2026-06-25,1899-12-31 20:30:00,"Atlit Salt-Pans",32.695,34.932,"Yosef Kiat",NA,NA,NA,"ALS",NA,NA,NA,NA,"A","L","S",NA,"W",25,6,NA,NA,NA,NA,NA,NA,NA,NA,NA,NA,NA,NA,NA,NA,NA,NA,2026,6,TRUE,FALSE,TRUE,"Summer adult",0.271676300578035,46.6633351548343
"Little Tern","WALT",NA,NA,"B","100272","STEALB",NA,4,177,47,2026-06-25,1899-12-31 21:30:00,"Atlit Salt-Pans",32.695,34.932,"Yosef Kiat",NA,NA,NA,"ALT",NA,NA,NA,NA,"A","L","T",NA,"W",25,6,NA,NA,NA,NA,NA,NA,NA,NA,NA,NA,NA,NA,NA,NA,NA,NA,2026,6,TRUE,FALSE,TRUE,"Summer adult",0.265536723163842,43.6945241934216
"Little Tern","WALV",NA,NA,"B","100273","STEALB",NA,4,170,49,2026-06-25,1899-12-31 23:00:00,"Atlit Salt-Pans",32.695,34.932,"Yosef Kiat",NA,NA,NA,"ALV",NA,NA,NA,NA,"A","L","V",NA,"W",25,6,NA,NA,NA,NA,NA,NA,NA,NA,NA,NA,NA,NA,NA,NA,NA,NA,2026,6,TRUE,FALSE,TRUE,"Summer adult",0.288235294117647,51.1590116305232
"Little Tern","WALX",NA,NA,"B","100274","STEALB",NA,4,167,51,2026-06-26,1899-12-31 01:00:00,"Atlit Salt-Pans",32.695,34.932,"Yosef Kiat",NA,NA,NA,"ALX",NA,NA,NA,NA,"A","L","X",NA,"W",26,6,NA,NA,NA,NA,NA,NA,NA,NA,NA,NA,NA,NA,NA,NA,NA,NA,2026,6,TRUE,FALSE,TRUE,"Summer adult",0.305389221556886,56.0445514157041
"Little Tern","WALZ",NA,NA,"B","100275","STEALB",NA,4,173,52,2026-07-02,1899-12-31 20:30:00,"Atlit Salt-Pans",32.695,34.932,"Yosef Kiat",NA,NA,NA,"ALZ",NA,NA,NA,NA,"A","L","Z",NA,"W",2,7,NA,NA,NA,NA,NA,NA,NA,NA,NA,NA,NA,NA,NA,NA,NA,NA,2026,7,TRUE,FALSE,TRUE,"Summer adult",0.300578034682081,51.6275197457741
"Little Tern","WANA",NA,NA,"B","100276","STEALB",NA,4,179,49,2026-07-02,1899-12-31 20:30:00,"Atlit Salt-Pans",32.695,34.932,"Yosef Kiat",NA,NA,NA,"ANA",NA,NA,NA,NA,"A","N","A",NA,"W",2,7,NA,NA,NA,NA,NA,NA,NA,NA,NA,NA,NA,NA,NA,NA,NA,NA,2026,7,TRUE,FALSE,TRUE,"Summer adult",0.273743016759777,44.1054135748896
"Little Tern","WANB",NA,NA,"B","100277","STEALB",NA,4,177,42,2026-07-02,1899-12-31 21:30:00,"Atlit Salt-Pans",32.695,34.932,"Yosef Kiat",NA,NA,NA,"ANB",NA,NA,NA,NA,"A","N","B",NA,"W",2,7,NA,NA,NA,NA,NA,NA,NA,NA,NA,NA,NA,NA,NA,NA,NA,NA,2026,7,TRUE,FALSE,TRUE,"Summer adult",0.23728813559322,39.0461705558236
"Little Tern","WANC",NA,NA,"B","100278","STEALB",NA,4,170,47,2026-07-02,1899-12-31 21:30:00,"Atlit Salt-Pans",32.695,34.932,"Yosef Kiat",NA,NA,NA,"ANC",NA,NA,NA,NA,"A","N","C",NA,"W",2,7,NA,NA,NA,NA,NA,NA,NA,NA,NA,NA,NA,NA,NA,NA,NA,NA,2026,7,TRUE,FALSE,TRUE,"Summer adult",0.276470588235294,49.0708887068283
"Little Tern","WANE",NA,NA,"B","100279","STEALB",NA,4,166,39,2026-07-02,1899-12-31 22:30:00,"Atlit Salt-Pans",32.695,34.932,"Yosef Kiat",NA,NA,NA,"ANE",NA,NA,NA,NA,"A","N","E",NA,"W",2,7,NA,NA,NA,NA,NA,NA,NA,NA,NA,NA,NA,NA,NA,NA,NA,NA,2026,7,TRUE,FALSE,TRUE,"Summer adult",0.234939759036145,43.6042755711609
"Little Tern","WANH",NA,NA,"B","100280","STEALB",NA,4,169,45,2026-07-02,1899-12-31 22:30:00,"Atlit Salt-Pans",32.695,34.932,"Yosef Kiat",NA,NA,NA,"ANH",NA,NA,NA,NA,"A","N","H",NA,"W",2,7,NA,NA,NA,NA,NA,NA,NA,NA,NA,NA,NA,NA,NA,NA,NA,NA,2026,7,TRUE,FALSE,TRUE,"Summer adult",0.266272189349112,47.786702181321
"Little Tern","WANJ",NA,NA,"B","100281","STEALB",NA,4,168,43,2026-07-02,1899-12-31 23:30:00,"Atlit Salt-Pans",32.695,34.932,"Yosef Kiat",NA,NA,NA,"ANJ",NA,NA,NA,NA,"A","N","J",NA,"W",2,7,NA,NA,NA,NA,NA,NA,NA,NA,NA,NA,NA,NA,NA,NA,NA,NA,2026,7,TRUE,FALSE,TRUE,"Summer adult",0.255952380952381,46.4488764565067
"Little Tern","WANK",NA,NA,"B","100282","STEALB",NA,4,172,48,2026-07-02,1899-12-31 23:30:00,"Atlit Salt-Pans",32.695,34.932,"Yosef Kiat",NA,NA,NA,"ANK",NA,NA,NA,NA,"A","N","K",NA,"W",2,7,NA,NA,NA,NA,NA,NA,NA,NA,NA,NA,NA,NA,NA,NA,NA,NA,2026,7,TRUE,FALSE,TRUE,"Summer adult",0.27906976744186,48.4573308108879
"Little Tern","WANL",NA,NA,"B","100283","STEALB",NA,4,167,52,2026-07-03,1899-12-31 01:00:00,"Atlit Salt-Pans",32.695,34.932,"Yosef Kiat",NA,NA,NA,"ANL",NA,NA,NA,NA,"A","N","L",NA,"W",3,7,NA,NA,NA,NA,NA,NA,NA,NA,NA,NA,NA,NA,NA,NA,NA,NA,2026,7,TRUE,FALSE,TRUE,"Summer adult",0.311377245508982,57.1434641885611
"Little Tern","WANN",NA,NA,"B","100284","STEALB",NA,4,175,39,2026-07-03,1899-12-31 01:00:00,"Atlit Salt-Pans",32.695,34.932,"Yosef Kiat",NA,NA,NA,"ANN",NA,NA,NA,NA,"A","N","N",NA,"W",3,7,NA,NA,NA,NA,NA,NA,NA,NA,NA,NA,NA,NA,NA,NA,NA,NA,2026,7,TRUE,FALSE,TRUE,"Summer adult",0.222857142857143,37.4616217576051
"Little Tern","WH4X",NA,"R","B","100134","STEALB",NA,7,167,45,2026-07-09,1899-12-31 21:00:00,"Atlit Salt-Pans",32.695,34.932,"Yosef Kiat",NA,NA,NA,"H4X",NA,NA,NA,NA,"H","4","X",NA,"W",9,7,NA,NA,NA,NA,NA,NA,NA,NA,NA,NA,NA,NA,NA,NA,NA,NA,2026,7,FALSE,TRUE,TRUE,"Summer adult",0.269461077844311,49.4510747785625
"Little Tern","WANP",NA,NA,"B","100285","STEALB",NA,4,173,44,2026-07-09,1899-12-31 23:00:00,"Atlit Salt-Pans",32.695,34.932,"Yosef Kiat",NA,NA,NA,"ANP",NA,NA,NA,NA,"A","N","P",NA,"W",9,7,NA,NA,NA,NA,NA,NA,NA,NA,NA,NA,NA,NA,NA,NA,NA,NA,2026,7,TRUE,FALSE,TRUE,"Summer adult",0.254335260115607,43.6848244002704
"Little Tern","WANS",NA,NA,"B","100286","STEALB",NA,4,178,48,2026-07-09,1899-12-31 23:00:00,"Atlit Salt-Pans",32.695,34.932,"Yosef Kiat",NA,NA,NA,"ANS",NA,NA,NA,NA,"A","N","S",NA,"W",9,7,NA,NA,NA,NA,NA,NA,NA,NA,NA,NA,NA,NA,NA,NA,NA,NA,2026,7,TRUE,FALSE,TRUE,"Summer adult",0.269662921348315,43.9070253544801
"Little Tern","WANT",NA,NA,"B","100287","STEALB",NA,4,171,65,2026-07-09,1899-12-31 23:00:00,"Atlit Salt-Pans",32.695,34.932,"Yosef Kiat",NA,NA,NA,"ANT",NA,NA,NA,NA,"A","N","T",NA,"W",9,7,NA,NA,NA,NA,NA,NA,NA,NA,NA,NA,NA,NA,NA,NA,NA,NA,2026,7,TRUE,FALSE,TRUE,"Summer adult",0.380116959064327,66.7289295670069
"Little Tern","WANV",NA,NA,"B","100288","STEALB",NA,4,174,42,2026-07-09,1899-12-31 23:30:00,"Atlit Salt-Pans",32.695,34.932,"Yosef Kiat",NA,NA,NA,"ANV",NA,NA,NA,NA,"A","N","V",NA,"W",9,7,NA,NA,NA,NA,NA,NA,NA,NA,NA,NA,NA,NA,NA,NA,NA,NA,2026,7,TRUE,FALSE,TRUE,"Summer adult",0.241379310344828,41.0136675335635
"Little Tern","WANX",NA,NA,"B","100289","STEALB",NA,4,176,47,2026-07-16,1899-12-31 20:30:00,"Atlit Salt-Pans",32.695,34.932,"Yosef Kiat",NA,NA,NA,"ANX",NA,NA,NA,NA,"A","N","X",NA,"W",16,7,NA,NA,NA,NA,NA,NA,NA,NA,NA,NA,NA,NA,NA,NA,NA,NA,2026,7,TRUE,FALSE,TRUE,"Summer adult",0.267045454545455,44.4122994761663
"Little Tern","WASA",NA,NA,"5S","1006","STEALB",NA,4,166,41,2026-07-16,1899-12-31 23:45:00,"Atlit Salt-Pans",32.695,34.932,"Yosef Kiat",NA,NA,NA,"ASA",NA,NA,NA,NA,"A","S","A",NA,"W",16,7,NA,NA,NA,NA,NA,NA,NA,NA,NA,NA,NA,NA,NA,NA,NA,NA,2026,7,TRUE,FALSE,TRUE,"Summer adult",0.246987951807229,45.8403922671179
"Little Tern","WASB","+","R","5S","1007","STEALB",NA,23,172,44,2026-07-16,1899-12-31 23:45:00,"Atlit Salt-Pans",32.695,34.932,"Yosef Kiat",NA,"AB-70402",NA,"ASB",NA,NA,NA,NA,"A","S","B",NA,"W",16,7,NA,NA,NA,NA,NA,"L4A",NA,NA,"AB-70402",NA,NA,NA,NA,NA,NA,NA,2026,7,FALSE,TRUE,TRUE,"Summer adult",0.255813953488372,44.4192199099805
"Little Tern","WH1S",NA,"R","B","100086","STEALB",NA,8,172,45,2026-07-16,1899-12-31 23:45:00,"Atlit Salt-Pans",32.695,34.932,"Yosef Kiat",NA,NA,NA,"H1S",NA,NA,NA,NA,"H","1","S",NA,"W",16,7,NA,NA,NA,NA,NA,NA,NA,NA,NA,NA,NA,NA,NA,NA,NA,NA,2026,7,FALSE,TRUE,TRUE,"Summer adult",0.261627906976744,45.4287476352074
